,highly_variable
MIR1302-2HG,False
FAM138A,False
OR4F5,False
AL627309.1,False
AL627309.3,False
AL627309.2,False
AL627309.5,False
AL627309.4,False
AP006222.2,False
AL732372.1,False
OR4F29,False
AC114498.1,False
OR4F16,False
AL669831.2,False
LINC01409,False
FAM87B,False
LINC01128,False
LINC00115,False
FAM41C,False
AL645608.6,False
AL645608.2,False
AL645608.4,False
LINC02593,False
SAMD11,False
NOC2L,False
KLHL17,False
PLEKHN1,False
PERM1,False
AL645608.7,False
HES4,False
ISG15,False
AL645608.1,False
AGRN,False
AL645608.5,False
AL645608.8,False
RNF223,False
C1orf159,False
AL390719.3,False
LINC01342,False
AL390719.2,False
TTLL10-AS1,False
TTLL10,False
TNFRSF18,True
TNFRSF4,False
SDF4,False
B3GALT6,False
C1QTNF12,False
AL162741.1,False
UBE2J2,False
LINC01786,False
SCNN1D,False
ACAP3,False
PUSL1,False
INTS11,False
AL139287.1,False
CPTP,False
TAS1R3,False
DVL1,False
MXRA8,False
AURKAIP1,False
CCNL2,False
MRPL20-AS1,False
MRPL20,False
AL391244.2,False
ANKRD65,False
AL391244.1,False
TMEM88B,False
LINC01770,False
VWA1,False
ATAD3C,False
ATAD3B,False
ATAD3A,False
TMEM240,False
SSU72,False
AL645728.1,False
FNDC10,False
AL691432.4,False
AL691432.2,False
MIB2,False
MMP23B,False
CDK11B,False
FO704657.1,False
SLC35E2B,False
CDK11A,False
SLC35E2A,False
NADK,False
GNB1,False
AL109917.1,False
CALML6,False
TMEM52,False
CFAP74,False
AL391845.2,True
GABRD,False
AL391845.1,False
PRKCZ,False
AL590822.2,False
PRKCZ-AS1,False
FAAP20,False
AL590822.1,False
SKI,False
AL590822.3,False
MORN1,False
AL589739.1,False
AL513477.2,False
RER1,False
PEX10,False
PLCH2,False
AL139246.1,False
AL139246.4,False
PANK4,False
HES5,False
AL139246.5,False
TNFRSF14-AS1,False
TNFRSF14,False
AL139246.3,False
PRXL2B,False
MMEL1,False
AL831784.1,False
TTC34,False
AC242022.2,False
AC242022.1,False
AL592464.2,False
AL592464.3,False
AL592464.1,False
AL589702.1,False
ACTRT2,False
PRDM16-DT,False
PRDM16,True
AL008733.1,False
AL590438.1,False
AL354743.2,False
AL354743.1,False
ARHGEF16,False
AL512413.1,False
MEGF6,True
AL513320.1,False
TPRG1L,False
WRAP73,False
TP73,False
AL136528.1,False
AL136528.2,False
CCDC27,False
SMIM1,False
LRRC47,False
AL365330.1,False
CEP104,False
DFFB,False
C1orf174,False
LINC01134,False
LINC01346,False
LINC01345,False
LINC02780,False
AL805961.1,False
LINC01777,False
AL355602.1,False
Z98747.1,False
LINC01646,False
AJAP1,True
Z98886.1,False
BX005132.1,False
LINC02781,False
LINC02782,False
AL139823.1,False
Z98259.3,False
Z98259.2,False
Z98259.1,False
AL365255.1,False
NPHP4,False
KCNAB2,False
CHD5,False
RPL22,False
AL031847.1,False
RNF207,False
ICMT,False
LINC00337,False
HES3,False
GPR153,False
ACOT7,False
AL031848.2,False
HES2,False
ESPN,False
AL031848.1,False
TNFRSF25,False
PLEKHG5,False
NOL9,False
TAS1R1,True
ZBTB48,False
KLHL21,False
PHF13,False
THAP3,False
DNAJC11,False
LINC01672,False
AL591163.1,False
CAMTA1-DT,False
CAMTA1,False
AL512330.1,False
CAMTA1-IT1,False
Z97987.1,False
AL365194.1,False
AL359881.3,False
AL359881.2,False
AL359881.1,False
VAMP3,False
Z98884.2,False
PER3,False
Z98884.1,False
UTS2,False
TNFRSF9,False
PARK7,False
AL034417.4,False
AL034417.3,False
ERRFI1,False
AL034417.2,False
LINC01714,False
AL358876.2,False
SLC45A1,False
RERE,False
RERE-AS1,False
AL357552.2,False
ENO1,False
ENO1-AS1,False
CA6,True
SLC2A7,False
SLC2A5,False
GPR157,False
MIR34AHG,False
LNCTAM34A,True
H6PD,False
SPSB1,False
BX323043.1,False
LINC02606,True
AL928921.1,False
SLC25A33,False
TMEM201,True
PIK3CD,False
PIK3CD-AS1,False
PIK3CD-AS2,False
CLSTN1,False
CTNNBIP1,False
AL357140.1,False
AL357140.4,False
LZIC,False
AL357140.2,False
NMNAT1,False
AL603962.1,False
RBP7,False
UBE4B,False
KIF1B,False
AL139424.3,False
AL139424.2,False
PGD,False
AL139424.1,False
CENPS,False
CORT,False
DFFA,False
AL354956.1,False
PEX14,False
AL139423.2,False
CASZ1,False
AL139423.1,False
C1orf127,False
TARDBP,False
MASP2,False
AL109811.2,False
SRM,False
EXOSC10,False
AL109811.1,False
EXOSC10-AS1,False
MTOR,False
MTOR-AS1,False
ANGPTL7,False
UBIAD1,False
AL031291.1,False
DISP3,False
AL590989.1,False
LINC01647,False
AL031731.1,False
FBXO2,False
FBXO44,False
FBXO6,False
MAD2L2,False
DRAXIN,False
AGTRAP,False
C1orf167,False
AL953897.1,False
MTHFR,False
CLCN6,False
NPPA,False
NPPB,False
AL021155.5,False
KIAA2013,False
PLOD1,False
AL096840.2,False
MFN2,False
MIIP,False
TNFRSF8,False
AL357835.1,False
TNFRSF1B,False
VPS13D,False
LINC02766,False
DHRS3,True
AC254633.1,False
AADACL4,False
AADACL3,False
C1orf158,False
PRAMEF12,False
PRAMEF1,False
LINC01784,False
PRAMEF11,False
HNRNPCL1,False
PRAMEF2,False
PRAMEF4,False
PRAMEF10,False
PRAMEF7,False
PRAMEF6,False
PRAMEF27,False
HNRNPCL3,False
PRAMEF25,False
HNRNPCL2,False
AC245056.1,False
PRAMEF26,False
HNRNPCL4,False
PRAMEF9,False
PRAMEF13,False
PRAMEF18,False
PRAMEF5,False
PRAMEF8,False
PRAMEF33,False
PRAMEF15,False
AC243961.1,False
PRAMEF14,False
PRAMEF19,False
PRAMEF17,False
PRAMEF20,False
LRRC38,False
AL354712.1,False
PDPN,False
AL359771.1,False
PRDM2,False
KAZN,True
AL357873.1,True
KAZN-AS1,False
AL031293.1,False
TMEM51-AS1,False
TMEM51,False
C1orf195,False
FHAD1,False
AL031283.2,False
AL031283.3,False
AL031283.1,False
EFHD2,False
CTRC,False
CELA2A,False
CELA2B,False
CASP9,False
DNAJC16,False
AL121992.3,False
AGMAT,False
AL121992.1,False
DDI2,False
RSC1A1,False
AL121992.2,False
PLEKHM2,False
AL450998.3,False
SLC25A34,False
SLC25A34-AS1,False
TMEM82,False
FBLIM1,False
UQCRHL,False
AL450998.2,False
SPEN,False
ZBTB17,False
SRARP,False
AL355994.3,False
HSPB7,False
CLCNKA,False
CLCNKB,False
FAM131C,False
EPHA2,False
AL451042.2,False
AL451042.1,False
ARHGEF19-AS1,False
ARHGEF19,False
AL109627.1,False
CPLANE2,False
FBXO42,False
SZRD1,False
SPATA21,False
NECAP2,False
LINC01772,False
AL137802.2,False
AL137802.1,False
LINC01783,False
NBPF1,False
AL137798.1,False
AL137798.2,False
AL021920.1,False
AL021920.3,False
CROCC,False
BX284668.1,False
BX284668.2,False
BX284668.5,False
BX284668.6,False
MFAP2,False
AL049569.2,False
AL049569.1,False
ATP13A2,False
SDHB,False
PADI2,False
LINC02783,False
AL590644.1,False
PADI1,False
PADI3,False
PADI4,True
PADI6,False
RCC2-AS1,False
RCC2,False
ARHGEF10L,False
LINC02810,False
ACTL8,False
AL357509.1,False
LINC01654,False
IGSF21,False
IGSF21-AS1,False
AL591896.1,False
KLHDC7A,False
PAX7,False
TAS1R2,False
ALDH4A1,False
IFFO2,False
AL137127.1,False
UBR4,False
EMC1-AS1,False
EMC1,False
MRTO4,False
AKR7A3,False
AKR7A2,False
SLC66A1,False
CAPZB,False
MICOS10,False
AL031727.2,False
NBL1,False
HTR6,False
TMCO4,False
RNF186,False
AL391883.1,False
OTUD3,False
PLA2G2E,False
PLA2G2A,False
PLA2G5,False
PLA2G2D,False
PLA2G2F,False
Z98257.1,False
PLA2G2C,False
UBXN10-AS1,False
UBXN10,False
LINC01757,False
Z98257.2,False
VWA5B1,False
AL020998.1,False
LINC01141,False
AL139254.1,False
AL139254.2,False
AL139254.3,False
CAMK2N1,False
MUL1,False
FAM43B,False
CDA,False
PINK1,False
PINK1-AS,False
DDOST,False
KIF17,False
SH2D5,False
AL663074.1,False
HP1BP3,False
EIF4G3,False
AL031005.2,False
ECE1,False
AL031005.1,False
AL031728.1,False
AL592309.2,False
NBPF3,False
ALPL,False
LINC02596,False
RAP1GAP,False
USP48,False
LDLRAD2,False
HSPG2,False
CELA3B,False
CELA3A,False
LINC01635,False
LINC00339,False
CDC42,False
CDC42-AS1,False
CDC42-IT1,False
WNT4,False
AL445253.1,False
ZBTB40,False
ZBTB40-IT1,False
EPHA8,False
C1QA,False
C1QC,False
C1QB,True
EPHB2,True
AL512444.1,False
LACTBL1,False
TEX46,False
KDM1A,False
AL031428.1,False
LUZP1,False
HTR1D,False
LINC01355,False
AL109936.6,False
HNRNPR,False
ZNF436,False
ZNF436-AS1,False
AL109936.2,False
TCEA3,False
ASAP3,False
E2F2,False
AL021154.1,False
ID3,False
AL450043.1,False
MDS2,True
RPL11,False
ELOA-AS1,False
ELOA,False
PITHD1,False
LYPLA2,False
GALE,False
HMGCL,False
FUCA1,False
CNR2,True
AL590609.3,False
PNRC2,False
SRSF10,False
AL591178.1,False
MYOM3,False
AL591178.2,False
IL22RA1,False
IFNLR1,False
LINC02800,False
AL138902.1,False
GRHL3,False
STPG1,False
NIPAL3,False
RCAN3AS,False
RCAN3,False
NCMAP-DT,False
NCMAP,False
SRRM1,False
AL445648.1,False
CLIC4,False
RUNX3,False
AL445471.1,False
AL445471.2,False
LINC02793,False
AL050344.1,False
AL031432.1,False
SYF2,False
AL031432.4,False
AL031432.5,True
RSRP1,False
AL031432.3,False
RHD,True
TMEM50A,False
RHCE,False
MACO1,False
LDLRAP1,False
AL606491.1,False
MAN1C1,False
AL031280.1,False
SELENON,False
AL020996.1,False
MTFR1L,False
AL020996.3,False
AUNIP,False
AL033528.2,False
PAQR7,False
STMN1,True
PAFAH2,False
EXTL1,False
SLC30A2,False
AL391650.2,False
TRIM63,False
PDIK1L,False
FAM110D,False
C1orf232,False
AL391650.1,False
ZNF593,False
CNKSR1,False
CATSPER4,False
CEP85,False
SH3BGRL3,False
UBXN11,False
CD52,False
CRYBG2,False
ZNF683,True
LIN28A,False
DHDDS,False
AL513365.2,False
HMGN2,False
RPS6KA1,False
AL512408.1,False
ARID1A,False
PIGV,False
ZDHHC18,False
SFN,False
GPN2,False
AL034380.1,False
GPATCH3,False
NUDC,False
NR0B2,False
KDF1,False
TRNP1,False
TENT5B,False
SLC9A1,False
AL590640.1,False
WDTC1,False
TMEM222,False
SYTL1,False
MAP3K6,False
FCN3,False
CD164L2,False
GPR3,False
WASF2,False
FO393419.2,False
BX293535.1,False
AHDC1,False
FGR,False
LINC02574,False
IFI6,False
AL445490.1,False
AL020997.5,False
FAM76A,False
STX12,False
AL020997.2,False
AL020997.3,False
AL020997.4,False
PPP1R8,False
THEMIS2,False
RPA2,False
SMPDL3B,False
AL512288.1,False
XKR8,False
EYA3,False
PTAFR,False
DNAJC8,False
ATP5IF1,False
AL353622.1,False
AL353622.2,False
SESN2,False
MED18,False
PHACTR4,False
RCC1,False
SNHG3,False
TRNAU1AP,False
SNHG12,False
TAF12,False
RAB42,False
LINC01715,False
AL360012.1,False
GMEB1,False
YTHDF2,False
OPRD1,False
AL009181.1,False
EPB41,False
TMEM200B,False
AL357500.1,False
SRSF4,False
MECR,False
AL590729.1,False
PTPRU,False
LINC01756,False
AC092265.1,False
AL645944.2,False
LINC01648,False
AL137076.1,False
AL161638.2,False
AL161638.1,False
MATN1,False
MATN1-AS1,False
AL137857.1,False
LAPTM5,False
AL137027.1,False
LINC01778,False
AL445235.1,False
SDC3,False
PUM1,False
NKAIN1,False
SNRNP40,False
ZCCHC17,False
AL451070.1,False
FABP3,False
SERINC2,False
LINC01226,False
AC114488.1,False
TINAGL1,False
HCRTR1,False
PEF1,False
AC114488.2,False
AC114488.3,False
COL16A1,True
ADGRB2,False
AL354919.2,False
SPOCD1,False
AL354919.1,False
AL136115.2,False
PTP4A2,False
AL136115.1,False
AL136115.3,False
KHDRBS1,False
AL445248.1,False
TMEM39B,False
KPNA6,False
AL049795.2,False
TXLNA,False
CCDC28B,False
AL049795.1,False
IQCC,False
DCDC2B,False
TMEM234,False
EIF3I,False
FAM167B,False
LCK,False
HDAC1,False
MARCKSL1,False
AL109945.1,False
TSSK3,False
FAM229A,False
BSDC1,False
ZBTB8B,False
ZBTB8A,False
ZBTB8OS,False
RBBP4,False
SYNC,False
AC114489.1,False
KIAA1522,False
YARS,False
S100PBP,False
FNDC5,False
HPCA,False
TMEM54,False
AL031602.2,False
RNF19B,False
AL020995.1,False
AK2,False
AZIN2,False
TRIM62,False
AL662907.3,False
ZNF362,False
AL513327.3,False
A3GALT2,False
AL513327.1,False
PHC2,False
AL513327.2,False
ZSCAN20,False
CSMD2,False
HMGB4,False
CSMD2-AS1,False
C1orf94,False
AC099565.1,False
SMIM12,False
GJB5,False
GJB4,False
AL121988.1,False
GJB3,False
GJA4,False
AL122010.1,False
DLGAP3,False
TMEM35B,False
ZMYM6,False
ZMYM1,False
AL590434.1,False
SFPQ,False
ZMYM4,False
ZMYM4-AS1,False
KIAA0319L,False
NCDN,False
AC004865.2,False
TFAP2E,False
PSMB2,False
C1orf216,False
CLSPN,True
AL354864.1,False
AGO4,False
AGO1,False
AL139286.3,False
AL139286.2,False
AGO3,False
AL138787.2,False
TEKT2,False
ADPRHL2,False
COL8A2,False
TRAPPC3,False
MAP7D1,False
THRAP3,False
SH3D21,False
EVA1B,False
AL591845.1,False
STK40,False
LSM10,False
OSCP1,False
MRPS15,False
CSF3R,True
AL596257.1,False
AC117945.2,False
AC117945.1,False
GRIK3,False
AL031430.1,False
AL353604.1,False
LINC01137,False
ZC3H12A,False
MEAF6,False
SNIP1,False
DNALI1,False
GNL2,False
AL513220.1,False
RSPO1,False
C1orf109,False
CDCA8,True
EPHA10,False
MANEAL,False
AL929472.3,False
YRDC,False
C1orf122,False
MTF1,False
AL929472.2,False
INPP5B,False
SF3A3,False
FHL3,False
UTP11,False
POU3F1,False
MIR3659HG,False
LINC02786,False
AL390839.1,False
AL390839.2,False
LINC01343,False
LINC01685,False
AL354702.2,False
RRAGC,False
AL139260.1,False
MYCBP,False
GJA9,False
RHBDL2,False
AKIRIN1,False
NDUFS5,False
MACF1,False
AL356055.1,False
AL442071.2,False
AL442071.1,False
BMP8A,False
PABPC4,False
PABPC4-AS1,False
HEYL,False
AL035404.2,False
NT5C1A,False
HPCAL4,False
PPIE,False
BMP8B,False
OXCT2,False
BMP8B-AS1,False
AL033527.3,False
AL033527.4,False
LINC02811,False
TRIT1,False
MYCL,False
AL033527.2,False
MFSD2A,False
CAP1,False
PPT1,False
RLF,False
TMCO2,False
AL050341.2,False
ZMPSTE24,False
COL9A2,False
SMAP2,False
AL031985.4,False
ZFP69B,False
AL031985.3,False
ZFP69,False
AL603839.3,True
EXO5,False
AL603839.1,False
AL603839.2,False
ZNF684,False
AL356379.2,False
RIMS3,False
AL031289.2,False
AL031289.1,False
NFYC-AS1,False
NFYC,False
KCNQ4,False
CITED4,False
AC119677.1,False
AL391730.2,True
CTPS1,False
SLFNL1-AS1,False
SLFNL1,False
SCMH1,True
AC093151.8,False
AC093151.3,False
FOXO6,False
AC093151.2,False
EDN2,True
HIVEP3,True
AL445933.2,False
AC119676.1,False
AL158216.1,False
GUCA2B,False
GUCA2A,False
FOXJ3,False
AC096540.1,False
RIMKLA,False
ZMYND12,False
PPCS,False
CCDC30,True
PPIH,False
AC098484.4,False
AC098484.2,False
YBX1,False
CLDN19,False
P3H1,False
C1orf50,False
AC098484.1,False
TMEM269,False
SVBP,False
ERMAP,False
AL512353.1,False
ZNF691,False
SLC2A1,False
SLC2A1-AS1,False
AC099795.1,False
FAM183A,False
EBNA1BP2,False
CFAP57,False
TMEM125,False
C1orf210,False
TIE1,True
MPL,False
AL139289.3,False
AL139289.2,False
CDC20,False
ELOVL1,False
MED8,False
AL139289.1,False
SZT2,False
SZT2-AS1,False
HYI,False
HYI-AS1,False
PTPRF,False
KDM4A,False
KDM4A-AS1,False
ST3GAL3,False
AL451062.1,False
ARTN,False
AL357079.1,False
IPO13,False
AL357079.2,False
DPH2,False
ATP6V0B,False
B4GALT2,False
CCDC24,False
SLC6A9,False
AL139220.2,False
KLF17,False
KLF18,False
DMAP1,False
ERI3,False
ERI3-IT1,False
RNF220,False
TMEM53,True
ARMH1,False
KIF2C,False
AL592166.1,False
RPS8,False
BEST4,False
PLK3,False
TCTEX1D4,False
BTBD19,False
PTCH2,False
EIF2B3,False
HECTD3,False
UROD,False
ZSWIM5,True
LINC01144,False
HPDL,False
MUTYH,False
TOE1,False
TESK2,True
CCDC163,False
MMACHC,False
PRDX1,False
AKR1A1,False
NASP,False
CCDC17,False
GPBP1L1,False
TMEM69,False
IPP,False
AL604028.1,False
MAST2,False
PIK3R3,False
AL358075.1,False
AL358075.2,False
TSPAN1,False
P3R3URF,False
POMGNT1,False
LURAP1,False
RAD54L,False
LRRC41,False
UQCRH,False
NSUN4,False
FAAH,False
LINC01398,False
DMBX1,False
TMEM275,False
MKNK1-AS1,False
KNCN,False
MKNK1,False
MOB3C,False
ATPAF1,False
TEX38,False
EFCAB14-AS1,False
EFCAB14,False
CYP4B1,False
CYP4A11,False
CYP4X1,False
CYP4Z1,False
CYP4A22-AS1,False
CYP4A22,False
LINC00853,False
PDZK1IP1,False
TAL1,False
AL135960.1,False
STIL,False
CMPK1,False
LINC01389,False
FOXE3,False
FOXD2-AS1,False
FOXD2,True
LINC01738,False
TRABD2B,False
AL691459.1,False
AC096541.1,False
LINC02794,False
AL356289.1,False
AL109659.1,False
SLC5A9,False
AL109659.2,False
SPATA6,False
AGBL4,True
AL391844.1,False
BEND5,True
AL645507.1,False
AC099788.1,False
AL590432.1,False
AGBL4-IT1,False
ELAVL4,False
AL592182.2,False
AL592182.1,False
LINC02808,False
AL592182.3,False
DMRTA2,False
AL049637.2,False
FAF1,False
AL049637.1,False
CDKN2C,False
C1orf185,False
LINC01562,False
RNF11,False
AL162430.2,False
TTC39A,False
TTC39A-AS1,False
EPS15,False
AC104170.2,False
AC104170.1,True
OSBPL9,False
NRDC,False
AL050343.2,False
AL050343.3,False
RAB3B,False
TXNDC12,False
KTI12,False
AL445685.1,False
TXNDC12-AS1,False
BTF3L4,False
ZFYVE9,True
CC2D1B,False
AL513218.1,False
AL513218.2,False
ORC1,False
PRPF38A,False
TUT4,False
AL591167.1,False
GPX7,False
SHISAL2A,True
COA7,False
ZYG11B,False
ZYG11A,True
AC099677.4,False
ECHDC2,False
SCP2,False
PODN,False
AL445183.1,False
SLC1A7,False
AL445183.2,False
CPT2,False
AL606760.2,False
CZIB,False
AL606760.3,False
MAGOH,False
AL606760.1,False
LRP8,False
AL355483.3,False
AL355483.1,False
AL355483.2,False
LINC01771,False
AC119428.2,False
AC119428.1,False
LINC02812,False
DMRTB1,False
GLIS1,False
NDC1,False
YIPF1,False
DIO1,False
HSPB11,False
LRRC42,False
LDLRAD1,False
TMEM59,False
TCEANC2,False
CDCP2,False
AL357673.2,False
CYB5RL,False
MRPL37,False
SSBP3,False
SSBP3-AS1,False
AL161644.1,False
AL035415.1,False
AC099796.2,False
LINC02784,False
ACOT11,True
FAM151A,False
AL590093.1,False
MROH7,False
TTC4,False
PARS2,False
TTC22,False
AC096536.1,False
LEXM,True
DHCR24,False
AC096536.3,False
AC096536.2,False
DHCR24-DT,False
AL590440.2,False
TMEM61,False
AL590440.1,False
BSND,False
PCSK9,False
USP24,False
MIR4422HG,False
AL603840.1,False
LINC01755,False
LINC01753,False
AL353681.1,False
AC119674.1,False
LINC01767,False
PLPP3,False
PRKAA2,False
FYB2,False
AL360295.1,False
C8A,False
C8B,False
AL161740.1,False
DAB1,False
AL390243.1,False
DAB1-AS1,False
AL445193.2,False
OMA1,False
AL035411.3,False
TACSTD2,False
MYSM1,False
AL136985.3,False
JUN,False
LINC01135,False
AL136985.2,False
AL136985.1,False
LINC02777,False
LINC01358,False
AL592431.2,False
AL592431.1,False
AC093425.1,False
AC093424.1,False
FGGY,False
AL035416.1,False
HOOK1,False
CYP2J2,False
C1orf87,False
LINC02778,False
LINC01748,False
AC099792.1,False
NFIA,True
NFIA-AS2,False
NFIA-AS1,False
AC099791.3,False
AC099791.4,False
TM2D1,False
AC099791.2,False
PATJ,True
L1TD1,False
KANK4,False
USP1,False
DOCK7,False
ANGPTL3,False
AC103923.1,False
ATG4C,False
AC099794.1,False
LINC01739,False
AL162400.3,False
AL162400.1,False
AL162400.2,False
AC096543.1,False
LINC00466,False
AC096543.2,False
FOXD3-AS1,False
FOXD3,False
ALG6,False
ITGB3BP,False
BX004807.1,True
EFCAB7,False
DLEU2L,False
PGM1,False
ROR1,True
ROR1-AS1,False
AL445205.1,False
UBE2U,False
CACHD1,True
RAVER2,False
JAK1,False
LINC01359,False
AL357078.2,False
AK4,False
DNAJC6,False
AL139294.1,False
LEPROT,False
LEPR,False
AC119800.1,False
AL513493.1,False
PDE4B,True
AL590783.1,False
SGIP1,True
AL139147.1,False
TCTEX1D1,False
INSL5,False
WDR78,True
AL592161.1,False
MIER1,False
SLC35D1,True
C1orf141,False
AL133320.2,False
IL23R,False
IL12RB2,True
SERBP1,False
LINC01702,False
GADD45A,False
GNG12,False
GNG12-AS1,False
DIRAS3,False
WLS,False
RPE65,False
DEPDC1,False
AL138789.1,False
DEPDC1-AS1,False
AL035412.1,False
AL033530.1,False
AL691520.1,False
LINC01707,False
LINC02791,False
LINC01758,False
AL359894.1,False
LRRC7,True
AL117353.1,False
AL158840.1,False
LRRC40,False
SRSF11,False
AL353771.1,False
ANKRD13C,False
HHLA3,False
AL158839.1,False
CTH,False
AL354872.2,False
LINC01788,False
AL513285.1,False
PTGER3,False
AL031429.1,False
AL031429.2,False
ZRANB2-AS1,False
ZRANB2,False
ZRANB2-AS2,False
NEGR1,True
AL354949.1,False
NEGR1-IT1,False
AL513166.1,False
AL583808.1,False
LINC02796,False
LINC02797,False
LINC01360,False
LINC02238,False
AL591463.1,False
LRRIQ3,True
FPGT,False
TNNI3K,False
AC093158.1,False
AC105271.1,False
LRRC53,False
ERICH3,False
ERICH3-AS1,False
AC135803.1,False
CRYZ,False
TYW3,False
AC133865.1,False
AC099786.3,False
AC099786.1,False
LHX8,False
AC099786.2,False
SLC44A5,True
ACADM,False
RABGGTB,False
MSH4,False
ASB17,False
AC092813.1,False
AC092813.2,False
ST6GALNAC3,True
AC104458.1,False
LINC02567,False
ST6GALNAC5,True
AL035409.1,False
PIGK,False
AC093433.2,False
AK5,True
AC095030.1,False
AC093575.1,False
AC118549.1,False
USP33,False
MIGA1,False
NEXN-AS1,False
NEXN,False
FUBP1,False
DNAJB4,False
GIPC2,False
AC103591.3,True
AC103591.4,False
AC096531.2,False
PTGFR,False
IFI44L,False
IFI44,False
ADGRL4,False
AL353651.2,False
AL353651.1,False
LINC02792,False
AC099671.1,False
AC098657.2,False
AL606519.1,False
AL136234.1,False
LINC01781,True
AC093154.1,False
ADGRL2,False
AL138799.2,False
AL138799.4,False
AC117944.1,False
AL157944.1,False
LINC01362,False
LINC01361,False
AC116099.1,False
LINC01712,False
LINC01725,True
AL035706.1,False
TTLL7,False
TTLL7-IT1,False
AC104454.2,False
AL359504.2,False
PRKACB,False
SAMD13,False
DNASE2B,False
AL844170.1,False
RPF1,False
GNG5,False
SPATA1,False
CTBS,False
AL359762.1,False
AL359762.2,False
LINC01555,False
SSX2IP,False
AC104169.1,False
LPAR3,False
MCOLN2,False
WDR63,True
MCOLN3,False
SYDE2,False
C1orf52,False
BCL10,False
AL078459.1,True
DDAH1,False
AL360219.1,False
AC092807.3,False
AC092807.2,False
CCN1,False
AC092807.1,False
ZNHIT6,False
COL24A1,True
LINC02795,False
ODF2L,False
CLCA2,False
CLCA1,False
CLCA4,False
CLCA4-AS1,False
AL049597.2,True
SH3GLB1,False
AL355981.1,False
SELENOF,False
HS2ST1,True
AL121989.1,False
LINC01140,False
LINC02801,False
LMO4,False
LINC01364,False
PKN2-AS1,False
AL445438.1,False
PKN2,False
GTF2B,False
KYAT3,False
RBMXL1,False
GBP3,False
GBP1,True
GBP2,False
AC104459.1,True
GBP7,False
GBP4,False
AC099063.4,False
GBP5,False
AC099063.1,False
GBP6,False
AL596214.1,False
LRRC8B,False
LRRC8C-DT,False
AC093423.2,False
LRRC8C,False
AC099568.1,True
AC099568.2,False
LRRC8D,False
AL391497.1,False
ZNF326,False
AL161797.1,False
AC098656.1,False
AL627316.1,False
LINC02787,False
BARHL2,False
AC092805.1,False
LINC02609,False
LINC02788,False
LINC01763,False
AC091614.1,False
ZNF644,False
HFM1,False
CDC7,False
TGFBR3,True
BRDT,False
EPHX4,False
SETSIP,True
BTBD8,False
AC104836.1,False
C1orf146,True
GLMN,False
RPAP2,False
GFI1,False
EVI5,False
RPL5,False
DIPK1A,False
AC093577.1,False
MTF2,False
TMED5,False
CCDC18,False
CCDC18-AS1,False
DR1,False
FNBP1L,False
BCAR3,False
AL109613.1,False
AL049796.1,False
DNTTIP2,False
GCLM,False
ABCA4,False
AC093579.1,False
ARHGAP29,False
ARHGAP29-AS1,False
AC097059.1,False
AC118469.2,False
ABCD3,False
F3,False
AC093117.1,False
SLC44A3,False
CNN3,False
AC105942.1,False
ALG14,False
AC095033.1,False
TLCD4,False
AC092802.3,False
AC092802.1,False
RWDD3,False
AC092802.2,False
AC092802.4,False
LINC01760,False
LINC01650,False
AL445218.1,False
LINC01761,False
LINC02607,False
AL683887.1,False
LINC02790,False
LINC01787,False
PTBP2,False
DPYD,True
DPYD-AS1,False
DPYD-IT1,False
DPYD-AS2,False
MIR137HG,False
BX005019.1,False
AC104453.1,False
LINC01776,False
SNX7,False
PLPPR5,False
AL445433.2,False
PLPPR4,False
LINC01708,False
PALMD,False
FRRS1,False
AGL,False
AC118553.1,False
SLC35A3,False
MFSD14A,False
AC093019.2,False
SASS6,False
TRMT13,False
LRRC39,False
DBT,False
AL445928.2,False
RTCA-AS1,False
RTCA,False
AC104457.2,False
CDC14A,False
AL589990.1,False
GPR88,False
LINC01349,False
AC099670.3,False
VCAM1,True
EXTL2,False
AC104506.1,False
SLC30A7,False
DPH5,False
AC093157.2,False
AC093157.1,False
AL109741.1,False
S1PR1,False
LINC01307,False
LINC01709,False
OLFM3,False
AC114485.1,False
AC099567.1,False
COL11A1,False
AC095032.2,False
AC095032.1,False
RNPC3,False
AMY2B,False
AMY2A,False
AMY1A,False
AMY1B,False
AMY1C,False
AL591888.1,False
LINC01676,False
LINC01677,False
AL355306.2,False
LINC01661,False
PRMT6,False
NTNG1,True
VAV3,False
VAV3-AS1,True
LINC02785,False
SLC25A24,False
AL359258.2,False
NBPF4,False
AL359258.1,False
AL390038.1,False
NBPF6,False
FAM102B,False
HENMT1,False
AL160171.1,False
PRPF38B,False
FNDC7,False
AL591719.2,False
STXBP3,False
AKNAD1,False
SPATA42,False
GPSM2,False
CLCC1,False
WDR47,False
TAF13,False
AL356488.3,False
TMEM167B,False
AL356488.2,False
C1orf194,False
KIAA1324,False
SARS,False
CELSR2,False
PSRC1,False
MYBPHL,False
SORT1,False
PSMA5,False
SYPL2,False
ATXN7L2,False
CYB561D1,False
AMIGO1,False
GPR61,False
AL355310.3,False
GNAI3,False
AL355310.1,False
GNAT2,False
AMPD2,False
AL355310.2,False
GSTM4,False
GSTM2,False
GSTM1,False
AC000032.1,False
GSTM5,False
AL158847.1,False
GSTM3,False
EPS8L3,False
LINC01768,False
AL450468.1,False
AL450468.2,False
CSF1,False
AHCYL1,False
STRIP1,False
AL160006.1,False
ALX3,False
LINC01397,False
UBL4B,False
SLC6A17,False
AL355990.1,False
AL355990.2,False
LINC02586,False
KCNC4,False
RBM15-AS1,False
RBM15,False
LAMTOR5-AS1,False
SLC16A4,False
AL355488.1,False
LAMTOR5,False
PROK1,False
AL358215.1,False
AL358215.2,False
CYMP-AS1,False
KCNA10,False
KCNA2,False
AL365361.1,False
KCNA3,False
CD53,False
AL360270.2,False
AL360270.1,False
LRIF1,False
AL360270.3,False
DRAM2,False
CEPT1,False
AL355816.1,False
AL355816.2,False
DENND2D,False
CHI3L2,False
CHIA,False
AL356387.1,False
PIFO,True
OVGP1,False
AL390195.2,False
AL390195.1,False
WDR77,False
ATP5PB,False
C1orf162,False
TMIGD3,False
ADORA3,False
RAP1A,False
LINC01160,False
INKA2,False
INKA2-AS1,False
AL049557.1,False
DDX20,False
KCND3,False
KCND3-IT1,False
KCND3-AS1,False
LINC01750,False
AL445426.1,False
CTTNBP2NL,False
WNT2B,True
AL354760.1,False
ST7L,False
CAPZA1,False
MOV10,False
AL603832.1,False
RHOC,True
PPM1J,False
AL603832.2,False
TAFA3,False
LINC01356,False
LINC01357,False
SLC16A1,False
SLC16A1-AS1,True
AL390242.1,False
LRIG2-DT,True
LRIG2,False
MAGI3,True
PHTF1,False
RSBN1,False
AL137856.1,False
PTPN22,False
AP4B1-AS1,False
BCL2L15,False
AP4B1,False
DCLRE1B,False
HIPK1-AS1,False
HIPK1,False
OLFML3,False
AL591742.2,False
SYT6,False
AL121999.1,False
TRIM33,False
BCAS2,False
DENND2C,False
AMPD1,False
NRAS,False
CSDE1,False
SIKE1,False
SYCP1,False
TSHB,False
TSPAN2,False
LINC01765,False
AL049825.1,False
NGF-AS1,False
NGF,False
AL512638.3,False
VANGL1,False
CASQ2,False
NHLH2,False
LINC01649,False
SLC22A15,True
AL365318.1,False
MAB21L3,False
LINC01779,False
AL355538.1,False
ATP1A1,False
ATP1A1-AS1,False
LINC01762,False
AL136376.1,False
AL390066.1,False
AL390066.2,False
CD58,False
IGSF3,False
C1orf137,False
CD2,False
AL157904.1,False
PTGFRN,False
CD101,False
AL445231.1,False
TTF2,False
TRIM45,False
VTCN1,False
LINC01525,False
AL358072.1,False
MAN1A2,False
AL157902.1,False
TENT5C,True
GDAP2,False
WDR3,False
SPAG17,False
AL391557.1,False
TBX15,False
AL139420.1,False
AL139420.2,False
WARS2,False
WARS2-IT1,False
WARS2-AS1,False
AL359915.1,False
LINC01780,False
HAO2,False
HAO2-IT1,False
HSD3B2,False
HSD3B1,False
LINC00622,False
ZNF697,False
PHGDH,False
HMGCS2,False
REG4,False
ADAM30,False
NOTCH2,False
AC245008.1,False
SEC22B,False
AC253572.1,False
NBPF26,False
AC253572.2,False
PPIAL4A,False
LINC00623,False
FCGR1B,False
AC244453.3,False
AC244453.2,False
AC244453.1,False
FAM72B,False
SRGAP2C,False
SRGAP2-AS1,False
LINC02798,False
AL592494.1,False
AL592494.2,False
LINC01691,False
LINC02799,False
AC239800.2,False
LINC02591,False
HIST2H3PS2,False
AC246680.1,False
FAM72C,False
IGKV1OR1-1,False
LINC02802,False
PPIAL4E,False
AC246785.3,False
NBPF15,False
PPIAL4F,False
LINC01632,False
FP700111.1,False
SRGAP2B,False
FAM72D,False
PPIAL4D,False
AC245014.3,False
AC245014.1,False
NBPF20,False
AC239860.4,False
GPR89A,False
PDZK1,False
CD160,True
RNF115,False
POLR3C,False
NUDT17,False
PIAS3,False
ANKRD35,False
ITGA10,False
AC243547.1,False
PEX11B,False
RBM8A,False
LIX1L-AS1,False
LIX1L,False
ANKRD34A,False
AC243547.2,False
POLR3GL,False
TXNIP,False
HJV,False
AC239799.2,False
LINC01719,False
NBPF10,False
NOTCH2NLA,False
AC239799.1,False
PPIAL4H,False
AC245407.2,False
NBPF12,False
AC244394.2,False
PRKAB2,False
AC242426.2,False
FMO5,False
CHD1L,False
LINC00624,False
BCL9,False
ACP6,False
AC241644.1,False
GJA5,False
AC241644.3,False
AC241644.2,False
GJA8,False
GPR89B,False
AC239803.1,False
LINC02804,False
NBPF11,False
LINC02805,False
AC239809.3,False
LINC01731,False
LINC01138,False
LINC02806,False
AC245100.1,False
AC245100.6,False
PPIAL4G,False
NBPF14,False
NOTCH2NLB,False
NUDT4B,False
PDE4DIP,False
AC239802.1,False
AC239802.2,False
AC239804.1,False
NBPF9,False
AC245297.3,False
AC245297.2,False
NOTCH2NLC,False
NBPF19,False
PPIAL4C,False
AC242842.1,False
FCGR1A,False
HIST2H2BF,False
AC243772.2,False
HIST2H3D,False
HIST2H4A,False
HIST2H3C,False
HIST2H2AA3,False
HIST2H2AA4,False
HIST2H3A,False
HIST2H4B,False
AC239868.1,False
HIST2H2BE,False
HIST2H2AC,False
HIST2H2AB,False
BOLA1,False
SV2A,False
SF3B4,False
MTMR11,False
OTUD7B,True
AC244033.2,False
VPS45,False
PLEKHO1,False
AC242988.2,False
ANP32E,False
AC242988.1,False
CA14,False
APH1A,False
C1orf54,False
CIART,False
MRPS21,False
PRPF3,False
RPRD2,False
TARS2,False
ECM1,False
FALEC,False
AL356356.1,False
ADAMTSL4,False
ADAMTSL4-AS1,True
MCL1,False
ENSA,False
GOLPH3L,True
HORMAD1,False
CTSS,False
CTSK,False
ARNT,False
CTXND2,False
SETDB1,False
CERS2,False
AL590133.2,False
AL590133.1,False
ANXA9,False
MINDY1,False
PRUNE1,True
BNIPL,False
C1orf56,False
CDC42SE1,False
MLLT11,False
GABPB2,False
AL592424.1,False
SEMA6C,False
TNFAIP8L2,False
SCNM1,False
LYSMD1,False
TMOD4,False
VPS72,False
PIP5K1A,False
PSMD4,False
ZNF687-AS1,False
ZNF687,False
PI4KB,False
AL391069.3,False
RFX5,False
AL391069.1,False
AL391069.2,False
SELENBP1,False
PSMB4,False
POGZ,False
CGN,False
TUFT1,False
AL365436.2,False
SNX27,False
AL391335.1,False
CELF3,False
AL589765.1,False
RIIAD1,False
AL589765.7,False
MRPL9,False
OAZ3,False
AL589765.4,False
AL589765.2,False
AL589765.5,False
TDRKH,False
TDRKH-AS1,False
AL589765.6,False
LINGO4,False
RORC,False
C2CD4D,False
C2CD4D-AS1,False
THEM5,False
THEM4,False
AL450992.2,False
AL450992.3,False
S100A10,False
AL450992.1,False
S100A11,False
TCHHL1,False
TCHH,False
AL589986.1,False
RPTN,False
FLG-AS1,True
AL589986.2,False
HRNR,False
FLG,False
FLG2,False
CRNN,False
LCE5A,False
CRCT1,False
LCE3E,False
LCE3D,False
LCE3C,False
LCE3B,False
LCE3A,False
LCE2D,False
LCE2C,False
LCE2B,False
LCE2A,False
LCE4A,False
C1orf68,False
KPRP,False
LCE1F,False
LCE1E,False
LCE1D,False
LCE1C,False
LCE1B,False
LCE1A,False
LCE6A,False
AL162596.1,False
SMCP,False
IVL,False
LINC01527,False
SPRR5,False
SPRR4,False
SPRR1A,False
SPRR3,False
SPRR1B,False
SPRR2D,False
SPRR2A,False
SPRR2B,False
SPRR2E,False
SPRR2F,False
SPRR2G,False
AL161636.1,False
LELP1,False
PRR9,False
LOR,False
PGLYRP3,False
PGLYRP4,False
S100A9,True
S100A12,False
S100A8,True
S100A7A,False
S100A7L2,False
S100A7,False
BX470102.1,False
S100A6,False
S100A5,False
S100A4,False
S100A3,False
S100A2,False
BX470102.2,False
S100A16,False
S100A14,False
S100A13,False
S100A1,False
AL162258.2,False
CHTOP,False
SNAPIN,False
ILF2,False
NPR1,False
INTS3,False
AL513523.4,False
AL513523.3,False
SLC27A3,False
GATAD2B,False
AL358472.5,False
DENND4B,False
CRTC2,False
SLC39A1,False
AL358472.4,False
AL358472.3,False
CREB3L4,False
JTB,False
AL358472.2,False
RAB13,False
RPS27,True
NUP210L,False
TPM3,False
C1orf189,False
C1orf43,False
UBAP2L,False
HAX1,False
AQP10,False
ATP8B2,False
IL6R-AS1,False
IL6R,False
SHE,False
AL162591.2,False
TDRD10,False
UBE2Q1,False
UBE2Q1-AS1,False
AL592078.2,False
CHRNB2,False
AL592078.1,False
ADAR,False
AL606500.1,False
KCNN3,False
PMVK,False
AL451085.1,False
PBXIP1,False
PYGO2,False
AL451085.2,False
SHC1,False
CKS1B,False
FLAD1,False
LENEP,False
ZBTB7B,False
DCST2,False
DCST1,False
DCST1-AS1,False
ADAM15,False
EFNA4,False
EFNA3,False
EFNA1,False
SLC50A1,False
DPM3,False
KRTCAP2,False
TRIM46,False
MUC1,False
AC234582.1,False
THBS3,False
MTX1,False
AC234582.2,False
GBA,False
FAM189B,False
SCAMP3,False
CLK2,False
HCN3,False
PKLR,False
FDPS,False
RUSC1-AS1,False
RUSC1,False
ASH1L,False
ASH1L-IT1,False
ASH1L-AS1,False
AL353807.2,False
MSTO1,False
AL353807.5,False
YY1AP1,False
DAP3,False
AL162734.1,False
GON4L,False
SYT11,False
RIT1,False
KHDC4,False
RXFP4,False
ARHGEF2,False
AL355388.2,False
AL355388.1,False
AL355388.3,False
SSR2,False
UBQLN4,False
LAMTOR2,False
RAB25,False
MEX3A,False
LMNA,True
SEMA4A,False
SLC25A44,False
PMF1,False
BGLAP,False
PAQR6,False
SMG5,False
TMEM79,False
GLMP,False
VHLL,False
CCT3,False
TSACC,False
RHBG,False
AL139130.1,False
C1orf61,False
MEF2D,False
AL365181.1,False
IQGAP3,False
TTC24,False
NAXE,False
GPATCH4,False
AL365181.4,False
HAPLN2,False
AL365181.2,False
BCAN,False
AL365181.3,False
AL590666.2,False
NES,False
AL590666.3,False
AL590666.4,False
CRABP2,False
AL590666.1,False
ISG20L2,False
RRNAD1,False
MRPL24,False
HDGF,False
PRCC,False
AL590666.5,False
SH2D2A,False
NTRK1,False
INSRR,False
PEAR1,False
LRRC71,False
ARHGEF11,False
ETV3L,True
ETV3,False
AL138900.1,False
LINC02772,False
FCRL5,True
FCRL4,False
FCRL3,True
AL356276.1,False
FCRL2,True
FCRL1,True
CD5L,False
KIRREL1,False
KIRREL1-IT1,False
AL138899.3,False
LINC01704,False
CD1D,False
AL138899.1,False
CD1A,False
CD1C,True
CD1B,False
CD1E,True
OR10T2,False
OR10K2,False
OR10K1,False
OR10R2,False
AL365440.2,False
OR6Y1,False
OR6P1,False
OR10X1,False
OR10Z1,False
SPTA1,False
OR6K2,False
OR6K3,False
OR6N1,False
OR6K6,False
OR6N2,False
MNDA,True
PYHIN1,True
IFI16,False
AIM2,False
CADM3,False
CADM3-AS1,False
ACKR1,False
FCER1A,True
AL513323.1,False
OR10J1,False
LINC02819,False
OR10J5,False
APCS,False
CRP,False
DUSP23,False
FCRL6,True
SLAMF8,False
AL590560.2,False
SNHG28,False
VSIG8,False
AL590560.3,False
CFAP45,False
AL590560.5,False
TAGLN2,False
IGSF9,False
SLAMF9,False
LINC01133,False
KCNJ10,False
PIGM,False
AL121987.1,False
KCNJ9,False
IGSF8,False
ATP1A2,False
ATP1A4,False
CASQ1,False
AL121987.2,False
PEA15,False
DCAF8,False
AL139011.1,False
PEX19,False
COPA,False
NCSTN,False
NHLH1,False
VANGL2,False
SLAMF6,False
AL138930.1,False
CD84,False
SLAMF1,True
AL121985.1,False
CD48,False
SLAMF7,False
LY9,False
CD244,False
ITLN1,False
AL354714.3,False
AL354714.1,False
ITLN2,False
F11R,False
TSTD1,False
USF1,False
ARHGAP30,False
NECTIN4,False
AL591806.1,False
KLHDC9,False
PFDN2,False
NIT1,False
DEDD,False
UFC1,False
AL590714.1,False
USP21,False
PPOX,False
B4GALT3,False
ADAMTS4,False
NDUFS2,False
FCER1G,True
APOA2,False
TOMM40L,False
NR1I3,False
PCP4L1,False
MPZ,False
SDHC,False
CFAP126,False
AL592295.4,False
AL592295.5,False
AL592295.3,False
AL831711.1,False
FCGR2A,False
HSPA6,False
FCGR3A,True
AL590385.1,False
FCGR3B,False
FCGR2B,False
AL451067.1,False
FCRLA,True
FCRLB,False
DUSP12,False
AL359541.1,False
ATF6,False
OLFML2B,False
AL590408.1,False
NOS1AP,True
AL450163.1,False
AL512785.1,False
SPATA46,False
C1orf226,False
SH2D1B,True
UHMK1,False
AL596325.1,False
UAP1,False
AL596325.2,False
DDR2,True
HSD17B7,False
CCDC190,False
RGS4,False
RGS5,False
AL499616.1,False
AL592435.1,False
AL592435.2,True
NUF2,False
PBX1,False
AL391001.1,False
AL357568.1,False
AL357568.2,False
LMX1A,False
AL390730.1,False
AL390730.2,False
RXRG,False
LRRC52-AS1,False
LRRC52,False
AL356441.1,False
MGST3,False
ALDH9A1,False
AL451074.5,False
TMCO1,False
TMCO1-AS1,False
UCK2,False
AL358115.1,False
FAM78B,False
AL626787.1,False
AL596087.3,False
AL596087.2,False
AL583804.1,False
LINC01675,True
POGK,False
TADA1,False
ILDR2,False
MAEL,False
AL158837.1,False
GPA33,False
DUSP27,False
LINC01363,False
AL451050.2,False
POU2F1,False
AL136984.1,False
CD247,True
AL359962.3,False
AL359962.1,False
AL359962.2,False
CREG1,False
AL031733.2,False
RCSD1,False
MPZL1,False
ADCY10,True
Z99943.1,False
MPC2,False
DCAF6,False
GPR161,False
TIPRL,False
SFT2D2,False
TBX19,False
AL023755.1,False
AL022100.2,False
XCL2,True
XCL1,False
DPT,False
AL031275.1,False
LINC00626,False
AL135926.2,False
LINC00970,False
AL031726.2,False
AL031726.1,False
ATP1B1,False
NME7,False
Z99758.1,False
BLZF1,False
CCDC181,False
SLC19A2,False
Z99572.1,False
F5,False
SELP,False
C1orf112,False
SELL,False
SELE,False
AL021940.1,False
METTL18,False
SCYL3,False
KIFAP3,False
AL356475.1,False
METTL11B,False
LINC01681,True
LINC01142,False
GORAB-AS1,False
GORAB,False
AL162399.1,False
AL023495.1,False
PRRX1,False
Z97200.1,False
BX284613.2,True
MROH9,False
FMO3,False
FMO2,False
AL021026.1,False
FMO1,False
FMO4,False
PRRC2C,False
MYOCOS,True
MYOC,False
VAMP4,False
EEF1AKNMT,False
DNM3,True
DNM3-IT1,False
DNM3OS,False
AL137157.1,False
PIGC,False
C1orf105,False
SUCO,False
FASLG,False
AL031599.1,False
Z97198.1,False
TNFSF18,False
AL022310.1,False
TNFSF4,False
AL645568.1,False
PRDX6,False
SLC9C2,False
AL139142.1,False
ANKRD45,False
TEX50,False
KLHL20,False
CENPL,False
DARS2,False
GAS5,False
GAS5-AS1,False
ZBTB37,False
SERPINC1,False
RC3H1,False
RC3H1-IT1,False
LINC02776,False
RABGAP1L-DT,False
RABGAP1L,False
GPR52,False
RABGAP1L-IT1,False
Z99127.1,False
Z99127.4,False
CACYBP,False
MRPS14,False
TNN,False
KIAA0040,False
AL008626.1,False
Z94057.1,False
TNR,False
TNR-IT1,False
LINC01657,False
LINC02803,False
COP1,False
AL590723.1,False
AL591043.2,True
PAPPA2,False
AL031290.1,False
ASTN1,False
BRINP2,True
LINC01645,False
AL136114.1,False
LINC01741,False
SEC16B,False
RASAL2-AS1,False
RASAL2,True
CLEC20A,False
AL513013.1,False
TEX35,False
C1orf220,False
AL137796.1,False
AL449106.1,False
RALGPS2,True
ANGPTL1,True
FAM20B,False
TOR3A,False
ABL2,False
SOAT1,False
AXDND1,False
AL160286.3,False
NPHS2,False
AL160286.2,False
TDRD5,False
AL359853.2,False
FAM163A,False
AL359853.1,False
LINC02818,False
TOR1AIP2,False
AL353708.3,False
TOR1AIP1,False
AL353708.2,False
AL353708.1,False
CEP350,False
AL390718.1,False
QSOX1,False
LHX4,False
ACBD6,False
OVAAL,False
XPR1,False
LINC02816,False
KIAA1614,False
AL162431.1,False
KIAA1614-AS1,False
STX6,False
MR1,False
IER5,False
LINC01732,False
AL358393.1,False
LINC01699,False
CACNA1E,True
AL161734.2,False
AL161734.1,False
ZNF648,False
AL355482.1,False
AL355482.2,False
LINC01344,False
AL390856.1,False
GLUL,False
TEDDM1,False
LINC00272,False
RGSL1,False
RNASEL,False
RGS16,False
LINC01686,False
RGS8,False
LINC01688,False
NPL,False
AL355999.1,False
DHX9,False
SHCBP1L,False
LAMC1,True
LAMC1-AS1,False
LAMC2,False
NMNAT2,False
AL354953.1,False
AL449223.1,False
SMG7-AS1,False
SMG7,False
NCF2,False
AL137800.1,False
ARPC5,False
RGL1,True
APOBEC4,False
AL590422.1,False
COLGALT2,True
TSEN15,False
AL158011.1,False
AL445228.1,False
AL445228.2,False
C1orf21,True
AL078645.1,False
AL713852.1,False
AL713852.2,False
EDEM3,False
NIBAN1,False
LINC01633,False
RNF2,False
TRMT1L,False
SWT1,False
IVNS1ABP,False
AL078644.2,False
LINC01350,True
AL133383.1,False
HMCN1,True
AL133553.1,False
AL133553.2,False
PRG4,False
TPR,False
ODR4,False
OCLM,False
AL096803.2,False
PDC,False
AL096803.4,False
PTGS2,True
PACERR,False
PLA2G4A,False
ERVMER61-1,True
AL136372.2,False
AL596211.1,False
AL929288.1,False
AL691515.1,False
AL691515.2,False
LINC01035,False
LINC01701,False
AL591504.1,False
AL591504.2,False
BRINP3,False
AL354771.1,False
LINC01351,False
AL391645.1,False
LINC01720,False
AL138927.1,False
AL713866.1,False
LINC01680,False
LINC02770,False
AL359081.1,False
RGS18,False
AL390957.1,False
RGS21,False
AL136987.1,False
RGS1,False
RGS13,False
AL136454.1,False
RGS2,True
UCHL5,False
RO60,False
GLRX2,False
CDC73,False
B3GALT2,False
LINC01031,False
AL138778.1,False
AL136456.1,True
AL357793.1,False
AL357793.2,False
AL513348.1,False
AL353072.2,False
AL353709.1,False
LINC01724,False
KCNT2,False
CFH,False
CFHR3,False
CFHR1,False
CFHR4,False
CFHR2,False
CFHR5,False
F13B,False
ASPM,False
ZBTB41,False
CRB1,False
AL136322.1,False
DENND1B,False
AL365258.1,False
C1orf53,False
LHX9,False
NEK7,False
AL450352.1,True
ATP6V1G3,False
AL157402.1,False
PTPRC,False
AL157402.2,False
MIR181A1HG,True
AC096631.1,False
LINC01222,False
LINC01221,False
AC105941.1,False
LINC02789,False
NR5A2,False
LINC00862,True
AC097065.2,False
AC104461.1,False
ZNF281,False
AL359834.1,False
KIF14,True
DDX59,False
DDX59-AS1,False
CAMSAP2,True
GPR25,False
INAVA,False
KIF21B,False
AL358473.1,False
AL358473.2,False
CACNA1S,False
ASCL5,False
TMEM9,False
IGFN1,False
AC103925.1,False
PKP1,False
TNNT2,False
LAD1,False
AC119427.1,False
TNNI1,False
PHLDA3,True
AC096677.2,False
CSRP1,False
AC096677.1,False
NAV1,False
AC092800.1,False
IPO9-AS1,False
AL645504.1,False
IPO9,False
SHISA4,False
AL513217.1,False
LMOD1,False
TIMM17A,False
RNPEP,False
ELF3-AS1,False
ELF3,False
AL691482.3,False
GPR37L1,False
ARL8A,False
PTPN7,False
LGR6,True
UBE2T,False
PPP1R12B,False
SYT2,True
AC104463.2,False
AC104463.1,False
KDM5B,False
AC098934.4,False
PCAT6,False
RABIF,False
KLHL12,False
ADIPOR1,False
CYB5R1,False
TMEM183A,False
PPFIA4,False
MYOG,False
ADORA1,False
AC105940.2,False
AC105940.1,False
MYBPH,False
CHI3L1,False
CHIT1,False
LINC01353,False
LINC01136,False
BTG2,False
FMOD,False
PRELP,False
OPTC,False
ATP2B4,False
LAX1,False
ZC3H11A,False
ZBED6,False
SNRPE,False
AC096645.1,False
LINC00303,False
AL592146.2,False
SOX13,False
AL592146.1,True
ETNK2,False
ERLNC1,False
REN,False
KISS1,False
GOLT1A,False
PLEKHA6,False
AL592114.3,False
LINC00628,False
AL606489.1,False
PPP1R15B,False
PIK3C2B,False
MDM4,False
AL512306.3,False
LRRN2,True
AL512306.2,False
AL161793.1,False
AC096675.1,False
NFASC,True
CNTN2,False
TMEM81,False
RBBP5,False
DSTYK,False
TMCC2,False
AC093422.2,False
NUAK2,False
KLHDC8A,False
LEMD1-AS1,False
LEMD1,False
BLACAT1,False
LEMD1-DT,False
CDK18,False
MFSD4A,True
ELK4,False
SLC45A3,False
NUCKS1,False
RAB29,False
AC119673.1,False
SLC41A1,False
AC119673.2,False
PM20D1,False
SLC26A9,False
AL713965.1,False
RAB7B,False
CTSE,False
RHEX,True
AVPR1B,False
AC244035.1,False
AC244035.4,False
AC244035.2,False
FAM72A,False
SRGAP2,False
IKBKE,False
C1orf147,False
AC244034.2,False
RASSF5,False
EIF2D,False
AL591846.2,False
DYRK3,False
MAPKAPK2,False
IL10,False
IL19,False
IL20,True
IL24,True
FCMR,False
PIGR,False
FCAMR,False
C1orf116,False
PFKFB2,False
YOD1,False
C4BPB,False
C4BPA,False
AL445493.3,False
AL445493.2,False
AL596218.1,False
CD55,False
AL391597.1,False
CR2,True
CR1,True
AL137789.1,False
CR1L,False
AL137789.2,False
CD46,False
MIR29B2CHG,False
CD34,False
AL356275.1,False
LINC02767,False
PLXNA2,True
AL590138.1,False
AL606753.2,False
LINC01735,False
LINC02769,False
LINC01717,False
LINC01774,False
AC092810.4,False
AC092810.3,False
LINC01696,False
LINC01698,False
MIR205HG,False
AL023754.1,False
AL023754.2,False
CAMK1G,False
LAMB3,False
HSD11B1-AS1,False
G0S2,True
HSD11B1,False
TRAF3IP3,False
C1orf74,False
IRF6,False
UTP25,False
SYT14,False
AL022397.1,False
SERTAD4-AS1,False
SERTAD4,False
HHAT,False
AL034351.4,True
AL034351.3,False
KCNH1,False
AC092017.4,False
KCNH1-IT1,False
RCOR3,False
TRAF5,False
AL590101.1,False
LINC00467,False
RD3,False
AC105275.1,False
SLC30A1,False
AC105275.2,False
AL356310.1,False
LINC01693,False
NEK2,False
AC096637.2,False
AC096637.1,False
LPGAT1,False
LPGAT1-AS1,False
INTS7,False
DTL,False
AL606468.1,False
LINC02608,False
PPP2R5A,False
AL360091.2,True
AL360091.3,False
AL360091.1,False
PACC1,False
AC092803.3,False
NENF,False
LINC02771,False
AC092803.2,True
LINC01740,False
AC092803.1,False
AC092803.4,False
ATF3,False
AL590648.2,False
FAM71A,False
LINC02773,False
BATF3,False
NSL1,False
TATDN3,False
SPATA45,True
FLVCR1-DT,False
FLVCR1,False
AC104333.4,False
VASH2,False
ANGEL2,False
RPS6KC1,False
AL592402.1,False
AC096639.1,False
PROX1-AS1,False
LINC00538,False
PROX1,False
AC011700.1,False
AL606537.1,False
LINC02775,False
SMYD2,False
AL929236.1,False
PTPN14,False
CENPF,True
AC099563.2,False
KCNK2,False
AL450990.1,False
KCTD3,False
USH2A,False
AL358452.1,False
AC093581.1,False
AC138024.1,False
ESRRG,False
GPATCH2,False
SPATA17,False
SPATA17-AS1,False
LINC00210,False
AL355526.1,False
LINC01653,False
AL355526.2,False
RRP15,False
TGFB2-AS1,False
TGFB2,False
TGFB2-OT1,False
C1orf143,False
LINC01710,False
LYPLAL1-DT,True
LYPLAL1,False
AL360093.1,False
AC096642.1,True
AC096642.2,False
LYPLAL1-AS1,False
AL356364.1,False
ZC3H11B,False
SLC30A10,False
EPRS,False
BPNT1,False
IARS2,False
RAB3GAP2,False
AL451081.1,False
AC096644.3,False
LINC02779,False
MARK1,False
C1orf115,False
MARC2,False
MARC1,False
RNU6ATAC35P,False
AL445423.1,False
LINC01352,False
HLX-AS1,False
HLX,False
LINC02817,False
AL360013.2,False
AL360013.3,False
AL360013.4,False
DUSP10,False
LINC01655,False
LINC02257,False
LINC02474,False
LINC01705,False
AL356108.1,False
AL513314.1,False
AL513314.2,False
HHIPL2,True
TAF1A,False
TAF1A-AS1,False
MIA3,False
AL592148.3,False
AIDA,False
BROX,False
FAM177B,False
AL392172.2,False
AL392172.1,False
DISP1,False
AL929091.1,False
TLR5,False
AL359979.2,False
AL359979.1,False
SUSD4,True
CCDC185,False
CAPN8,True
CAPN2,False
TP53BP2,False
AC138393.3,False
FBXO28,False
DEGS1,False
AC092809.2,False
AC092809.4,True
NVL,False
CNIH4,False
WDR26,False
CNIH3,False
AC096537.1,False
AL596330.2,False
AL596330.1,False
LINC02813,False
AL391811.1,False
DNAH14,False
LBR,False
LINC02765,False
AC092811.1,False
ENAH,False
AC099066.2,False
AC099066.1,False
SRP9,False
EPHX1,False
AL591895.1,False
TMEM63A,False
LEFTY1,False
PYCR2,False
AL117348.1,False
LEFTY2,False
SDE2,False
AL512343.2,False
H3F3A,False
LINC01703,False
ACBD3,False
ACBD3-AS1,False
MIXL1,False
LIN9,False
PARP1,False
AL359704.3,False
STUM,True
ITPKB,False
ITPKB-IT1,False
ITPKB-AS1,False
AL359732.1,False
PSEN2,False
COQ8A,False
CDC42BPA,False
AL353689.2,False
AL353689.3,False
AL451047.1,False
AL627308.3,False
LINC01641,False
AL451054.4,False
ZNF678,False
SNAP47,False
JMJD4,False
SNAP47-AS1,False
AL731702.1,False
PRSS38,False
WNT9A,True
WNT3A,False
LINC02809,False
ARF1,False
C1orf35,False
MRPL55,False
AL136379.1,False
GUK1,False
GJC2,False
IBA57-DT,False
IBA57,False
OBSCN-AS1,True
OBSCN,False
AL353593.1,False
AL353593.2,False
AL353593.3,False
AL670729.3,False
AL670729.2,False
TRIM11,False
AL670729.1,False
AL139288.1,False
TRIM17,False
HIST3H3,False
HIST3H2A,False
HIST3H2BB,False
RNF187,False
RHOU,False
LINC02815,False
LINC02814,False
AL162595.2,False
TMEM78,False
AL162595.1,False
RAB4A,False
SPHAR,False
AL117350.1,False
CCSAP,False
ACTA1,False
NUP133,False
AL160004.1,False
AL121990.1,False
ABCB10,False
TAF5L,False
URB2,False
LINC01682,False
LINC01736,False
GALNT2,False
AL136988.2,False
AL136988.1,False
PGBD5,False
AL133516.1,False
LINC01737,False
COG2,False
AL158214.2,False
AGT,False
AL512328.1,False
CAPN9,False
AL118511.2,False
C1orf198,False
AL118511.1,False
AL118511.4,False
AL118511.3,False
TTC13,False
ARV1,False
FAM89A,False
TRIM67,False
AL109810.2,False
C1orf131,False
GNPAT,False
EXOC8,False
SPRTN,False
EGLN1,False
AL445524.1,False
TSNAX,False
LINC00582,False
DISC1,False
AL136171.2,False
DISC1-IT1,False
AL353052.1,False
AL353052.2,False
SIPA1L2,False
LINC01745,False
LINC01744,False
MAP10,False
AL122003.2,False
NTPCR,False
PCNX2,False
MAP3K21,False
AL360006.1,False
KCNK1,False
AL357972.1,False
AL663058.2,False
AL713868.1,False
SLC35F3,True
AL122008.3,False
AL122008.1,False
AL122008.4,False
AL355472.2,True
AL355472.3,False
COA6-AS1,False
COA6,False
TARBP1,False
LINC01354,False
AL161640.2,False
AL161640.3,False
AL161640.1,False
IRF2BP2,False
AL160408.2,False
LINC00184,False
AL160408.5,False
AL160408.1,False
AL160408.4,False
AL160408.3,False
AL160408.6,False
LINC01132,False
AL360294.1,False
AL391832.4,False
AL391832.1,False
AL391832.2,False
AL391832.3,False
LINC01348,False
AL732292.2,False
TOMM20,False
RBM34,False
ARID4B,False
GGPS1,False
TBCE,False
AL357556.4,False
TBCE-1,False
B3GALNT2,False
GNG4,False
LYST,True
LYST-AS1,False
AL139161.1,False
LINC02768,False
NID1,False
AL122018.2,False
GPR137B,False
ERO1B,False
EDARADD,False
LGALS8,False
LGALS8-AS1,False
AL359921.2,False
AL359921.1,False
HEATR1,False
ACTN2,False
MTR,False
MT1HL1,False
AL359259.1,False
RYR2,False
AL359924.1,False
ZP4,False
MTRNR2L11,False
AL356010.2,False
LINC01139,False
AL359551.1,False
AL583825.1,False
AC093426.2,False
AC093426.1,False
CHRM3,True
CHRM3-AS2,False
CHRM3-AS1,False
AL356361.2,False
AL356361.3,False
FMN2,False
AL359918.2,False
AL590490.1,False
GREM2,True
AL358176.1,False
AL358176.4,False
AL365184.2,False
AL365184.1,False
RGS7,True
AL359764.1,False
AL359764.2,False
AL359764.3,False
FH,False
KMO,False
OPN3,False
CHML,False
AL133390.1,False
WDR64,False
EXO1,False
BECN2,False
MAP1LC3C,False
PLD5,True
AL591686.2,False
AL591686.1,False
AL606534.3,False
CEP170,False
AL606534.1,False
AL606534.2,False
SDCCAG8,False
AKT3,True
AL591721.1,False
AL662889.1,False
AKT3-IT1,False
LINC02774,False
ZBTB18,False
AL590483.1,False
AL590483.4,False
AL590483.2,False
AL358177.1,False
C1orf100,False
AL645465.1,False
ADSS,False
CATSPERE,True
DESI2,False
AL451007.3,False
AL451007.2,False
BX323046.2,False
COX20,False
HNRNPU,False
BX323046.1,False
AL356512.1,False
EFCAB2,False
KIF26B,False
KIF26B-AS1,False
AC104462.2,False
AC104462.1,False
SMYD3,True
AC118555.1,False
AC092801.1,False
SMYD3-IT1,False
LINC01743,False
TFB2M,False
CNST,False
AL591623.1,False
AL591848.3,False
AL591848.2,False
SCCPDH,False
AL591848.4,False
LINC01341,False
AHCTF1,False
ZNF695,False
ZNF670,False
ZNF669,False
AL627095.2,False
C1orf229,False
ZNF124,False
AL390728.6,False
AL390728.5,False
ZNF496,False
AC104335.1,False
AC104335.2,False
NLRP3,False
OR2B11,False
GCSAML,True
OR2C3,False
GCSAML-AS1,False
AL606804.1,False
OR2G2,False
OR2G3,False
AL390860.1,False
OR13G1,False
OR6F1,False
OR14A2,False
OR14K1,False
OR1C1,False
OR14A16,False
OR11L1,False
TRIM58,False
OR2W3,False
OR2T8,False
OR2AJ1,False
OR2L8,False
OR2AK2,False
OR2L5,False
OR2L2,False
OR2L3,False
OR2L13,False
OR2M5,False
OR2M2,False
OR2M3,False
OR2M4,False
OR2T33,False
OR2T12,False
OR2M7,False
OR14C36,False
OR2T4,False
OR2T6,False
OR2T1,False
OR2T2,False
OR2T3,False
AC138089.1,False
OR2T5,False
OR2G6,False
AC098483.1,False
OR2T29,False
OR2T34,False
OR2T10,False
OR2T11,False
OR2T35,False
OR2T27,False
OR14I1,False
LYPD8,False
SH3BP5L,False
ZNF672,False
ZNF692,False
AL672291.1,False
PGBD2,False
FAM110C,False
AC079779.1,False
SH3YL1,False
ACP1,False
ALKAL2,False
AC079779.2,False
AC079779.3,False
AC079779.4,False
LINC01865,False
AC105393.2,False
AC105393.1,False
LINC01874,False
AC093326.2,False
LINC01875,False
AC093326.1,False
TMEM18,False
AC092159.2,False
AC092159.3,False
AC092159.1,False
AC116609.3,False
AC116609.2,False
AC116609.1,False
LINC01115,False
LINC01939,False
AC113607.1,False
SNTG2-AS1,False
SNTG2,True
AC114808.1,False
AC114808.2,False
AC108462.1,False
AC105450.1,False
TPO,False
AC141930.1,False
AC141930.2,False
AC144450.1,False
PXDN,False
MYT1L,False
AC093390.2,False
AC093390.1,False
MYT1L-AS1,False
AC018685.2,False
AC018685.3,False
AC011995.2,False
AC018685.1,False
AC011995.1,False
LINC01250,True
AC019118.2,False
AC019118.1,False
EIPR1,False
EIPR1-IT1,False
TRAPPC12,False
TRAPPC12-AS1,False
AC114810.1,False
ADI1,False
AC231981.1,False
AC108488.1,False
RNASEH1,False
RNASEH1-AS1,False
AC108488.3,False
RPS7,False
COLEC11,False
AC010907.2,False
ALLC,False
AC010907.1,False
DCDC2C,False
LINC01304,False
AC012445.1,False
LINC01249,False
AC107057.1,False
LINC01248,False
AC108025.1,False
SOX11,False
AC010729.2,False
AC010729.1,False
LINC01810,False
SILC1,False
AC017053.1,False
LINC01247,False
LINC01824,False
MIR7515HG,False
AC097517.1,False
LINC00487,False
NRIR,False
CMPK2,False
RSAD2,False
AC017076.1,False
RNF144A-AS1,False
RNF144A,False
AC068481.1,False
AC010904.2,False
AC013460.1,False
AC092580.4,False
AC092580.2,False
LINC01871,True
AC007463.1,False
LINC00298,True
AC007463.2,False
LINC00299,True
U91324.1,True
LINC01814,False
AC092617.1,False
AC011747.1,False
ID2-AS1,False
ID2,True
KIDINS220,False
MBOAT2,False
AC093904.2,False
AC093904.4,False
AC093904.3,False
AC093904.1,False
ASAP2,False
ITGB1BP1,False
CPSF3,False
IAH1,False
ADAM17,False
AC080162.1,False
AC073195.1,False
YWHAQ,False
AC082651.1,False
AC082651.4,False
AC082651.3,False
TAF1B,False
AC010969.2,False
AC010969.3,False
GRHL1,False
AC010969.1,False
AC104794.4,False
AC104794.3,False
KLF11,False
AC104794.5,False
CYS1,False
AC104794.2,False
RRM2,True
AC007240.3,False
HPCAL1,False
ODC1,False
ODC1-DT,False
NOL10,False
AC007314.1,False
RN7SL832P,True
AC092687.2,False
ATP6V1C2,False
AC092687.3,False
PDIA6,False
LINC01954,False
AC092687.1,False
KCNF1,False
AC062028.1,False
C2orf50,False
SLC66A3,False
ROCK2,False
AC099344.1,False
AC099344.2,False
LINC00570,False
AC099344.3,False
E2F6,False
GREB1,False
NTSR2,False
AC106875.2,False
LPIN1,False
AC106875.1,False
AC012456.1,False
AC012456.2,False
MIR3681HG,True
AC096559.1,False
AC009486.2,False
AC009486.1,False
TRIB2,False
AC064875.1,False
AC093912.1,False
AC073062.1,False
LINC00276,False
AC016730.1,False
AC011897.1,False
LRATD1,False
AC068286.2,True
AC068286.1,False
NBAS,False
AC008278.2,False
DDX1,False
AC008278.1,False
LINC01804,False
AC113608.2,False
MYCNOS,False
MYCNUT,False
MYCN,False
AC010145.1,False
GACAT3,False
AC130710.1,False
AC010745.1,False
AC010745.2,False
AC010745.3,False
AC010745.5,False
AC010745.4,False
AC010880.1,False
AC104623.1,False
FAM49A,True
AC008164.1,False
LINC01866,False
RAD51AP2,True
VSNL1,False
SMC6,True
GEN1,False
MSGN1,False
KCNS3,False
AC079148.3,False
AC079148.2,False
AC079148.1,False
RDH14,False
NT5C1B,False
AC106053.1,True
AC130814.1,False
LINC01376,True
OSR1,False
AC010096.1,False
LINC01808,False
AC019055.1,False
LINC00954,False
TTC32,False
AC013400.1,False
WDR35,True
AC079145.1,False
MATN3,False
LAPTM4A,False
LAPTM4A-DT,False
AC098828.2,False
SDC1,False
PUM2,False
RHOB,False
AC023137.1,False
AC012065.1,False
HS1BP3,False
AC012065.3,False
HS1BP3-IT1,False
GDF7,True
AC012065.4,False
LDAH,False
LINC02850,False
AC115619.1,False
APOB,False
AC010872.2,False
TDRD15,False
AC018742.1,True
AC011752.1,False
AC009411.2,False
AC009411.1,False
LINC01822,False
AC096570.1,False
AC096570.2,False
LINC01884,False
AC018467.1,False
AC012506.1,False
AC012506.3,False
AC012506.2,False
AC012506.4,False
KLHL29,True
AC011239.1,False
AC009242.1,False
ATAD2B,False
UBXN2A,False
MFSD2B,False
WDCP,False
FKBP1B,False
SF3B6,False
FAM228B,False
TP53I3,False
PFN4,False
AC008073.2,False
FAM228A,False
AC008073.1,False
ITSN2,False
AC009228.1,False
AC093798.1,False
NCOA1,False
PTRHD1,False
CENPO,False
ADCY3,False
AC012073.1,False
DNAJC27,False
DNAJC27-AS1,False
AC013267.2,False
EFR3B,False
POMC,False
LINC01381,False
DNMT3A,False
AC012074.1,False
DTNB,True
AC104699.1,False
ASXL2,False
KIF3C,False
RAB10,False
GAREM2,False
HADHA,False
HADHB,False
AC010896.1,False
ADGRF3,False
SELENOI,False
DRC1,False
OTOF,True
FAM166C,False
CIB4,False
AC015977.2,False
KCNK3,False
SLC35F6,False
CENPA,False
DPYSL5,False
AC013472.2,False
MAPRE3,False
AC013472.1,False
TMEM214,False
AGBL5,False
AGBL5-AS1,False
AC013472.3,False
AGBL5-IT1,False
AC013403.2,False
OST4,False
EMILIN1,False
KHK,False
CGREF1,False
ABHD1,False
PREB,False
PRR30,False
TCF23,False
SLC5A6,False
ATRAID,False
CAD,False
SLC30A3,False
DNAJC5G,False
TRIM54,False
UCN,True
MPV17,False
GTF3C2,False
GTF3C2-AS1,False
AC074117.1,False
EIF2B4,False
SNX17,False
ZNF513,False
PPM1G,False
NRBP1,False
KRTCAP3,False
IFT172,False
FNDC4,False
GCKR,False
C2orf16,False
ZNF512,False
CCDC121,False
GPN1,False
SUPT7L,False
SLC4A1AP,False
LINC01460,False
MRPL33,False
RBKS,False
BABAM2,False
AC093690.1,False
AC104695.2,False
FOSL2,False
AC104695.4,False
AC104695.3,False
AC104695.1,False
PLB1,False
AC074011.1,False
AC092164.1,False
PPP1CB,False
SPDYA,False
AC097724.1,False
TRMT61B,False
WDR43,False
TOGARAM2,True
PCARE,False
AC105398.1,False
CLIP4,False
ALK,False
AC074096.1,False
AC016907.2,False
AC106870.2,False
AC106870.1,False
YPEL5,False
LBH,False
AC109642.1,False
LINC01936,False
LCLAT1,True
CAPN13,False
AC009301.1,False
GALNT14,True
AC009305.1,False
CAPN14,False
EHD3,False
XDH,False
SRD5A2,False
AL133247.1,False
LINC01946,False
AL121652.1,False
MEMO1,False
DPY30,False
AL121655.1,False
SPAST,False
AL121658.1,False
SLC30A6,False
NLRC4,False
YIPF4,False
AL133245.1,False
BIRC6,False
BIRC6-AS1,True
AL133243.2,False
AL133243.3,False
AL133243.1,False
TTC27,False
LINC00486,False
AL133244.2,False
LTBP1,True
AC019127.1,False
RASGRP3,True
AC020594.1,False
FAM98A,False
AC017050.1,False
LINC01320,True
LINC01318,False
AC008170.1,False
AC073218.1,False
AC012593.1,False
AC079352.1,True
AC019064.1,False
CRIM1-DT,False
CRIM1,False
AC007378.1,False
FEZ2,False
VIT,False
STRN,False
HEATR5B,False
GPATCH11,False
EIF2AK2,False
SULT6B1,False
CEBPZOS,False
CEBPZ,False
AC007390.2,False
NDUFAF7,False
PRKD3,False
AC007391.1,False
AC007391.2,False
QPCT,False
AC007391.3,False
AC006369.1,False
CDC42EP3,False
AC006369.2,False
LINC00211,False
RMDN2,False
RMDN2-AS1,False
CYP1B1,False
CYP1B1-AS1,False
AC009229.2,False
AC009229.3,False
AC009229.1,False
ATL2,False
LINC02613,False
AC016995.1,False
LINC01883,False
HNRNPLL,False
AC011247.1,False
GALM,True
AC074366.1,False
SRSF7,False
GEMIN6,False
DHX57,False
AC018693.1,True
MORN2,False
ARHGEF33,False
AC019171.1,False
SOS1,False
SOS1-IT1,False
CDKL4,True
MAP4K3,False
AC007684.2,False
MAP4K3-DT,True
TMEM178A,False
THUMPD2,False
SLC8A1-AS1,False
SLC8A1,False
AC007877.1,False
AC007317.1,False
AC007317.2,False
LINC01794,False
AC009413.2,False
LINC01913,False
LINC01914,False
C2orf91,False
AC013480.1,False
PKDCC,False
AC083949.1,False
EML4,False
COX7A2L,False
KCNG3,True
MTA3,False
OXER1,False
HAAO,False
AC016735.1,False
LINC01819,False
LINC02590,False
LINC02580,False
AC010883.2,False
AC010883.3,False
ZFP36L2,False
LINC01126,False
AC010883.1,False
THADA,False
PLEKHH2,False
C1GALT1C1L,False
DYNC2LI1,False
ABCG5,False
ABCG8,False
LRPPRC,False
AC019129.2,False
PPM1B,False
SLC3A1,False
PREPL,False
CAMKMT,True
LINC01833,False
SIX3-AS1,False
SIX3,False
AC012354.1,False
SIX2,False
AC093702.1,False
LINC01121,False
AC093833.1,False
AC009236.2,False
AC009236.1,False
SRBD1,False
PRKCE,False
U51244.1,False
AC017006.2,False
AC017006.1,False
EPAS1,True
LINC01820,False
LINC02583,False
TMEM247,False
ATP6V1E2,False
AC018682.2,False
RHOQ,False
AC018682.1,False
PIGF,False
CRIPT,False
LINC01118,False
SOCS5,False
LINC01119,False
AC016722.1,False
AC016722.2,False
MCFD2,False
TTC7A,False
AC093732.2,False
AC093732.1,False
STPG4,False
AC073283.1,True
CALM2,False
EPCAM-DT,False
AC073283.2,False
EPCAM,False
MSH2,False
KCNK12,False
AC138655.1,False
MSH6,False
FBXO11,False
AC079807.1,True
AC092650.1,False
FOXN2,False
AC093635.1,False
PPP1R21,False
STON1,False
STON1-GTF2A1L,False
GTF2A1L,False
LHCGR,False
AC009975.1,False
FSHR,False
AC009975.2,False
AC009971.1,False
NRXN1,False
AC068725.1,False
AC009234.1,False
AC007682.1,False
AC007402.1,True
AC007402.2,False
AC079304.1,False
LINC01867,False
AC139712.3,False
AC010967.1,False
AC010967.2,False
ASB3,False
CHAC2,False
ERLEC1,False
GPR75,False
PSME4,False
ACYP2,False
AC008280.3,False
TSPYL6,False
C2orf73,True
SPTBN1,False
AC092839.1,False
AC092839.2,False
AC093110.1,False
EML6,True
AC104781.1,False
AC104781.2,False
RTN4,False
CLHC1,False
AC012358.1,False
RPS27A,False
MTIF2,False
AC012358.3,False
CCDC88A,False
CFAP36,False
PPP4R3B,False
AC015982.2,False
PNPT1,False
EFEMP1,True
AC011306.1,False
MIR217HG,False
LINC01813,False
AC007743.1,False
CCDC85A,False
AC132153.1,True
VRK2,False
AC068193.1,False
FANCL,False
AC007250.1,False
LINC01795,False
LINC01122,True
LINC01793,False
AC007100.1,False
AC007179.2,False
AC007179.1,False
AC007100.2,False
AC007132.1,False
AC007381.1,True
AC007381.2,False
BCL11A,True
AC009970.1,False
PAPOLG,False
LINC01185,False
REL,False
AC010733.2,False
PUS10,False
PEX13,False
KIAA1841,False
AC016747.1,False
C2orf74,False
AC016747.2,False
USP34,False
AC016747.3,False
AC016727.1,False
XPO1,False
AC016727.3,False
FAM161A,False
CCT4,False
AC107081.2,False
AC107081.4,False
COMMD1,False
AC018462.1,False
B3GNT2,False
AC093159.1,False
TMEM17,False
AC092155.1,False
EHBP1,False
AC092567.2,False
AC092567.1,False
AC007098.1,False
OTX1,False
AC009501.3,False
WDPCP,False
MDH1,False
UGP2,False
VPS54,False
AC012368.2,False
PELI1,True
AC012368.1,True
LINC00309,False
AC114752.1,False
AC114752.2,False
LGALSL-DT,False
LGALSL,False
LINC01805,False
AC008074.2,False
AFTPH,False
LINC02579,False
SERTAD2,False
AC007365.1,False
AC007880.1,False
LINC01800,True
LINC02245,False
SLC1A4,True
LINC02576,False
CEP68,False
RAB1A,False
ACTR2,False
SPRED2,False
AC012370.1,False
AC007389.1,False
AC012370.2,False
AC007389.3,False
AC007389.5,False
AC118345.1,False
AC092669.1,False
LINC01873,False
MEIS1-AS3,False
MEIS1,False
MEIS1-AS2,False
LINC01798,False
LINC01797,False
LINC01799,False
LINC01628,False
AC007403.1,False
LINC01828,False
LINC01829,False
AC023115.1,False
ETAA1,False
LINC02831,False
AC007422.1,False
AC010987.1,False
LINC01812,False
C1D,False
WDR92,False
PNO1,False
PPP3R1,False
AC017083.2,False
AC017083.1,False
CNRIP1,True
AC015969.1,False
PLEK,False
FBXO48,False
APLF,False
PROKR1,False
ARHGAP25,False
LINC01890,False
LINC01888,False
BMP10,False
GKN2,False
GKN1,False
ANTXR1,False
AC114802.1,False
GFPT1,False
NFU1,False
AAK1,False
ANXA4,False
AC092431.1,False
GMCL1,False
SNRNP27,False
MXD1,False
ASPRV1,False
PCBP1-AS1,False
PCBP1,False
AC016700.3,False
LINC01816,True
C2orf42,False
TIA1,False
PCYOX1,False
SNRPG,False
FAM136A,False
AC022201.2,False
AC022201.1,False
TGFA,False
TGFA-IT1,False
ADD2,True
AC005234.2,False
AC005234.1,False
FIGLA,False
CLEC4F,False
CD207,False
LINC01143,False
VAX2,False
ATP6V1B1,False
ANKRD53,False
TEX261,False
AC007040.1,False
AC007881.2,False
NAGK,False
AC007881.3,False
MCEE,True
AC007881.4,False
MPHOSPH10,False
PAIP2B,False
ZNF638,False
AC007878.1,False
DYSF,True
CYP26B1,False
EXOC6B,False
SPR,False
EMX1,False
AC012366.1,False
SFXN5,False
RAB11FIP5,False
AC010913.1,False
NOTO,False
SMYD5,False
PRADC1,False
CCT7,False
FBXO41,False
EGR4,False
AC069404.1,False
AC074008.2,False
ALMS1,False
ALMS1-IT1,False
AC074008.1,False
NAT8,False
TPRKB,False
AC092653.1,False
DUSP11,False
C2orf78,False
AC073046.4,False
STAMBP,False
AC073046.3,False
ACTG2,False
DGUOK,False
DGUOK-AS1,False
AC073046.1,False
TET3,False
AC073263.1,False
BOLA3,False
BOLA3-AS1,False
MOB1A,False
AC073263.2,False
MTHFD2,False
SLC4A5,False
DCTN1,False
DCTN1-AS1,False
C2orf81,False
AC005041.4,False
WDR54,False
RTKN,False
INO80B,False
WBP1,False
MOGS,False
AC005041.5,False
MRPL53,False
CCDC142,False
TTC31,False
LBX2,False
AC005041.3,False
LBX2-AS1,False
PCGF1,False
TLX2,False
DQX1,False
AUP1,False
HTRA2,False
LOXL3,False
DOK1,False
M1AP,False
SEMA4F,False
AC007387.3,False
AC007387.2,False
AC019069.1,False
HK2,False
LINC01291,False
AC104135.1,False
LINC01293,True
POLE4,False
TACR1,True
AC007681.1,True
EVA1A,False
AC007099.2,False
AC007099.1,False
MRPL19,False
GCFC2,True
AC005034.3,False
AC005034.5,False
AC005034.2,False
AC005034.6,False
AC005034.4,True
AC110614.1,False
AC073091.3,False
AC073091.4,False
AC068616.2,False
AC068616.3,False
AC068616.1,False
LRRTM4,False
AC079117.2,False
AC079117.1,False
AC013716.1,False
AC012494.1,False
AC084149.1,False
LINC01851,False
AC012494.2,False
AC092660.1,False
AC092604.1,True
REG3G,False
REG1B,False
REG1A,False
REG3A,False
AC011754.1,False
CTNNA2,False
AC011754.2,False
AC010975.1,False
AC016716.2,False
LRRTM1,False
AC008067.1,False
AC012355.1,False
LINC01815,False
AC079896.1,False
AC010105.1,False
AC098817.1,False
LINC01809,False
AC106874.1,False
SUCLG1,False
DNAH6,True
TRABD2A,False
TMSB10,False
AC022210.2,True
KCMF1,False
LINC01964,False
TCF7L1,False
TCF7L1-IT1,False
TGOLN2,False
RETSAT,False
ELMOD3,False
AC062037.2,False
CAPG,False
AC062037.3,False
SH2D6,False
PARTICL,False
MAT2A,False
GGCX,False
VAMP8,False
VAMP5,False
RNF181,False
TMEM150A,False
USP39,False
C2orf68,False
SFTPB,False
GNLY,True
ATOH8,False
AC105053.1,False
ST3GAL5,False
ST3GAL5-AS1,False
AC012511.1,False
AC012511.2,False
POLR1A,False
PTCD3,False
IMMT,False
AC009309.1,False
MRPL35,False
REEP1,True
KDM3A,False
CHMP3,False
AC015971.1,False
RNF103,False
RMND5A,False
CD8A,True
CD8B,True
RGPD1,False
PLGLB1,False
AC092651.3,False
LINC01955,False
AC068279.2,False
IGKV3OR2-268,False
LINC01943,False
CYTOR,False
AC133644.2,False
PLGLB2,False
RGPD2,False
AC108479.3,False
KRCC1,False
SMYD1,False
FABP1,False
THNSL2,False
FOXI3,False
TEX37,False
AC104134.1,False
EIF2AK3,False
EIF2AK3-DT,False
AC062029.1,True
RPIA,False
IGKC,True
IGKJ5,False
IGKJ4,False
IGKJ3,False
IGKJ2,True
IGKJ1,False
IGKV4-1,False
IGKV5-2,False
IGKV7-3,False
IGKV2-4,False
IGKV1-5,False
IGKV1-6,False
IGKV3-7,False
IGKV1-8,False
IGKV1-9,False
IGKV2-10,False
IGKV3-11,True
IGKV1-12,False
IGKV1-13,False
IGKV2-14,False
IGKV3-15,False
IGKV1-16,False
IGKV1-17,False
IGKV2-18,False
IGKV2-19,False
IGKV3-20,False
IGKV6-21,False
IGKV1-22,False
IGKV2-23,False
IGKV2-24,False
IGKV3-25,False
IGKV2-26,False
IGKV1-27,False
IGKV2-28,False
IGKV2-29,False
IGKV2-30,True
IGKV3-31,False
IGKV1-32,False
IGKV1-33,False
IGKV3-34,False
IGKV1-35,False
IGKV2-36,False
IGKV1-37,False
IGKV2-38,False
IGKV1-39,False
IGKV2-40,False
IGKV2D-40,False
IGKV1D-39,False
IGKV2D-38,False
IGKV1D-37,False
IGKV2D-36,False
IGKV1D-35,False
IGKV3D-34,False
IGKV1D-33,False
IGKV1D-32,False
IGKV3D-31,False
IGKV2D-30,False
IGKV2D-29,False
IGKV2D-28,False
IGKV1D-27,False
IGKV2D-26,False
IGKV3D-25,False
IGKV2D-24,False
IGKV2D-23,False
IGKV1D-22,False
IGKV6D-21,False
IGKV3D-20,False
IGKV2D-19,False
IGKV2D-18,False
IGKV6D-41,False
IGKV1D-17,False
IGKV1D-16,True
IGKV3D-15,False
IGKV2D-14,False
IGKV1D-13,False
IGKV1D-12,False
IGKV3D-11,False
IGKV2D-10,False
IGKV1D-42,False
IGKV1D-43,False
IGKV1D-8,False
IGKV3D-7,False
IGKV1OR2-118,False
AC233263.6,False
AC233266.2,False
AC027612.5,False
IGKV1OR2-1,False
AL845331.2,False
TEKT4,False
AC103563.7,False
MAL,True
AC103563.2,False
AC103563.9,True
MRPS5,False
ZNF514,False
ZNF2,False
AC092835.1,False
PROM2,False
KCNIP3,False
FAHD2A,False
TRIM43B,False
AC009237.14,False
AC009237.15,False
TRIM43,False
AC008268.1,False
LINC00342,True
ANKRD36C,False
GPAT2,False
ADRA2B,False
ASTL,False
DUSP2,True
AC012307.1,False
STARD7,False
STARD7-AS1,False
TMEM127,False
CIAO1,False
SNRNP200,False
AC021188.1,False
ITPRIPL1,False
NCAPH,False
NEURL3,False
AC013270.1,False
ARID5A,False
KANSL3,False
FER1L5,False
LMAN2L,False
CNNM4,False
CNNM3-DT,False
CNNM3,False
ANKRD23,False
ANKRD39,False
SEMA4C,False
FAM178B,False
AC092636.1,False
IGKV2OR2-1,False
IGKV2OR2-2,False
IGKV1OR2-3,False
FAHD2B,False
ANKRD36,False
AC159540.2,False
AC159540.1,False
IGKV1OR2-9,False
IGKV2OR2-10,False
IGKV2OR2-7D,False
IGKV3OR2-5,False
IGKV1OR2-6,False
IGKV2OR2-7,False
IGKV2OR2-8,False
IGKV1OR2-11,False
AC092683.1,False
AC092683.2,False
ANKRD36B,False
AC017099.2,False
COX5B,False
ACTR1B,False
C2orf92,False
ZAP70,False
TMEM131,False
VWA3B,False
AC092675.1,False
CNGA3,False
AC092675.2,False
INPP4A,False
COA5,False
UNC50,False
MGAT4A,False
LINC02611,False
KIAA1211L,False
TSGA10,False
C2orf15,False
AC079447.1,True
LIPT1,False
MITD1,False
MRPL30,False
LYG2,False
LYG1,False
TXNDC9,False
EIF5B,False
REV1,False
AC018690.1,False
AFF3,True
AC092667.1,False
LINC01104,False
LONRF2,False
CHST10,False
NMS,False
PDCL3,False
LINC01849,False
AC092845.1,False
LINC01868,False
AC092168.1,False
AC092168.3,False
NPAS2,False
AC092168.2,False
AC016738.2,False
AC016738.1,False
RPL31,False
TBC1D8,True
TBC1D8-AS1,False
CNOT11,False
RNF149,False
CREG2,False
RFX8,False
LINC01870,False
AC093894.1,False
AC093894.2,False
MAP4K4,False
LINC01127,False
IL1R2,False
AC007271.1,False
IL1R1,False
IL1R1-AS1,False
IL1RL2,False
IL1RL1,False
IL18R1,False
IL18RAP,True
AC007278.2,False
AC007278.1,False
SLC9A4,False
SLC9A2,False
MFSD9,True
TMEM182,True
LINC01796,False
LINC01935,False
AC108051.1,False
AC073987.1,False
AC011593.1,False
AC013727.1,False
AC013727.2,False
LINC01965,False
AC096554.1,False
AC068535.1,False
LINC01831,False
AC068535.2,False
LINC01102,False
LINC01103,False
AC013402.2,False
AC013402.3,False
PANTR1,False
AC013402.1,False
AC068057.1,False
LINC01114,False
AC018730.1,False
POU3F3,False
LINC01159,False
AC010884.2,False
AC010884.1,True
MRPS9,False
AC104655.1,False
LINC01918,False
GPR45,False
AC012360.2,False
TGFBRAP1,False
AC012360.1,False
AC012360.3,False
C2orf49,False
FHL2,False
AC108058.1,False
AC018802.1,False
AC018802.2,False
NCK2,False
AC010978.1,False
AC009505.1,False
ECRG4,False
UXS1,False
AC018878.1,False
RGPD3,False
CD8B2,False
AC108868.2,False
AC108868.1,False
ST6GAL2,False
ST6GAL2-IT1,False
AC016994.1,False
AC005040.2,False
LINC01789,False
AC096669.1,False
LINC01885,False
LINC01886,False
AC064869.1,False
GACAT1,False
RGPD4-AS1,False
RGPD4,False
SLC5A7,False
LINC01593,False
LINC01594,False
SULT1C3,False
SULT1C2,False
SULT1C4,False
GCC2,False
GCC2-AS1,False
LIMS1,False
LIMS1-AS1,False
RANBP2,False
CCDC138,True
EDAR,True
SH3RF3-AS1,True
SH3RF3,True
SEPTIN10,False
AC011753.2,False
SOWAHC,False
AC074387.1,False
RGPD5,False
LIMS3,False
LINC01123,False
MALL,False
NPHP1,False
MTLN,False
LINC01106,False
LIMS4,False
AC112229.2,False
RGPD6,False
AC226101.1,False
BUB1,False
AC114776.1,False
ACOXL,True
MIR4435-2HG,True
ACOXL-AS1,False
BCL2L11,False
AC108463.2,False
AC108463.3,False
AC068491.2,False
AC068491.3,False
AC017002.6,False
AC017002.5,False
AC017002.3,False
AC017002.1,False
AC017002.2,False
ANAPC1,False
MERTK,False
AC093675.1,False
TMEM87B,False
AC093675.2,False
FBLN7,False
ZC3H8,False
AC092645.2,False
ZC3H6,False
RGPD8,False
TTL,False
POLR1B,False
CHCHD5,False
AC012442.2,False
AC012442.1,True
AC079922.2,False
SLC20A1,False
NT5DC4,False
CKAP2L,False
IL1A,False
AC079753.2,False
IL1B,True
IL37,False
IL36G,False
IL36A,False
IL36B,False
IL36RN,False
IL1F10,False
IL1RN,False
PSD4,False
AC016683.1,True
PAX8-AS1,False
PAX8,False
AC016745.1,False
IGKV1OR2-108,False
AC016745.2,False
CBWD2,False
FOXD4L1,False
LINC01961,False
PGM5P4-AS1,False
FAM138B,False
AL078621.4,False
RABL2A,False
AC017074.2,False
AC017074.1,False
SLC35F5,False
AC104653.2,False
AC104653.1,False
AC110769.2,False
ACTR3,False
LINC01191,True
AC110769.1,False
AC010982.2,False
AC010982.1,False
DPP10,False
DPP10-AS3,False
DPP10-AS2,False
AC093610.1,False
DPP10-AS1,False
AC016721.1,False
AC064856.1,False
AC009312.1,False
DDX18,False
AC009404.1,False
CCDC93,False
AC009303.2,False
AC009303.3,False
INSIG2,False
THORLNC,False
LINC01956,False
EN1,False
MARCO,False
AC013457.1,False
C1QL2,False
STEAP3,False
STEAP3-AS1,True
C2orf76,False
DBI,False
TMEM37,False
SCTR,False
AC013275.1,False
CFAP221,False
TMEM177,False
PTPN4,False
EPB41L5,False
AC012363.1,False
TMEM185B,False
RALB,False
AC012363.2,False
INHBB,False
AC073257.2,False
AC073257.1,False
AC018866.1,False
GLI2,False
AC017033.1,False
AC067960.1,False
AC079988.1,False
TFCP2L1,False
CLASP1,False
AC012447.1,False
NIFK-AS1,False
NIFK,False
TSN,False
LINC01823,False
AC011246.1,False
AC073632.1,False
AC062020.1,False
LINC01826,False
AC073409.2,False
AC073409.1,False
AC079154.1,False
CNTNAP5,False
AC019159.2,False
AC097499.2,False
LINC01889,False
LINC01941,False
AC142116.2,False
AC023347.1,False
GYPC,False
TEX51,False
AC012508.2,False
AC012508.3,False
AC012508.1,False
BIN1,False
AC110926.2,False
CYP27C1,False
ERCC3,False
AC068282.1,False
MAP3K2,False
MAP3K2-DT,False
AC068282.2,False
PROC,False
IWS1,False
AC010976.1,False
MYO7B,False
AC010976.2,False
LIMS2,True
GPR17,False
WDR33,False
SFT2D3,False
POLR2D,False
AMMECR1L,False
AC012306.2,False
AC012306.3,False
SAP130,False
UGGT1,False
HS6ST1,False
AC012451.1,False
AC068483.1,False
LINC01854,False
LINC02572,False
AC079776.5,False
LINC01856,False
RAB6C,False
POTEF,False
AC018865.1,False
CCDC74B,False
SMPD4,False
MZT2B,False
TUBA3E,False
CCDC115,False
IMP4,False
PTPN18,False
POTEI,False
AC013269.2,False
CFC1B,False
AC013269.1,False
AC140481.2,True
CFC1,False
POTEJ,False
GPR148,False
AC140481.1,False
AMER3,False
AC133785.1,False
ARHGEF4,False
SMIM39,False
FAM168B,False
PLEKHB2,False
POTEE,False
RAB6D,False
AC073869.5,False
LINC01120,False
AC073869.3,False
MZT2A,False
TUBA3D,False
CCDC74A,False
AC093838.1,False
LINC01087,False
C2orf27A,False
AC103564.1,False
AJ239322.2,False
AJ239322.1,False
LINC01945,False
AC093787.2,False
ANKRD30BL,False
AC097532.1,False
AC097532.2,False
AC097532.3,False
GPR39,True
LYPD1,False
AC010974.1,False
NCKAP5,False
AC010974.2,False
NCKAP5-AS1,False
NCKAP5-AS2,False
NCKAP5-IT1,False
AC011243.1,False
AC092623.1,False
MGAT5,False
TMEM163,False
AC110620.2,False
CCNT2-AS1,True
ACMSD,False
CCNT2,False
MAP3K19,False
RAB3GAP1,False
ZRANB3,False
R3HDM1,False
UBXN4,False
LCT,True
AC011893.1,False
MCM6,False
DARS,False
DARS-AS1,False
AC068492.1,False
CXCR4,False
THSD7B,False
HNMT,False
LINC01832,False
AC114763.1,False
AC114763.2,False
SPOPL,False
AC092620.1,False
AC092620.2,False
LINC02631,False
NXPH2,False
AC023468.1,False
AC013265.1,False
AC062021.1,False
AC016710.1,False
AC078851.1,False
LINC01853,False
LRP1B,False
AC078882.1,False
KYNU,True
ARHGAP15,False
AC013437.1,False
AC079793.1,False
AC092652.3,False
AC092652.1,False
AC092652.2,False
AC079584.2,True
AC079584.1,False
AC016910.1,False
GTDC1,True
ZEB2,True
AC009951.5,False
ZEB2-AS1,False
AC009951.6,False
LINC01412,False
TEX41,False
AC023128.1,False
LINC01966,False
AC096666.1,False
AC092484.1,False
AC079163.2,False
AC079163.1,False
AC079248.1,False
LINC01911,False
AC062032.1,False
AC018678.1,False
ACVR2A,False
AC009480.1,False
ORC4,False
MBD5,False
EPC2,False
AC105402.3,True
KIF5C,False
AC105402.4,False
LYPD6B,True
AC009230.1,False
LYPD6,False
MMADHC,False
AC007364.1,False
LINC01931,False
AC016682.1,False
LINC01818,False
LINC01817,False
RND3,False
LINC01920,False
AC104777.2,False
AC104777.1,False
LINC02612,False
AC023469.2,False
AC023469.1,False
AC018731.1,False
RBM43,False
NMI,False
TNFAIP6,True
RIF1,False
NEB,False
ARL5A,False
AC097448.1,False
CACNB4,True
AC079790.1,False
STAM2,False
AC079790.2,False
FMNL2,True
AC012066.2,False
AC012443.2,False
PRPF40A,False
ARL6IP6,False
AC011901.1,False
LINC01850,False
AC012501.2,False
RPRM,False
GALNT13,False
AC009227.1,False
AC009227.2,False
AC061961.1,False
KCNJ3,False
AC092625.1,False
AC073225.1,False
LINC01876,True
AC074099.1,False
NR4A2,False
GPD2,False
LINC01958,False
AC096589.2,False
AC096589.1,False
AC108057.1,False
GALNT5,False
ERMN,True
CYTIP,False
ACVR1C,True
AC019186.1,False
ACVR1,False
UPP2,False
AC013731.1,False
AC091488.1,False
UPP2-IT1,False
CCDC148-AS1,False
CCDC148,False
PKP4,False
PKP4-AS1,False
AC005042.2,False
DAPL1,False
AC064843.1,False
TANC1,False
WDSUB1,False
BAZ2B,False
AC008277.1,False
AC009506.1,False
AC009961.1,False
MARCH7,False
CD302,False
AC009961.4,False
LY75,False
PLA2R1,False
ITGB6,False
AC092153.1,False
LINC02478,False
RBMS1,False
AC009313.1,False
TANK,False
AC009299.3,True
LINC01806,False
PSMD14,False
TBR1,False
AC009487.1,False
AC009487.3,False
SLC4A10,True
AC062022.2,False
DPP4,False
AC008063.1,False
AC008063.2,False
GCG,False
AC007750.1,False
FAP,False
IFIH1,False
GCA,False
KCNH7,False
AC011900.1,False
FIGN,False
AC016766.1,False
GRB14,False
COBLL1,True
AC019197.1,True
SLC38A11,True
SCN3A,True
SCN2A,False
AC011303.1,False
CSRNP3,False
GALNT3,False
AC009495.3,False
AC009495.1,True
AC009495.2,False
TTC21B,False
TTC21B-AS1,False
SCN1A-AS1,True
SCN1A,False
SCN9A,False
SCN7A,False
XIRP2,False
XIRP2-AS1,False
AC073050.1,False
AC016723.1,False
B3GALT1,False
STK39,False
CERS6,False
CERS6-AS1,False
NOSTRIN,False
SPC25,False
G6PC2,False
ABCB11,False
DHRS9,False
AC007556.1,False
LRP2,False
BBS5,False
KLHL41,False
FASTKD1,False
PPIG,False
CCDC173,False
PHOSPHO2,False
KLHL23,False
SSB,False
METTL5,False
UBR3,False
MYO3B,True
MYO3B-AS1,False
AC007277.1,True
AC007405.1,False
LINC01124,False
SP5,False
AC007405.3,False
ERICH2,False
GAD1,False
AC007405.2,False
AC007405.4,False
AC010092.1,False
GORASP2,False
TLK1,False
METTL8,False
DCAF17,False
CYBRD1,False
DYNC1I2,False
SLC25A12,False
HAT1,False
METAP1D,False
DLX1,False
DLX2,False
DLX2-DT,False
AC104088.1,False
AC104088.3,False
AC104088.2,False
ITGA6,True
AC078883.2,False
ITGA6-AS1,False
AC078883.1,False
PDK1,False
RAPGEF4-AS1,False
RAPGEF4,False
MAP3K20,False
MAP3K20-AS1,False
CDCA7,False
AC106900.1,False
SP3,False
AC016737.1,False
AC016737.2,False
LINC01960,False
OLA1,False
LINC01305,False
SP9,False
CIR1,False
SCRN3,False
GPR155,False
AC010894.2,False
AC010894.3,False
WIPF1,False
AC010894.4,False
CHRNA1,False
CHN1,True
ATF2,False
AC096649.1,False
ATP5MC3,False
AC093459.1,False
AC016751.2,False
AC016751.1,False
LNPK,False
EVX2,False
HOXD13,False
HOXD12,False
HOXD11,False
HOXD10,False
HOXD-AS2,False
HOXD9,False
HOXD8,False
HOXD3,False
HOXD4,False
HAGLR,False
AC009336.1,False
HAGLROS,False
HOXD1,False
MTX2,False
LINC01117,False
AC017048.1,False
AC017048.2,False
AC017048.3,False
LINC01116,False
AC092162.2,False
AC073636.1,False
AC074286.1,False
AC079305.3,False
HNRNPA3,False
NFE2L2,False
AC079305.1,False
AC019080.1,False
AC019080.4,False
AC019080.5,False
AC019080.6,False
AGPS,False
TTC30B,False
AC073834.1,True
TTC30A,False
PDE11A,False
AC012499.1,False
AC011998.3,False
RBM45,False
OSBPL6,False
CHROMR,False
PRKRA,False
PJVK,True
FKBP7,False
PLEKHA3,False
TTN-AS1,False
TTN,True
AC009948.3,False
AC009948.2,False
AC010680.3,False
AC010680.2,False
AC010680.4,False
AC010680.5,False
AC010680.1,False
AC092640.1,False
CCDC141,True
SESTD1,False
AC093911.1,False
ZNF385B,False
CWC22,False
AC009478.1,False
SCHLAP1,False
UBE2E3,False
AC104076.1,False
AC068196.1,False
LINC01934,True
AC020595.1,False
ITGA4,False
CERKL,False
NEUROD1,False
AC013733.2,False
AC013733.1,False
AC009962.1,False
ITPRID2,False
PPP1R1C,False
PDE1A,False
AC012500.1,False
DNAJC10,False
FRZB,False
NCKAP1,False
DUSP19,False
AC064871.2,False
NUP35,False
AC021851.1,False
AC021851.2,True
AC093639.3,False
AC093639.1,False
AC093639.2,False
AC096555.1,False
AC020584.1,False
AC096667.1,False
ZNF804A,True
AC009315.1,False
FSIP2-AS1,False
FSIP2-AS2,False
FSIP2,True
AC097500.1,False
LINC01473,True
AC017071.1,False
ZC3H15,False
ITGAV,False
AC017101.1,True
FAM171B,False
ZSWIM2,False
AC007319.1,False
CALCRL,False
TFPI,False
LINC01090,False
GULP1,False
AC092598.1,False
DIRC1,False
COL3A1,False
COL5A2,True
AC133106.1,False
WDR75,False
AC013439.2,False
SLC40A1,False
ASNSD1,False
ASDURF,False
ANKAR,False
OSGEPL1,False
OSGEPL1-AS1,False
AC013468.1,False
ORMDL1,False
PMS1,False
C2orf88,False
MSTN,False
HIBCH,False
INPP1,False
MFSD6,False
AC093388.1,False
NEMP2,False
AC108047.1,False
AC006460.2,False
NAB1,False
AC006460.1,False
AC005540.1,False
GLS,False
STAT1,False
AC067945.2,False
AC067945.3,False
STAT4,True
AC067945.4,False
AC092614.1,False
MYO1B,True
NABP1,False
AC098872.1,False
CAVIN2,False
AC098617.1,False
TMEFF2,False
AC062039.1,False
AC013401.1,False
PCGEM1,False
AC096647.1,False
AC074290.2,False
AC068135.2,False
LINC01821,False
AC073973.1,False
LINC01790,False
AC010983.1,False
AC104823.1,False
AC064834.1,True
LINC01825,False
LINC01827,False
SLC39A10,False
DNAH7,False
STK17B,False
AC114760.2,False
HECW2,False
HECW2-AS1,False
AC068544.2,False
CCDC150,False
GTF3C3,False
C2orf66,False
PGAP1,False
ANKRD44,False
AC013264.1,False
ANKRD44-IT1,False
AC010746.2,False
SF3B1,False
COQ10B,False
HSPD1,False
HSPE1,False
MOB4,False
RFTN2,False
AC020550.2,False
AC011997.1,True
MARS2,False
BOLL,False
PLCL1,True
AC011997.2,False
AC020719.1,False
LINC01923,False
AC019330.1,False
AC020718.1,False
SATB2,True
AC016746.1,False
SATB2-AS1,False
LINC01877,False
FTCDNL1,False
AC097717.1,False
C2orf69,False
TYW5,False
MAIP1,False
AC004464.1,False
SPATS2L,False
AC012459.1,False
KCTD18,False
SGO2,False
AOX1,False
LINC01792,False
AC007163.1,False
BZW1,False
CLK1,False
PPIL3,False
NIF3L1,False
ORC2,False
AC005037.1,False
FAM126B,False
NDUFB3,False
AC007272.1,False
CFLAR,False
CFLAR-AS1,False
AC007283.1,False
CASP10,False
CASP8,False
FLACC1,False
TRAK2,False
STRADB,False
C2CD6,False
TMEM237,False
AC007279.2,False
MPP4,False
ALS2,False
CDK15,False
AC069148.1,False
FZD7,False
KIAA2012,True
KIAA2012-AS1,False
AC079354.3,False
AC079354.2,False
SUMO1,False
NOP58,False
AC064836.4,False
AC064836.2,False
AC064836.3,False
BMPR2,False
FAM117B,False
ICA1L,False
WDR12,False
CARF,False
NBEAL1,False
CYP20A1,False
ABI2,False
AC080075.1,False
RAPH1,False
CD28,False
CTLA4,False
ICOS,True
AC009965.1,False
AC009498.1,False
AC016903.1,False
AC016903.2,False
PARD3B,True
AC007736.1,False
NRP2,False
AC007362.1,False
AC007679.1,False
INO80D,False
AC007383.2,False
NDUFS1,False
AC007383.3,False
EEF1B2,False
GPR1,False
GPR1-AS,False
ZDBF2,False
ADAM23,True
AC010731.2,False
AC010731.3,False
FAM237A,False
DYTN,False
MDH1B,False
FASTKD2,False
AC008269.1,False
AC008269.2,False
CPO,False
KLF7,False
KLF7-IT1,False
MYOSLID,False
AC007879.1,False
AC007879.3,False
AC007879.5,False
AC007879.2,False
AC007879.4,False
AC009226.1,True
LINC01802,False
CREB1,False
METTL21A,False
LINC01857,True
CCNYL1,False
AC096772.1,False
FZD5,True
PLEKHM3,False
AC083900.1,False
CRYGD,False
CRYGC,False
CRYGB,False
CRYGA,False
C2orf80,False
IDH1,False
IDH1-AS1,False
PIKFYVE,False
PTH2R,False
AC019185.2,False
AC109824.1,False
AC016743.1,False
MAP2,True
UNC80,False
RPE,False
KANSL1L,False
AC007038.2,False
AC007038.1,False
AC006994.2,False
ACADL,False
MYL1,False
LANCL1-AS1,False
LANCL1,False
CPS1,False
CPS1-IT1,False
ERBB4,False
AC093865.1,True
LINC01878,False
AC108066.1,False
AC108066.2,False
IKZF2,True
AC079610.1,False
LINC01953,False
AC079610.2,False
SPAG16-DT,False
SPAG16,True
AC068051.1,True
VWC2L,True
VWC2L-IT1,False
BARD1,False
SNHG31,False
ABCA12,False
AC072062.1,False
AC092844.1,False
AC073284.1,False
ATIC,False
FN1,False
AC012462.3,False
AC012462.1,False
AC012462.2,False
AC012668.2,False
AC012668.3,False
AC012668.1,False
LINC00607,False
LINC01614,False
AC122136.1,False
AC093382.1,False
MREG,False
PECR,False
TMEM169,False
XRCC5,False
LINC01963,False
MARCH4,False
AC012513.1,False
AC069155.1,False
AC098820.2,False
SMARCAL1,False
AC098820.1,False
AC098820.3,False
RPL37A,False
LINC01280,False
AC073321.1,False
IGFBP2,False
IGFBP5,False
AC007563.2,False
AC007563.1,False
AC007563.4,False
AC007557.2,False
TNP1,False
LINC01921,False
AC007557.4,False
AC007557.1,False
AC007557.3,False
AC007749.1,False
AC007749.2,False
DIRC3-AS1,False
DIRC3,True
TNS1,False
AC010136.1,False
RUFY4,False
CXCR2,False
CXCR1,False
ARPC2,False
AC021016.2,False
GPBAR1,False
AAMP,False
PNKD,False
TMBIM1,False
CATIP-AS2,False
CATIP,False
CATIP-AS1,False
SLC11A1,True
CTDSP1,False
AC021016.3,False
VIL1,False
USP37,False
CNOT9,False
PLCD4,True
AC012510.1,False
ZNF142,False
BCS1L,False
RNF25,False
STK36,False
TTLL4,False
CYP27A1,False
AC009974.2,False
AC009974.1,False
PRKAG3,False
WNT6,False
WNT10A,False
LINC01494,False
AC097468.2,False
CDK5R2,False
LINC00608,False
FEV,False
CRYBA2,False
AC097468.1,False
CFAP65,False
IHH,False
AC097468.4,False
AC097468.3,False
NHEJ1,False
SLC23A3,False
CNPPD1,False
RETREG2,False
ZFAND2B,False
AC068946.3,False
ABCB6,False
ATG9A,False
ANKZF1,False
GLB1L,False
STK16,False
TUBA4A,False
TUBA4B,False
DNAJB2,False
PTPRN,False
AC114803.1,False
RESP18,False
DNPEP,False
AC053503.2,False
DES,False
AC053503.4,False
SPEG,False
AC053503.1,False
SPEGNB,False
AC053503.5,False
GMPPA,False
ASIC4,False
CHPF,False
TMEM198,False
AC009955.3,False
OBSL1,False
AC009955.4,False
INHA,False
STK11IP,False
AC009955.1,False
SLC4A3,False
AC009955.2,False
LINC02832,False
LINC01803,False
AC008281.1,False
AC019211.1,False
AC093083.1,False
AC067956.1,False
AC093843.1,False
AC093843.2,False
AC011233.2,False
EPHA4,True
AC079834.2,False
AC068489.1,False
PAX3,False
CCDC140,False
AC010980.1,False
SGPP2,False
FARSB,False
MOGAT1,False
ACSL3,False
AC013476.1,False
KCNE4,False
AC013448.1,False
AC013448.2,False
SCG2,False
AP1S3,False
WDFY1,False
MRPL44,False
AC073641.1,False
SERPINE2,False
FAM124B,False
AC073052.2,False
CUL3,False
CCDC195,True
DOCK10,False
NYAP2,False
AC016717.2,False
AC062015.1,False
IRS1,False
AC010735.2,False
AC010735.1,False
RHBDD1,False
COL4A4,True
COL4A3,True
AC097662.1,True
MFF,False
TM4SF20,False
SCYGR1,False
AGFG1,False
SCYGR2,False
C2orf83,False
SCYGR3,False
AC064853.1,False
SCYGR4,False
SCYGR5,False
SLC19A3,False
SCYGR6,False
SCYGR7,False
SCYGR8,False
CCL20,False
DAW1,False
SPHKAP,False
AC009410.1,False
LINC01807,False
AC012070.1,False
PID1,True
DNER,False
AC008273.1,False
TRIP12,False
FBXO36,True
FBXO36-IT1,True
SLC16A14,False
AC009950.1,False
SP110,False
SP140,False
SP140L,False
SP100,False
AC010149.1,False
LINC01907,False
CAB39,False
ITM2C,True
GCSIR,False
GPR55,False
AC012507.1,False
AC012507.3,False
SPATA3-AS1,False
SPATA3,False
C2orf72,False
AC009407.1,False
PSMD1,False
HTR2B,False
ARMC9,False
AC017104.1,False
B3GNT7,False
AC017104.3,False
NCL,False
LINC00471,False
AC017104.6,False
NMUR1,True
AC104634.2,False
TEX44,False
PTMA,False
PDE6D,False
COPS7B,False
AC073476.3,False
NPPC,False
DIS3L2,False
AC019130.1,False
ALPP,False
AC068134.1,False
ALPG,False
AC068134.2,False
ALPI,False
ECEL1,False
PRSS56,False
CHRND,False
CHRNG,False
TIGD1,False
EIF4E2,False
AC073254.1,False
EFHD1,False
GIGYF2,False
AC064852.1,False
KCNJ13,False
SNORC,False
NGEF,False
AC106876.1,False
NEU2,False
INPP5D,False
ATG16L1,False
SAG,False
AC013726.1,False
DGKD,False
USP40,False
UGT1A8,False
UGT1A10,False
UGT1A9,False
UGT1A7,False
UGT1A6,False
AC114812.2,False
UGT1A5,False
UGT1A4,False
UGT1A3,False
UGT1A1,False
MROH2A,False
HJURP,False
TRPM8,False
AC005538.1,False
AC005538.3,False
SPP2,False
AC006037.1,False
AC122134.1,False
AC097713.3,False
AC097713.1,False
LINC01891,True
ARL4C,False
LINC01173,False
AC010148.1,True
SH3BP4,False
AC114814.1,False
AC114814.3,False
AGAP1,True
AGAP1-IT1,False
AC064874.1,False
GBX2,False
AC019068.1,False
ASB18,False
IQCA1,True
AC093915.1,False
IQCA1-AS1,False
ACKR3,False
AC084030.1,False
AC012063.1,False
AC105760.1,False
COPS8,False
AC107079.1,False
AC112715.1,False
COL6A3,False
AC112721.1,False
AC112721.2,False
MLPH,False
PRLH,False
RAB17,False
AC104667.2,False
AC104667.1,False
LRRFIP1,False
AC012076.1,False
RBM44,False
RAMP1,True
UBE2F,False
SCLY,False
ESPNL,False
KLHL30,False
ERFE,False
ILKAP,False
LINC02610,False
AC012485.1,False
HES6,False
PER2,False
AC012485.3,False
AC012485.2,False
TRAF3IP1,False
ASB1,False
AC016999.1,False
LINC01107,False
LINC01937,False
AC113618.2,False
AC145625.2,False
AC145625.1,False
TWIST2,False
LINC01940,False
HDAC4,False
AC017028.1,False
AC017028.2,False
HDAC4-AS1,False
AC023787.2,False
AC023787.3,False
AC023787.1,False
AC079612.1,False
AC079612.2,False
AC093802.2,False
AC093802.1,False
NDUFA10,False
OR6B2,False
OR6B3,False
COPS9,False
OTOS,False
AC124861.3,False
AC124861.2,False
AC124861.1,False
GPC1,True
AC110619.1,False
ANKMY1,False
AC124862.1,False
DUSP28,False
RNPEPL1,False
CAPN10-DT,False
CAPN10,False
GPR35,False
AQP12B,False
AC011298.1,False
AQP12A,False
KIF1A,False
AGXT,False
MAB21L4,False
CROCC2,False
AC104809.2,False
AC104809.1,False
SNED1,True
AC093585.1,False
AC005237.1,False
MTERF4,False
PASK,False
PPP1R7,False
ANO7,False
HDLBP,False
SEPTIN2,False
AC104841.1,False
AC005104.1,False
FARP2,False
AC005104.3,False
STK25,False
BOK-AS1,True
BOK,False
AC133528.1,False
THAP4,False
ATG4B,False
DTYMK,False
ING5,False
AC114730.3,False
D2HGDH,False
AC114730.1,False
AC114730.2,False
GAL3ST2,False
AC131097.1,False
AC131097.2,False
NEU4,False
AC131097.3,False
PDCD1,False
RTP5,True
LINC01237,False
FAM240C,False
LINC01238,False
AC093642.1,False
AC093642.7,False
LINC01880,False
LINC01238-1,False
LINC01986,False
AC066595.1,False
CHL1-AS2,False
AC066595.2,False
CHL1,False
CHL1-AS1,False
AC087428.1,False
LINC01266,True
AC090044.1,False
AC087430.1,False
CNTN6,False
AC018814.1,False
CNTN4,False
CNTN4-AS2,False
AC087427.1,False
CNTN4-AS1,False
IL5RA,False
TRNT1,False
CRBN,False
AC024060.2,False
AC034195.1,True
SUMF1,False
LRRN1,False
AC023480.1,False
AC023483.1,False
SETMAR,False
ITPR1-DT,False
ITPR1,False
EGOT,False
AC018816.1,False
BHLHE40-AS1,False
BHLHE40,False
ARL8B,False
AC026202.2,False
AC026202.3,False
EDEM1,False
AC026202.1,False
AC087857.1,False
AC026167.1,False
AC069277.1,True
GRM7-AS3,False
GRM7,False
GRM7-AS2,False
AC066585.1,False
GRM7-AS1,False
AC077690.1,True
LMCD1-AS1,False
AC018832.1,False
AC023481.1,False
LMCD1,False
AC034187.1,False
SSUH2,False
CAV3,True
OXTR,False
RAD18,False
SRGAP3,False
SRGAP3-AS1,False
AC037193.1,False
SRGAP3-AS2,False
SRGAP3-AS3,False
SRGAP3-AS4,False
AC026191.1,False
THUMPD3-AS1,False
THUMPD3,False
SETD5,False
LHFPL4,False
MTMR14,False
AC022382.2,False
CPNE9,False
BRPF1,False
OGG1,False
CAMK1,False
TADA3,False
ARPC4,False
TTLL3,False
AC022382.1,False
RPUSD3,False
CIDEC,False
JAGN1,False
IL17RE,False
IL17RC,False
CRELD1,False
AC018809.1,False
PRRT3,False
PRRT3-AS1,False
AC018809.2,False
EMC3,False
AC022007.1,False
FANCD2,False
FANCD2OS,False
BRK1,False
VHL,False
AC034193.1,False
IRAK2,True
TATDN2,False
LINC00852,False
GHRL,False
GHRLOS,False
SEC13,False
ATP2B2,True
ATP2B2-IT1,False
ATP2B2-IT2,False
LINC00606,False
AC018495.1,False
SLC6A11,False
AC027128.1,False
SLC6A1,False
SLC6A1-AS1,False
AC066580.1,False
HRH1,True
AC083855.2,False
ATG7,False
VGLL4,False
AC022001.2,False
AC022001.3,False
TAMM41,False
SYN2,False
TIMP4,False
PPARG,False
TSEN2,False
MKRN2OS,False
MKRN2,False
RAF1,False
TMEM40,False
CAND2,False
AC034198.2,False
RPL32,False
LINC02022,False
IQSEC1,False
NUP210,False
HDAC11-AS1,False
HDAC11,False
FBLN2,False
LINC00620,False
WNT7A,False
AC090004.2,False
CHCHD4,False
TMEM43,False
AC093495.1,False
XPC,False
LSM3,False
AC093496.1,False
LINC01267,False
SLC6A6,False
GRIP2,False
AC090952.2,True
AC090952.1,False
CCDC174,False
C3orf20,False
AC090957.1,False
AC087591.1,False
LINC02011,False
FGD5,False
FGD5-AS1,False
NR2C2,False
MRPS25,False
RBSN,False
CAPN7,False
SH3BP5-AS1,False
SH3BP5,False
METTL6,False
EAF1,False
EAF1-AS1,False
COLQ,True
AC027129.1,False
HACL1,False
BTD,False
ANKRD28,False
AC090945.1,True
AC090946.1,False
GALNT15,False
AC090953.2,False
DPH3,False
OXNAD1,False
RFTN1,False
AC090948.1,False
AC090948.2,False
AC090948.3,False
AC090948.4,False
AC010727.1,False
LINC00690,False
AC010139.1,False
DAZL,False
AC091493.1,False
PLCL2,False
PLCL2-AS1,False
AC090644.1,False
TBC1D5,False
AC104451.2,False
AC132807.1,False
AC132807.2,False
SATB1,False
AC144521.1,False
SATB1-AS1,True
KCNH8,True
AC061958.1,True
EFHB,False
RAB5A,False
PP2D1,False
KAT2B,False
SGO1,False
SGO1-AS1,True
AC116096.1,False
AC099753.1,False
ZNF385D,True
ZNF385D-AS1,False
ZNF385D-AS2,False
UBE2E2-AS1,False
UBE2E2,False
UBE2E1-AS1,False
UBE2E1,False
NKIRAS1,False
RPL15,False
NR1D2,False
LINC00691,True
THRB,True
THRB-IT1,False
THRB-AS1,False
AC012087.2,False
AC092422.1,False
RARB,False
TOP2B,False
NGLY1,False
OXSM,False
LINC00692,False
AC099754.1,False
LRRC3B,False
NEK10,False
AC099535.2,False
SLC4A7,False
LINC02084,False
EOMES,True
LINC01980,False
LINC01981,False
LINC01967,False
CMC1,False
AZI2,False
ZCWPW2,False
RBMS3,True
RBMS3-AS3,False
RBMS3-AS2,False
RBMS3-AS1,False
AC025614.2,False
LINC01985,False
AC116035.1,False
TGFBR2,False
AC096921.2,False
GADL1,False
STT3B,False
OSBPL10,True
OSBPL10-AS1,False
ZNF860,True
GPD1L,False
AC097639.1,False
CMTM8,True
CMTM7,False
CMTM6,False
DYNC1LI1,False
CNOT10,False
CNOT10-AS1,False
TRIM71,False
CCR4,False
GLB1,False
TMPPE,False
CRTAP,False
AC112211.1,False
SUSD5,False
FBXL2,False
UBP1,False
CLASP2,False
AC112220.2,False
PDCD6IP,False
LINC01811,True
AC123023.2,False
AC123023.1,False
AC018359.1,False
AC007483.1,False
ARPP21,False
ARPP21-AS1,False
STAC,False
DCLK3,False
LINC02033,False
TRANK1,False
AC011816.2,False
EPM2AIP1,False
MLH1,False
LRRFIP2,False
AC126118.1,False
AC097359.3,False
AC097359.2,False
GOLGA4,False
C3orf35,False
ITGA9,False
ITGA9-AS1,False
CTDSPL,True
VILL,False
PLCD1,False
DLEC1,False
ACAA1,False
MYD88,False
OXSR1,False
SLC22A13,False
SLC22A14,False
XYLB,False
ACVR2B-AS1,False
ACVR2B,False
EXOG,False
SCN5A,True
SCN10A,False
AC116038.1,False
SCN11A,False
WDR48,False
GORASP1,False
TTC21A,False
CSRNP1,False
AC092053.3,False
AC092053.2,False
AC092053.4,False
XIRP1,False
AC092053.6,False
AC092053.5,False
CX3CR1,True
AC104850.2,False
CCR8,False
SLC25A38,False
RPSA,False
AC099332.2,False
AC099332.1,False
MOBP,False
AC092058.1,False
MYRIP,False
EIF1B-AS1,True
EIF1B,False
ENTPD3-AS1,True
ENTPD3,False
RPL14,False
ZNF619,False
ZNF620,False
ZNF621,False
AC122683.1,False
AC099560.1,False
AC099541.2,False
AC099541.1,False
AC009743.1,False
CTNNB1,False
ULK4,False
TRAK1,False
CCK,False
AC018358.1,False
LYZL4,False
VIPR1,False
VIPR1-AS1,False
SEC22C,False
SS18L2,False
NKTR,False
AC006059.1,False
ZBTB47,False
AC006059.5,False
KLHL40,False
HHATL,False
HHATL-AS1,False
CCDC13,False
AC006059.4,False
CCDC13-AS1,False
LINC02158,False
HIGD1A,False
AC099329.1,False
ACKR2,False
AC099329.2,False
KRBOX1,False
CYP8B1,False
ZNF662,False
KRBOX1-AS1,False
GASK1A,False
POMGNT2,False
AC092042.1,False
AC092042.4,False
SNRK,False
SNRK-AS1,False
ANO10,True
ABHD5,True
AC006055.1,False
AC006058.2,False
AC006058.3,False
AC006058.1,False
TOPAZ1,False
AC104187.1,False
TCAIM,True
LINC01988,False
ZNF445,False
ZNF852,False
ZKSCAN7,False
ZKSCAN7-AS1,False
ZNF660,False
ZNF197,True
ZNF197-AS1,False
ZNF35,False
AC124045.1,False
ZNF502,False
ZNF501,False
KIAA1143,False
KIF15,False
TMEM42,False
TGM4,False
AC098649.1,False
ZDHHC3,False
EXOSC7,False
CLEC3B,False
CDCP1,False
TMEM158,False
LARS2,False
LARS2-AS1,False
LIMD1,False
LIMD1-AS1,False
SACM1L,False
SLC6A20,False
LZTFL1,False
AC099782.2,False
CCR9,False
FYCO1,False
CXCR6,False
XCR1,False
CCR3,False
CCR1,False
CCR2,False
CCR5AS,False
CCR5,False
CCRL2,False
LINC02009,False
LTF,False
RTP3,False
LRRC2,False
LRRC2-AS1,False
TDGF1,False
FAM240A,False
AC104304.3,False
ALS2CL,False
TMIE,False
PRSS45P,False
MYL3,False
PTH1R,False
CCDC12,False
NBEAL2,False
SETD2,False
KIF9-AS1,False
KIF9,False
KLHL18,False
AC099778.1,False
PTPN23,False
SCAP,False
ELP6,False
CSPG5,False
SMARCC1,False
AC112512.1,False
DHX30,False
MAP4,False
CDC25A,False
CAMP,False
ZNF589,False
NME6,False
SPINK8,False
FBXW12,False
PLXNB1,False
CCDC51,False
TMA7,False
AC134772.1,False
ATRIP,False
TREX1,False
SHISA5,False
PFKFB4,True
UCN2,False
COL7A1,False
UQCRC1,False
TMEM89,False
SLC26A6,False
CELSR3,False
LINC02585,True
AC141002.1,False
NCKIPSD,False
IP6K2,False
PRKAR2A,False
PRKAR2A-AS1,False
SLC25A20,False
ARIH2OS,False
ARIH2,False
AC137630.2,False
AC137630.1,False
AC137630.4,False
P4HTM,False
WDR6,False
DALRD3,False
NDUFAF3,False
IMPDH2,False
AC137630.3,False
QRICH1,False
QARS,False
USP19,False
LAMB2,False
CCDC71,False
KLHDC8B,False
C3orf84,False
CCDC36,False
AC121247.1,False
C3orf62,False
USP4,False
RHOA,False
RHOA-IT1,False
TCTA,False
AMT,False
NICN1,False
DAG1,False
BSN-DT,False
BSN,False
BSN-AS1,False
APEH,False
MST1,False
RNF123,False
AMIGO3,False
GMPPB,False
IP6K1,False
CDHR4,False
INKA1,False
UBA7,False
TRAIP,False
CAMKV,False
MST1R,False
AC105935.2,False
AC105935.1,False
MON1A,False
RBM6,False
RBM5,False
RBM5-AS1,False
SEMA3F-AS1,False
SEMA3F,False
GNAT1,False
SLC38A3,False
GNAI2,False
U73169.1,False
U73166.1,False
SEMA3B-AS1,False
SEMA3B,False
LSMEM2,False
IFRD2,False
HYAL3,False
NAA80,False
HYAL1,False
HYAL2,False
TUSC2,False
RASSF1,False
RASSF1-AS1,False
ZMYND10-AS1,False
ZMYND10,False
NPRL2,False
CYB561D2,False
TMEM115,False
CACNA2D2,False
CYB561D2-1,False
C3orf18,False
HEMK1,False
AC096920.1,False
CISH,False
MAPKAPK3,False
LINC02019,False
DOCK3,True
MANF,True
RBM15B,False
DCAF1,False
RAD54L2,False
TEX264,False
AC099050.1,False
GRM2,False
IQCF6,False
IQCF3,False
IQCF2,False
IQCF5-AS1,False
IQCF5,False
IQCF1,False
AC115284.4,False
RRP9,False
PARP3,False
GPR62,False
PCBP4,False
ABHD14B,False
ABHD14A,False
ACY1,False
RPL29,False
AC115284.3,False
DUSP7,False
POC1A,False
AC097637.3,False
ALAS1,False
TLR9,False
TWF2,False
AC006252.1,False
PPM1M,False
WDR82,False
GLYCTK,False
GLYCTK-AS1,False
DNAH1,False
BAP1,False
PHF7,False
SEMA3G,False
TNNC1,False
NISCH,False
STAB1,False
NT5DC2,False
SMIM4,False
PBRM1,False
GNL3,False
GLT8D1,False
SPCS1,False
NEK4,False
ITIH1,False
ITIH3,False
ITIH4,False
ITIH4-AS1,False
MUSTN1,False
STIMATE,False
SFMBT1,True
RFT1,False
PRKCD,False
AC097015.1,False
TKT,False
DCP1A,False
CACNA1D,True
AC012467.1,False
CHDH,False
IL17RB,False
AC012467.2,False
ACTR8,False
SELENOK,False
AC115282.2,False
AC115282.1,False
CACNA2D3,False
ESRG,False
CACNA2D3-AS1,False
LRTM1,False
AC092059.1,False
LINC02017,False
LINC02030,False
AC121764.2,False
AC121764.3,False
WNT5A,False
WNT5A-AS1,False
AC121764.1,False
ERC2,False
AC025572.1,False
ERC2-IT1,False
CCDC66,False
TASOR,False
ARHGEF3,False
ARHGEF3-AS1,False
SPATA12,False
AC097358.2,False
IL17RD,False
HESX1,False
APPL1,False
ASB14,False
AC093928.1,False
DNAH12,False
AC092418.2,False
PDE12,False
ARF4,False
ARF4-AS1,False
DENND6A,False
DENND6A-AS1,True
DENND6A-DT,False
SLMAP,False
FLNB,True
FLNB-AS1,False
AC137936.1,False
DNASE1L3,True
ABHD6,False
RPP14,False
HTD2,False
AC098479.1,False
PXK,False
PDHB,False
AC135507.1,False
AC116036.2,False
KCTD6,False
ACOX2,False
FAM107A,False
AC119424.1,False
FAM3D-AS1,False
FAM3D,False
C3orf67,False
C3orf67-AS1,False
AC126121.3,False
AC138057.1,False
AC126121.2,False
FHIT,True
AC093418.1,False
PTPRG,True
PTPRG-AS1,False
C3orf14,False
FEZF2,False
CADPS,False
LINC00698,False
SYNPR,False
SYNPR-AS1,False
SNTN,False
C3orf49,False
THOC7,False
THOC7-AS1,False
AC104162.2,False
ATXN7,False
SCAANT1,True
PSMD6-AS2,False
AC012557.1,False
PSMD6,False
PSMD6-AS1,False
AC012557.2,False
AC092040.1,False
LINC00994,False
PRICKLE2,False
PRICKLE2-AS1,False
PRICKLE2-AS2,False
PRICKLE2-AS3,False
PRICKLE2-DT,False
ADAMTS9,False
ADAMTS9-AS1,False
ADAMTS9-AS2,False
LINC02040,False
MAGI1,False
AC121493.1,False
MAGI1-IT1,False
MAGI1-AS1,False
SLC25A26,False
LRIG1,False
AC098969.2,False
AC098969.1,False
AC020655.1,False
KBTBD8,False
AC114401.1,False
SUCLG2,False
SUCLG2-AS1,True
TAFA1,True
AC104167.1,False
TAFA4,False
EOGT,False
AC109587.1,False
TMF1,False
UBA3,False
ARL6IP5,False
LMOD3,False
FRMD4B,True
AC099328.2,False
AC104445.1,False
MITF,False
SAMMSON,False
MDFIC2,False
AC104633.1,False
AC104633.2,False
FOXP1,False
FOXP1-AS1,False
AC097634.2,False
FOXP1-IT1,False
AC097634.3,True
AC097634.1,False
EIF4E3,False
GPR27,False
PROK2,False
AC096970.1,False
LINC00877,True
AC105265.3,False
AC105265.4,False
LINC00870,True
AC112219.2,False
AC112219.1,False
AC134508.2,False
AC134508.1,False
RYBP,False
AC104435.2,False
AC097369.2,False
SHQ1,False
GXYLT2,False
PPP4R2,False
EBLN2,False
PDZRN3,False
PDZRN3-AS1,False
LINC02005,False
LINC02047,False
CNTN3,False
AC117481.1,False
LINC02018,False
FRG2C,False
LINC00960,False
ZNF717,False
ROBO2,False
AC133040.1,False
LINC02077,False
AC117462.1,False
AC108752.1,False
ROBO1,True
AC117461.1,False
AC108690.1,False
AC068756.1,True
LINC02050,False
LINC02027,False
AC099542.2,False
AC099542.1,False
AC107302.2,False
GBE1,False
AC017015.2,False
AC129807.1,False
LINC02008,False
AC023503.1,False
AC092825.1,False
AC117464.1,False
LINC00971,False
LINC02025,False
AC132660.2,False
CADM2,True
CADM2-AS2,False
CADM2-AS1,False
AC108733.1,False
LINC02070,False
VGLL3,False
AC107204.1,False
CHMP2B,False
POU1F1,False
AC108749.1,True
HTR1F,False
CGGBP1,False
ZNF654,False
C3orf38,False
CSNKA2IP,False
EPHA3,False
AC109129.1,False
PROS1,False
ARL13B,False
STX19,False
DHFR2,False
NSUN3,False
LINC00879,False
AC106719.1,False
MTRNR2L12,False
AC109782.1,False
EPHA6,False
AC110491.1,False
ARL6,False
AC110491.3,False
CRYBG3,False
AC110491.2,False
RIOX2,False
AC026100.1,False
GABRR3,False
OR5AC2,False
AC117460.1,False
OR5H1,False
OR5H14,False
OR5H15,False
AC117473.1,False
OR5H6,False
OR5H2,False
OR5K4,False
OR5K3,False
OR5K1,False
OR5K2,False
CLDND1,False
AC021660.2,False
GPR15,True
AC021660.4,False
CPOX,False
ST3GAL6-AS1,False
ST3GAL6,False
DCBLD2,True
AC091212.1,False
LINC00973,False
AC078828.1,False
AC107029.1,False
AC107029.2,False
COL8A1,False
AC069222.1,False
CMSS1,False
FILIP1L,True
AC129803.1,False
TBC1D23,False
NIT2,False
TOMM70,False
LNP1,False
TMEM45A,False
ADGRG7,False
TFG,False
ABI3BP,False
IMPG2,False
SENP7,False
TRMT10C,False
PCNP,False
ZBTB11,False
ZBTB11-AS1,False
RPL24,False
AC084198.2,False
CEP97,False
NXPE3,False
AC020651.1,False
NFKBIZ,False
AC020651.2,False
LINC02085,False
AC106712.1,False
ZPLD1,False
AC063938.1,False
ALCAM,True
CBLB,False
AC131237.1,False
AC079382.2,False
LINC00882,False
AC117435.1,False
DUBR,False
AC063944.1,False
AC063944.3,False
CCDC54,False
LINC01990,False
BBX,False
LINC00636,False
LINC00635,False
AC012020.1,False
CD47,False
LINC01215,False
IFT57,False
HHLA2,False
MYH15,False
CIP2A,False
DZIP3,False
RETNLB,False
TRAT1,True
GUCA1C,False
MORC1,False
MORC1-AS1,False
C3orf85,False
AC063923.2,False
LINC00488,True
DPPA2,False
DPPA4,False
LINC01205,False
AC078980.1,False
AC117430.1,False
NECTIN3-AS1,True
NECTIN3,False
CD96,False
AC092916.1,False
ZBED2,True
PLCXD2,False
PLCXD2-AS1,False
PHLDB2,False
AC117509.1,False
ABHD10,False
TAGLN3,False
TMPRSS7,False
C3orf52,False
GCSAM,False
TBILA,False
SLC9C1,True
AC112487.1,False
CD200,True
AC092894.1,False
BTLA,True
ATG3,False
SLC35A5,False
CCDC80,False
LINC02042,False
CD200R1L-AS1,False
CD200R1L,False
CD200R1,False
AC074044.1,False
GTPBP8,False
NEPRO,False
AC078785.1,True
AC078785.2,False
LINC02044,False
BOC,False
AC026329.1,False
CFAP44,True
CFAP44-AS1,False
SPICE1,False
SIDT1,False
SIDT1-AS1,False
USF3,False
NAA50,False
AC108693.2,False
ATP6V1A,False
GRAMD1C,False
AC128687.2,False
ZDHHC23,False
CCDC191,False
AC128687.3,True
AC092896.2,True
QTRT2,False
DRD3,True
AC093010.2,True
ZNF80,False
TIGIT,True
AC093010.3,False
ZBTB20,False
ZBTB20-AS1,True
ZBTB20-AS5,False
ZBTB20-AS2,False
ZBTB20-AS3,False
ZBTB20-AS4,False
AC026341.1,True
AC026341.2,False
AC026341.3,True
GAP43,False
AC092468.1,False
LSAMP,True
LSAMP-AS1,False
LINC00903,False
TUSC7,False
LINC00901,False
AC092691.1,False
LINC02024,False
AC092691.3,False
AC068633.1,False
AC068633.2,False
IGSF11,True
IGSF11-AS1,False
TEX55,False
UPK1B,False
B4GALT4,False
B4GALT4-AS1,False
ARHGAP31,False
ARHGAP31-AS1,False
TMEM39A,False
POGLUT1,False
AC073352.1,False
TIMMDC1,False
CD80,False
AC073352.2,False
ADPRH,False
PLA1A,True
POPDC2,False
COX17,False
AC023494.1,False
MAATS1,False
AC069444.1,False
NR1I2,False
GSK3B,False
AC092910.3,False
GPR156,False
LRRC58,False
AC063952.4,False
FSTL1,True
AC126182.3,False
NDUFB4,False
HGD,False
RABL3,False
GTF2E1,False
AC072026.2,False
LINC02049,False
AC072026.3,False
STXBP5L,False
AC079841.2,False
POLQ,False
ARGFX,False
FBXO40,True
HCLS1,False
GOLGB1,False
IQCB1,False
EAF2,False
SLC15A2,False
ILDR1,False
CD86,True
CASR,False
CSTA,False
CCDC58,False
FAM162A,False
WDR5B,False
AC083798.2,False
KPNA1,False
AC096861.2,False
PARP9,False
DTX3L,False
PARP15,False
PARP14,False
HSPBAP1,False
SLC49A4,True
LINC02035,False
SEMA5B,False
PDIA5,False
SEC22A,True
AC112503.2,False
ADCY5,True
AC112503.1,True
HACD2,False
MYLK-AS1,True
MYLK,False
MYLK-AS2,False
AC020634.2,False
CCDC14,False
ROPN1,False
KALRN,False
AC022336.2,False
UMPS,False
ITGB5,False
ITGB5-AS1,False
MUC13,False
HEG1,False
AC117488.1,False
SLC12A8,False
ZNF148,False
SNX4,False
OSBPL11,False
AC092902.4,False
AC092902.2,False
AC092902.6,False
LINC02614,False
AC092903.2,False
ALG1L,False
ROPN1B,True
SLC41A3,False
AC117422.1,False
AC079848.1,True
ALDH1L1,False
ALDH1L1-AS1,False
ALDH1L1-AS2,False
AC079848.2,False
AC016924.1,False
AC063919.1,False
AC063919.2,False
KLF15,False
CCDC37-DT,False
CFAP100,True
ZXDC,False
UROC1,False
CHST13,False
C3orf22,False
AC024558.2,False
TXNRD3,False
CHCHD6,False
PLXNA1,False
AC112482.2,False
C3orf56,False
AC133681.1,False
PRR20G,False
LINC02016,False
LINC01471,False
AC016968.1,False
LINC02034,False
AC084035.1,False
TPRA1,False
MCM2,False
AC023593.1,False
PODXL2,False
ABTB1,False
MGLL,False
AC117480.1,False
KBTBD12,False
SEC61A1,False
RUVBL1,False
RUVBL1-AS1,False
EEFSEC,False
AL449214.1,False
DNAJB8,False
DNAJB8-AS1,False
GATA2,False
GATA2-AS1,False
AC080005.1,False
LINC01565,False
RPN1,False
RAB7A,False
AC112484.3,False
AC112484.1,False
AC112484.5,False
ACAD9,False
KIAA1257,False
EFCC1,False
GP9,False
RAB43,False
AC108673.2,False
ISY1,False
AC108673.3,False
CNBP,False
COPG1,False
AC137695.3,False
HMCES,False
H1FX,False
H1FX-AS1,False
EFCAB12,True
MBD4,False
IFT122,False
RHO,False
H1FOO,False
PLXND1,False
TMCC1,False
AC083799.1,False
TMCC1-AS1,False
AC083906.3,False
TRH,False
ALG1L2,False
LINC02014,False
LINC02021,False
AC130888.1,False
COL6A5,False
COL6A6,False
PIK3R4,False
AC097105.1,False
ATP2C1,False
AC055733.2,False
ASTE1,False
NEK11,False
AC116424.1,False
AC010210.1,False
NUDT16,False
AC107027.3,False
MRPL3,False
AC107027.1,True
CPNE4,False
ACPP,False
DNAJC13,False
ACAD11,False
ACKR4,False
UBA5,False
NPHP3,False
NPHP3-AS1,False
AC079942.1,False
TMEM108,False
TMEM108-AS1,False
BFSP2,False
BFSP2-AS1,False
AC022296.4,False
CDV3,False
TOPBP1,False
TF,False
SRPRB,False
AC080128.2,False
RAB6B,False
SLCO2A1,True
LINC02000,False
RYK,False
LINC02004,False
AC010207.1,False
AMOTL2,False
ANAPC13,False
CEP63,False
EPHB1,True
KY,False
AC016931.1,False
AC092969.1,False
PPP2R3A,False
AC072039.2,False
MSL2,False
PCCB,False
STAG1,False
AC117382.2,False
AC096992.3,False
SLC35G2,False
NCK1-DT,False
AC096992.2,False
NCK1,False
IL20RB,False
IL20RB-AS1,False
SOX14,False
LINC01210,False
AC007159.1,False
CLDN18,False
AC016252.1,False
DZIP1L,False
A4GNT,False
DBR1,False
ARMC8,False
NME9,False
MRAS,False
ESYT3,False
CEP70,False
FAIM,False
PIK3CB,False
LINC01391,False
FOXL2,False
FOXL2NB,False
PRR23A,False
MRPS22,False
PRR23B,False
PRR23C,False
BPESC1,False
PISRT1,False
AC024933.2,False
AC024933.1,False
COPB2,False
AC046134.2,False
RBP2,False
AC097103.1,False
RBP1,False
NMNAT3,False
AC110716.2,False
AC110716.1,False
AC016933.1,False
CLSTN2,False
AC010181.1,False
AC010181.2,False
CLSTN2-AS1,False
TRIM42,False
AC121333.1,False
SLC25A36,False
AC108727.1,False
SPSB4,False
AC108727.2,False
PXYLP1,False
AC022215.2,False
AC117383.1,False
ZBTB38,False
RASA2,False
RASA2-IT1,False
RNF7,False
GRK7,False
AC112504.3,False
ATP1B3,False
ATP1B3-AS1,False
TFDP2,False
GK5,False
XRN1,False
ATR,False
AC109992.2,False
PLS1,False
PLS1-AS1,False
AC072028.1,False
TRPC1,True
PCOLCE2,False
AC021074.3,False
PAQR9,False
PAQR9-AS1,False
U2SURP,False
AC026304.1,False
AC018450.2,False
CHST2,False
AC018450.1,False
SLC9A9,False
AC131210.1,False
SLC9A9-AS1,False
SLC9A9-AS2,False
DIPK2A,False
AC055758.2,False
AC055758.1,False
AC107021.2,False
AC107021.1,False
LNCSRLR,False
PLOD2,False
PLSCR4,False
PLSCR2,False
PLSCR1,False
PLSCR5,False
PLSCR5-AS1,False
AC092957.1,False
LINC02010,False
ZIC4,False
ZIC4-AS1,False
ZIC1,False
AC092925.1,False
AC092958.1,False
AC092958.4,False
LINC02032,False
AC092958.3,False
AC092958.2,False
AC025566.1,False
LINC02045,False
LINC02046,False
AC069410.1,False
AGTR1,False
CPB1,False
AC092979.1,False
CPA3,False
AC092979.2,False
GYG1,False
HLTF,False
HLTF-AS1,False
HPS3,False
CP,False
AC093001.2,False
AC093001.1,False
TM4SF18,False
TM4SF1,False
TM4SF1-AS1,False
AC108751.4,False
TM4SF4,False
WWTR1,False
WWTR1-IT1,False
WWTR1-AS1,False
COMMD2,False
ANKUB1,False
RNF13,False
PFN2,False
AC117395.1,False
AC117386.2,False
LINC01998,False
AC117386.1,False
LINC01213,False
LINC01214,False
AC018545.1,False
TSC22D2,False
SERP1,False
EIF2A,False
SELENOT,False
ERICH6,False
ERICH6-AS1,False
AC011317.1,False
SIAH2,False
SIAH2-AS1,False
CLRN1-AS1,False
MINDY4B,False
AC020636.1,False
CLRN1,False
MED12L,False
GPR171,False
P2RY14,True
AC078816.1,False
GPR87,True
P2RY13,False
P2RY12,False
IGSF10,False
LINC02066,False
AADACL2,False
AADACL2-AS1,False
AADAC,False
SUCNR1,False
AC108718.1,False
MBNL1,False
MBNL1-AS1,False
AC026347.1,False
AC092924.1,False
AC092924.2,False
P2RY1,False
AC117394.2,False
RAP2B,False
AC078788.1,False
AC078788.2,False
LINC02006,False
C3orf79,False
AC068985.1,False
ARHGEF26-AS1,False
ARHGEF26,False
DHX36,False
GPR149,True
AC092994.1,False
AC073359.2,True
AC073359.1,False
MME,False
MME-AS1,False
LINC01487,False
STRIT1,False
AC104831.1,False
PLCH1,False
PLCH1-AS1,False
PLCH1-AS2,False
AC104472.1,False
C3orf33,False
SLC33A1,False
AC104472.4,False
GMPS,False
AC104472.5,False
KCNAB1,False
AC091607.2,False
KCNAB1-AS2,False
KCNAB1-AS1,False
AC084036.1,False
SSR3,False
TIPARP-AS1,False
TIPARP,False
LINC00886,False
LEKR1,False
LINC00880,False
LINC02029,False
LINC00881,False
CCNL1,False
AC104411.1,False
AC092944.1,False
AC092944.3,False
VEPH1,False
PTX3,True
SLC66A1L,False
AC084212.1,False
AC079943.2,False
AC079943.1,False
SHOX2,False
RSRC1,False
AC106707.1,False
MLF1,False
GFM1,False
LXN,False
AC080013.4,False
AC080013.6,False
RARRES1,False
MFSD1,False
AC080013.1,True
AC080013.3,False
AC080013.5,False
IQCJ-SCHIP1,False
IQCJ,False
AC092943.2,False
IQCJ-SCHIP1-AS1,False
SCHIP1,False
IL12A-AS1,False
IL12A,False
LINC01100,False
C3orf80,False
IFT80,False
SMC4,False
TRIM59,False
KPNA4,False
ARL14,False
AC069224.1,False
PPM1L,False
B3GALNT1,False
NMD3,False
SPTSSB,False
LINC02067,False
AC112491.1,False
OTOL1,False
AC112770.1,False
AC131211.1,False
AC128685.1,False
LINC01192,False
AC079910.1,False
LINC01323,False
LINC01324,False
SI,False
LINC02023,False
SLITRK3,False
LINC01322,False
BCHE,False
LINC01326,False
AC069439.2,False
ZBBX,False
LINC01327,False
SERPINI2,False
WDR49,True
PDCD10,False
SERPINI1,False
AC079822.1,False
AC026353.1,False
GOLIM4,False
AC069243.1,False
AC124893.1,False
LINC02082,False
AC092954.1,False
AC092954.2,False
LINC01997,False
MECOM,False
AC074033.1,False
AC007849.1,False
TERC,False
ACTRT3,False
AC078802.1,False
MYNN,False
AC078795.1,False
LRRC34,False
AC078795.3,False
AC078795.2,False
LRRIQ4,False
LRRC31,True
SAMD7,False
AC008040.1,False
SEC62,False
SEC62-AS1,False
GPR160,False
PHC3,False
PRKCI,False
AC073288.1,False
SKIL,False
AC073288.2,False
CLDN11,False
SLC7A14-AS1,False
SLC7A14,False
AC026316.3,False
AC026316.5,False
AC026316.2,False
RPL22L1,False
EIF5A2,False
AC061708.1,True
SLC2A2,False
TNIK,False
AC092919.1,False
PLD1,False
TMEM212-AS1,False
TMEM212,False
TMEM212-IT1,False
AC055714.1,False
FNDC3B,False
GHSR,False
TNFSF10,False
LINC02068,False
NCEH1,True
AC108667.2,False
ECT2,False
SPATA16,False
AC068759.1,False
NLGN1,False
NLGN1-AS1,False
NAALADL2,True
NAALADL2-AS3,False
NAALADL2-AS2,False
AC008180.2,False
NAALADL2-AS1,False
AC104640.1,False
LINC01208,True
LINC01209,False
TBL1XR1,False
TBL1XR1-AS1,False
LINC00501,False
AC117465.1,False
LINC00578,False
AC026355.3,False
AC026355.2,False
LINC02015,False
AC007953.1,False
AC007953.2,False
AC110992.1,False
AC117453.1,False
KCNMB2,False
LINC01014,False
KCNMB2-AS1,True
ZMAT3,True
AC076966.2,False
PIK3CA,False
KCNMB3,False
ZNF639,False
AC007823.1,False
MFN1,False
GNB4,False
AC007620.2,False
AC007620.3,False
ACTL6A,False
AC090425.3,False
AC090425.2,False
MRPL47,False
NDUFB5,False
USP13,False
PEX5L,False
AC007687.1,False
PEX5L-AS1,False
PEX5L-AS2,False
AC092939.1,False
LINC02053,False
AC125618.1,False
TTC14,False
CCDC39,False
CCDC39-AS1,False
AC108734.4,False
FXR1,False
DNAJC19,False
SOX2-OT,True
AC068308.1,False
AC125613.1,False
SOX2,False
LINC01206,False
AC012081.2,False
AC012081.1,False
AC109131.1,False
AC084211.1,False
LINC01994,False
LINC01995,False
AC021055.1,False
LINC02031,False
AC083801.2,False
AC069431.1,True
ATP11B,False
AC092953.2,False
DCUN1D1,False
MCCC1,False
MCCC1-AS1,False
LAMP3,False
MCF2L2,True
B3GNT5,False
KLHL6,False
KLHL6-AS1,False
KLHL24,False
YEATS2,False
YEATS2-AS1,False
MAP6D1,False
PARL,False
ABCC5,False
ABCC5-AS1,False
HTR3D,False
HTR3C,False
HTR3E-AS1,False
HTR3E,False
AC131235.3,False
AC131235.2,False
EIF2B5,False
DVL3,False
AP2M1,False
ABCF3,False
VWA5B2,False
ALG3,False
EEF1AKMT4,False
CAMK2N2,False
ECE2,False
PSMD2,False
EIF4G1,False
FAM131A,False
CLCN2,False
POLR2H,False
THPO,False
CHRD,False
LINC02054,False
LINC01839,False
LINC01840,False
EPHB3,False
MAGEF1,False
AC107294.2,False
LINC02069,False
AC107294.3,False
AC107294.1,False
VPS8,False
C3orf70,False
EHHADH-AS1,False
EHHADH,False
MAP3K13,False
TMEM41A,False
AC099661.1,False
LIPH,False
SENP2,False
IGF2BP2,False
IGF2BP2-AS1,False
TRA2B,False
ETV5,False
ETV5-AS1,False
DGKG,True
LINC02020,False
LINC02052,False
LINC02051,False
CRYGS,False
TBCCD1,False
DNAJB11,False
AC068631.1,False
AHSG,False
FETUB,False
HRG,False
KNG1,False
AC112907.3,False
EIF4A2,False
RFC4,False
AC112907.1,False
LINC02043,False
ADIPOQ,False
ADIPOQ-AS1,False
ST6GAL1,False
RPL39L,False
AC007920.1,False
RTP1,False
MASP1,False
AC007920.2,False
RTP4,False
LINC02041,False
SST,False
RTP2,False
AC072022.1,False
BCL6,False
AC072022.2,False
AC108681.1,False
AC068295.1,False
LINC01991,False
AC092941.1,False
AC092941.2,False
AC022498.1,False
LPP-AS2,False
LPP,False
LPP-AS1,False
TPRG1-AS1,False
TPRG1,True
TPRG1-AS2,False
TP63,True
P3H2,True
P3H2-AS1,False
CLDN1,False
CLDN16,False
TMEM207,False
IL1RAP,False
AC108747.1,False
LINC02013,False
GMNC,False
OSTN,False
OSTN-AS1,False
UTS2B,False
CCDC50,True
AC073365.1,False
PYDC2,False
AC026320.1,False
AC026320.3,False
FGF12,False
FGF12-AS1,False
FGF12-AS2,False
FGF12-AS3,False
MB21D2,True
AC092966.1,False
PLAAT1,False
ATP13A5,False
ATP13A5-AS1,False
ATP13A4,False
ATP13A4-AS1,False
OPA1,False
OPA1-AS1,False
AC069421.2,False
AC069421.3,False
LINC02038,False
LINC02026,False
AC024559.1,False
LINC02028,False
AC024559.2,False
AC080129.1,False
AC080129.2,False
HES1,True
LINC02036,False
LINC02037,False
LINC02048,False
LINC00887,False
AC117469.1,False
CPN2,False
LRRC15,False
GP5,False
ATP13A3,False
LINC00884,False
AC108676.1,False
TMEM44-AS1,True
TMEM44,False
AC046143.1,False
AC046143.2,True
LSG1,False
FAM43A,False
AC106706.1,False
AC106706.2,False
LINC01968,False
LINC01972,False
AC090505.2,False
XXYLT1,False
XXYLT1-AS1,False
XXYLT1-AS2,False
AC090018.2,False
ACAP2,False
ACAP2-IT1,False
PPP1R2,False
AC069213.1,False
APOD,False
AC233280.1,False
MUC20,False
MUC4,False
LINC01983,False
TNK2,False
AC124944.3,False
TNK2-AS1,False
AC024937.3,False
TFRC,False
LINC00885,False
ZDHHC19,False
SLC51A,False
PCYT1A,False
AC069257.1,False
TCTEX1D2,False
TM4SF19-AS1,False
TM4SF19,False
UBXN7,False
UBXN7-AS1,False
RNF168,False
AC117490.2,False
SMCO1,False
WDR53,False
FBXO45,False
AC092933.2,False
LINC01063,False
NRROS,False
PIGX,False
CEP19,False
PAK2,False
SENP5,False
AC016949.1,False
NCBP2,False
NCBP2-AS1,False
NCBP2AS2,False
PIGZ,False
AC011322.1,False
MELTF,False
MELTF-AS1,False
DLG1,False
DLG1-AS1,False
AL121981.1,False
AC128709.2,False
AC128709.1,False
AC128709.3,False
LINC02012,False
BDH1,False
AC024560.3,False
AC024560.4,False
AC024560.1,False
AC024560.5,False
RUBCN,False
FYTTD1,False
AC055764.2,False
LRCH3,False
AC055764.1,False
IQCG,False
RPL35A,False
LMLN,False
AC135893.1,False
LMLN-AS1,False
ZNF595,False
ZNF718,False
AC253576.2,False
ZNF732,False
AC079140.6,False
ZNF141,False
AC092574.2,False
AC092574.1,False
ZNF721,False
PIGG,False
TMEM271,False
AC116565.1,False
PDE6B,False
AC107464.1,True
AC107464.3,False
ATP5ME,False
MYL5,False
SLC49A3,False
PCGF3,False
AC107464.2,False
AC139887.4,False
AC139887.2,False
AC139887.1,False
CPLX1,False
AC139887.3,False
AC139887.5,False
GAK,False
TMEM175,False
DGKQ,False
SLC26A1,False
IDUA,False
FGFRL1,False
AC019103.1,False
RNF212,False
AC092535.4,False
AC092535.2,False
SPON2,True
AC092535.5,False
CTBP1-AS,False
CTBP1,False
CTBP1-DT,False
MAEA,False
UVSSA,False
AC078852.2,False
AC078852.1,False
CRIPAK,False
NKX1-1,False
AC147067.2,False
AC147067.1,False
FAM53A,False
SLBP,False
AC016773.1,False
TACC3,False
TMEM129,False
FGFR3,False
LETM1,False
NSD2,False
NELFA,False
C4orf48,False
NAT8L,False
POLN,False
HAUS3,False
AL136360.2,False
MXD4,False
ZFYVE28,True
AL158068.2,False
CFAP99,False
RNF4,False
AL645924.1,False
FAM193A,False
TNIP2,False
SH3BP2,False
ADD1,False
AL121750.1,False
MFSD10,False
NOP14-AS1,False
NOP14,False
GRK4,True
HTT,False
HTT-AS,False
MSANTD1,False
RGS12,False
HGFAC,False
AL590235.2,False
DOK7,False
LRPAP1,False
AL590235.1,False
LINC00955,False
AL121796.1,False
LINC02171,False
LINC02600,False
ADRA2C,False
OTOP1,False
TMEM128,False
LYAR,False
ZBTB49,False
AC105415.1,False
NSG1,False
STX18,False
STX18-IT1,False
STX18-AS1,True
LINC01396,False
MSX1,False
CYTL1,False
STK32B,False
LINC01587,False
EVC2,False
EVC,False
CRMP1,False
C4orf50,True
JAKMIP1,False
AC092442.1,False
AC113615.2,False
AC113615.1,False
WFS1,False
AC116317.1,False
PPP2R2C,False
MAN2B2,False
MRFAP1,False
LINC02482,False
AC093323.1,False
LINC002481,False
S100P,False
MRFAP1L1,False
BLOC1S4,False
AC106045.1,False
KIAA0232,False
TBC1D14,False
AC097382.3,False
AC097382.1,False
AC097382.2,False
CCDC96,False
TADA2B,False
GRPEL1,False
LINC02447,False
SORCS2,False
PSAPL1,False
AFAP1-AS1,False
AFAP1,False
AC112254.1,False
AC097381.1,False
ABLIM2,False
AC097381.3,False
AC097381.2,False
SH3TC1,False
HTRA3,False
LINC02517,False
AC104825.1,False
ACOX3,False
TRMT44,False
AC105345.2,False
AC105345.1,False
GPR78,False
CPZ,False
AC209005.1,False
HMX1,False
AC116612.1,False
AC108519.1,False
AC073648.7,False
FAM90A26,False
USP17L10,False
USP17L11,False
USP17L12,False
USP17L13,False
USP17L15,False
USP17L17,False
USP17L18,False
USP17L19,False
USP17L20,False
USP17L21,False
USP17L22,False
USP17L23,False
USP17L24,False
USP17L25,False
USP17L26,False
USP17L5,False
USP17L27,False
USP17L28,False
USP17L29,False
USP17L30,False
DEFB131A,False
AC105916.1,False
SLC2A9,False
DRD5,False
AC108199.1,False
AC005674.1,False
AC005674.2,False
WDR1,False
ZNF518B,False
AC005599.1,False
CLNK,True
AC084048.1,False
LINC02498,True
HS3ST1,False
AC006230.1,False
AC025539.1,False
AC005699.1,True
LINC02360,False
AC108037.1,False
LINC02270,False
AC007370.2,False
AC007370.1,False
RAB28,False
AC006445.3,False
LINC01097,False
NKX3-2,False
LINC01096,False
BOD1L1,False
LINC01182,False
AC007126.1,False
AC073848.1,False
AC092546.1,True
AC006296.3,False
AC006296.2,False
AC006296.1,False
LINC00504,True
CPEB2-DT,False
CPEB2,False
AC098829.1,False
C1QTNF7,False
AC099550.1,False
CC2D2A,False
AC116651.1,False
FBXL5,False
FAM200B,False
BST1,False
CD38,True
FGFBP1,False
FGFBP2,True
PROM1,False
AC108063.2,False
TAPT1,False
AC108063.1,False
TAPT1-AS1,False
AC006427.2,False
AC097515.1,False
LDB2,True
AC104656.1,False
AC106894.1,False
LINC02493,True
QDPR,False
CLRN2,False
LAP3,False
AC006160.1,False
MED28,False
FAM184B,False
DCAF16,False
NCAPG,False
LCORL,False
AC093898.1,False
AC093871.1,False
LINC02438,False
AC024230.1,False
AC110767.1,False
SLIT2,True
SLIT2-IT1,False
PACRGL,False
KCNIP4,False
AC097505.1,False
AC110296.1,False
AC096576.6,False
AC096576.3,False
AC096576.2,False
KCNIP4-IT1,False
AC096719.1,False
ADGRA3,False
AC097512.1,False
AC092440.1,False
AC093607.1,False
ERVH-1,False
PPARGC1A,False
AC092834.1,False
DHX15,False
LINC02473,False
SOD3,False
CCDC149,False
LGI2,False
SEPSECS,False
SEPSECS-AS1,False
PI4K2B,False
AC104662.1,False
ZCCHC4,False
ANAPC4,False
AC105290.1,True
SLC34A2,False
SEL1L3,True
AC092436.3,False
SMIM20,False
AC133961.1,False
LINC02357,False
RBPJ,False
CCKAR,False
TBC1D19,False
STIM2,False
STIM2-AS1,False
AC024132.2,False
AC024132.1,False
LINC02261,False
AC024132.3,False
AC007106.2,False
AC007106.1,False
AC093791.2,False
AC093791.1,False
AC097480.1,False
AC097480.2,False
LINC02364,False
AC068944.1,False
AC109349.1,False
LINC02472,False
AC098595.1,False
PCDH7,False
AC097716.1,False
LINC02497,False
AC104071.1,False
LINC02501,False
LINC02506,True
AC097654.1,True
LINC02353,False
AC116611.1,False
AC093606.1,False
AC097535.1,False
AC079772.1,False
AC016687.3,False
AC016687.2,False
LINC02484,False
AC110790.1,False
AC093689.1,False
ARAP2,False
AC104078.1,False
DTHD1,True
AC104078.2,True
LINC02505,False
AC093746.1,False
LINC02616,False
AL136537.1,False
NWD2,False
C4orf19,False
AC022463.1,True
AC027607.1,False
RELL1,False
PGM2,False
TBC1D1,False
PTTG2,False
AC098680.2,False
AC098680.1,False
LINC02513,False
LINC01258,False
LINC01259,False
LINC02278,False
KLF3-AS1,False
AC021860.1,False
KLF3,False
TLR10,False
TLR1,False
TLR6,False
FAM114A1,False
TMEM156,False
KLHL5,False
AC079921.1,False
AC079921.2,False
WDR19,True
RFC1,False
KLB,False
RPL9,False
LIAS,False
UGDH,False
UGDH-AS1,False
AC021148.2,False
SMIM14,False
AC108471.3,False
AC108471.2,False
UBE2K,False
PDS5A,False
N4BP2,False
AC095057.3,False
AC095057.4,False
RHOH,False
AC095057.2,False
LINC02265,False
CHRNA9,False
RBM47,True
AC098869.2,False
AC131953.2,False
NSUN7,False
APBB2,False
AC131953.1,False
UCHL1-AS1,False
UCHL1,False
LIMCH1,True
AC108050.1,False
AC105389.2,False
PHOX2B,False
AC105389.3,False
AC105389.1,False
LINC00682,False
AC108210.1,False
TMEM33,False
DCAF4L1,False
AC106052.1,False
SLC30A9,False
BEND4,False
AC111006.1,True
AC024022.1,False
SHISA3,False
ATP8A1,False
AC096734.2,False
AC096734.1,False
GRXCR1,False
AC111198.1,False
AC097451.1,False
LINC02383,False
AC080132.1,False
AC114757.1,False
LINC02475,False
KCTD8,True
YIPF7,False
GUF1,False
GNPDA2,False
AC096586.2,False
AC096586.1,False
AC108467.1,False
GABRG1,True
AC104072.1,False
GABRA2,False
AC095060.1,False
COX7B2,False
GABRA4,False
GABRB1,False
AC107398.3,False
COMMD8,False
AC107398.4,False
AC107398.5,False
ATP10D,False
AC107398.2,False
CORIN,False
AC107068.2,False
AC107068.1,False
NFXL1,False
NIPAL1,True
CNGA1,False
TXK,True
TEC,False
SLAIN2,False
SLC10A4,False
ZAR1,False
FRYL,False
OCIAD1,False
OCIAD1-AS1,False
OCIAD2,False
CWH43,False
DCUN1D4,False
AC027271.1,False
LRRC66,False
SGCB,False
LINC02480,False
SPATA18,False
AC097522.2,False
USP46,False
USP46-AS1,False
AC104066.3,False
LINC01618,False
DANCR,False
AC104066.4,False
ERVMER34-1,False
RASL11B,False
SCFD2,False
AC023154.1,False
FIP1L1,False
LNX1,False
LNX1-AS1,False
LNX1-AS2,False
AC124017.1,False
AC105384.1,False
AC110792.3,False
CHIC2,False
AC110792.2,False
AC110792.4,False
GSX2,False
PDGFRA,False
LINC02283,False
AC098587.1,False
AC098868.1,False
LINC02260,False
KIT,False
AC097494.1,False
LINC02358,False
AC111194.1,False
AC111194.2,False
KDR,False
AC021220.2,False
SRD5A3,False
SRD5A3-AS1,False
AC069200.1,False
TMEM165,False
CLOCK,False
AC024243.1,False
PDCL2,False
NMU,False
EXOC1L,False
EXOC1,False
AC110611.1,False
AC110611.2,True
CEP135,False
KIAA1211,False
AC022267.1,False
AASDH,False
AC068620.1,False
PPAT,False
AC068620.2,False
PAICS,False
SRP72,False
ARL9,False
THEGL,False
HOPX,True
SPINK2,True
REST,False
AC069307.1,False
NOA1,False
POLR2B,False
IGFBP7,True
IGFBP7-AS1,False
AC111197.1,False
AC105390.1,False
LINC02380,False
AC013724.1,False
AC107396.1,False
AC093725.2,False
AC093725.1,False
AC104790.1,False
LINC02494,False
AC019133.1,False
AC017091.1,False
LINC02619,False
LINC02429,False
AC097501.1,False
AC108517.2,False
AC108517.1,False
AC096588.1,False
AC093857.1,False
AC092596.1,False
LINC02496,False
LINC02271,False
ADGRL3,False
AC020741.1,False
ADGRL3-AS1,False
AC097491.1,False
AC093730.1,False
TECRL,False
AC104689.2,False
LINC02232,False
LINC02835,False
EPHA5,False
EPHA5-AS1,False
AC104137.1,False
AC097110.1,False
AC116049.2,False
AC096721.1,False
AC110809.1,False
AC104806.2,False
CENPC,False
STAP1,True
UBA6,False
UBA6-AS1,False
GNRHR,False
TMPRSS11D,False
TMPRSS11A,False
TMPRSS11F,False
TMPRSS11B,False
YTHDC1,False
TMPRSS11E,False
UGT2B17,False
UGT2B15,False
UGT2B10,False
AC021146.12,False
UGT2A3,False
UGT2B7,False
AC111000.4,False
UGT2B11,False
UGT2B28,False
UGT2B4,False
UGT2A1,False
UGT2A2,False
SULT1B1,False
SULT1E1,False
CSN1S1,False
CSN2,False
STATH,False
HTN3,False
HTN1,False
PRR27,False
ODAM,False
FDCSP,False
CSN3,False
CABS1,False
SMR3A,False
SMR3B,False
OPRPN,False
MUC7,False
AMTN,False
AMBN,False
ENAM,False
AC009570.2,False
JCHAIN,True
UTP3,False
AC009570.1,False
RUFY3,False
GRSF1,False
MOB1B,False
DCK,False
SLC4A4,True
GC,False
AC068721.1,False
NPFFR2,False
ADAMTS3,False
AC095056.1,False
COX18,False
ANKRD17,False
AC053527.2,False
ALB,False
AFP,False
AFM,False
LINC02499,False
RASSF6,False
UMLILO,False
CXCL8,True
CXCL6,False
PF4V1,False
CXCL1,False
PF4,False
PPBP,False
CXCL5,False
AC097709.1,False
CXCL3,False
AC093677.3,False
CXCL2,False
MTHFD2L,True
AC093677.2,False
EPGN,False
EREG,True
AC021180.1,False
AREG,True
AC239584.1,False
BTC,False
AC098825.1,False
PARM1,False
AC110760.2,False
AC110760.1,False
LINC02562,False
AC025244.1,False
AC025244.2,False
LINC02483,False
AC096759.1,False
AC096759.2,False
RCHY1,False
THAP6,False
ODAPH,False
CDKL2,False
G3BP2,False
USO1,False
AC110615.1,False
PPEF2,False
NAAA,False
SDAD1,False
AC112719.2,False
CXCL9,False
ART3,True
CXCL10,True
CXCL11,False
NUP54,False
AC110795.1,False
SCARB2,False
FAM47E,False
AC034139.1,False
STBD1,True
CCDC158,False
SHROOM3,False
AC107072.2,False
AC107072.1,False
SOWAHB,False
SEPTIN11,False
CCNI,False
CCNG2,False
AC092674.1,False
CXCL13,False
CNOT6L,False
MRPL1,False
FRAS1,False
ANXA3,False
LINC01094,False
AC112253.1,False
AC098818.2,False
BMP2K,False
PAQR3,False
LINC01088,False
NAA11,False
GK2,False
LINC00989,False
AC092542.1,False
LINC02469,False
PCAT4,False
ANTXR2,False
AC021127.1,False
PRDM8,False
FGF5,False
CFAP299,False
BMP3,False
PRKG2,False
AC139722.1,False
RASGEF1B,False
AC124016.2,False
HNRNPD,False
AC124016.1,False
HNRNPDL,False
ENOPH1,False
TMEM150C,False
LINC00575,False
AC067942.4,False
SCD5,False
SEC31A,False
THAP9-AS1,False
THAP9,False
LIN54,False
COPS4,False
AC073840.1,True
PLAC8,False
AC114781.2,False
COQ2,False
HPSE,False
HELQ,False
MRPS18C,False
ABRAXAS1,False
GPAT3,False
AC021192.1,False
AC079160.1,True
AC104063.1,False
NKX6-1,False
CDS1,False
WDFY3,True
WDFY3-AS1,False
WDFY3-AS2,False
AC108021.1,False
ARHGAP24,True
MAPK10,False
AC104827.1,False
PTPN13,True
SLC10A6,False
C4orf36,False
AC093827.4,False
AFF1,False
KLHL8,False
AC108516.1,False
HSD17B13,False
HSD17B11,False
NUDT9,False
AC112250.2,False
SPARCL1,False
AC093895.1,False
DSPP,False
DMP1,False
IBSP,False
MEPE,False
AC131944.1,False
SPP1,False
PKD2,False
ABCG2,True
PPM1K,False
PPM1K-DT,False
AC107067.2,False
AC107067.1,False
HERC6,False
HERC5,False
PYURF,False
PIGY,False
PIGY-DT,False
HERC3,False
NAP1L5,False
FAM13A-AS1,False
FAM13A,True
TIGD2,False
AC104785.1,False
GPRIN3,False
AC093866.1,False
SNCA,True
AC097478.1,False
AC097478.3,False
AC097478.2,False
SNCA-AS1,False
MMRN1,False
AC105445.1,False
CCSER1,True
AC004054.1,False
AC074124.1,False
AC093810.1,False
AC097520.2,False
LNCPRESS2,False
AC112695.1,False
GRID2,False
AC095059.1,False
AC110800.1,False
ATOH1,False
AC096746.1,False
SMARCAD1,False
HPGDS,False
AC109925.2,False
PDLIM5,False
AC108067.1,False
BMPR1B-DT,False
BMPR1B,False
UNC5C,False
AC106881.1,False
PDHA2,False
LINC02267,False
AC096585.1,False
AC108515.1,False
STPG2,True
AC034154.1,False
STPG2-AS1,False
AC019077.1,False
RAP1GDS1,False
TSPAN5,True
AC108159.1,False
AC114811.2,False
EIF4E,False
AC019131.1,True
AC019131.3,False
METAP1,False
AC019131.2,False
ADH5,False
AP002026.1,True
ADH4,False
ADH6,True
ADH1A,False
ADH1B,False
ADH1C,False
ADH7,False
C4orf17,False
TRMT10A,False
MTTP,False
AC083902.1,False
C4orf54,False
DAPP1,False
LAMTOR3,False
DNAJB14,False
H2AFZ,False
AC097460.1,False
DDIT4L,False
AP001961.1,False
EMCN,False
AC097459.1,False
LINC01216,False
LINC01217,False
LINC01218,False
PPP3CA,False
AP001816.1,False
BANK1,True
AC084277.1,False
AP002075.1,True
SLC39A8,False
AC098487.1,False
AF213884.3,False
NFKB1,False
MANBA,False
UBE2D3,False
AC018797.3,False
UBE2D3-AS1,False
CISD2,False
SLC9B1,False
SLC9B2,False
BDH2,False
CENPE,False
LINC02428,False
AC105460.2,False
AC105460.1,False
TACR3,False
AC004047.1,False
LINC02503,False
AC004052.1,False
CXXC4,False
CXXC4-AS1,False
AC004063.1,False
AC004053.1,False
AC096577.1,True
AC004069.1,False
TET2,False
TET2-AS1,False
PPA2,False
AC004066.2,False
ARHGEF38,False
ARHGEF38-IT1,False
INTS12,False
GSTCD,True
AC008243.1,False
NPNT,False
AC109361.2,False
AC109361.1,False
TBCK,False
AIMP1,False
GIMD1,False
LINC02173,False
AC092445.1,True
DKK2,False
AC104663.1,False
PAPSS1,False
SGMS2,False
AC096564.1,False
CYP2U1,False
AC096564.2,False
HADH,False
LEF1,True
LEF1-AS1,True
RPL34-AS1,True
RPL34,False
OSTC,False
AC107071.1,False
ETNPPL,False
COL25A1,False
ZCCHC23,False
SEC24B-AS1,False
SEC24B,False
MCUB,False
CASP6,False
AC004067.1,False
PLA2G12A,False
CFI,False
AC126283.1,False
GAR1,False
RRH,False
LRIT3,False
EGF,False
ELOVL6,True
ENPEP,True
AC098798.1,False
PANCR,False
PITX2,False
LINC01438,False
AC083795.2,False
AC139718.2,False
AC139718.1,False
AC004704.1,True
FAM241A,False
AC109347.1,False
AP1AR,False
AC109347.2,False
TIFA,False
ALPK1,False
NEUROG2,False
AC023886.1,False
ZGRF1,True
LARP7,False
MIR302CHG,False
AC106864.1,False
ANK2,False
AC017007.5,False
AC093879.1,False
AC093879.2,False
CAMK2D,False
ARSJ,True
AC104779.1,False
UGT8,True
NDST4,False
MTRNR2L13,False
AC106892.1,False
AC093765.5,False
AC093765.4,False
AC093765.3,False
AC093765.2,False
TRAM1L1,False
LINC02262,False
LINC02263,False
LINC01378,False
AC092661.1,False
LINC02264,False
NDST3,False
SNHG8,False
PRSS12,False
METTL14-DT,False
METTL14,False
SEC24D,False
SYNPO2,False
MYOZ2,True
USP53,False
C4orf3,False
FABP2,False
AC093752.3,False
AC093752.2,False
PDE5A,False
AC080089.2,False
LINC01365,False
LINC02502,False
AC097173.2,False
MAD2L1,False
AC073475.1,False
AC025741.1,False
PRDM5,False
NDNF,False
AC105254.1,False
TNIP3,False
QRFPR,False
ANXA5,False
TMEM155,False
AC079341.1,False
EXOSC9,False
CCNA2,False
BBS7,False
AC079341.2,False
TRPC3,True
KIAA1109,False
ADAD1,False
IL2,False
IL21,False
IL21-AS1,False
AC053545.1,False
BBS12,False
FGF2,False
AC021205.3,False
NUDT6,False
SPATA5,False
AC026402.2,False
SPRY1,False
AC093821.1,False
LINC02435,False
LINC01091,False
AC096732.1,False
AC108075.1,False
AC121154.1,False
AC133530.1,False
LINC02516,False
ANKRD50,False
FAT4,False
AC104664.1,False
LINC02379,False
AC097528.1,True
AC096773.1,False
AC093772.1,False
AC093772.2,False
AC097462.3,False
INTU,False
SLC25A31,False
HSPA4L,False
AC093591.2,False
PLK4,True
MFSD8,False
ABHD18,False
LARP1B,False
PGRMC2,False
LINC02615,False
AC110609.1,False
AC078850.1,False
AC078850.2,False
JADRR,False
JADE1,False
SCLT1,False
C4orf33,False
AC082650.1,False
AC082650.2,False
LINC02466,False
LINC02465,False
LINC02479,True
AC093831.1,False
LINC02377,False
SNHG27,False
AC096711.2,False
AC093916.1,False
AC096711.1,False
AC114741.1,False
LINC01256,False
AC115622.1,False
AC110751.1,False
AC105383.1,False
PCDH10,False
AC108052.1,False
AC079380.1,False
AC015631.1,False
AC096763.1,False
PABPC4L,False
LINC02462,False
AC093722.1,False
AC104619.2,False
AC107463.1,False
LINC02485,False
AC105362.1,False
LINC00613,False
AC073429.2,False
AC018680.1,False
AC073429.1,False
LINC02511,False
LINC02510,False
PCDH18,False
LINC02172,False
AC116563.1,False
AC131956.2,False
AC131956.3,False
AC131956.1,False
AC097511.1,False
LINC00616,False
SLC7A11-AS1,False
SLC7A11,True
AC093903.1,False
LINC00498,False
LINC00499,False
LINC00500,False
AC098859.2,False
AC093766.1,False
AC109927.1,False
AC109927.2,False
NOCT,False
ELF2,False
MGARP,False
NDUFC1,False
NAA15,False
AC097376.3,True
RAB33B,False
SETD7,False
AC112236.2,False
AC112236.3,False
AC112236.1,False
MGST2,False
MAML3,True
AC108053.1,False
AC131182.1,False
SCOC,False
SCOC-AS1,False
CLGN,False
MGAT4D,False
ELMOD2,False
UCP1,False
AC108019.2,False
TBC1D9,True
AC096733.1,False
AC096733.2,False
RNF150,False
ZNF330,False
AC107220.1,False
LINC02432,False
AC097504.2,False
LINC02276,False
IL15,True
INPP4B,True
AC139720.2,False
AC139720.1,True
AC104596.1,False
USP38,False
AC097658.2,False
GAB1,False
AC097658.3,False
SMARCA5-AS1,False
SMARCA5,False
AC107223.1,False
FREM3,True
GYPE,False
GYPB,False
AC093890.2,False
GYPA,False
AC098588.3,False
AC106871.1,False
HHIP-AS1,False
HHIP,False
ANAPC10,False
AC109811.1,False
ABCE1,False
OTUD4,False
LINC02266,False
AC093796.1,False
SMAD1,False
SMAD1-AS2,False
SMAD1-AS1,False
MMAA,False
AC093864.1,False
C4orf51,False
ZNF827,True
AC104791.1,False
AC108206.1,False
LINC01095,False
LSM6,False
REELD1,False
AC097372.1,False
SLC10A7,False
POU4F2,False
TTC29,False
AC092435.2,False
AC092435.1,False
AC092435.3,False
AC097450.1,False
EDNRA,False
LINC02507,False
AC093835.1,False
TMEM184C,False
PRMT9,False
ARHGAP10,False
NR3C2,True
AC069272.1,True
AC002460.2,True
AC108935.1,False
AC002460.1,False
AC108156.1,False
LINC02430,False
LINC02355,False
IQCM,False
AC108168.1,False
AC093893.1,False
AC105343.1,False
AC105343.2,False
DCLK2,False
LRBA,False
AC110813.1,False
MAB21L2,False
RPS3A,False
SH3D19,True
AC095055.1,False
PRSS48,False
AC104819.3,False
FAM160A1-DT,False
FAM160A1,True
GATB,False
AC092611.1,False
AC107074.1,False
AC112242.2,False
AC112242.1,False
AC097375.2,False
AC097375.1,False
AC097375.4,True
AC097375.3,False
AC097375.5,False
LINC02273,False
AC079340.3,False
AC079340.1,True
AC079340.2,False
AC080078.1,False
AC080078.2,False
FBXW7,False
FBXW7-AS1,False
AC023424.3,True
MIR4453HG,False
TMEM154,False
AC106882.1,False
TIGD4,False
ARFIP1,False
AC093599.2,False
FHDC1,False
AC093599.1,False
TRIM2,True
MND1,True
TMEM131L,False
AC106865.2,False
TLR2,True
RNF175,True
AC020703.1,False
SFRP2,False
AC079298.3,False
DCHS2,False
AC079298.1,False
AC079298.2,False
PLRG1,False
FGB,False
FGA,False
FGG,False
LRAT,False
AC009567.1,False
RBM46,False
AC097467.3,False
AC104407.1,False
NPY2R,False
AC097467.1,False
MAP9,False
AC097526.1,False
AC107208.1,False
GUCY1A1,False
AC104083.1,False
GUCY1B1,False
ASIC5,False
TDO2,False
CTSO,False
AC096736.3,False
LINC02272,False
AC096736.2,False
AC096736.1,False
PDGFC,False
AC092608.1,False
GLRB,False
GRIA2,False
AC093817.2,False
LINC02433,False
AC093817.1,False
AC017037.5,True
AC084740.1,False
GASK1B,False
FAM198B-AS1,False
AC098679.6,False
AC098679.1,False
TMEM144,False
AC098679.5,False
RXFP1,True
AC121161.2,False
C4orf46,False
ETFDH,False
PPID,False
FNIP2,False
C4orf45,False
RAPGEF2,False
AC074344.2,False
LINC02233,False
LINC02477,False
AC104793.1,False
FSTL5,False
AC023136.1,False
AC021134.1,False
AC021134.2,False
AC022272.1,False
NAF1,False
NPY1R,False
NPY5R,False
TKTL2,False
TMA16,False
MARCH1,False
AC093788.1,False
SMIM31,False
APELA,False
AC106872.12,False
TRIM61,False
FAM218A,False
AC106872.9,False
TRIM60,False
TRIM75P,False
TMEM192,False
KLHL2,False
GK3P,False
MSMO1,False
CPE,False
AC080079.2,False
LINC01179,False
TLL1,False
AC097487.1,False
SPOCK3,True
AC079349.1,False
AC116634.1,False
ANXA10,True
AC068989.1,False
DDX60,False
DDX60L,False
PALLD,False
AC079858.1,False
AC080188.1,False
CBR4,False
AC021151.1,False
SH3RF1,True
AC096741.1,False
NEK1,False
AC084724.1,False
CLCN3,False
HPF1,False
AC079768.3,False
AC079768.4,False
LINC02275,False
AC079768.2,False
AC084866.2,False
AC084866.1,False
MFAP3L,False
AADAT,False
LINC01612,False
LINC02512,False
LINC02382,False
AC034159.2,False
LINC02431,False
LINC02504,False
AC074254.2,False
LINC02174,False
AC074254.1,False
GALNTL6,True
AC105285.1,False
GALNT7,False
AC097534.1,False
HMGB2,False
AC097534.2,False
SAP30,False
SCRG1,False
AC093849.4,False
AC093849.3,False
AC093849.1,False
AC093849.2,False
HAND2,False
HAND2-AS1,False
LINC02269,False
AC106895.1,False
AC106895.2,False
LINC02268,False
AC012055.1,False
AC012055.2,False
FBXO8,False
CEP44,False
AC116616.1,True
HPGD,True
AC096751.2,False
GLRA3,False
ADAM29,False
AC105914.2,False
AC022325.2,True
AC095050.1,True
AC131094.1,False
GPM6A,True
AC097537.1,False
WDR17,False
SPATA4,False
ASB5,False
AC019163.1,False
SPCS3,False
AC093801.1,False
VEGFC,False
AC097518.2,False
AC092673.1,False
LINC02509,False
AC097518.1,False
NEIL3,True
AC027627.1,False
AGA,False
AC078881.1,True
AC103879.1,False
LINC01098,False
LINC01099,False
AC020551.1,False
AC108169.1,False
AC096747.1,False
AC104803.1,False
LINC00290,False
LINC02500,False
AC093840.2,False
AC084741.1,True
TEMN3-AS1,False
TENM3-AS1,False
TENM3,False
AC108142.1,False
AC079226.2,False
AC079226.1,False
AC114798.1,False
AC079766.1,False
DCTD,False
AC019193.4,False
AC019193.3,False
AC019193.2,False
WWC2-AS2,False
WWC2,False
WWC2-AS1,False
CLDN22,False
CLDN24,False
CDKN2AIP,False
AC107214.1,False
ING2,False
AC107214.2,False
RWDD4,False
TRAPPC11,False
AC108477.2,False
AC108477.1,False
STOX2,False
AC074194.1,False
ENPP6,False
AC107222.2,False
LINC02363,False
LINC02362,True
IRF2,False
AC099343.2,False
AC099343.3,False
AC099343.4,False
LINC02427,False
LINC02365,False
CASP3,False
PRIMPOL,False
CENPU,False
ACSL1,True
AC084871.1,False
AC084871.3,False
MIR3945HG,False
LINC01093,False
LINC02437,False
HELT,False
LINC02436,False
AC093824.2,False
SLC25A4,False
CFAP97,False
SNX25,False
LRP2BP,False
AC112722.1,False
ANKRD37,False
UFSP2,False
C4orf47,False
CCDC110,False
AC106897.1,False
PDLIM3,False
SORBS2,False
AC093797.1,False
AC108472.1,False
AC096659.1,False
TLR3,False
FAM149A,False
CYP4V2,False
KLKB1,False
F11,False
F11-AS1,False
AC109517.1,False
MTNR1A,False
FAT1,False
AC107050.1,False
AC108865.1,False
AC108865.2,False
AC110772.1,False
AC110772.2,False
AC108046.1,False
LINC02374,False
AC097652.1,False
LINC02514,False
LINC02515,False
AC093763.1,False
LINC02492,False
AC097521.1,False
AC108073.3,False
ZFP42,False
TRIML2,False
TRIML1,False
AC138781.1,False
LINC02434,False
LINC01060,False
AC093909.2,False
LINC02508,False
AC093909.4,False
AC122138.1,False
AC107391.1,False
AC105924.1,False
LINC01262,False
AF250324.1,False
FRG1-DT,False
LINC01596,False
FRG1,False
FRG2,False
DBET,False
DUX4,False
PLEKHG4B,True
LRRC14B,False
AC021087.4,False
CCDC127,False
SDHA,False
AC021087.1,False
PDCD6,False
AHRR,False
EXOC3-AS1,False
EXOC3,False
AC010442.1,False
SLC9A3,False
SLC9A3-AS1,False
AC106772.2,False
AC106772.1,False
CEP72,False
TPPP,False
AC026740.1,False
ZDHHC11B,False
AC026740.3,False
ZDHHC11,True
BRD9,False
TRIP13,False
AC122719.3,False
AC122719.1,False
AC122719.2,False
AC116351.1,False
AC116351.2,False
NKD2,False
SLC12A7,False
AC114291.1,False
SLC6A19,False
SLC6A18,False
AC114291.2,False
TERT,False
CLPTM1L,False
AC026748.3,False
LINC01511,False
SLC6A3,False
LPCAT1,False
AC091849.2,False
AC026412.3,False
AC112176.1,False
MRPL36,False
NDUFS6,False
AC025183.3,False
LINC02116,False
IRX4,False
AC025183.1,False
AC025183.2,False
AC126768.3,False
AC124852.1,False
AC126768.1,False
AC126768.2,False
LSINCT5,False
AC091891.1,False
IRX2,False
C5orf38,False
AC094105.1,False
AC094105.2,False
AC091832.1,False
LINC01019,False
LINC02162,False
LINC01017,False
IRX1,False
AC016595.1,False
AC025773.1,False
AC025187.1,False
LINC02063,False
AC106799.3,False
AC106799.2,False
AC106799.1,False
AC010634.1,False
LINC02114,False
AC026719.1,False
AC026415.1,False
AC010451.3,False
AC010451.1,False
LINC01020,False
AC010451.2,False
LINC02121,False
AC022424.1,False
ADAMTS16,False
AC022424.2,False
AC091978.1,False
ICE1,False
AC026736.1,False
AC010266.2,False
AC010266.1,False
LINC02145,False
MED10,False
AC093307.1,True
UBE2QL1,False
LINC01018,False
NSUN2,False
SRD5A1,False
LINC02102,False
TENT4A,False
LINC02236,False
AC122710.2,False
LINC02196,False
AC122710.1,False
AC025756.1,False
AC091889.1,False
AC091951.4,False
AC027343.3,False
LINC02123,False
AC027343.1,False
AC027343.2,False
LINC02142,False
ADCY2,False
AC093305.1,False
C5orf49,False
MTRR,False
FASTKD3,False
AC025174.1,False
AC116361.1,False
AC091912.3,False
LINC02226,False
AC091965.1,False
AC091965.4,False
MIR4458HG,False
AC091953.1,False
AC091932.1,False
LINC02199,False
AC021088.1,False
SEMA5A,True
AC091906.1,False
SEMA5A-AS1,False
AC027335.1,False
SNHG18,False
AC026787.1,False
TAS2R1,False
LINC02112,False
AC091838.1,False
LINC02221,False
AC034229.1,False
AC034229.2,False
AC034229.3,False
AC034229.4,False
ATPSCKMT,False
AC012640.1,False
CCT5,False
AC012640.4,False
AC012640.3,False
CMBL,False
AC012640.2,False
MARCH6,False
ROPN1L-AS1,False
ROPN1L,False
LINC01513,False
AC092336.1,False
LINC02212,False
LINC02213,False
ANKRD33B,False
ANKRD33B-AS1,False
DAP,False
AC012629.2,False
AC012629.1,False
CTNND2,False
AC106771.1,False
LINC01194,False
LINC02220,False
AC016553.1,False
DNAH5,False
AC016576.1,False
TRIO,False
AC016549.1,False
OTULINL,False
AC010491.1,False
OTULIN,False
ANKH,False
AC010491.2,False
AC016575.1,False
AC016575.2,False
LINC02149,True
AC114964.2,False
FBXL7,False
AC010638.1,False
MARCH11,False
AC016650.1,False
AC092335.1,False
LINC02150,False
AC020980.1,False
ZNF622,False
RETREG1,False
AC024588.1,False
AC022113.1,False
MYO10,False
BASP1,False
BASP1-AS1,False
AC026790.1,False
AC026785.2,False
AC026785.3,False
LINC02111,False
LINC02217,False
LINC02218,False
AC106774.4,False
TAF11L2,False
TAF11L3,False
TAF11L4,False
TAF11L5,False
TAF11L6,False
TAF11L7,False
TAF11L8,False
TAF11L9,False
TAF11L10,False
TAF11L11,False
TAF11L12,False
TAF11L13,False
TAF11L14,False
H3.Y,False
LINC02223,False
LINC02100,False
AC106744.1,False
AC106744.2,False
CDH18,False
CDH18-AS1,False
LINC02146,False
LINC02241,False
AC140168.1,False
AC093274.1,False
AC091946.2,False
AC091946.1,False
CDH12,False
AC139497.1,False
AC138854.1,False
AC091938.1,False
AC010445.1,False
PRDM9,False
C5orf17,True
AC114930.1,False
AC010387.1,False
AC010387.2,False
CDH10,False
AC091885.2,False
AC091893.2,False
AC106821.2,False
LINC02239,False
AC106821.1,False
LINC02228,False
LINC02211,False
AC099499.2,False
AC099499.1,False
AC106754.1,False
AC022140.1,False
AC113370.1,False
AC025475.1,False
AC025475.2,False
AC113347.4,False
CDH9,False
PURPL,False
AC113355.1,False
LINC02103,False
AC008825.1,False
AC109472.1,True
LINC02109,True
AC112172.2,False
LINC02064,False
AC099517.1,False
AC026433.1,False
AC113386.1,False
CDH6,False
DROSHA,False
C5orf22,False
PDZD2,False
AC022447.2,False
AC022447.5,False
AC022447.3,False
AC022447.1,False
AC022447.7,False
AC022447.6,False
AC025178.1,False
GOLPH3,False
AC025181.2,False
MTMR12,False
ZFR,False
SUB1,False
LINC02061,False
AC008766.1,False
NPR3,False
AC010343.3,False
LINC02120,False
AC034223.1,False
AC034223.2,False
LINC02160,False
AC034231.1,False
TARS,False
AC034232.2,False
ADAMTS12,False
RXFP3,False
SLC45A2,True
AMACR,False
C1QTNF3,False
AC139792.1,False
AC138409.3,True
AC025754.2,False
RAI14,False
AC025754.1,False
AC026801.2,False
TTC23L,False
RAD1,False
BRIX1,False
DNAJC21,False
AGXT2,False
PRLR,True
SPEF2,False
AC137810.1,False
IL7R,True
CAPSL,False
AC112204.2,False
UGT3A1,False
UGT3A2,False
LMBRD2,False
SKP2,False
NADK2,False
NADK2-AS1,False
RANBP3L,False
AC114277.1,False
SLC1A3,False
AC008957.2,False
AC008957.1,False
AC026741.1,False
NIPBL-DT,False
NIPBL,False
CPLANE1,True
AC025449.2,False
NUP155,False
WDR70,False
GDNF-AS1,False
GDNF,False
LINC02117,False
AC008869.1,False
LINC02110,False
AC034226.1,False
LINC02119,False
EGFLAM,False
EGFLAM-AS4,False
EGFLAM-AS3,False
EGFLAM-AS2,False
EGFLAM-AS1,False
AC010457.1,False
LIFR,False
LIFR-AS1,False
AC010425.1,False
OSMR-AS1,False
AC091435.2,False
OSMR,False
RICTOR,False
AC008964.1,False
FYB1,False
C9,False
DAB2,False
LINC02104,False
LINC00603,False
LINC00604,False
AC108105.1,False
AC093277.1,False
AC114977.1,False
AC114977.2,False
TTC33,False
PTGER4,False
PRKAA1,False
RPL37,False
CARD6,False
C7,False
MROH2B,False
C6,False
PLCXD3,False
OXCT1,False
AC034222.2,False
OXCT1-AS1,False
C5orf51,False
FBXO4,False
AC108099.1,False
GHR,True
CCDC152,False
SELENOP,False
AC008945.1,True
AC008945.2,True
AC008875.3,False
AC008875.2,False
AC008875.1,True
AC025171.1,False
AC025171.3,False
AC025171.5,False
ANXA2R,False
AC025171.2,False
AC025171.4,False
ZNF131,False
NIM1K,False
HMGCS1,False
AC114947.2,False
CCL28,False
TMEM267,False
AC114956.3,False
C5orf34,False
AC114956.2,False
AC114956.1,False
PAIP1,False
NNT-AS1,False
NNT,False
AC104119.1,False
FGF10,False
FGF10-AS1,False
LINC02224,False
AC093292.1,False
MRPS30-DT,False
AC093297.1,False
MRPS30,False
AC093297.2,False
AC114954.1,False
AC116350.1,False
HCN1,False
AC122694.1,False
EMB,False
AC112187.3,False
PARP8,False
AC022441.1,False
AC022441.2,False
AC008808.2,False
LINC02106,False
AC008808.1,False
AC010478.1,False
ISL1,False
AC022433.1,False
AC091860.2,False
LINC02118,False
AC022126.1,False
PELO,False
ITGA1,False
AC025180.1,False
ITGA2,False
AC008966.3,False
AC008966.2,False
MOCS2,False
AC008966.1,False
AC027329.1,False
FST,False
NDUFS4,False
LINC02105,False
AC025175.1,False
ARL15,False
AC025175.2,False
LINC01033,False
HSPB3,False
SNX18,False
AC016583.2,False
AC112198.3,False
ESM1,False
AC034238.1,True
GZMK,True
AC034238.3,False
AC034238.2,False
GZMA,True
CDC20B,False
GPX8,False
MCIDAS,False
CCNO,False
AC026704.1,False
DHX29,False
MTREX,False
PLPP1,True
SLC38A9,False
DDX4,False
IL31RA,False
IL6ST,False
AC008914.1,False
AC008892.1,True
AC016596.1,False
ANKRD55,True
AC034245.1,False
LINC01948,False
AC008391.1,False
C5orf67,False
AC022431.1,False
AC008940.1,False
MAP3K1,False
AC008937.2,False
AC008937.1,False
SETD9,False
MIER3,False
AC008937.3,False
AC016644.1,False
GPBP1,False
AC025470.2,False
ACTBL2,False
AC008780.1,False
AC008780.2,False
AC106822.1,False
LINC02225,False
LINC02101,False
AC008786.1,False
PLK2,False
GAPT,False
LINC02108,False
RAB3C,False
AC016642.1,False
AC008852.1,False
PDE4D,True
AC092343.1,False
AC034234.1,False
PART1,False
DEPDC1B,False
AC109133.1,False
ELOVL7,False
AC104113.1,False
ERCC8,False
AC022445.1,False
NDUFAF2,False
SMIM15,False
SMIM15-AS1,False
LINC02057,False
ZSWIM6,False
C5orf64,True
AC026746.1,False
C5orf64-AS1,False
AC008877.1,False
KIF2A,False
DIMT1,False
IPO11,False
LRRC70,False
AC008558.1,False
AC122707.1,False
HTR1A,False
RNF180,False
RGS7BP,False
SHISAL2B,False
SREK1IP1,False
CWC27,False
AC092354.2,False
AC092354.1,False
ADAMTS6,True
AC025176.1,False
CENPK,False
PPWD1,False
TRIM23,False
SHLD3,False
TRAPPC13,False
SGTB,False
NLN,False
AC010359.2,False
ERBIN,False
AC010359.3,False
AC025442.2,False
SREK1,False
AC025442.1,False
LINC02065,False
AC092353.1,False
AC092353.2,False
LINC02229,False
MAST4,True
MAST4-IT1,False
MAST4-AS1,False
CD180,False
AC010420.1,False
AC008459.1,False
AC112206.2,False
AC079467.1,False
LINC02242,False
AC106798.1,False
AC024581.1,False
LINC02219,False
PIK3R1,False
AC024579.1,False
AC010280.2,False
AC010280.1,False
AC010280.3,False
AC093523.1,False
AC093248.1,False
LINC02198,False
AC010273.3,False
SLC30A5,False
AC010273.2,False
CCNB1,False
CENPH,False
MRPS36,False
CDK7,False
CCDC125,True
AK6,False
TAF9,False
RAD17,False
MARVELD2,False
AC145146.1,False
OCLN,False
GTF2H2C,False
SERF1B,False
SMN2,False
AC140134.2,False
AC146944.4,False
SERF1A,False
SMN1,False
AC139834.1,False
NAIP,False
GTF2H2,False
LINC02197,True
AC145141.2,False
AC145141.1,False
BDP1,False
MCCC2,False
CARTPT,False
AC025774.1,False
MAP1B,True
MRPS27,False
PTCD2,False
AC093278.2,False
ZNF366,False
LINC02056,False
AC063979.2,False
AC035140.1,False
TNPO1,False
AC008972.1,False
AC008972.2,False
FCHO2,False
TMEM171,False
AC116345.3,False
TMEM174,False
AC116345.4,False
AC116345.1,False
LINC02230,False
FOXD1,False
FOXD1-AS1,False
LINC01385,False
LINC01386,False
AC099522.2,False
BTF3,False
ANKRA2,False
UTP15,False
ARHGEF28,False
AC091868.2,False
AC093283.1,False
LINC02122,False
LINC01331,False
LINC01335,False
LINC01333,False
LINC01332,False
ENC1,True
HEXB,False
GFM2,False
NSA2,False
FAM169A,False
AC010501.2,False
AC116337.4,False
AC116337.3,False
GCNT4,True
ANKRD31,False
AC008897.2,False
HMGCR,False
CERT1,False
AC008897.3,False
POLK,False
AC010245.1,False
AC010245.2,False
ANKDD1B,False
POC5,False
AC026774.1,False
SV2C,False
AC113404.1,False
IQGAP2,False
AC026725.1,False
F2RL2,False
AC025188.1,False
F2R,False
F2RL1,False
S100Z,False
CRHBP,False
AGGF1,False
ZBED3,False
AC008581.1,False
ZBED3-AS1,False
PDE8B,False
WDR41,False
OTP,False
TBCA,False
AC108482.1,False
AC108482.2,False
AP3B1,False
SCAMP1-AS1,False
SCAMP1,False
LHFPL2,False
ARSB,False
DMGDH,False
BHMT2,False
BHMT,False
JMY,False
HOMER1,False
TENT2,False
CMYA5,False
AC008496.2,False
AC008496.3,False
LINC01455,False
MTX3,False
THBS4,False
AC012636.1,False
SERINC5,False
AC010260.1,False
SPZ1,False
ZFYVE16,False
AC008771.1,False
FAM151B,False
ANKRD34B,False
LINC01337,False
DHFR,False
AC008434.1,False
MSH3,False
RASGRF2-AS1,False
RASGRF2,True
AC026427.1,False
CKMT2-AS1,False
CKMT2,False
ZCCHC9,False
ACOT12,False
AC010623.1,False
SSBP2,False
AC026726.2,False
AC026726.1,False
ATG10,False
ATG10-IT1,False
ATG10-AS1,False
RPS23,False
ATP6AP1L,False
AC026782.1,False
AC026782.2,False
AC008885.2,False
LINC01338,False
AC108174.1,False
AC027338.2,False
AC027338.1,False
AC104118.1,False
TMEM167A,False
XRCC4,False
VCAN,True
VCAN-AS1,True
HAPLN1,False
EDIL3,False
AC113383.1,False
AC114928.1,False
AC117522.2,False
AC010486.1,False
AC010486.2,False
AC010486.3,False
AC010595.1,False
AC026414.1,False
AC016550.1,False
AC016550.2,False
AC016550.3,False
COX7C,False
LINC02059,False
AC008539.1,False
AC109492.1,True
LINC01949,False
RASA1,False
CCNH,False
AC018754.1,False
LINC02488,False
LINC02144,False
AC020930.1,False
AC114971.1,False
TMEM161B,False
TMEM161B-AS1,False
LINC02060,True
AC091826.2,False
LINC00461,False
MEF2C-AS2,False
AC008525.1,False
AC008525.2,False
MEF2C,True
MEF2C-AS1,True
AC074131.1,False
LINC02161,True
AC113167.1,False
LINC01339,False
AC099554.1,False
AC093510.2,False
CETN3,False
AC093510.1,False
MBLAC2,False
POLR3G,False
LYSMD3,False
ADGRV1,False
LUCAT1,False
AC074132.1,False
AC093281.1,False
AC093281.2,False
AC123595.1,False
AC123595.2,False
AC008799.2,False
ARRDC3,False
ARRDC3-AS1,False
AC093298.2,False
AC114316.1,False
AC124854.1,False
AC026780.1,False
AC026780.2,False
AC008517.1,False
LINC02058,False
AC012625.1,False
AC026408.1,False
NR2F1-AS1,False
NR2F1,False
FAM172A,False
AC106818.2,False
POU5F2,False
AC108102.1,False
AC099501.1,False
AC114980.1,False
AC117528.1,False
KIAA0825,True
AC025766.1,False
SLF1,False
MCTP1,True
AC008534.1,False
MCTP1-AS1,False
FAM81B,False
TTC37,False
ARSK,False
GPR150,False
RFESD,False
SPATA9,False
AC008840.1,False
RHOBTB3,True
GLRX,False
AC008592.4,False
LINC01554,False
AC008592.5,False
AC008592.1,False
ELL2,False
AC104123.1,False
AC008592.2,False
MIR583HG,False
AC099509.1,False
AC099509.2,False
PCSK1,False
CAST,False
AC020900.1,False
ERAP1,False
AC008906.1,False
AC008906.2,True
AC009126.1,False
ERAP2,False
LNPEP,False
LIX1-AS1,True
LIX1,True
RIOK2,False
AC008883.3,False
AC008883.1,False
AC008883.2,False
LINC01340,True
AC122697.1,True
LINC02234,True
LINC01846,False
RGMB,False
RGMB-AS1,False
AC008522.1,False
CHD1,False
LINC02062,False
LINC02113,False
AC113385.1,False
AC021086.1,False
FAM174A,False
AC027315.1,False
ST8SIA4,False
AC008948.1,False
SLCO4C1,False
SLCO6A1,False
AC094108.1,False
LINC00492,False
LINC00491,False
AC099487.1,False
AC099487.2,False
PAM,False
GIN1,False
PPIP5K2,False
AC011362.1,False
C5orf30,False
AC010406.1,False
LINC02115,False
NUDT12,False
AC008505.1,False
LINC02163,False
AC099520.1,False
AC099520.2,False
AC091987.1,False
LINC01950,False
EFNA5,True
AC024587.2,False
FBXL17,False
AC008462.1,False
LINC01023,False
FER,False
AC008871.1,False
AC116428.1,False
AC008467.1,False
PJA2,False
AC091917.3,False
AC091917.2,False
AC091917.1,False
AC012603.1,False
MAN2A1,False
LINC01848,False
TMEM232,True
SLC25A46,False
AC010395.1,False
TSLP,False
AC008572.1,False
WDR36,False
CAMK4,True
AC010468.2,False
AC010275.1,False
STARD4,False
STARD4-AS1,False
NREP,False
NREP-AS1,False
EPB41L4A,True
EPB41L4A-AS1,False
AC010261.1,False
AC010261.2,False
AC104126.1,False
EPB41L4A-DT,False
LINC02200,False
APC,False
SRP19,False
REEP5,False
DCP2,False
MCC,False
AC079465.1,False
TSSK1B,False
YTHDC2,False
AC093240.1,False
KCNN2,False
AC010230.1,False
LINC01957,False
AC094104.2,False
AC094104.1,False
TRIM36,False
TRIM36-IT1,False
AC008494.2,False
PGGT1B,False
AC008494.3,False
CCDC112,False
FEM1C,False
TICAM2,False
AC010226.1,False
TMED7,False
AC008549.2,False
AC008549.1,False
CDO1,False
ATG12,False
AP3S1,False
LINCADL,False
LVRN,False
ARL14EPL,False
AC034236.3,False
AC034236.2,False
COMMD10,False
AC018752.1,False
SEMA6A,True
SEMA6A-AS1,False
SEMA6A-AS2,False
LINC02214,False
AC010267.1,False
AC093534.2,False
AC093295.1,False
LINC00992,False
LINC02147,False
LINC02208,False
LINC02148,False
LINC02216,False
AC114311.1,False
LINC02215,False
AC093206.1,False
DTWD2,False
AC008629.1,False
DMXL1,False
TNFAIP8,False
HSD17B4,False
FAM170A,False
AC008574.1,False
AC113418.1,False
PRR16,True
AC114284.1,False
AC008568.1,False
FTMT,False
SRFBP1,False
LOX,False
AC010255.1,False
ZNF474,False
AC010255.3,False
AC010255.2,False
AC113349.2,False
SNCAIP,False
AC113349.1,False
AC119150.1,False
AC022101.1,False
LINC02201,False
SNX2,False
AC008669.1,False
SNX24,False
PPIC,False
AC106786.2,False
AC106786.1,False
PRDM6,False
CEP120,False
CSNK1G3,False
LINC01170,False
AC016556.1,False
AC025465.2,False
AC025465.4,False
AC025465.3,False
AC025465.1,False
ZNF608,False
AC112196.1,False
AC113398.2,False
LINC02240,False
AC109464.1,False
AC109464.2,False
AC109458.2,False
AC116362.1,False
AC109471.1,False
AC116362.2,False
LINC02039,False
GRAMD2B,False
AC093535.1,False
ALDH7A1,False
PHAX,False
TEX43,False
LMNB1-DT,False
LMNB1,False
MARCH3,True
C5orf63,False
AC011416.3,True
AC011416.4,False
MEGF10,False
AC010424.2,False
PRRC1,False
AC010424.3,False
CTXN3,False
AC022118.1,False
CCDC192,False
AC068658.1,False
LINC01184,False
SLC12A2,False
FBN2,False
SLC27A6,False
AC008588.1,False
ISOC1,False
AC008679.1,False
ADAMTS19-AS1,False
ADAMTS19,False
AC008591.1,False
MINAR2,False
CHSY3,False
AC006525.1,False
HINT1,False
LYRM7,False
CDC42SE2,False
RAPGEF6,False
FNIP1,False
MEIKIN,True
AC034228.3,False
ACSL6,False
AC034228.1,False
AC034228.2,False
IL3,False
CSF2,False
AC063976.1,False
P4HA2-AS1,False
P4HA2,False
PDLIM4,False
SLC22A4,False
MIR3936HG,False
SLC22A5,False
C5orf56,False
AC116366.2,False
AC116366.1,False
IRF1,False
IL5,False
RAD50,False
TH2LCRR,False
IL13,False
IL4,False
AC004039.1,False
KIF3A,False
CCNI2,False
SEPTIN8,False
SOWAHA,False
AC004775.1,False
SHROOM1,False
GDF9,False
UQCRQ,False
LEAP2,False
AFF4,False
AC010240.3,False
ZCCHC10,False
AC113410.5,False
AC113410.4,False
HSPA4,False
AC113410.2,False
AC010307.2,False
FSTL4,False
AC010307.3,False
AC010307.4,False
AC010608.1,False
WSPAR,False
C5orf15,False
VDAC1,False
AC008608.2,False
TCF7,False
SKP1,False
PPP2CA,False
AC104109.2,False
CDKL3,False
UBE2B,False
AC109454.2,False
CDKN2AIPNL,False
AC109454.3,False
AC005355.1,False
LINC01843,False
JADE2,False
SAR1B,False
SEC24A,False
CAMLG,False
DDX46,False
C5orf24,False
TXNDC15,False
PCBD2,False
CATSPER3,False
PITX1,False
C5orf66,False
AC008406.3,False
C5orf66-AS1,False
AC008406.2,False
AC008406.1,False
C5orf66-AS2,False
H2AFY,False
AC026691.1,False
DCANP1,False
TIFAB,False
AC022092.1,False
NEUROG1,False
AC034206.1,False
CXCL14,False
SLC25A48,False
SLC25A48-AS1,False
AC114296.1,False
IL9,False
AC002428.2,False
AC002428.1,False
LECT2,False
TGFBI,False
SMAD5-AS1,False
SMAD5,False
SMIM32,False
TRPC7,False
TRPC7-AS1,False
TRPC7-AS2,False
AC063980.1,False
AC112178.1,False
AC109439.2,False
SPOCK1,True
KLHL3,False
HNRNPA0,False
AC106791.2,False
AC106791.1,False
MYOT,False
PKD2L2,True
FAM13B,False
AC113382.1,False
AC113382.2,False
WNT8A,False
NME5,False
BRD8,False
KIF20A,False
CDC23,False
GFRA3,False
CDC25C,False
FAM53C,False
AC104116.1,False
KDM3B,False
REEP2,False
EGR1,False
ETF1,False
HSPA9,False
CTNNA1,False
AC034243.1,False
LRRTM2,False
SIL1,False
AC011405.1,False
MATR3,False
SNHG4,False
MATR3-1,False
PAIP2,False
AC135457.1,False
SLC23A1,False
MZB1,True
PROB1,False
SPATA24,False
DNAJC18,True
ECSCR,False
SMIM33,False
TMEM173,False
AC010378.2,False
UBE2D2,False
AC113361.1,False
CXXC5,True
CXXC5-AS1,False
AC008667.1,False
PSD2-AS1,False
AC008667.3,False
AC008667.4,False
PSD2,False
NRG2,False
AC008667.2,False
MALINC1,False
PURA,False
IGIP,False
AC011379.2,False
CYSTM1,False
AC011379.1,False
PFDN1,False
HBEGF,False
AC008438.2,False
SLC4A9,False
AC008438.1,False
ANKHD1,False
SRA1,False
EIF4EBP3,False
APBB3,False
SLC35A4,False
CD14,False
NDUFA2,False
TMCO6,False
IK,False
WDR55,False
DND1,False
HARS,False
HARS2,False
ZMAT2,False
AC005609.5,False
PCDHA1,False
PCDHA2,False
PCDHA3,False
PCDHA4,False
PCDHA5,False
PCDHA6,False
PCDHA7,False
PCDHA8,False
PCDHA9,False
AC005609.2,False
PCDHA10,False
AC005609.4,False
PCDHA11,False
PCDHA12,False
AC005609.3,False
AC005609.1,False
PCDHA13,False
PCDHAC1,False
AC010223.1,False
PCDHAC2,False
AC244517.5,False
PCDHB1,False
AC244517.9,False
PCDHB2,False
AC244517.2,False
PCDHB3,False
AC244517.1,False
PCDHB4,False
PCDHB5,False
AC244517.11,False
PCDHB6,False
AC244517.12,False
PCDHB7,False
PCDHB8,False
PCDHB16,False
AC244517.4,False
PCDHB9,False
AC244517.7,False
PCDHB10,False
PCDHB11,False
PCDHB12,False
PCDHB13,False
PCDHB14,False
PCDHB15,False
TAF7,False
SLC25A2,False
AC005618.4,False
AC005618.1,False
PCDHGA1,False
PCDHGA2,False
PCDHGA3,False
PCDHGB1,False
AC005618.3,False
PCDHGA4,False
PCDHGB2,False
PCDHGA5,False
PCDHGB3,False
PCDHGA6,False
PCDHGA7,False
PCDHGB4,False
PCDHGA8,False
PCDHGB5,False
PCDHGA9,False
PCDHGB6,False
PCDHGA10,False
PCDHGB7,False
PCDHGA11,False
AC005618.2,False
PCDHGA12,False
AC008781.3,False
PCDHGC3,False
PCDHGC4,False
PCDHGC5,False
DIAPH1,False
AC008781.2,False
AC008781.1,False
HDAC3,False
RELL2,False
FCHSD1,False
ARAP3,False
AC005753.2,False
AC005753.3,False
AC005753.1,False
PCDH1,False
AC005740.5,False
DELE1,False
PCDH12,False
AC005740.4,False
RNF14,False
AC005740.3,True
GNPDA1,False
NDFIP1,False
SPRY4,False
SPRY4-AS1,False
FGF1,False
AC005592.1,False
LINC01844,False
AC005592.2,False
ARHGAP26,False
ARHGAP26-AS1,False
ARHGAP26-IT1,False
NR3C1,False
AC016598.1,False
AC016598.2,False
AC008696.2,False
HMHB1,False
YIPF5,False
KCTD16,False
AC008652.1,False
AC109441.1,False
AC132803.1,False
AC137770.1,False
AC008700.1,False
PRELID2,False
GRXCR2,False
SH3RF2,False
PLAC8L1,False
AC091887.1,False
LARS,False
RBM27,False
AC011396.2,False
POU4F3,False
AC011396.3,False
AC011396.1,False
TCERG1,False
GPR151,False
AC008728.1,True
PPP2R2B,True
PPP2R2B-IT1,False
AC010251.1,False
STK32A-AS1,False
STK32A,False
DPYSL3,False
AC011373.1,False
JAKMIP2-AS1,False
JAKMIP2,True
AC011370.1,False
SPINK1,False
SCGB3A2,False
C5orf46,False
AC011352.1,False
AC011352.3,False
SPINK5,False
AC011346.1,False
SPINK14,False
SPINK6,False
MARCOL,False
SPINK13,False
SPINK7,False
SPINK9,False
FBXO38,False
AC114939.1,True
HTR4,False
AC008627.1,False
ADRB2,False
SH3TC2,False
AC116312.1,False
SH3TC2-DT,False
ABLIM3,False
AC012613.1,False
AC012613.2,False
AFAP1L1,False
AC131025.3,False
GRPEL2,False
GRPEL2-AS1,True
PCYOX1L,False
IL17B,False
AC131025.1,False
CARMN,False
AC131025.2,False
CSNK1A1,False
ARHGEF37,False
AC022100.1,False
PPARGC1B,False
PDE6A,False
SLC26A2,False
TIGD6,False
HMGXB3,False
CSF1R,True
PDGFRB,True
CDX1,False
SLC6A7,False
CAMK2A,False
ARSI,False
TCOF1,False
CD74,True
AC011388.1,False
RPS14,False
NDST1-AS1,False
NDST1,False
SYNPO,False
AC011383.1,False
AC008453.2,False
MYOZ3,False
AC008453.1,False
RBM22,False
DCTN4,False
SMIM3,False
IRGM,False
ZNF300,False
GPX3,False
TNIP1,False
ANXA6,False
AC008641.1,False
CCDC69,False
GM2A,False
SLC36A3,False
SLC36A2,False
SLC36A1,False
FAT2,False
AC011337.1,False
AC011374.3,False
AC011374.1,False
SPARC,False
CLMAT3,False
AC011374.2,False
ATOX1,False
AC091982.1,False
AC091982.3,False
G3BP1,False
GLRA1,False
LINC01933,False
AC008571.2,False
NMUR2,False
LINC01470,False
GRIA1,False
LINC01861,False
AC091962.1,False
FAM114A2,False
MFAP3,False
GALNT10,False
SAP30L-AS1,False
AC008625.1,False
SAP30L,False
HAND1,False
AC026688.2,False
LARP1,False
FAXDC2,False
CNOT8,False
GEMIN5,False
MRPL22,False
KIF4B,False
AC010476.2,False
SGCD,True
AC011351.1,False
AC025434.1,False
PPP1R2B,False
TIMD4,False
HAVCR1,False
HAVCR2,False
AC011377.1,False
MED7,False
ITK,True
FAM71B,False
AC010609.1,True
AC009185.1,False
CYFIP2,False
FNDC9,False
AC016571.1,False
AC008676.1,False
ADAM19,True
NIPAL4,False
AC106801.1,False
SOX30,False
C5orf52,False
THG1L,False
LSM11,False
CLINT1,False
AC025437.5,False
AC025437.4,False
AC025437.3,False
AC025437.2,False
AC025437.1,False
LINC02227,True
AC091979.1,False
AC091979.2,False
AC091939.1,False
EBF1,True
AC136424.2,False
AC136424.1,False
LINC02202,False
RNF145,False
AC134043.2,False
LINC01932,False
UBLCP1,False
AC008691.1,True
IL12B,False
LINC01845,False
AC008703.1,False
LINC01847,False
ADRA1B,False
TTC1,False
PWWP2A,False
FABP6,False
AC008609.1,False
CCNJL,False
C1QTNF2,False
ZBED8,False
SLU7,False
PTTG1,True
MIR3142HG,False
ATP10B,False
AC008456.1,False
AC011363.1,False
LINC02159,False
GABRB2,False
GABRA6,False
AC091944.1,False
GABRA1,False
LINC01202,False
GABRG2,False
AC113414.1,False
CCNG1,False
NUDCD2,False
HMMR,True
HMMR-AS1,False
MAT2B,False
AC010291.1,False
AC008662.1,False
AC008662.2,False
AC109466.1,False
LINC02143,False
AC091973.1,False
LINC01938,False
AC008415.1,False
AC114321.1,False
LINC01947,False
AC091819.2,False
AC091819.1,False
TENM2,False
AC091820.2,False
AC091820.1,False
AC008601.1,False
AC008708.2,False
AC008708.1,False
AC008464.1,False
AC008705.2,False
AC011369.1,False
AC026689.1,False
WWC1,False
RARS,False
FBLL1,False
PANK3,False
AC011365.2,False
SLIT3,False
AC011365.1,False
AC011389.2,False
AC011389.1,False
SPDL1,False
DOCK2,False
AC008680.1,False
INSYN2B,False
FOXI1,False
LINC01187,False
C5orf58,False
LCP2,False
LINC01366,False
AC034199.1,False
KCNIP1,False
KCNMB1,False
AC027306.1,False
AC008619.1,False
AC027312.1,False
AC008514.1,False
GABRP,False
RANBP17,True
AC091980.2,False
TLX3,False
NPM1,False
FGF18,False
AC022440.1,False
AC011410.1,False
SMIM23,False
FBXW11,False
STK10,False
EFCAB9,False
UBTD2,False
SH3PXD2B,False
AC011407.1,False
LINC01944,False
NEURL1B,False
AC027309.1,False
AC022217.2,False
AC022217.3,False
DUSP1,False
AC110011.1,False
ERGIC1,False
AC008429.1,False
AC008429.3,False
RPL26L1,False
ATP6V0E1,False
CREBRF,False
AC008378.1,False
BNIP1,False
NKX2-5,False
STC2,False
AC016573.1,False
AC008632.1,False
AC008663.1,False
AC008663.3,False
AC008663.2,False
BOD1,False
LINC01863,False
LINC01942,False
LINC01484,False
AC008674.1,False
LINC01485,False
CPEB4,False
C5orf47,False
NSG2,False
AC113423.1,False
AC113423.2,False
AC011333.1,False
AC025752.1,False
LINC01411,False
AC108112.1,False
MSX2,False
AC113346.2,False
AC113346.1,False
LINC01951,False
AC008413.2,False
DRD1,False
AC091393.2,False
SFXN1,False
HRH2,False
CPLX2,True
AC138965.2,False
THOC3,False
AC138965.1,False
AC139491.3,False
AC139491.1,False
FAM153B,False
AC139491.4,False
AC139491.8,False
AC139493.2,False
SIMC1,False
KIAA1191,False
AC138956.1,False
AC138956.2,False
ARL10,False
NOP16,False
HIGD2A,False
CLTB,False
FAF2,False
RNF44,False
CDHR2,False
GPRIN1,False
SNCB,False
EIF4E1B,False
TSPAN17,False
AC113391.1,False
AC113391.2,False
LINC01574,False
UNC5A,False
HK3,False
UIMC1,False
ZNF346,False
ZNF346-IT1,False
FGFR4,False
NSD1,False
AC146507.3,False
RAB24,False
MXD3,False
PRELID1,False
LMAN2,False
RGS14,False
SLC34A1,False
PFN3,False
F12,False
GRK6,False
PRR7-AS1,False
PRR7,False
DBN1,False
PDLIM7,False
AC145098.1,False
DOK3,False
DDX41,False
FAM193B,False
AC139795.3,False
TMED9,False
B4GALT7,False
AC139795.2,False
AC138819.1,False
FAM153A,True
AC140125.2,False
AC140125.1,False
AC140125.3,False
AC106795.3,False
AC106795.2,False
AC106795.5,False
PROP1,False
FAM153CP,True
N4BP3,False
RMND5B,False
NHP2,False
GMCL2,False
HNRNPAB,False
PHYKPL,False
COL23A1,False
AC136601.1,False
AC008659.1,False
CLK4,False
AC113348.3,False
AC113348.1,False
ZNF354A,False
ZNF354B,False
ZFP2,False
AC104117.5,False
ZNF454,False
AC104117.3,False
GRM6,False
ZNF879,False
ZNF354C,False
ADAMTS2,False
AC109479.3,False
AC109479.1,False
AC136628.1,False
AC136628.4,False
RUFY1,False
AC136604.2,False
HNRNPH1,False
C5orf60,False
AC136604.3,False
CBY3,False
CANX,False
MAML1,False
LTC4S,False
MGAT4B,False
SQSTM1,False
MRNIP,False
AC008393.1,False
TBC1D9B,False
RNF130,False
AC010285.1,False
AC010285.3,False
RASGEF1C,False
MAPK9,False
AC008610.1,False
GFPT2,False
AC034213.1,False
CNOT6,False
SCGB3A1,False
FLT4,False
LINC02222,False
OR2Y1,False
MGAT1,False
HEIH,False
LINC00847,False
AC022413.2,False
ZFP62,False
BTNL8,False
BTNL3,False
BTNL9,True
OR2V1,False
OR2V2,False
LINC01962,False
AC008443.5,False
TRIM7,False
AC008443.6,False
AC008443.4,False
AC008443.9,False
TRIM41,False
AC008443.2,False
RACK1,False
AC008443.1,False
TRIM52,False
TRIM52-AS1,False
AC008443.8,False
AC008443.3,False
AC138035.1,False
AC138035.2,False
OR4F3,False
AL035696.3,False
AL035696.4,True
AL035696.1,False
AL365272.1,False
DUSP22,False
IRF4,False
AL512308.1,False
EXOC2,False
AL031770.1,False
HUS1B,False
AL357054.2,False
AL357054.4,False
AL357054.5,False
AL357054.3,False
AL392183.1,False
AL356130.1,False
LINC01622,False
AL033381.2,False
AL033381.1,False
AL033381.3,False
FOXQ1,False
LINC01394,False
AL034346.1,False
FOXF2,False
AL512329.2,False
FOXCUT,False
FOXC1,False
GMDS,False
AL035693.1,False
GMDS-DT,True
AL031768.2,False
AL031768.1,False
AL359852.2,False
LINC02521,False
LINC01600,False
MYLK4,False
WRNIP1,False
SERPINB1,False
SERPINB9P1,False
SERPINB9,False
AL133351.2,False
SERPINB6,False
LINC01011,False
NQO2,False
AL133351.1,False
AL031963.2,False
RIPK1,False
AL031963.3,False
BPHL,False
AL031963.1,False
TUBB2A,False
LINC02525,False
TUBB2B,False
PSMG4,False
SLC22A23,True
AL445309.1,False
AL033523.1,False
PXDC1,False
AL391422.4,False
AL391422.3,False
AL391422.2,False
FAM50B,False
AL590004.3,False
AL138831.2,False
AL138831.1,False
PRPF4B,False
FAM217A,False
C6orf201,False
ECI2,False
AL136309.4,False
AL136309.2,False
AL136309.3,False
AL162718.1,False
AL159166.1,False
AL162718.3,False
AL162718.2,False
LINC02533,False
AL034376.2,False
AL034376.1,False
CDYL,False
AL356747.1,False
AL022725.1,False
RPP40,False
AL359643.3,False
AL359643.2,False
PPP1R3G,False
LYRM4,False
FARS2,False
AL021328.1,False
AL022097.1,False
AL136307.1,False
NRN1,False
F13A1,True
LY86-AS1,True
AL162719.1,False
LY86,False
AL031123.2,False
AL031123.1,False
AL031123.4,False
AL031123.5,False
AL136361.1,False
AL158817.1,False
AL139390.1,False
RREB1,False
AL355336.1,False
AL139095.5,False
SSR1,False
AL139095.4,False
CAGE1,False
RIOK1,False
AL031058.1,False
DSP,False
SNRNP48,False
BMP6,False
TXNDC5,True
BLOC1S5,False
EEF1E1,False
AL355499.1,False
AL359378.1,False
SLC35B3,False
HULC,True
AL137220.1,False
TFAP2A,False
TFAP2A-AS2,False
TFAP2A-AS1,False
AL138885.2,False
AL138885.3,False
LINC00518,False
MIR5689HG,False
LINC02522,False
GCNT2,True
AL139039.3,False
AL358777.1,False
C6orf52,False
PAK1IP1,False
TMEM14C,False
AL024498.1,False
TMEM14B,False
MAK,False
GCM2,False
AL357497.1,False
SYCP2L,False
ELOVL2,False
ELOVL2-AS1,False
SMIM13,False
ERVFRD-1,False
AL139807.1,False
NEDD9,False
AL022098.1,False
AL445430.2,False
AL445430.1,False
TMEM170B,True
AL357518.1,False
ADTRP,True
AL022724.3,False
AL022724.2,False
AL157373.1,False
AL157373.2,False
HIVEP1,False
EDN1,False
LINC02530,False
PHACTR1,False
AL008729.1,False
TBC1D7,False
AL008729.2,False
GFOD1,True
GFOD1-AS1,False
SIRT5,False
AL441883.1,True
NOL7,False
RANBP9,False
Z93020.1,False
MCUR1,False
AL023583.1,False
RNF182,False
AL022396.1,False
CD83,True
AL133259.1,True
AL353152.2,False
AL353152.1,False
LINC01108,False
AL080313.2,False
AL080313.1,False
AL009177.1,True
AL109914.1,False
AL138720.1,False
AL136162.1,False
JARID2,False
JARID2-AS1,False
DTNBP1,False
AL021978.1,False
LINC02543,False
MYLIP,False
GMPR,False
AL009031.1,False
ATXN1,False
AL137003.1,False
AL137003.2,False
AL133405.2,False
AL133405.1,False
AL138740.1,False
STMND1,False
AL136305.1,False
RBM24,False
CAP2,False
AL138824.1,False
FAM8A1,False
NUP153,False
AL138724.1,False
KIF13A,True
NHLRC1,False
TPMT,False
KDM1B,False
DEK,False
RNF144B,False
MIR548A1HG,False
AL357052.1,False
AL022068.1,False
ID4,False
AL022726.1,False
MBOAT1,False
AL158198.1,True
AL158198.2,False
AL132775.1,False
AL132775.2,False
E2F3,False
E2F3-IT1,False
CDKAL1,False
AL513188.1,False
AL451080.1,False
AL031767.1,False
AL031767.2,False
LINC00581,False
AL512380.1,False
AL512380.2,False
SOX4,True
CASC15,True
NBAT1,False
PRL,False
HDGFL1,False
AL033539.1,False
AL033539.2,False
AL035401.1,True
AL139231.1,True
NRSN1,False
DCDC2,True
KAAG1,False
MRS2,False
GPLD1,True
ALDH5A1,False
KIAA0319,False
TDP2,False
ACOT13,False
AL031775.1,False
C6orf62,False
AL031775.2,False
LINC02828,False
GMNN,False
ARMH2,False
RIPOR2,False
AL160400.1,False
AL133268.3,False
AL133268.2,False
AL133268.4,False
CARMIL1,False
AL022170.1,False
SCGN,False
HIST1H2AA,False
HIST1H2BA,False
SLC17A4,False
SLC17A1,False
SLC17A3,False
SLC17A2,False
TRIM38,False
U91328.2,False
U91328.1,False
U91328.3,False
HIST1H1A,False
HIST1H3A,False
HIST1H4A,False
HIST1H4B,True
HIST1H3B,False
HIST1H2AB,False
HIST1H2BB,False
HIST1H3C,False
HIST1H1C,False
HFE,False
HIST1H4C,False
HIST1H1T,False
HIST1H2BC,False
HIST1H2AC,True
HIST1H1E,False
HIST1H2BD,False
AL353759.1,False
HIST1H2BE,False
HIST1H4D,False
HIST1H3D,False
HIST1H2AD,False
HIST1H2BF,False
HIST1H4E,False
HIST1H2BG,False
HIST1H2AE,True
HIST1H3E,False
HIST1H1D,False
HIST1H4F,False
HIST1H4G,False
HIST1H3F,False
HIST1H2BH,False
HIST1H3G,False
HIST1H2BI,False
HIST1H4H,False
AL021917.1,True
BTN3A2,False
BTN2A2,False
BTN3A1,False
BTN3A3,False
BTN2A1,False
BTN1A1,False
HCG11,False
HMGN4,False
AL121936.1,False
ABT1,False
AL513548.3,False
ZNF322,False
AL513548.4,False
AL513548.1,False
LINC00240,False
AL133255.1,False
AL590062.1,False
AL021807.1,False
HIST1H2BJ,True
HIST1H2AG,True
HIST1H4I,False
HIST1H2BK,False
HIST1H2AH,False
PRSS16,False
POM121L2,False
ZNF391,False
AL031118.1,False
ZNF184,False
AL021918.4,False
AL021918.5,False
AL021918.3,False
AL009179.3,False
AL009179.1,True
AL009179.2,False
HIST1H2BL,False
HIST1H2AI,False
HIST1H3H,False
HIST1H2AJ,False
HIST1H2BM,False
HIST1H4J,False
HIST1H4K,False
HIST1H2BN,True
HIST1H2AK,False
HIST1H2AL,False
HIST1H1B,False
HIST1H3I,False
HIST1H4L,False
HIST1H3J,False
HIST1H2AM,False
HIST1H2BO,False
OR2B2,False
OR2B6,False
ZSCAN16-AS1,False
AL121944.1,False
ZNF165,False
ZSCAN16,False
AL358933.1,False
ZKSCAN8,False
ZSCAN9,False
ZKSCAN4,False
NKAPL,False
ZSCAN26,False
PGBD1,False
ZSCAN31,False
ZKSCAN3,False
ZSCAN12,False
ZSCAN23,False
Z98745.2,False
Z98745.1,False
GPX6,False
GPX5,False
ZBED9,False
AL049543.1,False
AL121932.2,False
LINC00533,False
AL662890.1,False
LINC01623,False
HCG14,False
TRIM27,False
LINC01556,False
HCG15,False
AL662791.1,False
ZNF311,False
AL662791.2,False
OR2W1,False
OR2B3,False
OR2J1,False
OR2J3,False
AL645937.2,False
AL645937.4,False
OR2J2,False
OR14J1,False
OR5V1,False
OR12D3,False
OR12D2,False
OR11A1,False
OR10C1,False
OR2H1,False
MAS1L,False
LINC02829,False
LINC01015,False
OR2I1P,False
UBD,False
GABBR1,False
OR2H2,True
MOG,False
ZFP57,False
HLA-F,False
HLA-F-AS1,False
AL645939.4,False
AL645939.5,False
HLA-G,False
AL645929.2,False
HLA-A,False
HCG9,False
ZNRD1,False
PPP1R11,False
RNF39,False
TRIM31,False
TRIM31-AS1,False
TRIM40,False
TRIM10,False
TRIM15,False
TRIM26,False
HCG17,False
HCG18,False
TRIM39,False
RPP21,False
AL662873.1,False
HLA-E,False
LINC02569,False
GNL1,False
PRR3,False
ABCF1,False
PPP1R10,False
MRPS18B,False
ATAT1,False
C6orf136,False
DHX16,False
PPP1R18,False
NRM,False
MDC1,False
MDC1-AS1,False
TUBB,False
AL662797.1,False
FLOT1,False
IER3-AS1,False
IER3,False
HCG20,False
LINC00243,False
LINC02570,False
DDR1-DT,False
DDR1,False
GTF2H4,False
VARS2,False
SFTA2,False
MUCL3,False
HCG21,False
MUC21,False
MUC22,False
HCG22,False
C6orf15,False
PSORS1C1,False
CDSN,False
PSORS1C2,False
CCHCR1,False
TCF19,False
POU5F1,False
PSORS1C3,False
AL662844.4,False
HCG27,False
AL662844.3,False
HLA-C,False
HLA-B,False
LINC02571,False
AL671883.3,False
AL645933.2,False
MICA,False
HCP5,False
LINC01149,False
AL645933.3,False
MICB,False
MCCD1,False
DDX39B,False
DDX39B-AS1,False
ATP6V1G2,False
NFKBIL1,False
LTA,False
TNF,False
LTB,False
LST1,True
NCR3,True
AIF1,True
PRRC2A,False
BAG6,False
APOM,False
C6orf47,False
C6orf47-AS1,False
GPANK1,False
CSNK2B,False
LY6G5B,False
LY6G5C,False
ABHD16A,False
LY6G6F,False
LY6G6E,False
LY6G6D,False
MPIG6B,False
LY6G6C,False
DDAH2,False
CLIC1,False
MSH5,False
SAPCD1,False
SAPCD1-AS1,False
VWA7,False
VARS,False
LSM2,False
HSPA1L,False
HSPA1A,False
HSPA1B,False
SNHG32,False
NEU1,False
SLC44A4,False
EHMT2-AS1,False
EHMT2,False
C2,False
ZBTB12,False
C2-AS1,False
CFB,False
NELFE,False
SKIV2L,False
DXO,False
STK19,False
C4A,False
C4A-AS1,False
C4B,False
C4B-AS1,False
CYP21A2,False
TNXB,False
AL662884.5,False
ATF6B,False
FKBPL,False
PRRT1,False
AL662884.3,True
PPT2,False
EGFL8,False
AGPAT1,False
RNF5,False
AGER,False
AL662884.1,False
PBX2,False
GPSM3,False
NOTCH4,False
TSBP1-AS1,True
TSBP1,True
BTNL2,False
HLA-DRA,True
HLA-DRB5,True
HLA-DRB1,True
HLA-DQA1,True
HLA-DQB1,True
HLA-DQB1-AS1,False
AL662789.1,False
HLA-DQA2,False
HLA-DQB2,False
HLA-DOB,True
TAP2,False
PSMB8,False
PSMB8-AS1,False
PSMB9,False
TAP1,False
HLA-DMB,False
HLA-DMA,False
BRD2,False
AL645941.1,False
AL645941.3,False
HLA-DOA,False
HLA-DPA1,True
HLA-DPB1,True
HCG24,False
COL11A2,False
RXRB,False
SLC39A7,False
HSD17B8,False
RING1,False
AL645940.1,False
HCG25,False
VPS52,False
RPS18,False
B3GALT4,False
WDR46,False
PFDN6,False
RGL2,False
TAPBP,False
ZBTB22,False
DAXX,False
SMIM40,False
KIFC1,False
PHF1,False
CUTA,False
SYNGAP1,False
SYNGAP1-AS1,False
ZBTB9,False
BAK1,False
LINC00336,False
ITPR3,False
UQCC2,False
IP6K3,False
LEMD2,False
MLN,False
AL138889.3,False
LINC01016,False
AL138889.1,False
GRM4,False
HMGA1,False
SMIM29,False
AL354740.1,False
NUDT3,False
RPS10-NUDT3,False
RPS10,False
PACSIN1,True
SPDEF,False
ILRUN,False
AL451165.2,False
SNRPC,False
UHRF1BP1,False
TAF11,False
ANKS1A,False
AL591002.1,False
TCP11,False
SCUBE3,False
Z97832.2,False
ZNF76,False
DEF6,False
PPARD,False
FANCE,False
RPL10A,False
TEAD3,False
TULP1,False
AL033519.4,False
FKBP5,False
AL033519.5,False
AL157823.2,False
ARMC12,False
CLPSL2,False
CLPSL1,False
CLPS,False
LHFPL5,False
SRPK1,False
SLC26A8,True
MAPK14,False
MAPK13,False
Z84485.1,False
BRPF3,False
PNPLA1,False
BNIP5,False
ETV7,False
Z84484.1,False
PXT1,False
KCTD20,False
STK38,False
SRSF3,False
PANDAR,False
CDKN1A,False
DINOL,False
RAB44,False
CPNE5,True
Z85996.2,False
Z85996.3,False
PPIL1,False
C6orf89,False
AL122034.1,False
PI16,False
MTCH1,False
FGD2,False
PIM1,False
TMEM217,False
AL353579.1,False
TBC1D22B,False
AL096712.2,False
RNF8,False
CMTR1,False
CCDC167,False
LINC02520,False
AL353597.1,False
MDGA1,False
AL121574.1,False
ZFAND3,False
BTBD9,False
BTBD9-AS1,False
GLO1,False
AL391415.1,False
DNAH8,False
AL034345.2,False
GLP1R,False
SAYSD1,False
KCNK5,False
KCNK17,False
KCNK16,False
KIF6,False
DAAM2,False
AL590999.1,False
MOCS1,False
AL139275.2,False
TDRG1,False
LINC00951,False
AL139275.1,False
LRFN2,True
AL359475.1,False
AL033380.1,False
AL583854.1,False
UNC5CL,False
OARD1,False
TSPO2,False
APOBEC2,False
NFYA,False
AL031778.1,False
TREML1,False
TREM2,False
TREML2,True
TREML4,False
TREM1,True
NCR2,False
FOXP4-AS1,False
LINC01276,False
FOXP4,False
MDFI,False
TFEB,False
AL035588.1,False
PGC,False
AL365205.4,False
FRS3,False
PRICKLE4,True
TOMM6,False
USP49,False
AL365205.3,False
AL160163.1,False
MED20,False
BYSL,False
CCND3,False
AL513008.1,False
TAF8,False
AL512274.1,False
C6orf132,False
GUCA1A,False
AL096814.2,False
AL096814.1,False
GUCA1B,False
MRPS10,False
TRERF1,False
UBR2,False
PRPH2,False
TBCC,False
BICRAL,False
RPL7L1,False
C6orf226,False
AL035587.3,False
PTCRA,False
AL035587.2,False
CNPY3,False
AL035587.1,False
GNMT,False
PEX6,False
PPP2R5D,False
MEA1,False
KLHDC3,False
RRP36,False
AL136304.1,False
CUL7,False
KLC4,False
MRPL2,False
AL355385.1,False
PTK7,False
SRF,False
CUL9,False
AL133375.1,False
DNPH1,False
TTBK1,False
SLC22A7,False
CRIP3,False
ZNF318,False
AL359813.1,True
AL359813.2,False
ABCC10,False
DLK2,False
TJAP1,False
LRRC73,False
POLR1C,False
YIPF3,False
AL355802.3,False
XPO5,False
POLH,False
POLH-AS1,False
GTPBP2,False
MAD2L1BP,False
RSPH9,False
MRPS18A,False
AL136131.2,False
VEGFA,False
AL136131.3,False
AL157371.2,False
LINC02537,False
AL157371.1,False
AL109615.3,False
C6orf223,False
AL109615.2,False
AL109615.4,False
MRPL14,False
TMEM63B,False
CAPN11,False
MYMX,False
SLC29A1,False
HSP90AB1,False
SLC35B2,False
NFKBIE,False
TMEM151B,False
TCTE1,False
AARS2,False
SPATS1,False
CDC5L,False
AL136140.1,False
AL133334.1,False
SUPT3H,False
RUNX2,True
AL096865.1,False
RUNX2-AS1,False
CLIC5,True
AL035701.1,False
ENPP4,False
ENPP5,False
RCAN2,False
AL035670.1,False
CYP39A1,False
SLC25A27,False
AL591242.1,False
TDRD6,False
PLA2G7,False
ANKRD66,False
AL161618.1,False
MEP1A,False
ADGRF5,False
AL096772.1,False
ADGRF1,False
TNFRSF21,True
AL451166.1,False
AL355353.1,False
CD2AP,False
ADGRF2,False
ADGRF4,False
AL356421.2,False
OPN5,False
PTCHD4,False
AL353138.1,True
AL391538.1,False
MMUT,False
CENPQ,False
GLYATL3,False
C6orf141,False
RHAG,False
CRISP2,False
AL121974.1,False
CRISP3,False
PGK2,False
AL359458.1,False
CRISP1,False
DEFB133,False
DEFB114,False
DEFB113,False
DEFB110,False
DEFB112,False
AL138826.1,False
AL132799.1,False
AL360175.1,False
AL135908.1,False
TFAP2D,False
TFAP2B,False
AL355997.1,False
PKHD1,False
LINCMD1,False
IL17A,False
IL17F,False
MCM3,False
PAQR8,False
EFHC1,False
TRAM2,False
TRAM2-AS1,False
TMEM14A,False
GSTA2,False
GSTA1,False
GSTA5,False
GSTA3,False
GSTA4,False
ICK,False
FBXO9,False
AL512347.1,False
GCM1,False
ELOVL5,False
AL034374.1,False
GCLC,False
AL033397.2,False
AL033397.1,False
LINC01564,False
KLHL31,False
AL590652.1,False
LRRC1,False
AL033384.2,False
MLIP,False
AL033384.1,False
MLIP-AS1,False
MLIP-IT1,False
AL359380.1,False
TINAG,False
AL589946.1,False
AL512363.1,False
FAM83B,False
AL049555.1,False
HCRTR2,False
GFRAL,False
HMGCLL1,False
BMP5,False
COL21A1,False
AL031779.1,False
DST,False
AL512422.1,False
BEND6,False
KIAA1586,False
ZNF451,False
ZNF451-AS1,False
BAG2,False
RAB23,False
PRIM2,False
FO680682.1,False
AL021368.3,False
AL021368.5,False
AL021368.1,False
AL021368.2,False
AL445250.1,False
AL590227.1,False
AL512427.2,False
KHDRBS2-OT,False
KHDRBS2,True
AL355347.1,True
FKBP1C,True
LGSN,False
PTP4A1,False
AL135905.1,True
AL135905.2,False
PHF3,False
EYS,False
SCAT8,False
AL357375.1,False
AL713998.1,False
AL713998.3,False
AL713998.4,False
AL646090.2,False
AL646090.1,False
AL593844.1,False
LINC02549,False
AL606923.2,False
AL391807.1,False
ADGRB3,True
LMBRD1,False
COL19A1,True
COL9A1,False
AL160262.1,False
AL080275.1,False
AL365226.2,False
AL365226.1,False
FAM135A,False
SDHAF4,False
AL583856.2,False
SMAP1,False
B3GAT2,False
AL096709.1,False
AL589935.1,False
AL589935.3,False
OGFRL1,False
AL136164.1,False
LINC00472,False
LINC01626,False
AL035467.2,False
RIMS1,False
FO393414.3,False
KCNQ5,True
KCNQ5-IT1,False
KCNQ5-AS1,False
KHDC1L,False
KHDC1,False
AC019205.1,False
DPPA5,False
KHDC3L,False
OOEP,False
OOEP-AS1,False
DDX43,False
CGAS,False
MTO1,False
AL603910.1,False
EEF1A1,False
AL121972.1,False
SLC17A5,False
AL590428.1,False
CD109,False
AL357507.1,False
AL356277.3,False
AL356277.2,False
COL12A1,False
COX7A2,False
TMEM30A,False
AL080250.1,False
FILIP1,False
AL445465.1,False
AL445465.2,False
SENP6,False
MYO6,False
IMPG1,False
LINC02540,False
AL591030.1,False
AL355612.1,True
HTR1B,False
MEI4,False
AL121718.1,False
AL450327.1,False
IRAK1BP1,False
PHIP,False
AL356776.2,False
HMGN3,False
HMGN3-AS1,False
LCAL1,False
AL391840.1,False
LCA5,False
AL391840.3,False
AL451064.1,False
SH3BGRL2,False
LINC01621,False
AL132875.3,False
AL132875.2,False
ELOVL4,False
AL133475.1,False
TTK,False
AL591135.2,False
BCKDHB,True
AL359715.3,False
AL359715.1,False
AL359715.2,False
TENT5A,True
AL122017.1,False
AL359693.1,False
AL078599.2,False
LINC01526,False
LINC02542,False
AL360157.1,False
IBTK,False
AL121977.2,False
TPBG,False
UBE3D,True
AL355613.1,False
DOP1A,False
PGM3,False
RWDD2A,False
ME1,False
PRSS35,False
SNAP91,False
AL136972.1,False
AL139232.1,False
RIPPLY2,False
CYB5R4,False
AL034347.1,False
LINC02857,False
MRAP2,False
CEP162,False
LINC01611,True
TBX18,True
TBX18-AS1,False
AL035694.1,False
LINC02535,False
NT5E,False
SNX14,False
SYNCRIP,False
SNHG5,False
AL450338.2,False
HTR1E,False
CGA,False
AL139274.2,False
ZNF292,False
GJB7,False
SMIM8,False
C6orf163,False
CFAP206,False
SLC35A1,False
RARS2,False
ORC3,False
AKIRIN2,False
AL136096.1,False
SPACA1,False
CNR1,False
AL139042.1,False
AL139090.1,False
RNGTT,False
AL353135.1,False
PNRC1,False
SRSF12,False
AL353135.2,False
PM20D2,False
GABRR1,False
GABRR2,False
UBE2J1,False
RRAGD,False
ANKRD6,True
AL159174.1,False
LYRM2,False
MDN1,False
AL096678.1,False
CASP8AP2,False
GJA10,False
BACH2,False
AL121787.1,False
AL158136.1,False
AL132996.1,False
MAP3K7,False
AL080284.1,False
CASC6,False
AL590814.1,False
AL133457.1,False
AL359987.1,False
LINC02531,False
AL138731.1,False
EPHA7,False
AL591519.1,False
AL356094.2,False
AL391336.1,False
AL157378.1,False
MANEA-DT,False
MANEA,False
AL034348.1,False
FUT9,False
UFL1-AS1,False
UFL1,False
FHL5,False
AL033379.1,False
GPR63,False
NDUFAF4,False
KLHL32,False
MMS22L,True
AL589740.1,False
AL080316.1,False
AL590727.1,False
AL589826.2,False
POU3F2,False
FBXL4,False
FAXC,False
COQ3,False
PNISR,False
AL513550.1,False
USP45,False
TSTD3,False
CCNC,False
PRDM13,False
MCHR2,False
MCHR2-AS1,False
SIM1,False
Z86062.2,False
ASCC3,False
AL133338.1,False
GRIK2,False
AP002528.1,False
AL357139.2,False
AL590608.1,False
AL357522.1,False
HACE1,False
AL357315.1,False
LIN28B-AS1,False
LIN28B,False
BVES,False
BVES-AS1,False
POPDC3,False
PREP,False
AL133406.2,False
AL096794.1,False
LINC02836,False
AL591518.1,False
PRDM1,False
ATG5,False
AL022067.1,False
AL356859.1,False
CRYBG1,False
AL109920.1,False
RTN4IP1,False
QRSL1,True
LINC02526,False
LINC02532,False
CD24,False
MTRES1,False
BEND3,False
PDSS2,False
SOBP,True
AL121957.1,False
SCML4,False
SEC63,False
AL024507.2,False
Z98200.1,False
OSTM1,False
OSTM1-AS1,False
NR2E1,False
SNX3,False
Z98742.4,False
Z98742.1,False
AFG1L,False
AL139106.1,False
FOXO3,False
LINC00222,False
Z95118.2,False
ARMC2,False
ARMC2-AS1,False
SESN1,False
AL390208.1,False
CEP57L1,False
CD164,False
AL359711.2,False
PPIL6,False
SMPD2,True
MICAL1,False
ZBTB24,False
AL109947.1,False
AK9,False
FIG4,False
AL512303.1,False
GPR6,False
AL590009.1,False
WASF1,False
CDC40,False
METTL24,False
AL050350.1,False
DDO,False
SLC22A16,False
AC002464.1,False
CDK19,False
AMD1,False
GTF3C6,False
RPF2,False
SLC16A10,True
AL360227.1,False
MFSD4B,False
AL080317.1,False
REV3L,False
AL080317.2,False
REV3L-IT1,False
TRAF3IP2-AS1,False
AL008730.1,False
TRAF3IP2,False
Z97989.1,False
FYN,False
LINC02527,False
CCN6,False
TUBE1,False
FAM229B,True
LAMA4,False
Z99289.1,False
Z99289.2,False
Z99289.3,False
AL365214.2,False
RFPL4B,False
AL365214.4,False
AL357514.1,False
AL360015.1,False
AL589684.1,False
LINC02518,False
AL513123.1,False
LINC02541,False
FO393415.3,False
MARCKS,True
LINC01268,False
FO393415.1,False
HDAC2,False
HDAC2-AS2,False
HS3ST5,False
AL138830.2,False
AL138830.1,False
AL590550.1,False
LINC02534,False
FRK,False
AL357141.1,False
NT5DC1,False
COL10A1,False
AL050331.2,False
TSPYL4,False
DSE,False
TSPYL1,False
Z84488.1,False
CALHM6,False
AL445224.1,False
TRAPPC3L,False
CALHM5,False
CALHM4,False
RWDD1,False
RSPH4A,False
ZUP1,False
KPNA5,False
FAM162B,False
GPRC6A,False
RFX6,False
Z98880.1,False
VGLL2,False
ROS1,False
AL132671.1,False
DCBLD1,True
GOPC,False
NUS1,False
SLC35F1,False
CEP85L,False
PLN,False
Z99496.2,False
MCM9,False
ASF1A,False
AL137009.1,False
FAM184A,True
MAN1A1,False
AL078600.1,False
AL096854.1,False
AL357513.1,False
TBC1D32,True
GJA1,False
HSF2,False
SERINC1,False
PKIB,False
AL512283.2,False
AL512283.1,False
AL512283.3,False
FABP7,False
SMPDL3A,False
AL591428.1,False
CLVS2,False
TRDN,False
TRDN-AS1,False
AL445259.1,False
AL133257.1,False
NKAIN2,True
AL354936.1,False
RNF217-AS1,False
RNF217,False
TPD52L1,False
HDDC2,False
AL121938.1,False
AL450332.1,False
AL365259.1,False
LINC02523,False
HEY2,False
NCOA7,False
NCOA7-AS1,False
HINT3,False
TRMT11,False
CENPW,False
AL035603.1,False
RSPO3,False
RNF146,False
ECHDC1,False
KIAA0408,False
SOGA3,False
C6orf58,False
LINC02536,False
THEMIS,True
PTPRK,True
AL590006.1,True
AL034349.1,False
LAMA2,False
AL356124.1,False
AL356124.2,False
ARHGAP18,False
TMEM244,False
L3MBTL3,False
AL355581.1,False
SAMD3,True
TMEM200A,False
AL583803.1,False
SMLR1,False
EPB41L2,True
AKAP7,False
ARG1,False
MED23,False
ENPP3,False
OR2A4,False
CTAGE9,False
ENPP1,False
AL117378.1,False
CCN2,False
AL133346.1,False
AL021408.1,False
LINC01013,True
MOXD1,False
STX7,False
TAAR9,False
TAAR8,False
TAAR6,False
TAAR5,False
AL513524.1,False
TAAR2,False
TAAR1,False
VNN1,True
VNN3,True
VNN2,False
AL032821.1,False
SLC18B1,False
RPS12,True
LINC00326,False
AL591115.1,True
EYA4,False
AL024497.1,False
AL024497.2,False
TARID,False
AL450270.1,False
LINC01312,False
TCF21,False
TBPL1,False
SLC2A12,False
AL449363.2,False
SGK1,False
AL355881.1,False
LINC01010,False
Z84486.1,False
CT69,False
AL078590.2,False
AL078590.1,False
AL596188.1,False
AL121970.1,False
ALDH8A1,False
AL445190.1,False
HBS1L,False
AL353596.1,False
MYB,False
MYB-AS1,False
AL023693.1,False
AHI1,False
AL049552.1,False
AL049552.2,False
LINC00271,False
AL035604.1,False
AL133319.1,False
PDE7B,True
AL360178.1,False
AL360178.2,False
AL138828.1,False
MTFR2,False
BCLAF1,False
AL023284.4,False
MAP7,True
AL024508.2,False
MAP3K5,False
AL024508.1,False
AL121933.2,False
PEX7,False
SLC35D3,False
AL135902.1,False
AL135902.2,False
IL20RA,False
IL22RA2,False
IFNGR1,False
OLIG3,False
AL356234.2,True
AL356234.3,False
LINC02539,False
WAKMAR2,False
TNFAIP3,True
AL591468.2,False
AL591468.1,False
LINC02528,False
PERP,False
ARFGEF3,False
PBOV1,False
SMIM28,False
HEBP2,False
NHSL1,True
AL590617.2,False
GVQW2,False
CCDC28A,False
ECT2L,False
REPS1,False
ABRACL,False
HECA,False
AL031772.1,False
TXLNB,True
AL592429.2,True
CITED2,False
LINC01625,False
FILNC1,False
AL050338.1,False
AL050338.2,False
AL357146.1,False
AL035446.2,False
AL035446.1,False
AL355596.2,False
AL355596.1,False
NMBR,False
NMBR-AS1,False
GJE1,False
VTA1,False
AL360007.1,False
ADGRG6,False
AL359313.1,False
AL355337.1,False
AL023584.1,False
HIVEP2,False
AL023584.2,False
AL355304.1,False
LINC01277,False
AL023581.2,False
AIG1,False
AL023581.1,False
ADAT2,False
PEX3,False
FUCA2,False
PHACTR2,False
PHACTR2-AS1,False
LTV1,False
ZC2HC1B,False
PLAGL1,False
HYMAI,False
SF3B5,False
STX11,False
UTRN,False
AL024474.2,False
AL023283.1,False
EPM2A,False
AL023806.1,False
AL023806.2,False
AL356599.1,False
AL023806.4,False
FBXO30,False
SHPRH,False
GRM1,False
RAB32,False
AL359547.1,False
ADGB,False
STXBP5-AS1,False
AL138916.1,False
AL138916.2,False
LUADT1,False
STXBP5,False
SAMD5,False
AL033504.1,False
AL365271.1,False
AL445123.2,False
AL445123.1,False
AL359382.1,False
AL359382.2,False
AL513164.1,False
SASH1,True
UST,True
UST-AS1,False
AL357992.1,True
AL031056.1,False
TAB2,False
TAB2-AS1,False
AL031056.2,False
SUMO4,False
ZC3H12D,False
PPIL4,False
AL078581.3,False
GINM1,False
AL078581.4,False
AL078581.2,False
KATNA1,False
LATS1,False
AL358852.1,True
NUP43,False
PCMT1,False
AL355312.2,False
LRP11,False
AL355312.4,False
AL355312.3,False
RAET1E,False
RAET1E-AS1,False
RAET1G,False
ULBP2,False
ULBP1,False
RAET1L,False
AL355497.2,False
ULBP3,False
PPP1R14C,False
IYD,False
PLEKHG1,True
AL450344.3,False
AL450344.1,False
AL450344.2,False
MTHFD1L,True
AL133260.2,False
AL138733.1,False
AL138733.2,False
AKAP12,True
ZBTB2,False
RMND1,False
ARMT1,False
CCDC170,False
ESR1,True
AL356311.1,False
AL078582.2,False
AL078582.1,False
SYNE1,True
SYNE1-AS1,False
AL049548.1,False
NANOGP11,False
MYCT1,False
VIP,False
LINC02840,False
FBXO5,False
AL080276.2,False
MTRF1L,False
RGS17,False
AL590867.1,False
AL358134.1,False
OPRM1,False
IPCEF1,False
CNKSR3,False
AL357075.3,False
AL357075.4,False
SCAF8,False
TIAM2,False
AL596202.1,False
TFB1M,False
CLDN20,False
AL031773.1,False
NOX3,False
AL589693.1,True
AL512658.2,False
AL512658.1,False
AL355297.3,False
ARID1B,False
AL355297.4,False
AL355297.2,False
AL049820.1,False
TMEM242,False
AL390955.2,False
AL117344.2,True
ZDHHC14,True
SNX9,False
AL391863.2,False
AL391863.1,False
AL035634.1,False
SYNJ2,False
AL139330.1,False
SYNJ2-IT1,False
SERAC1,False
GTF2H5,False
TULP4,False
AL360169.2,False
AL360169.3,False
AL360169.1,False
TMEM181,False
DYNLT1,False
SYTL3,False
EZR,False
EZR-AS1,False
AL627422.2,False
C6orf99,False
RSPH3,False
AL035530.2,False
TAGAP,False
AL356417.3,False
AL356417.1,False
AL356417.2,False
FNDC1,False
FNDC1-IT1,False
AL357832.1,False
LINC02529,False
AL078604.4,True
AL078604.2,False
SOD2,False
WTAP,False
SOD2-OT1,False
ACAT2,False
TCP1,False
MRPL18,False
PNLDC1,False
AL035691.1,False
MAS1,False
IGF2R,False
AIRN,False
SLC22A1,False
SLC22A2,False
AL162582.1,False
SLC22A3,False
AL591069.1,False
LPA,False
AL109933.1,False
PLG,False
AL109933.5,False
AL391361.2,False
AL139393.2,False
AL139393.1,False
AL139393.3,False
MAP3K4,False
AGPAT4,False
PRKN,True
AL132982.1,False
AL138716.1,False
PACRG,True
AL590286.2,False
PACRG-AS2,False
AL137182.1,False
PACRG-AS3,False
PACRG-AS1,False
AL031121.2,False
AL031121.3,False
CAHM,False
QKI,False
AL445307.1,False
AL078602.1,False
AL137005.1,False
AL136225.1,False
Z97205.2,False
Z97205.1,False
AL358972.1,False
AL450345.2,False
AL450345.1,False
AL133538.1,False
C6orf118,False
PDE10A,False
AL590302.2,False
AL590302.1,False
LINC00602,False
AL627443.3,False
AL627443.1,False
TBXT,False
AL121956.1,False
AL121956.4,False
PRR18,False
AL121956.6,False
SFT2D1,False
AL022069.3,False
MPC1,False
AL022069.1,False
RPS6KA2,False
RPS6KA2-IT1,False
RAMACL,False
AL023775.2,False
RPS6KA2-AS1,False
RNASET2,False
Z94721.1,True
Z94721.3,False
FGFR1OP,False
CCR6,False
AL121935.1,True
AL121935.2,False
TCP10L2,False
GPR31,False
AL121935.3,False
AL353747.4,False
AL353747.3,False
AL353747.2,False
UNC93A,False
TTLL2,False
TCP10,False
AL356123.1,False
LINC02538,False
AL356123.2,False
LINC02487,False
LINC01558,False
AL009178.2,False
AL009178.3,False
AFDN-DT,False
AFDN,True
HGC6.3,False
KIF25-AS1,False
KIF25,False
FRMD1,False
AL611929.1,False
AL606970.5,False
AL606970.4,False
AL606970.2,False
AL606970.3,False
DACT2,False
AL606970.1,False
AL138918.1,False
SMOC2,False
AL136099.1,False
AL513210.1,False
AL109924.4,False
AL109924.1,False
AL109924.2,False
AL136129.1,False
LINC01615,False
LINC02544,False
BX322234.1,True
THBS2,False
BX322234.2,False
LINC02519,True
AL009176.1,False
AL135910.1,False
WDR27,False
C6orf120,False
PHF10,False
AL354892.2,False
AL354892.1,False
TCTE3,False
ERMARD,False
AL354892.3,False
LINC00242,False
LINC00574,False
AL049612.1,False
AL603783.1,False
AL596442.4,False
AL596442.3,False
AL596442.1,False
AL596442.2,False
AL109910.1,False
AL109910.2,False
LINC01624,False
DLL1,False
FAM120B,False
AL078605.1,False
AL008628.1,False
PSMB1,False
TBP,False
PDCD2,False
AL031259.1,False
AL672310.1,False
AL731661.1,False
AL731684.1,False
AC215522.3,False
AC215522.2,False
AC093627.1,False
AC093627.6,False
AC093627.22,True
AC093627.5,False
AC093627.4,False
AC093627.7,False
AC093627.2,False
AC093627.3,False
FAM20C,False
AC187653.1,False
AC188616.1,False
AC226118.1,False
AC188617.1,False
AC188617.2,False
AC147651.3,False
PDGFA,False
AC147651.1,False
PRKAR1B,False
AC147651.2,False
AC147651.4,False
DNAAF5,False
SUN1,False
GET4,False
AC073957.3,False
ADAP1,False
COX19,False
CYP2W1,False
C7orf50,False
AC073957.1,False
GPR146,False
AC073957.2,False
AC091729.1,False
AC091729.2,False
GPER1,False
ZFAND2A,False
AC091729.3,False
UNCX,False
AC073094.1,False
MICALL2,False
AC102953.1,False
AC102953.2,False
INTS1,False
AC093734.1,False
MAFK,False
TMEM184A,False
PSMG3,False
PSMG3-AS1,False
AC074389.2,False
ELFN1,False
AC074389.3,False
AC074389.1,False
ELFN1-AS1,False
MAD1L1,False
AC104129.1,False
MRM2,False
NUDT1,False
SNX8,False
EIF3B,False
CHST12,False
GRIFIN,False
LFNG,False
BRAT1,False
IQCE,False
TTYH3,False
AMZ1,False
GNA12,False
CARD11,True
AC004906.1,False
AC024028.1,False
AC073316.1,False
AC073316.2,False
AC073316.3,False
SDK1,True
AC011284.1,False
AC017000.1,False
AC072054.1,False
FOXK1,False
AC092428.1,False
AP5Z1,False
RADIL,False
PAPOLB,False
MMD2,False
RBAK,False
RBAKDN,False
WIPI2,False
SLC29A4,True
TNRC18,False
AC093620.1,False
AC092171.1,False
AC092171.4,False
AC092171.3,False
AC092171.5,False
FBXL18,False
AC092171.2,False
ACTB,False
AC006483.2,False
FSCN1,False
RNF216,False
RNF216-IT1,False
OCM,False
CCZ1,False
RSPH10B,False
PMS2,False
AIMP2,False
EIF2AK1,False
ANKRD61,False
AC004895.1,False
USP42,False
CYTH3,False
FAM220A,False
AC009412.1,False
RAC1,False
DAGLB,False
KDELR2,False
GRID2IP,False
ZDHHC4,False
AC079742.1,False
C7orf26,False
ZNF853,False
ZNF316,False
AC073343.2,False
ZNF12,False
RSPH10B2,False
CCZ1B,False
AC079804.3,False
C1GALT1,False
AC005532.1,False
COL28A1,True
AC004982.1,False
AC004982.2,False
MIOS,False
AC004948.1,False
RPA3,False
UMAD1,False
AC006042.4,False
AC006042.2,False
GLCCI1,True
ICA1,False
AC006042.1,False
AC007009.1,False
AC007128.2,False
NXPH1,False
AC004852.2,False
AC060834.2,False
AC010991.1,False
AC004936.1,False
AC004879.1,False
AC004949.1,False
AC004415.1,False
NDUFA4,False
AC007029.1,False
PHF14,False
AC004160.1,True
THSD7A,False
AC004160.2,False
TMEM106B,False
VWDE,False
AC013470.2,False
AC005281.1,False
SCIN,False
AC011891.2,False
ARL4A,False
AC011287.1,True
AC011287.2,False
AC005019.2,False
ETV1,False
DGKB,False
AC006150.1,False
AC006458.1,False
AGMO,False
MEOX2,False
AC005550.2,False
LINC02587,False
AC005550.1,False
AC006041.2,False
AC006041.1,False
CRPPA,True
CRPPA-AS1,False
SOSTDC1,False
AC005014.3,False
LRRC72,False
AC005014.2,False
ANKMY2,False
AC005014.4,False
BZW2,False
AC073333.1,True
TSPAN13,False
AGR2,False
AGR3,False
AHR,True
AC073332.1,False
AC019117.2,False
AC019117.1,False
AC006482.1,False
SNX13,False
PRPS1L1,False
HDAC9,True
AC010082.1,False
AC004994.1,False
TWIST1,False
AC003986.2,False
AC003986.3,False
AC003986.1,False
FERD3L,False
AC007091.1,False
TWISTNB,False
TMEM196,False
AC004543.1,False
AC005062.1,False
AC007001.1,False
MACC1,True
MACC1-AS1,False
AC005083.1,False
AC099342.1,False
AC004130.2,False
ITGB8,False
ABCB5,False
SP8,False
LINC01162,False
AC080068.1,False
SP4,False
DNAH11,True
CDCA7L,False
RAPGEF5,True
STEAP1B,True
AC002480.1,False
AC002480.2,True
AC073072.1,False
IL6,False
TOMM7,False
AC005682.2,False
SNHG26,True
FAM126A,False
KLHL7-DT,False
KLHL7,False
NUP42,False
AC005082.2,False
AC005082.1,False
GPNMB,False
MALSU1,False
IGF2BP3,False
TRA2A,False
CCDC126,False
FAM221A,False
AC006026.3,False
STK31,False
AC003087.1,False
AC004485.1,False
NPY,False
AC003044.1,False
MPP6,True
GSDME,False
AC003093.1,False
OSBPL3,False
CYCS,False
C7orf31,False
NPVF,False
AC004129.3,False
AC003985.1,False
AC005100.1,False
AC005100.2,False
AC091705.1,False
AC005165.1,False
AC005165.3,False
AC018706.1,False
AC010719.1,False
NFE2L3,False
HNRNPA2B1,False
CBX3,False
AC010677.2,False
SNX10,False
AC004540.2,False
AC004540.1,False
KIAA0087,False
AC004947.1,False
AC004947.3,False
LINC02860,False
SKAP2,False
HOXA1,False
HOTAIRM1,False
HOXA2,False
HOXA3,False
HOXA-AS2,False
HOXA4,False
HOXA-AS3,False
HOXA5,False
HOXA6,False
HOXA7,False
AC004080.4,False
HOXA9,False
HOXA10-AS,False
HOXA10,False
HOXA11,False
HOXA11-AS,False
AC004080.2,False
HOXA13,False
HOTTIP,False
AC004080.17,False
AC004080.1,False
EVX1-AS,False
EVX1,False
AC004009.1,False
HIBADH,True
AC007130.1,False
AC005091.1,False
TAX1BP1,False
JAZF1,True
AC004549.1,False
JAZF1-AS1,False
CREB5,True
TRIL,False
AC005013.1,False
AC005162.3,False
AC005162.2,False
CPVL,True
AC005162.1,False
AC005232.1,False
AC004593.3,False
CHN2,False
AC004593.2,False
AC004593.1,False
AC007255.1,False
PRR15,False
WIPF3,False
SCRN1,False
AC007285.1,False
FKBP14,False
PLEKHA8,False
AC007285.2,False
AC007036.5,False
MTURN,False
AC007036.2,False
AC007036.3,False
AC007036.1,False
ZNRF2,False
LINC01176,False
NOD1,False
AC006027.1,False
GGCT,False
GARS-DT,False
AC005154.4,False
AC005154.3,False
GARS,False
CRHR2,False
INMT,False
MINDY4,False
AC004691.1,False
AQP1,False
GHRHR,False
ADCYAP1R1,False
AC006398.1,False
NEUROD6,False
AC005090.1,False
ITPRID1,False
PPP1R17,False
PDE1C,False
AC018637.1,False
LSM5,False
AVL9,False
AC018645.3,False
LINC00997,False
AC018648.1,False
KBTBD2,False
FKBP9,False
NT5C3A,False
RP9,False
BBS9,False
AC008080.1,False
AC008080.2,False
AC008080.4,False
AC008080.3,False
BMPER,False
AC007350.1,False
AC009262.1,False
NPSR1-AS1,True
NPSR1,False
DPY19L1,False
AC005400.1,False
TBX20,False
AC009531.1,False
AC007652.3,False
AC007652.2,False
AC007652.1,False
AC018647.3,False
HERPUD2,False
AC018647.2,False
AC018647.1,False
SEPTIN7-AS1,False
SEPTIN7,False
AC083864.5,False
AC083864.2,False
AC083864.4,False
AC083864.1,False
AC083864.3,False
EEPD1,False
AC007327.2,False
AC006960.3,False
KIAA0895,False
ANLN,False
AC006960.2,False
AOAH,True
AOAH-IT1,False
AC007349.4,False
AC007349.1,False
AC007349.3,False
AC007349.2,False
ELMO1,False
ELMO1-AS1,False
GPR141,False
EPDR1,False
NME8,False
SFRP4,False
STARD3NL,False
TRGC2,True
TRGJ2,False
TRGJP2,False
TRGC1,True
TRGJ1,False
TRGJP,False
TRGJP1,False
TRGV11,False
TRGVB,False
TRGV10,False
TRGV9,False
TRGVA,False
AC006033.2,False
TRGV8,False
TRGV7,False
TRGV6,False
TRG-AS1,True
TRGV5P,False
TRGV5,False
TRGV4,False
TRGV3,False
TRGV2,False
TRGV1,False
AMPH,False
VPS41,False
POU6F2,True
POU6F2-AS2,False
POU6F2-AS1,False
AC011290.1,False
YAE1,False
AC004837.3,False
AC004837.4,False
RALA,False
AC004837.2,False
LINC00265,False
AC072061.1,False
CDK13,False
MPLKIP,False
SUGCT,True
AC004988.1,False
AC005160.1,False
LINC01450,False
LINC01449,False
INHBA,False
INHBA-AS1,False
GLI3,False
LINC01448,False
AC010132.1,False
AC010132.4,False
C7orf25,False
PSMA2,False
MRPL32,False
AC005537.1,False
HECW1,False
HECW1-IT1,False
AC004692.2,False
LUARIS,False
STK17A,False
COA1,False
BLVRA,False
MRPS24,False
URGCP,False
UBE2D4,False
SPDYE1,False
AC004951.1,False
LINC00957,False
DBNL,False
PGAM2,False
AC017116.1,False
POLM,True
AEBP1,False
POLD2,False
MYL7,False
GCK,False
YKT6,False
CAMK2B,False
NUDCD3,False
NPC1L1,False
DDX56,False
TMED4,False
AC004938.2,False
OGDH,False
ZMIZ2,False
AC013436.1,False
PPIA,False
H2AFV,False
LINC01952,False
PURB,False
AC004854.2,False
AC004847.1,False
MYO1G,False
SNHG15,False
CCM2,False
NACAD,False
TBRG4,False
RAMP3,False
AC073968.2,True
AC073325.1,True
ADCY1,False
CCDC201,False
IGFBP1,False
IGFBP3,False
AC073115.2,False
AC073115.1,False
AC023669.1,False
AC023669.2,False
AC004869.2,False
AC004869.1,False
AC011294.1,False
AC004870.4,False
AC004870.2,False
AC004870.3,False
AC087175.1,False
TNS3,False
LINC01447,False
C7orf65,False
PKD1L1,True
LINC00525,False
C7orf69,False
HUS1,False
SUN3,False
C7orf57,False
UPP1,False
ABCA13,False
AC091770.1,False
LINC02838,False
CDC14C,False
AC091730.1,False
AC092448.1,False
VWC2,True
ZPBP,False
AC034148.1,False
SPATA48,False
AC020743.1,False
AC020743.2,False
AC020743.3,False
IKZF1,False
AC124014.1,False
FIGNL1,False
DDC,False
DDC-AS1,False
GRB10,False
AC005153.1,False
AC004920.1,False
AC004830.2,False
COBL,False
AC005999.2,False
AC005999.1,False
AC006478.1,False
AC006478.2,False
AC079763.1,False
AC006459.1,False
POM121L12,False
AC009468.2,False
AC009468.1,False
LINC01446,False
LINC02854,False
AC092848.2,False
AC092848.1,False
LINC01445,False
VSTM2A,False
VSTM2A-OT1,False
AC011228.1,False
AC011228.2,False
SEC61G,False
AC074351.1,False
EGFR,False
EGFR-AS1,False
ELDR,False
LANCL2,False
VOPP1,False
AC099681.1,False
AC099681.3,False
AC099681.2,False
SEPTIN14,False
ZNF713,True
NIPSNAP2,False
MRPS17,False
PSPH,False
CCT6A,False
SUMF2,False
PHKG1,False
CHCHD2,False
NUPR2,False
AC006970.3,False
AC092447.4,False
AC092447.8,False
AC092447.5,False
AC095038.5,False
AC095038.4,False
AC118758.3,False
ZNF479,False
AC099654.15,False
AC099654.1,False
AC099654.16,False
AC237221.1,False
ZNF716,False
AC069285.2,False
AC006455.1,False
AC006455.5,False
AC006455.4,False
AC073188.3,False
AC073188.4,False
AC073188.2,False
AC073188.5,False
AC073188.6,False
AC092634.4,False
LINC02848,False
AC092634.8,False
AC115220.1,False
LINC01005,False
AC115220.3,False
ZNF727,False
AC091685.1,False
ZNF735,False
ZNF679,False
AC073270.1,False
ZNF736,False
AC073270.2,False
ZNF680,False
AC016769.5,False
AC016769.6,False
ZNF107,False
ZNF138,False
AC073349.4,False
AC073349.5,False
ZNF273,False
AC073349.1,False
AC073210.3,False
ZNF117,False
ERV3-1,False
AC104073.4,False
ZNF92,False
AC114501.3,False
AC093582.1,False
VKORC1L1,False
GUSB,False
ASL,False
CRCP,False
AC068533.3,False
TPST1,True
LINC00174,True
AC008267.5,False
KCTD7,False
AC006001.2,False
RABGEF1,False
AC027644.3,False
LINC02604,False
TMEM248,False
SBDS,False
TYW1,False
SPDYE21P,False
AC006480.2,False
AC005482.1,False
AC092637.1,False
AC006013.1,False
AC093655.1,False
AC104688.1,False
AC069280.2,False
AC092100.1,False
AC069280.1,False
CT66,False
AUTS2,True
GALNT17,False
CALN1,False
TYW1B,False
POM121,False
AC211476.2,False
AC211476.6,True
TRIM74,False
SPDYE8P,False
SPDYE17,False
SPDYE9P,False
NSUN5,False
TRIM50,False
FKBP6,False
FZD9,False
BAZ1B,False
BCL7B,False
TBL2,False
MLXIPL,False
AC005089.1,False
VPS37D,False
DNAJC30,False
BUD23,False
STX1A,True
ABHD11,False
CLDN3,False
CLDN4,False
METTL27,False
TMEM270,False
AC099398.1,False
ELN,False
ELN-AS1,False
LIMK1,False
EIF4H,False
LAT2,False
RFC2,False
AC005081.1,False
CLIP2,False
GTF2IRD1,False
AC211433.2,False
GTF2I,False
AC211433.1,False
NCF1,False
GTF2IRD2,False
CASTOR2,False
RCC1L,False
GTF2IRD2B,False
AC211486.5,False
AC211486.2,False
AC211486.7,False
AC211486.8,False
AC211486.6,False
TRIM73,False
POM121C,False
SPDYE5,False
HIP1,True
CCL26,False
CCL24,False
RHBDD2,False
POR,False
TMEM120A,False
STYXL1,False
MDH2,False
SRRM3,False
HSPB1,False
YWHAG,False
SSC4D,True
ZP3,False
DTX2,False
AC005522.1,False
UPK3B,False
SPDYE16,False
POMZP3,False
AC006972.1,False
AC007003.1,False
AC114737.1,False
CCDC146,False
FGL2,False
AC098851.1,False
GSAP,False
AC004921.1,False
AC004921.2,False
PTPN12,False
APTR,False
RSBN1L,False
TMEM60,False
PHTF2,False
AC004990.1,False
MAGI2,True
AC006043.1,False
MAGI2-AS1,False
MAGI2-AS2,False
AC006355.2,False
AC074024.1,False
MAGI2-AS3,False
AC073048.1,False
GNAI1,False
AC003988.1,False
AC004862.1,False
CD36,True
GNAT3,False
SEMA3C,True
AC005008.2,False
HGF,False
CACNA2D1,False
AC006145.1,False
PCLO,False
AC079799.1,False
SEMA3E,False
SEMA3A,False
AC003984.1,False
AC074183.1,False
SEMA3D,False
LINC00972,False
GRM3,False
AC005009.1,False
AC005009.2,False
KIAA1324L,False
AC004023.1,False
AC005076.1,False
DMTF1,False
TMEM243,False
TP53TG1,False
CROT,False
ABCB4,True
ABCB1,True
RUNDC3B,False
SLC25A40,False
DBF4,False
ADAM22,True
SRI,False
AC003991.2,False
AC003991.1,False
STEAP4,False
AC002069.2,False
ZNF804B,True
TEX47,False
AC002383.1,False
STEAP2-AS1,False
AC004969.1,False
STEAP1,False
STEAP2,False
CFAP69,False
AC002064.2,False
AC002064.1,False
FAM237B,False
GTPBP10,False
CLDN12,False
CDK14,True
AC002456.1,False
AC002458.1,False
FZD1,False
AC079760.2,False
AC079760.1,True
AC000058.1,False
MTERF1,False
AC003086.1,False
AKAP9,False
CYP51A1,False
CYP51A1-AS1,False
LRRD1,True
KRIT1,False
AC000120.1,False
ANKIB1,False
GATAD1,False
AC007566.1,False
ERVW-1,False
PEX1,False
RBM48,False
FAM133B,False
CDK6,True
AC000065.2,False
AC000065.1,False
AC002454.1,False
SAMD9,False
SAMD9L,False
HEPACAM2,False
VPS50,False
CALCR,False
GNGT1,True
TFPI2,False
AC002076.1,False
GNG11,False
BET1,False
AC006378.1,False
AC003092.1,False
AC003092.2,False
AC002074.1,False
AC002074.2,False
COL1A2,False
CASD1,False
SGCE,False
PEG10,False
PPP1R9A,True
AC002429.2,False
PON1,False
PON3,False
PON2,False
AC005021.1,False
AC004012.1,False
ASB4,False
AC002451.1,False
PDK4,False
DYNC1I1,True
SLC25A13,False
SEM1,False
DLX6-AS1,False
DLX6,False
DLX5,False
SDHAF3,False
TAC1,False
ASNS,False
AC079781.5,False
OCM2,False
LMTK2,False
BHLHA15,False
TECPR1,False
BRI3,False
BAIAP2L1,False
AC093799.1,False
NPTX2,False
TMEM130,False
TRRAP,False
AC004893.3,False
SMURF1,False
KPNA7,False
AC004834.1,False
ARPC1A,False
ARPC1B,False
PDAP1,False
BUD31,False
PTCD1,False
CPSF4,False
ATP5MF,False
ZNF789,False
ZNF394,False
ZKSCAN5,True
FAM200A,False
ZNF655,False
TMEM225B,False
ZSCAN25,False
CYP3A5,False
CYP3A7,True
CYP3A4,False
AC069294.1,False
CYP3A43,False
OR2AE1,False
TRIM4,False
GJC3,False
AC004522.3,False
AZGP1,False
AC004522.4,False
AC004522.5,False
ZKSCAN1,False
ZSCAN21,False
ZNF3,False
COPS6,False
MCM7,False
AP4M1,False
TAF6,False
AC073842.2,True
CNPY4,False
MBLAC1,False
AC073842.1,False
LAMTOR4,False
MAP11,False
GAL3ST4,False
GPC2,False
STAG3,False
CASTOR3,True
PVRIG,False
SPDYE3,False
PILRB,False
PILRA,False
AC005071.1,False
ZCWPW1,False
MEPCE,False
AC092849.2,False
PPP1R35,False
AC092849.1,False
C7orf61,False
TSC22D4,False
AC092849.3,False
NYAP1,False
AC069281.1,False
AGFG2,True
SAP25,False
LRCH4,False
FBXO24,False
PCOLCE-AS1,False
PCOLCE,False
MOSPD3,False
TFR2,False
ACTL6B,False
GNB2,False
GIGYF1,False
POP7,False
EPO,False
ZAN,False
EPHB4,False
SLC12A9,False
SLC12A9-AS1,True
TRIP6,False
SRRT,False
UFSP1,False
ACHE,False
MUC3A,False
AC254629.1,False
MUC12,False
AC105446.1,False
MUC17,False
TRIM56,False
SERPINE1,True
AP1S1,False
VGF,False
NAT16,False
MOGAT3,False
PLOD3,False
ZNHIT1,False
CLDN15,False
FIS1,False
LNCPRESS1,False
AC006329.1,False
IFT22,False
COL26A1,True
LINC01007,False
MYL10,False
CUX1,False
AC005096.1,False
AC005072.1,False
AC005086.2,False
SH2B2,False
SPDYE6,False
PRKRIP1,False
AC073517.1,True
ORAI2,False
ALKBH4,False
LRWD1,False
POLR2J,False
RASA4B,False
UPK3BL2,False
SPDYE2,False
POLR2J3,False
RASA4,False
AC105052.4,False
UPK3BL1,False
SPDYE2B,False
POLR2J2,False
AC105052.5,False
FAM185A,False
FBXL13,False
LRRC17,False
NFE4,False
AC073127.1,False
ARMC10,False
NAPEPLD,False
PMPCB,False
DNAJC2,False
PSMC2,False
SLC26A5,False
AC005064.1,False
RELN,False
ORC5,False
LHFPL3,False
LHFPL3-AS1,False
LHFPL3-AS2,False
AC007384.1,False
LINC01004,False
KMT2E-AS1,False
KMT2E,False
AC005070.3,False
SRPK2,False
AC004884.2,False
PUS7,False
RINT1,False
EFCAB10,False
AC073073.2,False
ATXN7L1,False
CDHR3,False
SYPL1,False
NAMPT,False
AC007032.1,False
AC004917.1,False
AC005050.3,False
AC005050.1,False
AC005050.2,False
CCDC71L,False
LINC02577,False
PIK3CG,False
PRKAR2B,False
AC006387.1,False
HBP1,False
AC004492.1,False
COG5,False
GPR22,False
DUS4L,False
AC004839.2,False
BCAP29,False
SLC26A4-AS1,False
SLC26A4,False
AC002467.1,False
CBLL1,False
SLC26A3,False
DLD,False
LAMB1,False
AC005046.1,False
LAMB4,False
NRCAM,True
PNPLA8,False
THAP5,False
DNAJB9,False
AC005487.1,False
C7orf66,False
AC004014.1,False
AC002386.1,False
AC073071.1,False
AC073114.1,False
AC073326.2,False
IMMP2L,False
AC073326.1,False
LRRN3,True
DOCK4,True
AC003077.1,False
DOCK4-AS1,False
ZNF277,False
AC004112.1,False
IFRD1,False
LSMEM1,False
AC002463.1,False
TMEM168,False
BMT2,False
AC018464.1,False
GPR85,False
AC073346.1,False
SMIM30,False
AC073348.2,False
PPP1R3A,False
FOXP2,False
AC073626.1,False
AC003992.1,False
MDFIC,False
LINC01393,False
LINC01392,True
AC092590.1,False
AC093714.1,False
AC093714.2,False
TFEC,True
TES,False
AC073130.2,False
AC002066.1,False
AC073130.1,False
CAV2,False
CAV1,False
AC006159.1,False
AC006159.2,False
LINC01510,False
MET,False
CAPZA2,False
ST7-AS1,False
ST7,False
ST7-OT4,False
AC106873.1,False
ST7-AS2,False
AC002542.6,False
WNT2,False
AC002465.1,False
AC002465.2,False
ASZ1,False
CFTR,False
CFTR-AS1,False
AC000061.1,False
CTTNBP2,False
AC003084.1,False
LSM8,False
ANKRD7,True
AC002529.1,False
LINC02476,False
AC004946.1,False
AC004946.2,False
KCND2,True
AC004888.1,False
TSPAN12,False
ING3,False
CPED1,True
AC006364.1,False
WNT16,False
FAM3C,False
AC004875.1,False
PTPRZ1,False
AASS,False
AC015983.2,True
FEZF1,False
FEZF1-AS1,False
CADPS2,False
AC004594.1,False
RNF133,False
RNF148,False
TAS2R16,False
AC073311.1,False
SLC13A1,False
IQUB,False
AC073323.1,False
NDUFA5,False
ASB15,False
AC006333.1,False
LMOD2,False
WASL,False
AC006333.2,False
HYAL4,False
SPAM1,False
AC004690.2,False
TMEM229A,False
AC006148.1,False
AC006148.2,False
AC004930.1,False
SSU72P8,False
GPR37,False
C7orf77,False
POT1,False
POT1-AS1,True
LINC02830,False
AC019155.2,False
AC003975.1,False
AC000372.1,False
GRM8,False
AC002057.2,False
AC002057.1,False
AC000099.1,False
ZNF800,False
AC000123.1,False
AC000124.1,False
GCC1,False
ARF5,False
FSCN3,False
PAX4,False
AC073934.1,False
SND1,False
SND1-IT1,False
LRRC4,False
LEP,False
AC018635.2,False
RBM28,False
PRRT4,False
IMPDH1,False
HILPDA,False
METTL2B,False
AC090114.2,False
AC018638.7,False
FAM71F2,False
AC018638.6,False
FAM71F1,False
CALU,False
OPN1SW,False
CCDC136,False
FLNC,False
FLNC-AS1,False
KCP,False
ATP6V1F,False
ATP6V1FNB,False
IRF5,False
TNPO3,False
AC011005.1,False
TSPAN33,False
SMO,False
AC011005.4,False
AHCYL2,False
AC009244.2,False
STRIP2,False
SMKR1,False
AC078846.1,False
NRF1,False
AC084864.2,False
AC084864.1,False
UBE2H,False
AC073320.1,False
ZC3HC1,False
KLHDC10,True
AC087071.1,True
TMEM209,False
AC087071.2,False
SSMEM1,False
CPA2,False
CPA4,False
CPA5,False
CPA1,False
CEP41,False
AC007938.1,False
MESTIT1,False
MEST,False
AC007938.2,False
COPG2,False
AC007938.3,False
AUXG01000058.1,False
TSGA13,False
AC234644.2,False
KLF14,False
AC016831.6,False
AC016831.7,False
LINC00513,False
AC016831.1,False
AC016831.5,False
AC058791.1,False
LINC-PINT,False
MKLN1,False
MKLN1-AS,False
AC008264.2,False
PODXL,False
AC009518.1,False
PLXNA4,True
AC018643.1,False
AC011625.1,False
AC009365.1,False
AC009365.3,False
CHCHD3,False
AC009365.4,False
EXOC4,False
LRGUK,True
AC008154.2,False
SLC35B4,False
AC008154.1,False
AC009275.1,False
AKR1B1,False
AKR1B10,False
AKR1B15,False
BPGM,False
AC009276.1,False
CALD1,False
AC083870.1,False
AGBL3,False
CYREN,False
TMEM140,False
AC083862.2,False
AC083862.3,False
WDR91,False
AC009542.1,False
STRA8,False
CNOT4,False
NUP205,False
STMP1,False
SLC13A4,False
AC091736.1,True
FAM180A,False
AC015987.1,False
MTPN,False
LUZP6,False
AC024084.1,False
AC078845.1,False
AC009264.1,False
CHRM2,False
PTN,False
AC078842.2,False
AC078842.1,False
DGKI,True
CREB3L2,False
CREB3L2-AS1,False
AKR1D1,False
AC083867.2,False
TRIM24,False
SVOPL,False
ATP6V0A4,False
TMEM213,False
KIAA1549,False
ZC3HAV1L,False
ZC3HAV1,False
TTC26,False
UBN2,False
FMC1,False
LUC7L2,False
AC083880.1,False
KLRG2,False
CLEC2L,False
HIPK2,False
TBXAS1,False
PARP12,False
KDM7A,False
KDM7A-DT,False
SLC37A3,False
RAB19,False
MKRN1,False
DENND2A,False
AC006452.1,False
ADCK2,False
NDUFB2,False
NDUFB2-AS1,False
BRAF,False
MRPS33,False
TMEM178B,False
AC005692.3,False
AC005692.1,False
AC005692.2,False
AC073878.1,False
AC073878.2,False
AGK,False
AC004918.1,False
DENND11,False
AC004918.4,False
WEE2-AS1,False
WEE2,False
SSBP1,False
TAS2R3,False
TAS2R4,False
TAS2R5,False
PRSS37,False
MGAM,False
OR9A4,False
CLEC5A,False
TAS2R38,False
MGAM2,False
PRSS58,False
AC245088.2,False
TRBV1,False
TRBV2,False
TRBV3-1,False
TRBV4-1,False
TRBV5-1,False
TRBV6-1,False
TRBV7-1,False
TRBV4-2,False
TRBV6-2,False
TRBV7-2,False
TRBV8-1,False
TRBV5-2,False
TRBV6-4,False
TRBV7-3,True
TRBV8-2,False
TRBV5-3,False
TRBV9,False
TRBV10-1,False
TRBV11-1,False
TRBV12-1,False
TRBV10-2,False
TRBV11-2,False
TRBV12-2,False
TRBV6-5,False
TRBV7-4,False
TRBV5-4,False
TRBV6-6,False
TRBV7-5,False
TRBV5-5,False
TRBV6-7,False
TRBV7-6,False
TRBV5-6,False
TRBV6-8,False
TRBV7-7,False
TRBV5-7,False
TRBV7-9,False
TRBV13,False
TRBV10-3,False
TRBV11-3,False
TRBV12-3,False
TRBV12-4,False
TRBV12-5,False
TRBV14,True
TRBV15,False
TRBV16,False
TRBV17,False
TRBV18,False
TRBV19,False
TRBV20-1,True
TRBV21-1,False
TRBV22-1,False
TRBV23-1,True
TRBV24-1,False
MTRNR2L6,False
TRBV25-1,False
TRBVA,False
TRBV26,False
TRBVB,False
TRBV27,False
TRBV28,False
AC244472.1,False
TRBV29-1,False
PRSS1,False
PRSS2,False
TRBD1,False
TRBJ1-1,False
TRBJ1-2,False
TRBJ1-3,False
TRBJ1-4,False
TRBJ1-5,False
TRBJ1-6,False
TRBC1,True
TRBJ2-1,False
TRBJ2-2,False
TRBJ2-2P,False
TRBJ2-3,False
TRBJ2-4,False
TRBJ2-5,False
TRBJ2-6,False
TRBJ2-7,False
TRBC2,True
TRBV30,False
EPHB6,False
TRPV6,False
AC245427.1,False
AC245427.2,False
TRPV5,False
LLCFC1,False
KEL,False
OR9A2,False
OR6V1,False
PIP,False
TAS2R39,False
AC073342.2,False
TAS2R40,False
GSTK1,False
AC073342.1,False
TMEM139,False
CASP2,False
CLCN1,False
FAM131B,False
AC093673.2,False
AC093673.1,False
ZYX,False
EPHA1,True
EPHA1-AS1,False
TAS2R60,False
TAS2R41,False
CTAGE15,False
TCAF2,False
TCAF2C,False
CTAGE6,False
TCAF1,False
OR2F2,False
OR2F1,False
OR6B1,False
OR2A5,False
OR2A25,False
OR2A12,False
OR2A2,False
OR2A14,False
CTAGE4,False
ARHGEF35,False
AC004889.1,False
OR2A42,False
OR2A7,False
CTAGE8,False
OR2A1-AS1,False
OR2A1,True
ARHGEF5,False
NOBOX,False
TPK1,False
AC006007.1,False
CNTNAP2,False
AC006004.1,False
AC005518.1,False
AC006974.1,False
AC006974.2,False
AC005229.5,False
C7orf33,False
AC005229.4,False
CUL1,False
EZH2,False
AC073140.2,False
AC073140.1,False
GHET1,False
PDIA4,False
ZNF786,False
ZNF425,False
ZNF398,False
ZNF282,False
ZNF212,False
ZNF783,False
AC004941.1,False
AC073314.1,False
ZNF777,False
ZNF746,False
KRBA1,False
ZNF467,False
SSPO,False
ZNF862,False
AC004877.1,False
ATP6V0E2-AS1,False
ATP6V0E2,False
AC093458.1,False
AC092681.3,False
AC092681.2,False
AC092666.1,False
AC006008.1,False
ACTR3C,False
ZBED6CL,False
LRRC61,False
AC005586.2,False
RARRES2,False
AC005586.1,False
REPIN1,False
ZNF775,False
AC073111.1,False
AC073111.4,False
LINC00996,True
GIMAP8,False
GIMAP7,False
GIMAP4,False
GIMAP6,False
GIMAP2,False
GIMAP1,False
GIMAP5,False
TMEM176B,False
TMEM176A,False
AOC1,False
KCNH2,False
NOS3,False
ATG9B,False
ABCB8,False
AC010973.1,False
ASIC3,False
CDK5,False
SLC4A2,False
AC010973.2,False
FASTK,False
TMUB1,False
AGAP3,False
GBX1,False
ASB10,False
IQCA1L,False
AC021097.2,False
ABCF2,False
CHPF2,False
SMARCD3,False
AC021097.1,False
AC005486.1,False
NUB1,False
WDR86,False
WDR86-AS1,False
AC005996.1,False
CRYGN,False
RHEB,False
PRKAG2,False
AC093583.1,False
PRKAG2-AS1,False
AC074257.1,False
GALNTL5,False
GALNT11,False
AC006017.1,False
KMT2C,False
LINC01003,False
XRCC2,False
ACTR3B,False
AC006348.1,False
LINC01287,False
AC073236.1,False
AC005998.1,False
DPP6,False
AC006019.3,False
AC006019.1,False
AC006019.2,False
AC024730.1,False
AC073336.1,False
PAXIP1-AS2,False
PAXIP1,False
AC093726.1,False
AC093726.2,False
PAXIP1-AS1,False
HTR5A-AS1,False
HTR5A,False
AC099552.1,False
AC099552.3,False
AC099552.5,False
AC099552.2,False
AC144652.1,False
INSIG1,False
BLACE,False
AC008060.1,False
AC008060.4,False
AC008060.5,False
AC008060.3,False
EN2,False
CNPY1,False
AC009403.2,False
AC008060.2,False
AC009403.3,False
AC009403.1,False
RBM33,False
SHH,False
AC021218.1,False
LINC01006,False
LINC00244,False
RNF32,False
AC005534.1,False
LMBR1,False
AC006357.1,False
NOM1,False
MNX1,False
MNX1-AS2,False
MNX1-AS1,False
AC006967.2,False
AC006967.3,False
UBE3C,False
AC004975.2,False
DNAJB6,False
AC006372.3,False
AC006372.1,False
AC006372.2,False
PTPRN2,False
AC005481.1,False
AC006003.1,False
AC011899.2,False
AC011899.3,False
AC011899.4,False
AC011899.1,False
AC078942.1,False
LINC01022,False
NCAPG2,False
ESYT2,False
WDR60,False
AC004863.1,False
LINC00689,False
VIPR2,False
AC007269.1,False
AC144568.2,False
OR4F21,False
ZNF596,True
AC004908.2,False
AC004908.1,False
AC004908.3,True
AC136777.1,False
FAM87A,False
FBXO25,False
AC083964.1,False
TDRP,False
ERICH1,False
AC100797.1,False
DLGAP2,False
AC100797.5,False
AC026950.2,False
AC129915.3,False
AC110288.1,False
AF067845.2,False
AF067845.1,False
AF067845.5,False
AF067845.4,False
DLGAP2-AS1,False
CLN8,False
AC100810.3,False
AC100810.1,False
AC100810.7,False
ARHGEF10,False
AC019257.9,False
AC019257.1,False
KBTBD11-OT1,False
KBTBD11,False
AC019257.2,False
AC245164.1,False
MYOM2,False
AC245164.2,False
AC245519.1,False
AC245519.2,False
AC245187.2,False
AC245187.1,False
AC245123.1,False
AC246817.2,True
AC246817.1,False
AC115485.1,False
CSMD1,False
AC026991.1,False
AC026991.2,False
AC027251.1,False
AC010941.1,False
AC022068.1,False
AC004944.1,False
AC084768.1,False
AC087369.2,False
AC079054.1,False
AC009435.1,False
AC016065.1,False
MCPH1,False
ANGPT2,True
AC018398.1,False
AF287957.1,False
MCPH1-AS1,False
AGPAT5,False
AF233439.3,False
XKR5,False
AF233439.1,False
DEFB1,False
DEFA6,False
AF233439.2,False
DEFA4,False
DEFA1,False
DEFA1B,False
DEFA3,False
DEFA5,False
FAM66B,False
USP17L1,False
USP17L4,False
ZNF705G,False
DEFB4B,False
DEFB103B,False
SPAG11B,False
DEFB104B,False
DEFB106B,False
DEFB105B,False
DEFB107B,False
PRR23D1,False
AC134684.11,False
AC134684.8,False
AC134684.9,False
AC084121.9,False
AC084121.11,False
AC084121.6,False
AC084121.12,False
AC084121.8,False
AC084121.7,False
AC084121.5,False
AC084121.13,False
PRR23D2,False
DEFB107A,False
DEFB105A,False
DEFB106A,False
DEFB104A,False
SPAG11A,False
DEFB103A,False
DEFB4A,False
ZNF705B,False
FAM66E,False
USP17L8,False
USP17L3,False
FAM85B,False
AC068020.1,False
PRAG1,True
AC103957.1,False
AC103957.2,False
AC114550.2,False
AC114550.3,False
AC114550.1,False
AC087269.3,False
CLDN23,False
AC087269.1,False
MFHAS1,True
ERI1,False
PPP1R3B,False
AC022784.5,False
AC022784.1,True
AC022784.6,False
AC022784.2,False
AC022784.3,False
AC021736.1,False
AC021242.2,False
AC021242.3,False
TNKS,False
LINC00599,False
AC034111.2,True
AC034111.1,False
MSRA,True
AC023385.1,False
AC079200.1,False
AC104964.3,False
AC104964.1,False
AC104964.2,False
PRSS51,False
AC104964.4,False
PRSS55,False
RP1L1,False
C8orf74,False
SOX7,False
AC105001.1,False
PINX1,False
AC011008.1,False
XKR6,True
AF131215.3,False
AF131215.6,False
AF131215.5,False
AF131215.4,False
AF131215.2,False
AF131215.7,False
LINC00529,False
AF131216.4,False
MTMR9,False
AF131216.1,False
SLC35G5,False
AF131216.3,False
FAM167A-AS1,True
FAM167A,False
AF131216.5,False
BLK,True
AC022239.1,False
LINC00208,False
AC022239.2,False
GATA4,False
C8orf49,False
NEIL2,False
FDFT1,False
AC069185.1,False
CTSB,False
AC025857.2,False
AC107918.5,False
AC107918.6,False
DEFB136,False
DEFB135,False
DEFB134,False
DEFB130B,False
ZNF705D,False
FAM66D,False
USP17L7,False
USP17L2,False
FAM86B1,False
AC145124.1,False
DEFB130A,False
FAM66A,False
AC087203.3,False
FAM86B2,False
AC068587.4,False
AC130352.1,False
LONRF1,False
AC123777.1,False
LINC00681,False
TRMT9B,False
DLC1,False
AC106845.1,False
AC019270.1,False
C8orf48,False
AC022832.2,False
AC022690.2,False
SGCZ,False
AC022039.1,False
AC084838.1,False
TUSC3,False
AC018437.3,False
AC018437.2,False
MSR1,False
AC011586.2,False
AC011586.1,False
FGF20,False
MICU3,False
AC079193.2,True
ZDHHC2,False
CNOT7,False
VPS37A,False
MTMR7,False
SLC7A2,False
AP006248.4,False
PDGFRL,False
AP006248.6,False
MTUS1,False
AC124069.1,False
AC027117.2,False
AC027117.1,False
FGL1,False
AC087273.1,False
AC087273.2,False
PCM1,False
ASAH1,False
AC124242.1,False
AC124242.3,False
NAT1,False
AC025062.3,False
NAT2,False
PSD3,False
AC100800.1,False
AC009884.1,False
AC100849.1,False
AC100849.2,False
AC068880.3,False
AC068880.2,False
SH2D4A,False
CSGALNACT1,True
AC090541.1,False
INTS10,False
LPL,False
AC100802.1,False
SLC18A1,False
ATP6V1B2,False
LZTS1,False
LZTS1-AS1,False
AC023403.1,False
AC018541.1,False
AC015468.3,False
AC021613.1,True
AC015468.1,False
AC015468.2,False
LINC02153,False
AC103719.1,False
AC021613.3,False
AC021355.1,False
GFRA2,False
DOK2,False
XPO7,False
NPM2,False
FGF17,False
DMTN,False
FAM160B2,True
NUDT18,False
HR,False
REEP4,False
LGI3,False
SFTPC,False
BMP1,False
AC105206.1,False
AC105206.3,False
PHYHIP,False
POLR3D,False
AC105206.2,False
PIWIL2,True
SLC39A14,False
PPP3CC,False
AC087854.1,False
SORBS3,False
AC037459.4,False
AC037459.3,False
PDLIM2,False
C8orf58,False
CCAR2,False
AC037459.2,False
BIN3,False
AC105046.1,False
EGR3,False
AC055854.1,False
AC105046.2,False
PEBP4,False
AC037441.1,False
AC037441.2,False
AC107959.1,False
RHOBTB2,False
TNFRSF10B,False
AC107959.2,False
AC107959.3,False
TNFRSF10C,False
TNFRSF10D,False
TNFRSF10A-AS1,False
TNFRSF10A,False
AC100861.1,False
AC100861.2,False
CHMP7,False
R3HCC1,False
LOXL2,False
AC090197.1,False
ENTPD4,False
AC104561.1,False
AC104561.4,False
AC104561.3,False
SLC25A37,False
NKX3-1,False
NKX2-6,False
AC012574.1,False
AC012574.2,False
STC1,False
AC023202.1,False
ADAM28,True
AC120193.1,True
ADAMDEC1,False
ADAM7,False
AC024958.1,False
AF106564.1,False
NEFM,False
NEFL,False
AC107373.2,False
AC107373.1,False
AC107373.3,False
AC041005.1,False
DOCK5,False
GNRH1,False
AC091185.1,False
KCTD9,False
CDCA2,False
AC009623.1,False
AC009623.2,False
AC009623.3,False
AC090103.1,False
EBF2,False
PPP2R2A,False
BNIP3L,False
AC011726.2,False
AC011726.3,False
PNMA2,False
DPYSL2,False
ADRA1A,False
AC090150.2,False
AC090150.1,False
STMN4,False
TRIM35,False
PTK2B,False
CHRNA2,False
EPHX2,False
CLU,False
SCARA3,False
AC013643.2,False
CCDC25,False
ESCO2,False
PBK,False
SCARA5,False
AC069113.2,False
NUGGC,True
ELP3,False
AC021678.2,False
PNOC,False
ZNF395,False
FBXO16,False
AC025871.3,False
AC025871.2,False
AC025871.1,False
FZD3,False
EXTL3,False
EXTL3-AS1,False
INTS9,False
INTS9-AS1,False
HMBOX1,False
HMBOX1-IT1,False
AC108449.2,False
KIF13B,False
AC108449.3,False
AC108449.1,True
DUSP4,False
AC084262.2,False
AC084262.1,False
AC084026.2,False
AC084026.1,False
LINC00589,False
LINC02099,False
AC131254.1,False
AC131254.3,False
AC131254.2,False
LINC02209,False
SARAF,False
AC044849.1,False
LEPROTL1,False
MBOAT4,False
AC026979.2,False
DCTN6,False
AC026979.1,False
AC026979.4,False
AC026979.3,False
AC090820.2,False
RBPMS-AS1,False
RBPMS,False
GTF2E2,False
AC102945.1,False
SMIM18,False
GSR,False
UBXN8,False
PPP2CB,False
TEX15,False
PURG,False
WRN,False
AC009563.1,True
AC068672.2,False
AC068672.3,False
AC068672.1,False
AC090816.1,False
NRG1,True
AC068931.1,False
NRG1-IT1,False
NRG1-IT3,False
AC083977.1,False
AC090204.1,False
AC067838.1,False
FUT10,False
TTI2,False
MAK16,False
RNF122,False
DUSP26,False
AF279873.3,True
AF279873.4,False
AC087855.2,False
AC090993.1,False
AC087855.1,False
LINC01288,False
AC099685.1,False
UNC5D,False
AC105230.1,False
AC124290.1,False
AC124290.2,True
AC090809.1,False
KCNU1,True
AC092818.1,False
AC091182.1,False
AC091182.2,False
LINC01605,True
AC124067.1,False
AC124067.2,False
AC124067.3,False
AC124067.4,False
AC137579.2,False
AC137579.1,False
ZNF703,False
AC138356.3,False
AC138356.1,False
ERLIN2,False
PLPBP,False
ADGRA2,False
BRF2,False
RAB11FIP1,True
GOT1L1,False
ADRB3,False
EIF4EBP1,False
AP006545.1,False
AP006545.3,False
AP006545.2,False
ASH2L,False
AC084024.1,False
STAR,False
AC084024.3,False
LSM1,False
BAG4,False
AC084024.4,False
DDHD2,False
PLPP5,False
NSD3,False
AC087362.2,False
AC087362.1,False
AC087623.2,False
LETM2,False
FGFR1,True
AC087623.3,False
AC087623.1,False
C8orf86,False
AC069120.1,False
AC016813.1,False
TACC1,False
AC067817.1,False
AC067817.2,False
PLEKHA2,False
AC108863.2,False
HTRA4,False
TM2D2,False
ADAM9,False
ADAM32,False
ADAM18,False
ADAM2,False
IDO1,False
AC007991.3,False
AC007991.2,False
AC007991.4,False
IDO2,False
AC087518.1,False
AC022733.1,False
TCIM,False
AC022733.2,False
SIRLNT,False
AC105999.1,False
AC010857.1,False
ZMAT4,True
AC048387.1,False
SFRP1,False
AC104393.1,False
AC016868.1,False
GOLGA7,False
AC009630.1,False
GINS4,False
AC009630.2,False
AC009630.4,False
GPAT4,False
AC009630.3,False
NKX6-3,False
ANK1,False
AC113133.1,False
AC027702.1,False
KAT6A,False
AC103724.4,False
AC103724.3,False
AP3M2,True
PLAT,False
AC083973.1,False
IKBKB,False
POLB,False
DKK4,False
VDAC3,False
SLC20A2,False
AC090739.1,False
SMIM19,False
CHRNB3,False
AC103843.1,False
CHRNA6,False
THAP1,False
AC087533.1,False
RNF170,False
HOOK3,False
FNTA,False
POMK,False
HGSNAT,False
AC021451.2,False
AC021451.3,False
LINC00293,False
AC091163.1,False
AC091163.2,False
AC120036.5,False
AC120036.4,False
IGLV8OR8-1,False
SPIDR,False
AC024451.4,False
CEBPD,False
PRKDC,False
AC021236.1,False
MCM4,False
UBE2V2,False
AC026904.1,False
AC026904.2,False
AC022915.2,False
LINC02599,False
LINC02847,False
AC022915.1,False
AC022915.3,False
EFCAB1,False
AC100805.1,False
SNAI2,False
AC013701.2,False
AC044893.2,False
PPDPFL,False
AC044893.1,False
AC090155.2,False
AC090155.1,False
AC113145.1,False
AC023762.1,False
SNTG1,False
AC090539.1,False
AC012413.1,True
PXDNL,False
AC090186.1,False
PCMTD1,False
AC103769.1,False
AC064807.1,False
AC064807.4,False
AC064807.2,False
AC064807.3,False
ST18,True
AC021915.2,False
AC021915.1,False
AC103831.1,False
ALKAL1,False
RB1CC1,False
AC113139.1,False
NPBWR1,False
AC009646.2,False
OPRK1,False
AC131902.1,False
AC022034.3,False
AC022034.1,False
AC022034.4,False
ATP6V1H,False
RGS20,False
AC113194.1,False
TCEA1,False
AC100821.2,False
LYPLA1,False
MRPL15,False
AC027250.2,False
SOX17,False
RP1,False
AC084834.1,False
XKR4,False
AC022679.2,False
AC022679.1,False
AC090200.1,False
TMEM68,False
TGS1,False
LYN,False
AC018607.1,False
RPS20,False
CERNA3,False
MOS,False
PLAG1,False
CHCHD7,False
AC107952.2,False
SDR16C5,False
PENK,False
AC012349.1,False
LINC00968,False
AC013644.1,False
AC009597.1,False
IMPAD1,False
LINC01606,False
AC025674.2,False
LINC00588,False
AC068075.1,False
AC068075.2,False
AC090796.1,False
AC104051.1,False
AC104051.2,False
LINC01602,False
AC012103.1,False
FAM110B,False
AC104350.1,False
AC027698.1,False
AC092819.3,False
AC092819.1,False
AC092819.2,False
UBXN2B,False
CYP7A1,False
SDCBP,False
NSMAF,False
TOX,True
AC105150.1,False
AC090152.1,False
AC087664.1,False
AC087664.2,False
AC021393.1,False
CA8,False
LINC01301,False
RAB2A,False
AC068389.3,False
AC068389.1,False
AC068389.2,False
CHD7,False
AC113143.1,False
AC113143.3,False
AC022182.1,True
AC022182.2,False
CLVS1,True
AC023866.2,False
AC023866.1,False
ASPH,False
AC091173.1,False
LINC02842,False
AC025524.1,False
LINC02155,False
AC023095.1,False
NKAIN3,True
AC018861.2,False
AC090577.1,False
NKAIN3-IT1,False
AC120042.1,False
GGH,False
AC120042.2,False
TTPA,False
YTHDF3-AS1,False
YTHDF3,False
AC011978.2,False
AC011124.1,False
AC011124.2,False
AC018953.1,False
AC018953.2,False
LINC01414,False
AC069133.1,False
LINC01289,False
MIR124-2HG,False
AC012535.1,False
AC090136.3,False
BHLHE22,False
CYP7B1,False
AC104232.2,False
AC104232.3,False
AC104232.1,False
LINC00251,False
LINC01299,False
AC100814.1,False
ARMC1,False
MTFR1,False
AC055822.1,False
PDE7A,False
AC100812.1,True
DNAJC5B,False
AC084082.1,False
TRIM55,False
CRH,False
LINC00967,False
AC009879.4,False
RRS1-AS1,False
RRS1,False
ADHFE1,False
VXN,False
MYBL1,True
VCPIP1,False
SGK3,False
MCMDC2,False
SNHG6,False
TCF24,False
PPP1R42,True
COPS5,False
CSPP1,False
ARFGEF1,False
AC021321.2,False
AC021321.1,False
CPA6,False
AC022874.1,False
PREX2,False
AC011853.2,False
C8orf34-AS1,False
C8orf34,False
AC083967.1,False
LINC01592,False
AC021785.1,False
LINC01603,False
SULF1,False
SLCO5A1,True
AC091047.1,False
AC079089.1,True
PRDM14,False
NCOA2,False
AC022730.3,False
AC022730.4,False
AC120194.1,False
TRAM1,False
LACTB2-AS1,False
LACTB2,False
XKR9,False
AC022858.1,False
EYA1,False
AC009446.1,False
AC104012.1,False
MSC-AS1,True
MSC,False
TRPA1,False
AC078906.1,False
AC011131.1,False
KCNB2,False
AC013562.1,False
AC090735.1,False
AC022893.2,False
TERF1,False
AC022893.3,False
AC022893.1,False
SBSPON,True
AC100823.1,False
C8orf89,False
RPL7,False
RDH10,False
RDH10-AS1,False
AC111149.1,False
AC111149.2,False
STAU2-AS1,False
STAU2,False
AC027018.1,False
UBE2W,False
AC022868.2,False
ELOC,False
TMEM70,False
LY96,False
AC087672.2,False
AC087627.1,False
AC087672.1,False
JPH1,False
GDAP1,False
AC103952.1,False
MIR2052HG,True
AC115837.2,False
AC011632.1,False
PI15,False
AC011632.2,False
CRISPLD1,False
AC100782.1,False
AC022274.1,False
CASC9,True
HNF4G,False
AC011029.1,False
AC067773.1,False
LINC01111,False
ZFHX4-AS1,False
AC013509.1,False
ZFHX4,False
AC023200.1,False
PEX2,False
AC062004.1,False
AC084706.1,False
PKIA-AS1,True
PKIA,True
AC068700.1,False
AC068700.2,False
ZC2HC1A,False
IL7,True
AC083837.1,False
LINC02605,False
AC138646.1,False
STMN2,False
AC016240.1,False
HEY1,False
LINC01607,False
AC036214.1,False
AC036214.4,False
MRPS28,False
AC036214.2,False
AC009686.2,False
TPD52,True
AC009686.1,False
AC034114.2,False
AC009812.1,False
ZBTB10,False
AC009812.3,False
AC009812.4,False
ZNF704,True
AC012533.1,False
PAG1,False
AC022778.1,False
AC079209.2,False
AC079209.1,False
AC009902.3,False
AC009902.2,False
FABP5,False
AC018616.1,False
PMP2,False
FABP9,False
FABP4,False
AC023644.1,False
FABP12,False
IMPA1,False
SLC10A5,False
ZFAND1,False
CHMP4C,False
AC132219.1,False
SNX16,False
LINC02235,False
AC060765.2,False
LINC02839,False
AC060765.1,False
AC105031.2,False
LINC01419,False
AC015522.1,False
RALYL,False
LRRCC1,False
AC011773.4,False
E2F5,False
AC011773.1,False
RBIS,False
CA13,False
AC011773.3,False
AC011773.2,False
CA1,True
CA3,False
CA3-AS1,False
CA2,False
AC084734.1,False
AC100801.1,False
LINC02849,False
AC100801.2,False
ATP6V0D2,False
PSKH2,False
AC023194.3,False
AC084128.1,False
SLC7A13,False
AC103760.1,False
WWP1,False
RMDN1,False
CPNE3,False
CNGB3,False
AC090572.3,True
AC090572.2,False
CNBD1,False
AF121898.1,False
DCAF4L2,False
AC037450.1,False
MMP16,False
AC090578.1,False
AC090578.2,False
AC090578.3,False
AF117829.1,False
RIPK2,True
OSGIN2,False
NBN,False
DECR1,False
CALB1,False
AC004083.1,False
LINC00534,True
LINC01030,False
TMEM64,False
AC106038.1,False
NECAB1,False
AC103770.1,False
C8orf88,False
PIP4P2,False
AC087439.1,False
AC087439.2,False
OTUD6B-AS1,False
OTUD6B,False
LRRC69,False
SLC26A7,True
AC103409.1,False
RUNX1T1,True
AF181450.1,False
AC022695.2,False
AC022695.3,False
AC091096.1,False
AC104211.2,False
AC104211.4,False
AC104211.1,False
AC104211.3,False
AC117834.2,False
AC117834.1,False
TRIQK,False
C8orf87,False
LINC00535,False
AC016885.1,False
AC016885.2,False
FAM92A,False
AC120053.1,False
AC010834.3,False
RBM12B,False
AC010834.1,False
AC010834.2,False
TMEM67,False
AC084346.1,False
PDP1,False
MIR378D2HG,False
AP003351.1,False
CDH17,False
GEM,True
RAD54B,False
FSBP,True
VIRMA,False
AC023632.5,False
AC023632.2,False
AC108860.2,False
ESRP1,False
DPY19L4,False
AP003692.1,False
INTS8,False
CCNE2,False
AC087752.4,False
NDUFAF6,False
TP53INP1,False
AC087752.3,False
AC068189.2,False
MIR3150BHG,False
AC068189.1,False
PLEKHF2,False
C8orf37-AS1,True
LINC01298,False
C8orf37,False
AC083836.1,False
AC012339.1,False
AP003465.2,False
GDF6,False
UQCRB,False
AP003465.1,False
MTERF3,False
PTDSS1,False
AP003548.1,False
SDC2,False
CPQ,False
AP003117.2,False
AP003117.1,False
AP003115.1,False
TSPYL5,False
AP002982.2,False
MTDH,False
LAPTM4B,False
MATN2,False
RPL30,False
AP003352.1,False
ERICH5,False
RIDA,False
POP1,False
NIPAL2,False
STK3,False
KCNS2,False
AP003355.2,False
AP003467.1,False
AC016877.3,False
OSR2,False
VPS13B-DT,False
AC016877.1,False
VPS13B,False
AC107909.2,False
AC107909.1,False
AC018442.2,False
COX6C,False
AC105328.1,False
RGS22,False
FBXO43,False
POLR2K,False
SPAG1,False
RNF19A,False
AP001574.1,False
AP003472.1,False
AP003472.2,False
AP000424.1,False
AP000424.2,False
ANKRD46,False
SNX31,False
AP001205.1,False
PABPC1,False
AC027373.1,False
YWHAZ,False
AC018781.1,False
AP003469.2,False
AP003469.1,False
AP003469.3,False
AP003469.4,False
ZNF706,False
AP001330.4,False
LINC02844,False
AP001330.5,False
AP001330.1,False
LINC02845,False
AP001208.1,False
AP001207.3,False
GRHL2,False
NCALD,True
AP000426.1,False
RRM2B,False
UBR5-AS1,False
UBR5,False
AP002907.1,False
AP002852.1,False
ODF1,False
KLF10,False
AP002851.1,False
GASAL1,False
AZIN1,False
AP003696.1,False
AZIN1-AS1,False
AP003354.1,False
AP003550.1,False
ATP6V1C1,False
LINC01181,False
BAALC-AS2,False
BAALC,False
BAALC-AS1,False
AC025370.1,False
FZD6,False
AC025370.2,False
CTHRC1,False
AC012213.3,False
SLC25A32,False
DCAF13,False
AC012213.2,False
AC012213.4,False
AC012213.1,False
RIMS2,False
DPYS,False
DCSTAMP,False
AP003471.1,False
LRP12,False
ZFPM2,False
AC012564.1,False
AC021546.1,False
ZFPM2-AS1,False
AC103853.1,False
AC103853.2,False
AC090802.1,False
AC027031.1,False
AC027031.2,False
OXR1,False
AC090579.1,False
ABRA,False
AP000428.2,False
AP000428.1,False
ANGPT1,True
AC091010.1,False
AC025508.1,False
RSPO2,False
EIF3E,False
AC087620.1,False
EMC2,False
AC022634.2,False
TMEM74,False
AC104248.1,False
TRHR,False
NUDCD1,False
AC021237.1,False
ENY2,False
PKHD1L1,False
EBAG9,False
SYBU,True
AC079061.1,False
KCNV1,False
AC027451.1,False
AC073023.1,False
AC025366.1,False
AP005357.1,False
LINC01608,False
LINC01609,False
AC009930.1,False
LINC02237,False
AC022360.2,False
CSMD3,False
AC024996.1,False
AC055788.2,False
AC055788.1,False
AC103993.1,False
AC064802.1,False
TRPS1,True
AF178030.1,False
LINC00536,False
AC090994.1,False
AC105177.1,False
EIF3H,False
UTP23,False
RAD21,False
RAD21-AS1,False
AARD,False
SLC30A8,True
AC027419.2,False
AC084114.1,False
MED30,False
EXT1,True
SAMD12,True
AC023590.1,True
SAMD12-AS1,False
TNFRSF11B,False
COLEC10,False
AC107953.2,False
MAL2,False
MAL2-AS1,False
AC021733.4,False
CCN3,False
AC021733.2,False
ENPP2,True
TAF2,False
AP005717.2,False
DSCC1,False
AP005717.1,False
DEPTOR,False
AC091563.1,False
COL14A1,False
MRPL13,False
MTBP,False
SNTB1,False
AC104958.1,False
AC104958.2,False
AC068413.1,False
HAS2,False
HAS2-AS1,False
LINC02855,False
AC037486.1,False
SMILR,False
LINC01151,False
AC108136.1,False
AC100872.2,False
AC016405.3,False
AC016405.2,False
ZHX2,False
AC016405.1,False
AC104316.2,False
AC104316.1,False
DERL1,False
TBC1D31,False
AC068228.3,False
FAM83A,False
AC068228.1,False
FAM83A-AS1,False
C8orf76,False
ZHX1,False
ATAD2,False
WDYHV1,False
FBXO32,False
AC090193.1,False
AC135166.1,False
KLHL38,False
ANXA13,False
FAM91A1,False
FER1L6,False
AC090753.1,False
FER1L6-AS1,False
AC100871.2,False
FER1L6-AS2,False
AC090921.1,False
AC090192.2,False
TMEM65,False
TRMT12,False
RNF139-AS1,False
RNF139,False
TATDN1,False
AC090198.1,False
NDUFB9,False
MTSS1,True
AC100858.3,False
LINC00964,True
AC100858.2,False
AC100858.4,False
ZNF572,False
AC009908.1,False
SQLE,False
WASHC5,False
WASHC5-AS1,False
NSMCE2,False
AC084083.1,False
TRIB1,False
AC091114.1,False
AC016074.2,False
AC016074.1,False
LINC00861,False
AC024681.2,False
AC087667.1,False
AC084116.2,False
AC084116.1,False
AC084116.3,False
LRATD2,False
PCAT1,True
AC024382.1,True
CASC19,True
PRNCR1,False
AC018714.2,False
CASC8,True
POU5F1B,False
CCAT2,False
AC104370.1,True
AC108925.1,False
CASC11,False
MYC,False
PVT1,False
AC100822.1,False
LINC00824,False
CCDC26,True
AC103833.2,False
AC011257.1,False
AC103718.1,False
GSDMC,False
AC022973.5,False
FAM49B,False
AC022973.4,False
AC022973.3,False
AC131568.1,False
ASAP1,False
ASAP1-IT2,False
AC009682.1,False
AC139019.1,False
AC090987.1,False
ADCY8,False
AC103726.1,False
AC103726.2,False
AC087341.1,False
AC104257.1,False
EFR3A,False
OC90,False
HHLA1,False
KCNQ3,False
HPYR1,False
LRRC6,False
TMEM71,False
AF228727.1,False
PHF20L1,False
AF230666.2,False
AF230666.1,False
TG,False
SLA,False
AF305872.2,False
CCN4,False
NDRG1,False
ST3GAL1,False
AC103706.1,False
AC133634.1,False
AC090821.2,False
AC110741.1,True
AC105180.2,False
AC105180.1,False
ZFAT,True
ZFAT-AS1,False
AC087045.2,False
AC083843.3,False
AC083843.2,False
AC083843.1,True
AC103764.1,False
LINC01591,False
AC040914.1,False
KHDRBS3,False
LINC02055,False
AC103955.1,False
AC023781.1,False
AC105213.1,False
AC046195.1,False
AC046195.2,False
AC079015.1,False
FAM135B,False
COL22A1,False
AC027541.1,False
AC100807.2,False
AC087354.1,False
KCNK9,False
TRAPPC9,False
AC021744.1,False
PEG13,False
AC107375.1,False
CHRAC1,False
AGO2,False
ERICD,False
PTK2,True
AC100860.1,False
DENND3,False
AC040970.1,False
SLC45A4,False
AC011676.1,False
AC011676.2,False
AC011676.3,True
AC011676.4,False
LINC01300,False
AC100803.3,False
GPR20,False
AC100803.2,False
PTP4A3,False
AC100803.4,False
AC138647.2,False
AC138647.1,False
AC025839.1,False
AC104417.2,False
AC103758.1,False
LINC00051,False
TSNARE1,False
AC134682.1,False
ADGRB1,False
ARC,False
AP006547.1,False
AC108002.2,False
JRK,False
PSCA,False
LY6K,False
LNCOC1,False
THEM6,False
AC108002.1,False
SLURP1,False
LYPD2,True
AC083841.1,False
SLURP2,False
LYNX1,False
LY6D,False
AC083841.2,False
AC083841.3,False
GML,False
CYP11B1,False
CYP11B2,False
LY6E-DT,True
LY6E,False
C8orf31,False
LY6L,False
LY6H,False
GPIHBP1,False
ZFP41,False
GLI4,False
MINCR,False
ZNF696,False
AC138696.2,False
TOP1MT,False
RHPN1-AS1,False
RHPN1,False
AC105118.1,False
MAFA-AS1,False
MAFA,False
ZC3H3,False
AC067930.8,False
AC067930.3,False
GSDMD,False
MROH6,False
AC067930.4,False
NAPRT,False
AC067930.1,True
EEF1D,False
TIGD5,False
PYCR3,False
TSTA3,False
AC067930.2,False
ZNF623,False
ZNF707,False
AC105219.1,False
CCDC166,False
AC105219.3,False
MAPK15,False
AC105219.2,False
FAM83H,False
IQANK1,False
AC105219.4,False
SCRIB,False
PUF60,False
AC234917.3,False
AC234917.1,False
NRBP2,False
AC234917.2,False
EPPK1,False
AC109322.2,False
PLEC,False
PARP10,False
GRINA,False
SPATC1,True
OPLAH,False
AC109322.1,False
EXOSC4,False
GPAA1,False
CYC1,False
SHARPIN,False
MAF1,False
WDR97,False
HGH1,False
MROH1,False
BOP1,False
SCX,False
HSF1,False
DGAT1,False
AC233992.1,False
SCRT1,False
TMEM249,False
SLC52A2,False
FBXL6,False
ADCK5,False
CPSF1,False
AC233992.3,False
SLC39A4,False
VPS28,False
TONSL,False
TONSL-AS1,False
CYHR1,False
AC084125.1,False
KIFC2,False
FOXH1,False
PPP1R16A,False
AC084125.2,False
GPT,False
MFSD3,False
RECQL4,False
AC084125.4,False
LRRC14,False
LRRC24,False
C8orf82,False
ARHGAP39,False
AC084125.3,False
AF186192.1,False
AF186192.3,False
ZNF251,False
ZNF34,False
RPL8,False
ZNF517,False
ZNF7,False
COMMD5,False
AF235103.3,False
ZNF250,False
ZNF16,True
AF235103.1,False
ZNF252P-AS1,False
C8orf33,False
WASHC1,False
AL928970.1,False
FAM138C,False
PGM5P3-AS1,False
AL449043.1,False
LINC01388,False
FOXD4,False
CBWD1,False
AL158832.2,False
DOCK8-AS1,False
DOCK8,False
AL158832.1,False
AL161725.1,False
KANK1,True
AL161725.2,False
AL392089.1,False
AL136979.1,False
DMRT1,False
DMRT3,False
AL358976.2,False
LINC01230,False
DMRT2,False
AL358053.1,False
SMARCA2,False
AL359076.1,False
VLDLR-AS1,False
AL353614.1,False
VLDLR,False
AL450467.1,False
KCNV2,False
PUM3,False
LINC01231,False
RFX3,False
RFX3-AS1,False
AL354977.2,False
AL354977.1,False
GLIS3,True
AL137071.1,False
GLIS3-AS1,False
AL359095.1,True
AL162419.1,False
SLC1A1,False
SPATA6L,False
PLPP6,False
CDC37L1-DT,False
CDC37L1,False
AK3,False
AL353151.2,True
RCL1,False
AL158147.1,False
JAK2,True
IGHEP2,False
INSL6,False
INSL4,False
RLN2,False
RLN1,False
AL135786.2,False
PLGRKT,False
CD274,False
AL162253.2,False
PDCD1LG2,False
AL162253.1,False
RIC1,False
AL136980.1,False
ERMP1,False
KIAA2026,False
MLANA,False
RANBP6,False
AL162384.1,False
IL33,False
TPD52L3,False
UHRF2,False
AL133480.1,False
GLDC,True
AL162411.1,False
LINC02851,False
AL354707.1,False
KDM4C,False
AL513412.1,False
AL161443.1,False
AL157703.1,False
AL354694.1,False
DMAC1,False
AL135923.2,False
AL135923.1,False
PTPRD,False
AL583805.2,False
PTPRD-AS1,False
AL596451.1,False
AL513422.1,False
PTPRD-AS2,False
AL135790.1,False
AL162413.1,False
AL451129.1,False
AL355672.1,False
AL353595.1,False
AL589678.1,False
TYRP1,False
LURAP1L-AS1,False
LURAP1L,False
AL161449.2,False
MPDZ,False
AL162386.2,False
AL583785.1,False
LINC01235,False
LINC00583,False
AL360089.1,False
NFIB,False
AL136366.1,False
AL137017.1,False
AL159169.3,False
AL159169.2,False
ZDHHC21,False
CER1,False
FREM1,False
AL512643.2,False
AL512643.1,False
TTC39B,False
SNAPC3,False
PSIP1,False
CCDC171,False
C9orf92,False
BNC2,True
AL449983.1,False
AL450003.1,False
BNC2-AS1,False
AL162725.2,False
AL358117.1,False
CNTLN,False
SH3GL2,False
ADAMTSL1,False
AL442638.1,False
SAXO1,False
RRAGA,False
HAUS6,False
PLIN2,False
DENND4C,False
AL161909.2,False
AL391834.1,False
AL391834.2,False
RPS6,False
AL391834.3,False
ACER2,True
AL158206.1,False
SLC24A2,True
AL158077.2,False
AL591222.1,False
MLLT3,True
FOCAD,False
FOCAD-AS1,False
HACD4,False
IFNB1,False
IFNW1,False
IFNA21,False
IFNA4,False
IFNA7,False
IFNA10,False
IFNA16,False
IFNA17,False
IFNA14,False
IFNA5,False
KLHL9,False
IFNA6,False
IFNA13,False
IFNA2,False
AL353732.1,False
IFNA8,False
MIR31HG,True
IFNA1,False
IFNE,False
MTAP,False
AL359922.2,False
CDKN2A-DT,False
CDKN2A,False
CDKN2B-AS1,False
AL449423.1,False
CDKN2B,False
AL157937.1,False
DMRTA1,False
LINC01239,True
AL391117.1,False
AC017067.1,False
AL357614.1,False
AL445623.2,False
AL445623.1,False
ELAVL2,False
AL161628.1,False
AL365204.1,False
AL365204.2,False
AL513317.1,False
IZUMO3,False
AL353811.1,False
AL353730.1,False
TUSC1,False
LINC01241,False
AL353753.1,False
AL451137.2,False
AL356133.2,False
CAAP1,False
PLAA,False
IFT74,False
IFT74-AS1,False
LRRC19,False
AL355432.1,False
TEK,False
EQTN,False
MOB3B,True
AL163192.1,False
AL451123.2,False
IFNK,False
AL451123.1,False
C9orf72,False
AL360014.1,False
AL353746.1,False
LINGO2,True
AL445526.1,False
AL162388.2,False
LINC01242,False
LINC01243,False
ACO1,False
DDX58,False
TOPORS,False
SMIM27,False
NDUFB6,False
TAF1L,False
AL589642.1,False
AL589642.2,False
TMEM215,False
AL157884.2,False
APTX,False
DNAJA1,False
SMU1,False
B4GALT1,False
B4GALT1-AS1,False
SPINK4,False
BAG1,False
CHMP5,False
NFX1,False
AQP7,False
AL356218.2,False
AQP3,False
NOL6,False
AL139008.2,False
ANKRD18B,False
CYP4F26P,False
TRBV20OR9-2,False
TRBV21OR9-2,False
TRBV22OR9-2,False
TRBV23OR9-2,False
TRBV24OR9-2,False
TRBV25OR9-2,False
PTENP1-AS,False
TRBV26OR9-2,False
AL356489.2,False
AL356489.3,False
AL356489.1,False
AL356489.4,False
LINC01251,False
PRSS3,True
UBE2R2-AS1,False
TRBV29OR9-2,False
UBE2R2,False
UBAP2,False
AL354989.1,False
DCAF12,False
UBAP1,False
KIF24,False
NUDT2,False
MYORG,True
C9orf24,False
FAM219A,False
DNAI1,False
ENHO,False
AL160270.1,False
CNTFR,False
CNTFR-AS1,False
RPP25L,False
DCTN3,False
ARID3C,False
SIGMAR1,False
GALT,False
IL11RA,False
CCL27,False
AL162231.1,False
AL162231.2,False
CCL19,False
CCL21,False
FAM205A,False
AL589645.1,False
FAM205C,False
PHF24,False
DNAJB5-DT,True
DNAJB5,False
AL355377.3,False
AL355377.4,False
C9orf131,False
VCP,False
FANCG,False
PIGO,False
AL353795.2,False
STOML2,False
FAM214B,False
UNC13B,False
RUSC2,False
AL133476.1,False
FAM166B,False
TESK1,False
CD72,False
AL357874.2,False
AL357874.1,False
SIT1,False
RMRP,False
CCDC107,False
ARHGEF39,False
CA9,False
TPM2,False
TLN1,False
CREB3,False
GBA2,False
RGP1,False
MSMP,False
AL133410.2,False
AL133410.1,False
NPR2,False
SPAG8,False
HINT2,False
TMEM8B,False
FAM221B,False
OR13J1,False
HRCT1,False
SPAAR,False
AL135841.1,False
OR2S2,False
RECK,True
GLIPR2,False
CCIN,False
CLTA,False
GNE,False
RNF38,False
MELK,True
AL450267.2,False
PAX5,True
AL450267.1,False
AL161781.2,True
LINC01400,False
AL512604.3,False
EBLN3P,False
AL512604.2,False
ZCCHC7,False
LINC01627,False
GRHPR,False
ZBTB5,False
POLR1E,False
AL513165.1,False
FBXO10,False
TOMM5,False
FRMPD1,False
TRMT10B,False
EXOSC3,False
DCAF10,False
SLC25A51,False
SHB,False
AL135785.1,False
ALDH1B1,False
IGFBPL1,False
ANKRD18A,False
FAM201A,False
AL591543.1,False
FAM240B,False
AL845311.1,False
AL953883.1,False
CNTNAP3,False
SPATA31A1,False
FAM74A1,False
BX005214.1,False
BX005214.2,False
GLIDR,False
BX664615.2,False
AL773545.1,False
ANKRD20A2,False
BX664727.3,False
BMS1P14,False
FP325318.1,False
IGKV1OR9-2,False
AL353626.1,False
BX255923.1,False
BX255923.2,False
FOXD4L6,False
CBWD6,False
AL845472.1,False
AL354718.2,False
AL591926.2,False
FAM242F,False
AL162731.1,False
CNTNAP3B,False
SPATA31A6,False
FAM74A7,False
AL445584.2,False
BX088651.4,False
BX088651.2,False
BX664718.1,False
SPATA31A5,False
AL590491.2,False
SPATA31A7,False
BX005040.3,False
BX005040.1,False
CNTNAP3C,False
FAM242D,False
AL935212.1,False
FAM27C,False
AL391987.2,False
AL391987.1,False
AL391987.4,False
AL391987.3,False
FAM242E,False
AL590399.3,False
AL590399.1,False
AL590399.5,False
LINC01189,False
BX005266.2,False
LINC01410,False
AL512625.3,False
AL512625.2,False
LERFS,False
AL512625.1,False
AL772155.1,False
CR786580.1,False
CR769776.3,False
ANKRD20A4,False
IGKV1OR-2,False
IGKV1OR9-1,False
FOXD4L5,False
FP326651.1,False
CBWD5,False
FOXD4L4,False
IGKV1OR-3,False
AL136317.2,False
ANKRD20A3,False
ZNF658,False
AL353770.4,False
AL353770.3,False
SPATA31A3,False
BX664730.1,False
FAM27E3,False
AL627230.3,False
AL627230.1,False
ANKRD20A1,False
AL353608.2,False
CBWD3,False
FOXD4L3,False
AL353608.3,False
AL353608.1,False
PGM5,False
PGM5-AS1,False
AL161457.2,False
AL161457.1,False
TMEM252,False
TMEM252-DT,False
LINC01506,True
PIP5K1B,True
FAM122A,False
AL354794.1,False
PRKACG,False
FXN,False
TJP2,False
BANCR,True
FAM189A2,False
APBA1,False
AL355140.1,False
AL353693.1,False
AL162412.1,False
PTAR1,False
C9orf135-DT,False
C9orf135,False
MAMDC2-AS1,True
MAMDC2,False
SMC5-AS1,True
SMC5,False
AL162390.1,False
KLF9,False
TRPM3,False
AL159990.2,False
AL159990.1,False
CEMIP2,False
ABHD17B,False
C9orf85,False
C9orf57,False
AL583829.1,False
GDA,False
AL135924.2,False
LINC01504,False
ZFAND5,False
TMC1,False
LINC01474,False
ALDH1A1,False
ANXA1,False
AL451127.2,False
AL451127.1,False
AL355674.1,False
RORB-AS1,False
RORB,True
AL137018.1,False
TRPM6,False
C9orf40,False
CARNMT1-AS1,False
CARNMT1,False
AL158825.2,False
NMRK1,False
OSTF1,False
AL353780.1,False
PCSK5,False
RFK,False
GCNT1,False
PRUNE2,False
PCA3,False
AL353637.2,False
FOXB2,False
VPS13A-AS1,False
VPS13A,False
GNA14,False
GNA14-AS1,True
GNAQ,False
CEP78,True
PSAT1,False
AL512634.1,True
LNCARSR,False
TLE4,False
AL161912.1,False
AL161912.2,False
AL161782.1,False
LINC01507,False
AL138749.1,False
TLE1,False
AL591368.1,True
AL158154.2,False
SPATA31D4,False
AL158154.3,False
SPATA31D3,False
SPATA31D1,False
AL162726.1,False
AL162726.4,False
AL353774.1,False
RASEF,False
AL499602.1,False
AL137847.1,False
FRMD3,True
AL137847.2,False
IDNK,False
UBQLN1,False
AL354920.1,False
GKAP1,False
AL354733.1,False
AL354733.2,False
KIF27,False
C9orf64,False
HNRNPK,False
AL354733.3,False
RMI1,False
AL390838.1,False
SLC28A3,False
AL356134.1,False
AL157886.1,False
NTRK2,False
AL354897.1,False
AL354897.2,False
AL583827.1,False
AGTPBP1,False
AL157882.1,False
AL353743.2,False
NAA35,False
GOLM1,False
AL161447.2,False
C9orf153,True
ISCA1,False
TUT7,False
AL158828.1,False
AL353613.1,False
LINC02834,False
GAS1,False
GAS1RR,False
AL513318.2,False
C9orf170,False
AL353752.2,False
DAPK1,False
DAPK1-IT1,False
CTSL,False
AL772337.2,False
SPATA31E1,False
AL353572.3,False
CDK20,False
AL353572.4,False
AL353748.3,False
SPIN1,False
NXNL2,False
LINC02843,False
AL390791.1,False
AL772202.1,False
S1PR3,False
SHC3,False
AL353150.1,False
CKS2,False
SECISBP2,False
SEMA4D,False
AL161910.1,False
GADD45G,False
AL606807.1,False
BX470209.2,False
BX470209.1,False
AL161629.1,False
MIR4290HG,False
LINC01508,False
LINC01501,False
DIRAS2,False
SYK,False
AL162585.1,False
AL355607.1,False
AL355607.2,False
AL158071.4,False
AL158071.3,False
AL158071.1,False
LINC00484,False
AL158071.5,False
AUH,False
NFIL3,False
AL353764.1,False
ROR2,False
SPTLC1,False
AL136097.2,False
IARS,False
NOL8,False
CENPP,True
OGN,False
OMD,False
ASPN,False
ECM2,False
AL157827.2,False
IPPK,False
BICD2,False
AL136981.3,False
ZNF484,False
FGD3,False
SUSD3,False
AL451065.1,False
CARD19,False
NINJ1,False
AL390760.1,False
WNK2,False
C9orf129,False
AL583839.1,False
FAM120AOS,False
FAM120A,False
PHF2,False
AL442224.1,False
BARX1,False
BARX1-DT,False
PTPDC1,False
AL360020.1,False
AL158152.1,False
LINC02603,False
ZNF169,False
NUTM2F,False
AL691447.2,False
MFSD14B,False
AL358232.2,False
PCAT7,False
FBP2,False
FBP1,False
AL157936.1,False
AOPEP,False
AL807757.1,False
AL807757.2,False
AL353768.1,False
AL353768.2,False
FANCC,True
AL354893.2,False
AL161729.3,False
PTCH1,False
AL161729.2,False
AL161729.1,False
AL161729.4,False
AL392185.1,False
AL354861.2,False
LINC00476,False
AL354861.3,False
ERCC6L2,False
LINC00092,False
AL449403.1,False
AL449403.2,False
AL449403.3,False
HSD17B3,False
AL160269.1,False
HSD17B3-AS1,False
SLC35D2,False
ZNF367,False
AL133477.2,False
AL133477.3,False
HABP4,False
CDC14B,True
PRXL2C,False
AL589843.1,False
ZNF510,False
ZNF782,False
MFSD14C,False
NUTM2G,False
CTSV,False
AL590705.3,False
AL590705.1,False
AL590705.2,False
CCDC180,True
AL512590.3,False
TDRD7,False
TMOD1,True
AL162385.1,False
TSTD2,False
NCBP1,False
AL162385.2,False
XPA,False
PTCSC2,False
AL445531.1,False
FOXE1,False
TRMO,False
AL499604.1,False
HEMGN,False
ANP32B,False
AL354726.1,False
NANS,False
TRIM14,False
CORO2A,False
TBC1D2,False
GABBR2,False
ANKS6,False
AL807776.1,False
GALNT12,False
AL136084.2,False
COL15A1,False
AL136084.3,False
TGFBR1,False
AL162427.1,False
ALG2,False
SEC61B,False
NAMA,False
AL137067.3,False
AL359710.1,False
STX17-AS1,False
AL162394.1,False
NR4A3,True
STX17,False
AL358937.1,False
ERP44,False
INVS,False
TEX10,False
MSANTD3,False
TMEFF1,False
CAVIN4,False
PLPPR1,False
BAAT,False
MRPL50,False
ZNF189,False
ALDOB,True
TMEM246-AS1,False
TMEM246,False
RNF20,False
GRIN3A,False
PPP3R2,False
LINC00587,False
CYLC2,False
LINC01492,False
AL390962.1,False
AL590381.1,False
SMC2-AS1,False
SMC2,False
OR13F1,False
AL450426.1,False
OR13C4,False
OR13C3,False
OR13C8,False
OR13C5,False
OR13C2,False
OR13C9,False
OR13D1,False
NIPSNAP3A,False
NIPSNAP3B,False
ABCA1,False
AL359182.1,False
CT70,False
AL591506.1,False
SLC44A1,False
FSD1L,False
AL158070.1,False
FKTN,False
TAL2,False
TMEM38B,False
LINC01505,True
AL732323.1,False
AL451140.1,False
AL512649.2,False
LINC01505-1,False
ZNF462,False
AL807761.4,False
AL807761.3,False
RAD23B,False
LINC01509,False
AL359552.1,False
KLF4,True
AL353742.1,False
AL358779.1,False
ACTL7B,False
ACTL7A,False
ELP1,False
ABITRAM,False
CTNNAL1,False
TMEM245,False
FRRS1L,False
EPB41L4B,False
PTPN3,False
PALM2-AKAP2,True
AL158829.1,False
C9orf152,False
TXN,False
TXNDC8,False
SVEP1,False
AL592463.1,False
MUSK,False
LPAR1,True
AL162414.1,False
OR2K2,False
ECPAS,False
ZNF483,False
PTGR1,False
AL135787.1,False
DNAJC25,False
GNG10,False
SHOC1,False
UGCG,True
AL138756.1,False
SUSD1,False
PTBP3,False
HSDL2,False
C9orf147,False
KIAA1958,True
INIP,False
AL390067.1,False
SNX30,False
SLC46A2,False
AL139041.1,False
ZNF883,False
ZFP37,False
FAM225B,False
FAM225A,False
SLC31A2,False
FKBP15,False
SLC31A1,False
CDC26,False
PRPF4,False
RNF183,False
WDR31,False
BSPRY,True
HDHD3,True
ALAD,False
POLE3,False
C9orf43,False
RGS3,True
AL162727.2,False
AL162727.1,False
AL157702.2,False
ZNF618,False
AMBP,False
KIF12,False
COL27A1,False
ORM1,False
ORM2,False
AKNA,False
AL138895.1,False
WHRN,False
ATP6V1G1,False
TMEM268,False
TEX53,False
TEX48,False
TNFSF15,False
DEC1,False
TNFSF8,False
TNC,False
AL162425.1,False
AL355601.1,False
AL691420.1,False
LINC00474,False
AL691426.1,False
PAPPA,True
PAPPA-AS2,False
AL137024.1,False
PAPPA-AS1,False
ASTN2,False
ASTN2-AS1,False
AL133284.1,False
TRIM32,False
AL157829.1,False
AL445644.1,False
AL161630.1,False
TLR4,False
AL160272.1,False
AL354754.1,False
AL355592.1,False
LINC02578,False
BRINP1,False
AC006288.1,False
LINC01613,False
AL441989.1,False
CDK5RAP2,False
MEGF9,True
FBXW2,True
B3GNT10,False
PSMD5,False
PHF19,False
TRAF1,False
C5,False
CNTRL,False
RAB14,False
GSN,False
AL513122.2,False
GSN-AS1,False
STOM,False
AL359644.1,False
DAB2IP,False
AL357936.1,False
AL596244.1,False
TTLL11,False
TTLL11-IT1,False
NDUFA8,False
MORN5,False
LHX6,False
RBM18,False
MRRF,False
PTGS1,False
AL162424.1,False
AL359636.1,False
AL359636.2,True
OR1J1,False
OR1J2,False
OR1J4,False
OR1N1,False
OR1N2,False
OR1L8,False
OR1Q1,False
OR1B1,False
OR1L1,False
OR1L3,False
OR1L4,False
OR1L6,False
OR5C1,False
PDCL,False
OR1K1,False
RC3H2,False
ZBTB6,False
ZBTB26,False
AC007066.2,False
AC007066.3,False
RABGAP1,False
GPR21,False
MIR600HG,False
STRBP,True
CRB2,False
DENND1A,False
AL445489.1,False
AL390774.2,False
LHX2,False
AC006450.3,False
AC006450.1,False
AC006450.2,False
NEK6,False
AL162724.2,False
AL162724.1,False
PSMB7,False
ADGRD2,False
NR5A1,False
AL354979.1,False
NR6A1,False
MIR181A2HG,True
AL354928.1,False
OLFML2A,False
WDR38,False
RPL35,False
ARPC5L,False
GOLGA1,False
SCAI,True
PPP6C,False
RABEPK,True
HSPA5,False
AL354710.2,False
GAPVD1,False
AL359632.1,False
MAPKAP1,False
AL162584.1,False
AL358074.1,False
PBX3,False
AL589923.1,False
AL162391.1,False
MVB12B,False
AL356309.2,False
AL356309.1,False
AL161908.1,False
LMX1B,False
AL161908.2,False
AL161731.1,False
ZBTB43,False
ZBTB34,False
RALGPS1,True
ANGPTL2,False
AL450263.1,False
GARNL3,True
AL445222.1,False
SLC2A8,False
ZNF79,False
RPL12,False
LRSAM1,False
NIBAN2,False
STXBP1,False
AL162426.1,False
PTRH1,False
CFAP157,False
TTC16,False
TOR2A,False
SH2D3C,False
AL162586.2,False
CDK9,False
FPGS,False
ENG,False
AL162586.1,False
AK1,False
ST6GALNAC6,False
ST6GALNAC4,False
PIP5KL1,False
AL157935.1,False
DPM2,False
FAM102A,False
AL360268.2,False
NAIF1,False
SLC25A25,False
AL360268.1,False
SLC25A25-AS1,False
PTGES2,False
AL590708.1,False
LCN2,False
C9orf16,False
CIZ1,False
DNM1,False
GOLGA2,False
SWI5,False
TRUB2,False
AL359091.4,False
COQ4,False
SLC27A4,False
URM1,False
AL359091.3,False
AL359091.1,False
CERCAM,False
AL359091.5,False
ODF2,False
ODF2-AS1,False
GLE1,False
AL356481.1,False
SPTAN1,False
AL356481.2,False
AL356481.3,True
WDR34,False
HMGA1P4,True
SET,False
PKN3,False
ZDHHC12,False
AL441992.1,False
ZER1,False
TBC1D13,False
ENDOG,False
SPOUT1,False
KYAT1,True
LRRC8A,False
PHYHD1,False
DOLK,False
NUP188,False
AL592211.1,False
SH3GLB2,False
MIGA2,False
AL592211.2,False
DOLPP1,False
CRAT,False
AL158151.2,False
PTPA,False
AL158151.4,False
IER5L,False
AL158151.3,False
AL158151.1,False
AL161785.2,False
AL161785.3,False
AL161785.1,False
C9orf106,False
AL353803.5,False
LINC01503,False
AL353803.2,False
AL353803.1,False
LINC00963,False
AL353803.4,False
AL391056.2,False
AL391056.1,False
NTMT1,False
C9orf50,False
ASB6,False
AL590369.1,False
PRRX2,False
PRRX2-AS1,False
PTGES,False
TOR1B,False
TOR1A,False
C9orf78,False
USP20,False
FNBP1,False
AL158207.2,False
AL136141.1,False
GPR107,False
GPRACR,False
NCS1,False
HMCN2,False
ASS1,False
FUBP3,False
PRDM12,False
EXOSC2,False
ABL1,False
QRFP,False
FIBCD1,False
AL161733.1,False
LAMC3,False
AIF1L,False
NUP214,False
AL157938.2,False
AL157938.3,False
FAM78A,False
AL157938.4,False
PLPP7,False
PRRC2B,False
AL358781.1,False
POMT1,False
AL358781.2,False
UCK1,False
PRRT1B,False
RAPGEF1,False
AL160271.2,False
MED27,False
NTNG2,False
SETX,False
TTF1,False
CFAP77,False
BARHL1,False
DDX31,False
GTF3C4,False
AK8,True
AL445645.1,False
SPACA9,False
TSC1,False
GFI1B,True
GTF3C5,False
CEL,False
RALGDS,False
GBGT1,False
OBP2B,False
ABO,False
SURF6,False
MED22,False
RPL7A,False
SURF1,False
SURF2,False
SURF4,False
STKLD1,False
REXO4,False
ADAMTS13,False
CACFD1,False
SLC2A6,False
MYMK,False
ADAMTSL2,False
FAM163B,False
AC002101.1,False
DBH,False
DBH-AS1,False
SARDH,False
VAV2,False
BRD3OS,False
BRD3,False
AL445931.1,False
BX649632.1,False
WDR5,False
BX649601.1,False
LINC02247,False
RXRA,False
AL669970.1,False
AL669970.3,False
AL669970.2,False
COL5A1,False
COL5A1-AS1,False
AL645768.1,False
FCN2,False
FCN1,True
AL353611.1,False
OLFM1,False
AL390778.1,False
AL390778.2,False
C9orf62,False
AL353615.1,False
PPP1R26-AS1,False
PPP1R26,False
C9orf116,False
MRPS2,False
AL161452.1,False
LCN1,False
OBP2A,False
PAEP,False
LINC01502,False
AL354761.1,False
GLT6D1,False
LCN9,False
SOHLH1,False
KCNT1,False
CAMSAP1,False
AL355574.1,False
UBAC1,False
NACC2,False
LINC02846,False
TMEM250,False
AL138781.1,False
LHX3,False
QSOX2,False
CCDC187,False
CR392000.2,False
AC174065.1,False
GPSM1,False
DNLZ,False
CARD9,False
SNAPC4,False
ENTR1,False
PMPCA,False
INPP5E,False
SEC16A,False
C9orf163,False
NOTCH1,False
AL592301.1,False
NALT1,False
AL590226.2,False
AL590226.1,False
EGFL7,False
AGPAT2,False
DIPK1B,False
SNHG7,False
LCN10,False
LCN6,False
LCN8,False
LCN15,False
TMEM141,False
CCDC183,False
CCDC183-AS1,False
RABL6,False
AJM1,False
PHPT1,False
MAMDC4,False
EDF1,False
TRAF2,False
AL807752.5,False
FBXW5,False
C8G,False
LCN12,False
LINC02692,False
PTGDS,True
LCNL1,False
PAXX,False
CLIC3,True
ABCA2,False
C9orf139,False
FUT7,False
NPDC1,False
ENTPD2,False
AL807752.4,False
AL807752.2,False
SAPCD2,False
AL807752.3,False
UAP1L1,False
MAN1B1-DT,False
MAN1B1,False
DPP7,False
GRIN1,False
LRRC26,True
TMEM210,False
ANAPC2,False
SSNA1,False
TPRN,False
TMEM203,False
NDOR1,False
BX255925.3,False
RNF208,False
CYSRT1,False
RNF224,False
SLC34A3,False
TUBB4B,False
FAM166A,False
STPG3-AS1,False
STPG3,False
NELFB,False
TOR4A,False
BX255925.1,False
BX255925.4,False
NRARP,False
EXD3,False
NOXA1,False
ENTPD8,False
NSMF,False
PNPLA7,False
MRPL41,False
DPH7,False
ZMYND19,False
ARRDC1,False
ARRDC1-AS1,False
EHMT1,False
AL772363.1,False
CACNA1B,False
AL954642.1,False
AC215217.1,False
TUBB8,False
ZMYND11,False
DIP2C,True
AL669841.1,False
AL358216.1,False
PRR26,False
AL157709.1,False
LARP4B,False
AL359878.2,False
AL359878.1,False
GTPBP4,False
IDI2,False
IDI2-AS1,False
IDI1,False
WDR37,False
LINC00200,True
ADARB2,False
AL392083.2,False
AL392083.1,False
AL513304.1,False
ADARB2-AS1,False
AL355597.1,False
LINC00700,False
AL441943.1,False
AL441943.2,False
LINC02662,False
LINC00701,False
LINC02645,False
AL713851.2,False
AL713851.1,False
AL355361.1,False
AL731533.1,False
AL731533.3,False
AL731533.2,False
PFKP,False
PITRM1,False
PITRM1-AS1,False
LINC02668,False
AL451164.1,False
AL139280.1,False
AL139280.2,False
AL356433.1,False
LINC02669,False
AL357833.1,False
AL450322.2,False
AL450322.1,False
KLF6,False
AL513303.1,False
LINC02639,False
LINC02660,False
AC025822.1,False
AC025822.2,False
LINC00702,False
LINC00703,False
AC022535.1,False
AC022535.3,False
AC022535.2,False
MANCR,False
LINC00705,False
AC018978.1,False
AKR1E2,False
AKR1C1,False
AKR1C2,False
AL391427.1,False
AKR1C3,False
AKR1C8P,False
AKR1C4,False
AL355303.2,False
AL355303.1,False
LINC02561,False
UCN3,False
TUBAL3,False
NET1,False
CALML5,False
CALML3-AS1,False
CALML3,False
AL732437.1,False
AL732437.3,False
AL732437.2,False
LINC02657,False
LINC02678,False
LINC02677,False
ASB13,False
TASOR2,False
AL365356.1,False
GDI2,False
AL596094.1,False
ANKRD16,False
FBH1,False
AL137186.2,False
IL15RA,False
IL2RA,True
AL137186.1,False
RBM17,False
PFKFB3,False
AL157395.1,False
LINC02649,False
LINC02656,False
PRKCQ,False
PRKCQ-AS1,False
LINC02648,False
LINP1,False
LINC00706,False
LINC00707,False
AL392086.3,True
LINC02665,False
SFMBT2,False
LINC02642,False
AL445070.1,False
ITIH5,False
ITIH2,False
KIN,False
ATP5F1C,False
TAF3,False
GATA3,True
GATA3-AS1,True
AL390294.1,False
LINC00708,False
AL390835.1,False
AC025946.1,False
LINC02676,True
AC044784.1,False
LINC00709,False
AL138773.1,False
LINC02663,False
LINC02670,False
AL354916.1,False
AL583859.1,False
CELF2-DT,False
AL583859.3,False
SFTA1P,False
CELF2,False
LINC00710,False
AL136369.2,False
AL136369.1,False
AL162408.1,False
CELF2-AS2,False
AL136320.1,False
CELF2-AS1,False
USP6NL,False
AL512631.2,False
AL512631.1,False
ECHDC3,False
PROSER2,False
PROSER2-AS1,False
UPF2,False
DHTKD1,False
SEC61A2,False
NUDT5,False
CDC123,False
AL512770.1,False
CAMK1D,False
AL731559.1,False
AL353586.1,False
CCDC3,False
OPTN,False
MCM10,False
UCMA,False
PHYH,False
SEPHS1,False
AL355870.2,False
AL355870.1,False
BEND7,True
AL590677.1,False
PRPF18,False
AL157392.3,False
FRMD4A,False
AL157392.4,False
AL157392.1,False
AL157392.2,False
AC044781.1,True
AL157896.1,False
AL139405.1,False
FAM107B,False
AL158168.1,False
CDNF,False
HSPA14,False
HSPA14-1,False
AC069544.1,False
SUV39H2,False
DCLRE1C,False
MEIG1,False
OLAH,False
ACBD7,True
RPP38-DT,False
RPP38,False
NMT2,False
FAM171A1,False
AL607028.1,False
ITGA8,False
MINDY3,False
LINC02654,False
PTER,False
C1QL3,False
AL353576.1,True
RSU1,False
AC073367.1,False
AL365215.2,False
CUBN,True
AC067747.1,False
TRDMT1,False
VIM-AS1,False
VIM,False
AL133415.1,False
ST8SIA6,True
ST8SIA6-AS1,True
HACD1,False
STAM-AS1,False
STAM,False
AC069542.1,False
TMEM236,False
MRC1,True
AC069023.1,False
SLC39A12,False
SLC39A12-AS1,False
CACNB2,True
AL390783.1,False
AL450384.2,False
AL450384.1,False
NSUN6,False
ARL5B,False
AL512641.1,False
MALRD1,False
AL590378.1,False
AL157895.1,False
AL353147.1,False
PLXDC2,False
AC069549.1,False
AC069549.2,True
NEBL,False
C10orf113,False
NEBL-AS1,False
LINC02643,False
MIR1915HG,False
SKIDA1,False
MLLT10,False
AL358780.1,False
DNAJC1,False
AL359697.1,False
EBLN1,False
AL157831.2,False
AL157831.3,False
AL158211.1,False
COMMD3,False
BMI1,False
AL158211.4,False
AL158211.2,False
AL158211.3,False
SPAG6,False
AL513128.1,False
AL513128.3,False
AL513128.2,False
PIP4K2A,False
ARMC3,False
AL139815.1,False
MSRB2,False
PTF1A,False
C10orf67,False
AL606469.1,False
OTUD1,False
AL512603.2,False
AL512603.1,False
KIAA1217,False
AL356113.1,False
ARHGAP21,False
AL157385.2,False
PRTFDC1,False
AL512598.1,False
ENKUR,False
THNSL1,False
LINC01516,False
GPR158-AS1,False
GPR158,False
LINC00836,False
AL358612.1,False
MYO3A,False
GAD2,False
APBB1IP,False
AL390961.1,False
PDSS1,False
AL390961.2,False
ABI1,False
ANKRD26,False
YME1L1,False
MASTL,False
ACBD5,False
AL160291.1,False
LINC02673,False
RAB18,False
LINC02680,True
MKX,False
MKX-AS1,False
ARMC4,False
AL390866.1,False
MPP7,False
AL355501.1,False
MPP7-DT,False
LINC02652,False
WAC-AS1,False
WAC,False
BAMBI,False
LINC01517,False
AL355376.1,False
LINC00837,False
LYZL1,False
AL158167.1,False
SVIL,False
JCAD,False
AL353796.1,False
MTPAP,False
AL353796.2,False
MAP3K8,False
AL590068.4,False
AL590068.1,False
AL590068.2,False
AL590068.3,False
LYZL2,False
LINC02644,False
ZNF438,False
AL359532.1,False
AL359546.1,True
LINC02664,False
ZEB1-AS1,False
ZEB1,True
AL161935.1,False
AL161935.3,False
MACORIS,False
ARHGAP12,False
KIF5B,False
AL158834.2,False
EPC1,False
AL158834.1,False
AL391839.2,False
AL391839.1,False
AL391839.3,False
CCDC7,False
AL365203.2,False
ITGB1,True
ITGB1-DT,False
IATPR,False
NRP1,True
AL121748.1,False
AL353600.1,False
AL353600.2,False
LINC02628,False
AL450313.1,False
LINC00838,False
LINC02629,False
PARD3,True
PARD3-AS1,False
LINC02635,False
CUL2,False
AL392046.1,False
CREM,False
AL117336.1,False
LINC02634,False
CCNY,False
AL117336.2,False
AL603824.1,False
AL121749.1,False
GJD4,False
FZD8,False
AL121749.2,False
PCAT5,False
LINC02630,False
AL355300.1,False
AL590730.1,False
AL390061.1,False
ANKRD30A,False
AL157387.1,False
MTRNR2L7,False
AL132657.1,False
ZNF248,False
AL132657.2,False
AL135791.1,False
ZNF25,False
ZNF25-DT,False
ZNF33A,True
ZNF37A,False
AL117339.4,False
AL133216.1,False
IGKV1OR10-1,False
LINC00839,False
ZNF33B,False
AL022345.4,False
LINC01518,False
LINC02632,False
AL022344.1,False
BMS1,False
LINC02623,False
LINC01264,False
RET,True
AC010864.1,False
CSGALNACT2,False
RASGEF1A,False
LINC02633,False
AC068707.1,False
FXYD4,False
HNRNPF,False
AL450326.1,False
ZNF487,False
ZNF239,False
AL450326.3,False
ZNF485,False
ZNF32-AS3,False
AL645634.2,False
ZNF32,False
ZNF32-AS1,False
ZNF32-AS2,False
AL645634.1,False
LINC02658,False
LINC00840,False
LINC02659,False
LINC00841,False
AL139237.1,False
AL137026.2,False
AL137026.1,False
C10orf142,False
AL137026.3,False
CXCL12,False
AL356157.3,False
AL356157.1,False
TMEM72-AS1,False
AL353801.2,False
TMEM72,False
AL353801.1,False
AL353801.3,False
RASSF4,False
DEPP1,False
C10orf25,False
ZNF22,False
AL358394.1,False
OR13A1,False
ALOX5,False
AL731567.1,False
MARCH8,False
ZFAND4,False
WASHC2C,False
AGAP4,False
TIMM23,False
NCOA4,False
MSMB,False
ANTXRL,False
ANXA8L1,False
LINC00842,False
NPY4R,False
GPRIN2,False
SYT15,False
AL356056.2,False
AL356056.1,False
LINC02637,False
FAM245B,False
PTPN20,False
GDF10,False
GDF2,False
RBP3,False
ZNF488,False
ANXA8,False
FAM25G,False
AL591684.1,False
AGAP9,False
LINC02675,False
FO681492.1,False
AC245041.2,False
NPY4R2,False
AC245041.1,False
FAM25C,False
FRMPD2,False
AC074325.1,False
MAPK8,False
ARHGAP22,False
ARHGAP22-IT1,False
AC068898.2,False
AC068898.1,False
WDFY4,True
AC035139.2,False
AC035139.1,False
AC060234.3,False
LRRC18,False
AC060234.2,False
AC060234.1,False
VSTM4,False
FAM170B-AS1,False
FAM170B,False
TMEM273,False
C10orf71-AS1,False
C10orf71,False
DRGX,False
AL138760.1,False
ERCC6,False
CHAT,False
SLC18A3,False
C10orf53,False
OGDHL,False
PARG,False
TIMM23B,False
TIMM23B-AGAP6,False
AL442003.1,False
AGAP6,False
WASHC2A,False
ASAH2,False
SGMS1,False
AC069547.2,False
AL117341.1,False
SGMS1-AS1,False
AL589794.2,False
ASAH2B,False
A1CF,False
AL512366.1,False
AL731537.2,False
PRKG1,False
AL731537.1,False
AC022537.1,False
AC069079.1,False
CSTF2T,False
PRKG1-AS1,False
DKK1,False
LNCAROD,True
MBL2,False
AC073174.1,False
LINC02672,False
AC036101.1,False
PCDH15,False
AL353784.1,False
AC051618.1,False
AC016822.1,False
AL355314.1,False
AL355314.2,False
MTRNR2L5,False
ZWINT,False
AC010996.1,False
IPMK,False
CISD1,False
AC016396.1,False
AC016396.2,False
UBE2D1,False
TFAM,False
BICC1,False
LINC00844,False
PHYHIPL,False
FAM13C,False
AC025038.1,False
AL355474.1,False
AC026391.1,False
SLC16A9,False
MRLN,False
CCDC6,False
LINC01553,False
ANK3,True
AL592430.1,False
AL592430.2,False
ANK3-DT,False
CDK1,False
RHOBTB1,False
LINC00845,False
TMEM26,False
TMEM26-AS1,False
AL356952.1,False
CABCOCO1,False
AL451049.1,False
LINC02625,False
ARID5B,True
RTKN2,True
LINC02621,False
AC024597.1,False
ZNF365,False
AC067752.1,False
AC067751.1,False
ADO,False
EGR2,True
AL590502.1,False
NRBF2,False
JMJD1C,False
JMJD1C-AS1,True
REEP3,False
AC022387.2,False
AC013287.1,False
AC012558.1,False
LINC02671,False
AL513321.2,False
AL592466.1,False
LINC01515,False
CTNNA3,False
AC022017.1,False
LRRTM3,False
AL139240.1,False
DNAJC12,False
AL133551.1,False
SIRT1,False
HERC4,False
MYPN,False
ATOH7,False
LINC02640,False
PBLD,False
HNRNPH3,False
RUFY2,False
DNA2,False
SLC25A16,False
TET1,True
AL513534.2,False
CCAR1,False
STOX1,False
AL359844.1,False
DDX50,False
DDX21,False
KIF1BP,False
SRGN,False
VPS26A,False
SUPV3L1,False
AL596223.1,False
HKDC1,False
AL596223.2,False
HK1,False
TACR2,False
TSPAN15,False
AC016821.1,False
NEUROG3,False
AL450311.1,False
FAM241B,False
LINC02651,False
COL13A1,False
LINC02636,False
H2AFY2,False
AIFM2,False
TYSND1,False
SAR1A,False
PPA1,False
NPFFR1,False
LRRC20,True
EIF4EBP2,False
NODAL,False
PALD1,False
PRF1,True
ADAMTS14,False
TBATA,False
SGPL1,False
PCBD1,False
AC073176.2,False
AC073176.1,False
LINC02622,False
UNC5B,False
UNC5B-AS1,False
SLC29A3,False
CDH23,False
CDH23-AS1,False
C10orf105,False
VSIR,False
PSAP,False
AC073370.1,False
CHST3,False
AC022392.1,False
SPOCK2,False
ASCC1,False
ANAPC16,False
DDIT4,False
DDIT4-AS1,False
DNAJB12,False
MICU1,True
AC091769.2,False
AL513185.1,False
MCU,True
AC016542.1,False
OIT3,False
PLA2G12B,False
P4HA1,False
AL731563.2,False
AL731563.3,False
NUDT13,False
AC016394.2,False
ECD,False
FAM149B1,False
DNAJC9,False
DNAJC9-AS1,False
MRPS16,False
AC016394.1,False
CFAP70,False
ANXA7,False
AL512656.1,False
MSS51,False
PPP3CB,False
PPP3CB-AS1,False
USP54,False
AC073389.1,False
AC073389.3,False
MYOZ1,False
SYNPO2L,False
AC073389.2,False
AGAP5,False
AC022400.4,False
SEC24C,False
FUT11,False
CHCHD1,False
ZSWIM8,False
ZSWIM8-AS1,False
NDST2,False
CAMK2G,False
AC022400.1,False
AC022400.2,False
PLAU,False
C10orf55,False
VCL,False
AL596247.1,False
AP3M1,False
ADK,True
AC022540.1,False
AC063962.1,False
KAT6B,False
AC018511.2,False
AC018511.1,False
DUPD1,False
AC018511.5,False
DUSP13,False
SAMD8,False
VDAC2,False
COMTD1,False
ZNF503-AS1,False
AC010997.3,False
ZNF503,False
ZNF503-AS2,False
AC010997.5,False
AC010997.4,False
AC010997.2,False
LRMDA,True
AL589863.2,False
AL589863.1,False
AL731568.1,False
AC013286.1,False
AC024603.1,False
KCNMA1,False
KCNMA1-AS1,False
KCNMA1-AS2,False
AL731575.1,False
KCNMA1-AS3,False
AL450306.1,False
DLG5,False
AL391421.1,False
DLG5-AS1,False
POLR3A,False
RPS24,False
AL731555.1,False
AC012560.1,False
LINC00595,False
AC010163.3,False
AC010163.1,False
AC010163.2,False
AL583852.1,False
AC016820.1,False
ZMIZ1-AS1,False
AL356753.1,False
ZMIZ1,False
PPIF,False
ZCCHC24,False
AL133481.1,False
AL133481.3,False
EIF5AL1,False
SFTPA2,False
SFTPA1,False
LINC02679,False
AL132656.2,False
NUTM2B-AS1,False
AL132656.3,False
NUTM2B,False
AL135925.1,False
NUTM2E,False
AL512662.2,False
SFTPD,False
SFTPD-AS1,False
TMEM254-AS1,False
TMEM254,False
PLAC9,False
ANXA11,False
LINC00857,False
MAT1A,False
AL359195.1,False
DYDC1,False
DYDC2,False
PRXL2A,False
TSPAN14,False
AC021028.1,False
SH2D4B,False
LINC02655,False
AL096706.1,False
NRG3,False
AC010157.2,False
AC010157.1,False
NRG3-AS1,False
LINC02650,False
AC069540.2,False
AL390786.1,False
AL603756.1,False
GHITM,False
CERNA2,False
C10orf99,False
CDHR1,False
LRIT2,False
RGR,False
LRIT1,False
LINC00858,False
CCSER2,False
LINC01519,False
AL358787.1,False
LINC02647,False
AC025428.1,False
LINC01520,False
GRID1-AS1,False
GRID1,False
AC022028.2,False
AL844892.2,False
AL844892.1,False
WAPL,False
AL731569.1,False
OPN4,False
LDB3,False
AC067750.1,False
BMPR1A,False
MMRN2,False
SNCG,False
ADIRF-AS1,False
ADIRF,False
AL136982.7,False
AL136982.2,False
FAM25A,False
GLUD1,False
SHLD2,False
AL136982.3,False
NUTM2A-AS1,False
AL157893.2,False
NUTM2A,False
LINC00863,False
NUTM2D,False
FAM245A,False
AL355334.2,False
MINPP1,False
AL138767.2,False
AL138767.3,False
AL138767.1,False
PAPSS2,True
ATAD1,False
KLLN,False
PTEN,False
AC063965.2,False
RNLS,True
LIPJ,False
LIPF,False
LIPK,False
LIPN,False
LIPM,False
ANKRD22,True
STAMBPL1,False
ACTA2-AS1,False
ACTA2,False
AL157394.3,False
FAS,False
AL157394.1,False
CH25H,True
LIPA,False
IFIT2,True
AL353751.1,False
IFIT3,True
IFIT1B,False
IFIT1,False
IFIT5,False
SLC16A12,False
SLC16A12-AS1,False
PANK1,False
AL157400.2,False
AL157400.1,False
AL157400.3,False
AL157400.4,False
KIF20B,False
LINC00865,False
LINC01374,True
LINC01375,False
AL139340.1,False
LINC02653,False
AL391704.1,False
AL391704.2,False
AL390862.1,False
HTR7,False
RPP30,False
ANKRD1,False
AL365434.1,False
AL365434.2,False
LINC00502,False
AL731553.1,False
PCGF5,False
HECTD2,False
PPP1R3C,False
TNKS2-AS1,False
TNKS2,False
FGFBP3,False
AL359198.1,False
BTAF1,False
CPEB3,False
MARCH5,False
AL161652.1,False
IDE,False
KIF11,False
HHEX,False
EXOC6,False
AL358613.1,False
CYP26C1,False
AL358613.2,False
CYP26A1,False
MYOF,True
CEP55,False
FFAR4,False
RBP4,False
PDE6C,False
FRA10AC1,False
LGI1,False
AL157396.1,False
AL358154.1,False
SLC35G1,False
PLCE1,False
PLCE1-AS2,False
AL139118.1,False
AL389885.1,False
PLCE1-AS1,False
AL139124.1,False
NOC3L,False
TBC1D12,False
HELLS,False
AL138759.1,False
CYP2C18,False
CYP2C19,False
CYP2C9,False
CYP2C8,False
AL157834.1,False
ACSM6,False
AL157834.2,False
PDLIM1,False
SORBS1,True
ALDH18A1,False
TCTN3,False
ENTPD1,False
ENTPD1-AS1,False
AL365273.1,False
CC2D2B,False
CCNJ,False
AC021037.1,False
ZNF518A,False
BLNK,True
AL136181.1,True
DNTT,False
OPALIN,True
TLL2,False
TM9SF3,False
PIK3AP1,False
LCOR,False
SLIT1,False
SLIT1-AS1,False
AL512424.1,False
ARHGAP19,False
FRAT1,False
FRAT2,False
AL355490.1,True
RRP12,True
AL355490.2,False
PGAM1,False
EXOSC1,False
ZDHHC16,False
MMS19,False
UBTD1,False
ANKRD2,False
HOGA1,False
C10orf62,False
MORN4,False
PI4K2A,False
AVPI1,False
MARVELD1,False
ZFYVE27,False
SFRP5,False
LINC00866,False
GOLGA7B,False
CRTAC1,False
R3HCC1L,False
LOXL4,False
AL139241.1,False
PYROXD2,False
HPS1,False
AL139243.1,False
HPSE2,False
CNNM1,False
GOT1,False
AL391684.1,False
LINC01475,False
AL513542.1,False
NKX2-3,False
SLC25A28,False
AL353719.1,False
AL133353.1,False
ENTPD7,False
CUTC,False
COX15,False
ABCC2,False
DNMBP,False
DNMBP-AS1,False
CPN1,False
ERLIN1,False
CHUK,False
AL138921.2,False
AL138921.1,False
CWF19L1,False
BLOC1S2,False
PKD2L1,False
AL139819.1,False
SCD,False
OLMALINC,False
WNT8B,False
SEC31B,False
NDUFB8,False
HIF1AN,False
PAX2,False
AL138762.1,False
SLF2,False
AL133215.3,False
MRPL43,False
SEMA4G,False
AL133215.1,False
TWNK,False
LZTS2,False
PDZD7,False
SFXN3,False
AL133215.2,False
KAZALD1,False
TLX1NB,False
TLX1,False
LINC01514,False
LBX1,False
LBX1-AS1,False
LINC02681,False
AL133387.1,False
AL133387.2,False
BTRC,False
DPCD,False
POLL,False
FBXW4,False
AC010789.2,False
AC010789.1,False
FGF8,False
NPM3,False
OGA,False
KCNIP2-AS1,False
KCNIP2,False
ARMH3,False
HPS6,False
LDB1,False
PPRC1,False
NOLC1,False
ELOVL3,False
PITX3,False
GBF1,False
NFKB2,False
PSD,False
FBXL15,False
CUEDC2,False
RPARP-AS1,False
C10orf95,False
MFSD13A,False
ACTR1A,False
AL121928.1,False
SUFU,False
TRIM8,False
AL391121.1,False
ARL3,False
SFXN2,False
WBP1L,False
CYP17A1,False
AL358790.1,False
BORCS7,False
AS3MT,False
AL356608.3,False
AL356608.1,False
CNNM2,True
NT5C2,False
RPEL1,False
INA,False
PCGF6,False
TAF5,False
ATP5MD,False
PDCD11,False
CALHM2,False
AL139339.2,False
AL139339.1,False
CALHM1,False
CALHM3,False
NEURL1-AS1,False
NEURL1,False
AL121929.1,False
AL121929.3,False
SH3PXD2A,False
AL121929.2,False
SH3PXD2A-AS1,True
AL133355.1,False
STN1,False
SLK,False
COL17A1,False
SFR1,False
CFAP43,False
GSTO1,False
GSTO2,False
ITPRIP,False
AL162742.1,False
ITPRIP-AS1,False
CFAP58-DT,False
CFAP58,False
LINC02620,False
AL161646.1,False
SORCS3,True
SORCS3-AS1,False
LINC02627,False
AL731574.1,False
AL589166.1,False
LINC02624,False
SORCS1,False
AL133395.1,False
LINC01435,False
AL353740.1,False
LINC02661,False
XPNPEP1,False
ADD3-AS1,False
ADD3,False
MXI1,False
AL360182.2,False
SMNDC1,False
AL355512.1,True
DUSP5,False
SMC3,False
RBM20,False
AL136368.1,False
PDCD4-AS1,False
PDCD4,False
BBIP1,False
AL158163.2,False
AL158163.1,False
SHOC2,False
ADRA2A,False
AC021035.1,False
AL136119.1,True
GPAM,False
TECTB,False
ACSL5,False
AL157786.1,False
ZDHHC6,False
VTI1A,False
AL139120.1,False
AL158212.5,False
AL158212.3,False
AL158212.1,False
TCF7L2,True
AL158212.2,False
AL133482.1,False
HABP2,False
NRAP,False
CASP7,False
AL592546.2,False
PLEKHS1,False
DCLRE1A,False
NHLRC2,False
AL592546.3,False
ADRB1,True
AC022023.2,False
CCDC186,False
TDRD1,False
VWA2,False
AC005383.1,False
AFAP1L2,False
ABLIM1,True
AL137025.1,False
FAM160B1,False
TRUB1,False
LINC02626,False
ATRNL1,False
AC016042.1,False
GFRA1,False
AC012470.1,False
CCDC172,False
PNLIPRP3,False
PNLIP,False
PNLIPRP1,False
C10orf82,False
AC016825.1,False
HSPA12A,False
ENO4,False
SHTN1,False
AC023283.1,False
VAX1,False
MIR3663HG,False
KCNK18,False
AL731557.1,False
SLC18A2,False
AL391988.1,False
PDZD8,False
AC005871.2,False
EMX2OS,False
EMX2,False
AC005871.1,False
AL356419.1,False
LINC02674,False
AL513324.1,False
RAB11FIP2,False
AC022395.1,False
CASC2,False
AL354863.1,False
FAM204A,False
LINC00867,False
PRLHR,False
CACUL1,False
AL139407.1,False
AL157388.1,False
NANOS1,False
EIF3A,False
DENND10,False
SFXN4,False
PRDX3,False
GRK5,True
GRK5-IT1,False
AL583824.1,False
RGS10,False
TIAL1,False
BAG3,False
INPP5F,False
MCMBP,False
SEC23IP,False
PLPP4,False
LINC01561,False
AC023282.1,False
WDR11-AS1,False
AL391425.1,False
WDR11,False
AC010998.2,False
AC010998.1,False
AC010998.3,False
LINC01153,False
FGFR2,False
AC009988.1,False
AC025947.1,False
ATE1,False
AL731566.3,False
NSMCE4A,False
AL731566.2,False
TACC2,False
AC063960.1,False
AC063960.2,False
BTBD16,False
PLEKHA1,False
BX842242.1,False
ARMS2,False
HTRA1,False
DMBT1,False
AL603764.2,False
C10orf120,False
CUZD1,False
FAM24B,False
FAM24A,False
C10orf88,False
PSTK,False
IKZF5,False
ACADSB,False
HMX3,False
HMX2,False
BUB3,False
LINC02641,False
AL160290.1,False
AL357127.2,False
AL357127.1,False
GPR26,False
CPXM2,True
AC009987.1,False
AC068058.1,False
BX469938.1,False
CHST15,False
OAT,False
NKX1-2,False
AL445237.1,False
LHPP,False
FAM53B,False
AL513190.1,False
FAM53B-AS1,False
EEF1AKMT2,False
ABRAXAS2,False
AL731577.2,False
ZRANB1,False
AL731577.1,False
CTBP2,False
AL731571.1,False
AL157888.1,False
TEX36-AS1,False
TEX36,False
AL158835.1,False
EDRF1-DT,False
AL158835.2,False
EDRF1,False
EDRF1-AS1,False
MMP21,False
UROS,False
BCCIP,False
DHX32,False
FANK1,False
FANK1-AS1,False
ADAM12,True
AL589787.2,False
LINC00601,False
C10orf90,False
AL589787.1,False
DOCK1,False
AL359094.1,False
AL359094.2,False
INSYN2A,False
NPS,False
FOXI2,False
CLRN3,False
PTPRE,True
AL158166.2,False
AL158166.1,False
AL390236.1,False
MKI67,True
LINC01163,True
AL390763.1,False
LINC02667,False
AL355537.1,False
AL355537.2,False
AL391869.1,False
AL359508.1,False
MGMT,False
AL355531.1,False
AL157832.2,False
AL157832.1,False
LINC02666,False
EBF3,False
AL354950.2,False
AL354950.1,False
AL354950.3,False
C10orf143,False
AL139123.1,False
GLRX3,False
LINC02646,True
AC016816.1,False
TCERG1L,False
TCERG1L-AS1,False
LINC01164,False
AL450307.1,False
FP565171.1,False
PPP2R2D,False
BNIP3,False
AL162274.2,False
AL162274.1,False
JAKMIP3,False
AL512622.1,False
DPYSL4,False
STK32C,False
LRRC27,False
PWWP2B,False
AL451069.2,False
AL451069.3,False
C10orf91,False
AL451069.1,False
LINC01165,False
INPP5A,False
NKX6-2,False
CFAP46,False
LINC01166,False
LINC01167,False
LINC01168,False
ADGRA1,False
ADGRA1-AS1,False
KNDC1,False
UTF1,False
VENTX,False
MIR202HG,False
AL592071.1,False
ADAM8,False
TUBGCP2,False
AL360181.2,False
ZNF511,False
CALY,True
AL360181.1,False
PRAP1,False
FUOM,False
ECHS1,False
AL360181.4,False
PAOX,False
MTG1,False
SPRN,False
SCART1,False
CYP2E1,False
AL161645.1,False
AL161645.2,False
SYCE1,False
AL731769.2,False
AL731769.1,False
FRG2B,False
AC069287.1,False
LINC01001,False
AC069287.3,False
BET1L,False
SCGB1C1,False
ODF3,False
AC069287.2,False
RIC8A,False
SIRT3,False
PSMD13,False
NLRP6,False
AC136475.3,False
PGGHG,False
IFITM5,False
IFITM2,False
AC136475.2,False
IFITM1,False
AC136475.1,False
IFITM3,True
AC136475.4,False
AC136475.8,False
AC136475.7,False
AC136475.5,False
AC136475.9,False
B4GALNT4,False
PKP3,False
SIGIRR,False
ANO9,False
PTDSS2,False
AC138230.1,False
RNH1,False
AC137894.3,False
AC137894.1,False
HRAS,False
LRRC56,False
LMNTD2,False
AP006284.1,False
RASSF7,False
MIR210HG,False
PHRF1,False
IRF7,True
CDHR5,False
SCT,True
DRD4,False
DEAF1,False
AC131934.1,True
EPS8L2,False
TMEM80,False
AP006621.4,False
TALDO1,False
GATD1,False
AP006621.3,False
AP006621.2,False
CEND1,False
SLC25A22,False
PANO1,False
PIDD1,False
RPLP2,False
PNPLA2,False
AP006621.1,False
CRACR2B,False
CD151,False
POLR2L,False
TSPAN4,False
AP006623.1,False
CHID1,False
AP2A2,False
MUC6,False
LINC02688,False
MUC2,False
MUC5AC,False
AC061979.1,False
MUC5B,False
MUC5B-AS1,False
TOLLIP,False
TOLLIP-AS1,False
AC136297.1,False
LINC02689,False
BRSK2,False
AC091196.1,False
MOB2,False
DUSP8,False
KRTAP5-AS1,False
KRTAP5-1,False
KRTAP5-2,False
KRTAP5-3,False
KRTAP5-4,False
KRTAP5-5,False
AP006285.1,False
FAM99A,False
FAM99B,False
LINC02708,False
KRTAP5-6,False
IFITM10,False
CTSD,False
AC068580.3,False
AC068580.1,False
AC068580.5,False
AC068580.2,False
SYT8,False
TNNI2,False
LSP1,False
AC051649.1,False
PRR33,False
LINC01150,False
TNNT3,False
MRPL23,False
MRPL23-AS1,False
LINC01219,False
H19,False
IGF2,False
AC132217.2,False
AC132217.1,False
IGF2-AS,False
INS,False
TH,False
ASCL2,False
C11orf21,False
TSPAN32,False
CD81-AS1,False
CD81,False
TSSC4,False
AC124057.1,False
TRPM5,True
KCNQ1,False
KCNQ1OT1,True
KCNQ1-AS1,False
KCNQ1DN,False
CDKN1C,True
SLC22A18AS,False
SLC22A18,False
PHLDA2,False
NAP1L4,False
AC131971.1,False
CARS,False
CARS-AS1,False
AC108448.3,False
OSBPL5,False
AC108448.1,False
MRGPRG,False
MRGPRG-AS1,False
MRGPRE,False
AC109309.1,False
AC123788.1,False
ZNF195,False
AC127526.1,False
AC127526.5,False
AC127526.2,False
AC127526.4,False
ART5,False
ART1,False
CHRNA10,False
NUP98,False
PGAP2,False
RHOG,False
AC090587.1,False
STIM1,False
AC090587.2,False
RRM1,False
RRM1-AS1,False
LINC02749,False
SSU72P5,False
SSU72P2,False
SSU72P4,False
SSU72P3,False
SSU72P7,False
OR52B4,False
TRIM21,False
OR52K2,False
OR52K1,False
OR52M1,False
C11orf40,False
OR52I2,False
OR52I1,False
TRIM68,False
OR51D1,False
OR51E1,False
OR51E2,False
OR51C1P,False
MMP26,False
OR51F1,False
OR52R1,False
OR51F2,False
OR51S1,False
OR51T1,False
OR51A7,False
OR51G2,False
OR51G1,False
OR51A4,False
OR51A2,False
OR51L1,False
OR52J3,False
OR52E2,False
AC113331.1,False
OR52A5,False
OR52A1,False
OR51V1,False
AC104389.2,False
HBB,False
HBD,False
BGLT3,False
HBG1,False
HBG2,False
AC104389.5,True
HBE1,False
OR51B4,False
OR51B5,False
OR51B2,False
OR51B6,False
OR51M1,False
OR51Q1,False
OR51I1,False
OR51I2,False
OR52D1,False
UBQLN3,False
UBQLNL,False
OR52H1,False
OR52B6,False
TRIM6,False
TRIM34,False
TRIM5,False
TRIM22,False
OR56B1,False
OR52N4,False
OR52N5,False
OR52N1,False
OR52N2,False
OR52E6,False
OR52E8,False
OR52E4,False
OR52E5,False
OR56A3,False
OR56A5,False
OR52L1,False
OR56A4,False
OR56A1,False
OR56B4,False
AC022762.1,False
OR52B2,False
OR52W1,False
AC022762.2,False
C11orf42,False
FAM160A2,False
CNGA4,True
CCKBR,False
CAVIN3,False
AC068733.3,False
AC068733.1,False
SMPD1,False
APBB1,False
HPX,True
TRIM3,False
ARFIP2,False
TIMM10B,False
DNHD1,False
RRP8,False
AC091564.2,False
ILK,False
TAF10,False
AC091564.3,False
TPP1,False
AC091564.6,False
DCHS1,False
AC091564.4,False
AC091564.5,False
MRPL17,False
OR2AG2,False
OR2AG1,False
OR6A2,False
AC087280.2,False
OR10A5,False
OR10A2,False
OR10A4,False
OR2D2,False
OR2D3,False
ZNF215,False
ZNF214,False
NLRP14,False
RBMXL2,False
AC027804.1,False
SYT9,False
AC107884.1,False
OLFML1,False
PPFIBP2,False
AC107884.2,False
CYB5R2,False
OVCH2,False
AC104237.2,False
AC104237.3,False
AC104237.1,False
AC044810.2,False
OR5P2,False
OR5P3,False
OR10A6,False
OR10A3,False
NLRP10,False
EIF3F,False
CASC23,False
TUB,False
AC116456.1,False
TUB-AS1,False
RIC3,False
RIC3-DT,False
LMO1,False
STK33,True
TRIM66,False
AC091053.2,False
RPL27A,False
ST5,False
AC091053.1,False
AC026894.1,False
AKIP1,False
C11orf16,False
ASCL3,False
TMEM9B,False
TMEM9B-AS1,False
NRIP3,True
AC079296.1,False
SCUBE2,False
AC079296.2,False
DENND5A,False
AP006259.1,False
TMEM41B,False
IPO7,False
AC132192.1,False
AC132192.2,False
ZNF143,False
WEE1,False
SWAP70,True
LINC02709,False
SBF2-AS1,False
SBF2,False
AC011092.2,False
AC011092.3,False
AC100763.1,False
AC080023.1,False
ADM,False
AMPD3,False
MTRNR2L8,False
RNF141,False
MRVI1-AS1,False
LYVE1,False
MRVI1,False
CTR9,False
EIF4G2,False
AC116535.1,False
ZBED5,False
ZBED5-AS1,False
AC069360.1,False
LINC02752,False
KC877392.1,False
GALNT18,False
CSNK2A3,False
AC023946.1,False
AC104031.1,False
AC104383.2,False
USP47,False
DKK3,False
LINC02547,False
AC124276.1,False
AC124276.2,False
MICAL2,False
AC079329.1,False
AC025300.1,False
PARVA,False
AC009806.1,False
AC107881.1,False
TEAD1,False
AC013549.3,False
AC013549.4,False
AC013549.1,False
LINC00958,False
RASSF10-DT,False
RASSF10,False
AC013762.1,False
ARNTL,False
BTBD10,False
AC021269.3,False
PTH,False
FAR1,False
FAR1-IT1,False
LINC02548,False
AC027779.1,False
LINC02545,False
LINC02683,False
SPON1,False
SPON1-AS1,False
RRAS2,True
COPB1,False
PSMA1,False
PDE3B,True
CYP2R1,False
CALCB,True
CALCA,False
INSC,False
LINC02751,False
AC073172.1,False
AC087379.2,False
AC087379.1,False
AC009869.1,False
LINC02682,False
SOX6,False
AC103794.1,False
C11orf58,False
PLEKHA7,False
RPS13,False
PIK3C2A,False
NUCB2,False
AC124798.2,False
NCR3LG1,False
AC124798.1,False
KCNJ11,False
ABCC8,False
AC124798.3,False
USH1C,False
OTOG,False
AC124301.1,False
LINC02729,False
MYOD1,False
KCNC1,False
SERGEF,False
TPH1,False
SAAL1,False
MRGPRX3,False
AC090099.1,False
AC090099.2,False
MRGPRX4,False
SAA4,False
SAA2,False
SAA1,False
HPS5,False
GTF2H1,False
LDHA,False
AC084117.1,False
LDHC,False
LDHAL6A,False
TSG101,False
AC027544.2,False
UEVLD,False
SPTY2D1OS,False
SPTY2D1,False
TMEM86A,False
IGSF22,False
AC103974.1,False
PTPN5,False
AC103974.2,False
MRGPRX1,False
AC023078.1,False
MRGPRX2,False
ZDHHC13,False
CSRP3,False
CSRP3-AS1,False
E2F8,False
AC009652.1,False
NAV2,True
NAV2-IT1,False
NAV2-AS5,False
NAV2-AS4,False
AC009549.1,False
NAV2-AS3,False
NAV2-AS2,False
NAV2-AS1,False
DBX1,False
HTATIP2,False
PRMT3,False
AC090707.2,False
SLC6A5,False
NELL1,False
AC090707.1,False
AC090857.2,False
AC130307.1,False
ANO5,False
AC116534.1,False
AC107882.1,False
AC107886.1,False
AC104009.1,False
SLC17A6,False
AC040936.1,False
LINC01495,False
AC055878.1,False
FANCF,False
GAS2,False
SVIP,False
AC006299.1,True
CCDC179,False
LINC02718,True
LINC02726,False
AC100768.1,False
LINC02686,False
LUZP2,False
LINC02699,False
AC013799.1,False
ANO3,False
AC021698.1,False
ANO3-AS1,False
MUC15,False
SLC5A12,False
FIBIN,False
BBOX1,False
BBOX1-AS1,False
CCDC34,True
LGR4,False
AC100771.2,False
LIN7C,False
BDNF-AS,True
LINC00678,False
BDNF,False
AC103796.1,False
AC090159.1,False
KIF18A,False
METTL15,False
AC013714.1,False
LINC02758,False
LINC02742,False
AC090791.1,False
LINC02755,False
AC090124.1,False
AC110058.1,False
LINC02546,False
AC107973.1,False
LINC01616,False
KCNA4,False
AL358944.1,False
FSHB,False
ARL14EP,False
MPPED2,True
AL353699.1,False
MPPED2-AS1,False
AL122014.1,False
DCDC1,False
AL137804.1,False
DNAJC24,False
IMMP1L,True
ELP4,False
AC131571.1,False
PAX6,True
PAUPAR,False
AL035078.1,False
AL035078.3,False
AL035078.2,False
RCN1,False
AL078612.1,False
AL078612.2,False
WT1,False
WT1-AS,False
EIF3M,False
CCDC73,False
PRRG4,False
QSER1,False
DEPDC7,False
TCP11L1,False
LINC00294,False
CSTF3,False
CSTF3-DT,False
HIPK3,False
KIAA1549L,False
AL049629.1,False
C11orf91,False
CD59,False
FBXO3,False
FBXO3-DT,False
AC113192.3,False
LINC02722,False
AC113192.1,False
LINC02721,False
LMO2,False
AC132216.1,False
AC090469.1,False
CAPRIN1,False
NAT10,False
ABTB2,False
CAT,False
ELF5,False
AL137224.1,False
LINC02707,False
EHF,False
APIP,False
PDHX,False
AL356215.1,False
CD44,False
CD44-AS1,False
AL133330.1,False
SLC1A2,False
AL133330.2,False
AC090625.2,False
PAMR1,False
AL135934.1,False
FJX1,False
AL138812.1,False
TRIM44,False
AC090692.2,False
AC090692.3,False
AC090692.1,False
LDLRAD3,False
AL136146.2,False
COMMD9,False
PRR5L,False
AC087277.1,False
AC087277.2,False
AC009656.1,False
TRAF6,False
RAG1,False
RAG2,False
C11orf74,False
LINC02760,False
AC021713.1,False
LINC02759,False
LINC01493,False
AC021723.2,False
LRRC4C,False
AC090138.1,False
LINC02741,False
LINC01499,False
AC023442.3,False
AC023442.2,False
LINC02745,True
LINC02740,True
API5,False
AC087276.2,False
TTC17,False
AC087276.3,False
AC087276.1,True
AC068205.1,False
MIR670HG,False
AC068205.2,False
HSD17B12,False
AC087521.2,False
AC087521.4,False
ALKBH3,False
ALKBH3-AS1,False
AC087521.3,False
C11orf96,False
AC087521.1,False
ACCSL,False
ACCS,False
AC134775.1,False
EXT2,False
ALX4,False
AC010768.4,False
CD82,False
AC010768.1,False
AC010768.2,False
LINC02704,False
TSPAN18-AS1,False
TSPAN18,False
TP53I11,False
LINC02685,False
AC068858.1,False
PRDM11,False
AC103681.2,False
SYT13,False
AC103681.1,False
LINC02696,False
LINC02687,False
AC103855.3,False
AC018716.2,False
AC018716.1,False
AC103855.2,False
AC103855.1,False
CHST1,False
AC087442.1,False
AC044839.1,False
AC044839.2,False
LINC02690,False
LINC02716,False
SLC35C1,False
AC044839.3,False
CRY2,False
MAPK8IP1,False
AC068385.1,False
C11orf94,False
PEX16,False
LARGE2,False
PHF21A,False
AC024475.1,False
AC024475.3,False
LINC02710,False
AC116021.1,False
LINC02489,False
CREB3L1,False
DGKZ,False
MDK,False
CHRM4,False
AMBRA1,False
AC127035.1,False
HARBI1,False
ATG13,False
ARHGAP1,False
ZNF408,False
F2,False
CKAP5,False
LRP4-AS1,False
LRP4,False
AC021573.1,False
C11orf49,False
AC090589.2,False
ARFGAP2,False
AC090589.3,False
PACSIN3,False
DDB2,False
AC018410.2,False
ACP2,False
NR1H3,False
MADD,False
AC018410.1,False
MYBPC3,False
SPI1,False
AC090559.1,False
SLC39A13,False
PSMC3,False
RAPSN,False
CELF1,False
AC090559.2,False
NDUFS3,False
PTPMT1,False
KBTBD4,False
KF459542.1,False
FAM180B,False
C1QTNF4,False
MTCH2,False
AGBL2,False
FNBP4,False
NUP160,False
PTPRJ,False
PTPRJ-AS1,False
OR4B1,False
OR4X2,False
OR4X1,False
OR4S1,False
OR4C3,False
OR4C5,False
OR4A47,False
TRIM51GP,False
TRIM49B,False
TRIM64C,False
FOLH1,False
OR4C13,False
OR4C12,False
AC109635.7,False
AC109635.6,False
LINC02750,False
OR4C46,False
OR4A5,False
TRIM48,False
OR4A16,False
OR4A15,False
OR4C15,False
OR4C16,False
OR4C11,False
OR4P4,False
OR4S2,False
OR4C6,False
AP006437.1,False
OR5D3P,False
OR5D13,False
OR5D14,False
OR5L1,False
OR5D18,False
OR5L2,False
OR5D16,False
TRIM51,False
OR5W2,False
OR5I1,False
OR10AG1,False
OR5F1,False
OR5AS1,False
OR8I2,False
OR8H2,False
OR8H3,False
OR8J3,False
OR8K5,False
OR5J2,False
OR5T2,False
OR5T3,False
OR5T1,False
OR8H1,False
OR8K3,False
OR8K1,False
OR8J1,False
OR8U1,False
OR5R1,False
OR5M9,False
OR5M3,False
OR5M8,False
OR5M11,False
OR5M10,False
OR5M1,False
OR5AP2,False
OR5AR1,False
OR9G1,False
OR9G4,False
LINC02735,False
OR5AK2,False
LRRC55,False
APLNR,False
TNKS1BP1,False
AP000781.1,False
SSRP1,False
P2RX3,False
PRG3,False
PRG2,False
SLC43A3,False
RTN4RL2,False
AP002893.1,False
SLC43A1,False
TIMM10,False
SMTNL1,False
UBE2L6,False
SERPING1,False
AP000662.1,False
YPEL4,False
CLP1,False
ZDHHC5,False
MED19,False
TMX2,False
SELENOH,False
BTBD18,False
CTNND1,False
OR9Q1,False
OR6Q1,False
AP004247.2,False
OR9I1,False
OR9Q2,False
OR1S2,False
OR1S1,False
OR10Q1,False
OR10W1,False
OR5B17,False
OR5B3,False
OR5B2,False
OR5B12,False
AP003557.2,False
AP003557.1,False
OR5B21,False
LPXN,False
ZFP91,False
AP001350.1,False
CNTF,False
GLYAT,False
GLYATL2,False
GLYATL1,True
AP001652.1,True
AP001636.3,True
GLYATL1B,False
FAM111B,True
FAM111A-DT,False
FAM111A,False
DTX4,False
MPEG1,False
AP002358.1,False
OR5AN1,False
OR5A2,False
OR5A1,False
OR4D6,False
OR4D10,False
OR4D11,False
OR4D9,False
AP003778.1,True
LINC02739,False
AP000442.1,False
OSBP,False
PATL1,False
AP000640.2,False
OR10V1,False
STX3,False
AP000640.1,False
MRPL16,False
CBLIF,False
TCN1,False
OOSP3,False
OOSP1,False
OOSP4A,False
OOSP4B,False
OOSP2,False
MS4A3,False
MS4A2,False
LINC02705,False
MS4A6A,False
MS4A4A,False
MS4A4E,True
MS4A6E,False
MS4A7,True
MS4A14,False
MS4A5,False
MS4A1,True
MS4A12,False
MS4A13,False
MS4A8,False
MS4A18,False
MS4A15,False
MS4A10,False
AP000777.1,False
AP000777.2,False
AP000777.3,False
CCDC86,False
PTGDR2,False
ZP1,False
PRPF19,False
AP003721.4,False
AP003721.3,False
TMEM109,False
AP003721.1,False
TMEM132A,False
SLC15A3,False
CD6,False
AP003721.2,False
CD5,False
VPS37C,False
PGA3,False
PGA4,False
PGA5,False
VWCE,False
DDB1,False
TKFC,False
CYB561A3,False
TMEM138,False
TMEM216,False
CPSF7,False
SDHAF2,False
PPP1R32,False
AP003108.1,True
LRRC10B,False
SYT7,False
AP003559.1,False
AP002754.1,False
AP002754.2,False
DAGLA,False
MYRF-AS1,False
MYRF,False
TMEM258,False
FEN1,False
FADS2,False
FADS1,False
FADS3,True
RAB3IL1,False
BEST1,False
FTH1,False
LINC02733,False
AP002793.1,False
INCENP,False
SCGB1D1,False
SCGB2A1,False
AP003306.1,False
SCGB1D2,False
SCGB2A2,False
SCGB1D4,False
AP003306.2,True
ASRGL1,False
AP003064.1,False
SCGB1A1,False
AP003064.2,True
AHNAK,False
AP001363.1,False
AP001363.2,False
EEF1G,False
TUT1,False
MTA2,False
EML3,False
AP001458.1,False
ROM1,False
B3GAT3,False
GANAB,False
INTS5,False
C11orf98,False
LBHD1,False
CSKMT,True
UQCC3,False
UBXN1,False
LRRN4CL,True
BSCL2,False
GNG3,False
HNRNPUL2,False
TTC9C,False
ZBTB3,False
POLR2G,False
AP001160.2,False
TAF6L,False
TMEM223,False
AP001160.3,False
TMEM179B,False
NXF1,False
STX5,False
AP001160.4,False
AP001160.1,False
TEX54,False
WDR74,False
SNHG1,False
SLC3A2,False
CHRM1,False
AP000438.1,False
SLC22A6,False
SLC22A8,False
SLC22A24,False
SLC22A10,False
SLC22A25,False
SLC22A9,False
PLAAT5,False
AP001591.1,False
LGALS12,False
PLAAT4,False
PLAAT2,False
PLAAT3,True
AP000753.1,False
ATL3,False
AP000753.2,False
RTN3,False
C11orf95,False
SPINDOC,False
MARK2,False
RCOR2,False
NAA40,False
COX8A,False
OTUB1,False
MACROD1,False
AP000721.2,False
AP006333.2,False
FLRT1,False
AP006333.1,False
STIP1,False
FERMT3,False
TRPT1,False
NUDT22,False
AP001453.1,False
DNAJC4,False
VEGFB,False
FKBP2,False
AP001453.3,False
PPP1R14B,False
PPP1R14B-AS1,False
AP001453.2,False
PLCB3,False
BAD,False
GPR137,False
KCNK4,False
CATSPERZ,False
ESRRA,False
TRMT112,False
PRDX5,False
AP003774.2,False
CCDC88B,False
RPS6KA4,False
LINC02723,False
AP003774.1,False
LINC02724,False
AP005273.2,False
AP005273.1,False
SLC22A11,False
SLC22A12,False
NRXN2,False
AP001092.1,False
RASGRP2,False
PYGM,True
SF1,False
AP001462.1,False
MAP4K2,False
MEN1,False
CDC42BPG,False
EHD1,False
MIR194-2HG,False
ATG2A,False
PPP2R5B,False
GPHA2,False
MAJIN,False
BATF2,False
ARL2,False
SNX15,False
SAC3D1,False
NAALADL1,False
CDCA5,False
ZFPL1,False
TMEM262,False
VPS51,False
AP003068.1,False
TM7SF2,False
ZNHIT2,False
AP003068.3,False
FAU,False
SYVN1,False
MRPL49,False
SPDYC,False
AP003068.2,False
CAPN1,False
AP000944.6,False
POLA2,False
AP000944.7,False
CDC42EP2,False
DPF2,False
TIGD3,False
AP000944.1,False
SLC25A45,False
FRMD8,False
NEAT1,True
LINC02736,False
AP000769.6,False
MALAT1,False
AP000769.2,False
SCYL1,False
LTBP3,False
SSSCA1-AS1,False
ZNRD2,False
FAM89B,False
EHBP1L1,False
KCNK7,False
MAP3K11,False
PCNX3,False
SIPA1,False
RELA,False
RELA-DT,False
KAT5,False
RNASEH2C,False
AP001266.2,False
AP5B1,False
OVOL1,False
OVOL1-AS1,False
AP001266.1,False
CFL1,False
SNX32,False
MUS81,False
EFEMP2,False
CTSW,True
FIBP,False
CCDC85B,False
FOSL1,False
C11orf68,False
DRAP1,False
TSGA10IP,False
SART1,False
EIF1AD,False
BANF1,False
CST6,False
CATSPER1,False
GAL3ST3,False
AP006287.3,False
SF3B2,False
AP006287.2,True
PACS1,False
AP000759.1,False
KLC2,False
AP001107.4,False
AP001107.8,False
AP001107.7,False
RAB1B,False
AP001107.1,False
AP001107.2,False
CNIH2,False
YIF1A,False
TMEM151A,False
AP001107.3,True
CD248,False
RIN1,False
AP001107.6,False
BRMS1,False
B4GAT1,False
AP001107.9,False
SLC29A2,False
AP001107.5,False
NPAS4,False
MRPL11,False
PELI3,False
AP002748.4,False
DPP3,False
BBS1,False
AP002748.6,False
ZDHHC24,False
ACTN3,False
AP002748.2,False
CTSF,False
CCDC87,False
CCS,False
RBM14,False
RBM4,False
RBM4B,False
SPTBN2,False
C11orf80,True
RCE1,False
PC,False
LRFN4,False
C11orf86,False
SYT12,False
RHOD,False
KDM2A,False
AP001885.3,False
GRK2,False
ANKRD13D,False
SSH3,False
AP001885.2,True
RAD9A,False
POLD4,False
AP003419.2,False
CLCF1,False
AP003419.3,False
PPP1CA,False
TBC1D10C,False
CARNS1,False
RPS6KB2,False
RPS6KB2-AS1,False
PTPRCAP,False
CORO1B,False
GPR152,False
CABP4,False
TMEM134,False
AIP,False
PITPNM1,False
CDK2AP2,False
CABP2,False
GSTP1,False
C11orf72,False
AP003385.3,False
NDUFV1,False
NUDT8,False
TBX10,False
ACY3,False
ALDH3B2,False
LINC02754,False
UNC93B1,False
ALDH3B1,False
AC004923.4,False
NDUFS8,False
TCIRG1,False
AP002807.1,False
CHKA,False
AP002992.1,False
KMT5B,False
C11orf24,False
AP002813.1,False
LRP5,True
PPP6R3,False
AP003096.1,False
GAL,False
TESMIN,False
CPT1A,False
LINC02701,False
MRPL21,False
IGHMBP2,False
AP000808.1,False
MRGPRD,False
AP003071.4,False
AP003071.3,False
MRGPRF,False
MRGPRF-AS1,False
TPCN2,False
AP003071.1,False
AP003071.2,False
SMIM38,False
MYEOV,False
AP005233.2,False
AP005233.1,False
AP000439.2,False
AP000439.1,False
AP000439.3,False
LINC02747,False
LINC01488,False
CCND1,False
LTO1,False
FGF19,False
FGF4,False
FGF3,False
AP007216.1,False
AP007216.2,False
AP003555.2,False
AP003555.1,False
LINC02753,False
LINC02584,False
ANO1,False
AP000879.2,False
ANO1-AS1,False
FADD,False
AP000879.1,False
PPFIA1,False
AP002336.2,True
AP002336.1,False
AP002336.3,False
AP000487.2,False
AP000487.1,False
CTTN,False
SHANK2,False
AP001271.1,False
SHANK2-AS1,False
SHANK2-AS2,False
SHANK2-AS3,False
AP003783.1,False
DHCR7,False
AP002387.2,False
NADSYN1,False
KRTAP5-7,False
KRTAP5-8,False
KRTAP5-9,False
AP000867.5,False
KRTAP5-10,False
KRTAP5-11,False
ALG1L9P,False
AP003498.1,False
AP003498.2,False
FAM86C1,False
ZNF705E,False
DEFB108B,True
AP002495.1,False
DEFB131B,False
RNF121,False
IL18BP,False
NUMA1,False
AP002490.1,False
LRTOMT,False
LAMTOR1,False
AP000812.4,False
ANAPC15,False
FOLR3,False
AP000812.1,False
FOLR1,False
FOLR2,False
INPPL1,False
PHOX2A,False
AP000593.4,False
CLPB,False
AP000593.3,False
AP002892.2,False
AP002892.1,False
AP003785.1,False
LINC01537,False
PDE2A,False
AP005019.1,False
AP003065.1,False
ARAP1,False
ARAP1-AS1,False
AP003065.2,False
ARAP1-AS2,False
STARD10,False
AP002381.2,False
ATG16L2,False
FCHSD2,True
AP002761.2,False
AP002761.1,False
P2RY2,False
AP002761.4,False
P2RY6,False
AP002761.3,False
ARHGEF17,False
RELT,False
AP000763.4,False
FAM168A,False
AP000763.3,False
PLEKHB1,False
RAB6A,False
AP002993.1,False
AP002770.1,False
MRPL48,False
COA4,False
PAAF1,False
DNAJB13,False
AP003717.1,False
UCP2,False
AP003717.4,False
UCP3,False
C2CD3,False
PPME1,False
P4HA3,False
P4HA3-AS1,True
PGM2L1,False
AP001372.1,True
AP001085.1,False
KCNE3,False
AP001372.3,False
LIPT2,False
AP001372.2,False
POLD3,False
CHRDL2,False
RNF169,False
XRRA1,False
AP001992.2,False
SPCS2,False
NEU3,False
OR2AT4,False
AP001972.4,False
SLCO2B1,False
AP001972.3,False
TPBGL,False
ARRB1,False
AP001972.1,True
AP001972.2,False
RPS3,False
KLHL35,False
GDPD5,False
AP002815.1,False
SERPINH1,False
AP001922.5,False
MAP6,False
AP001922.6,False
AP001922.2,False
MOGAT2,False
AP001922.1,False
DGAT2,False
AP001922.3,False
AP003031.1,False
UVRAG-DT,False
UVRAG,False
AP003168.2,False
AP002340.1,False
WNT11,False
AP000785.1,False
LINC02761,False
THAP12,False
GVQW3,False
AP002360.1,False
EMSY,False
LINC02757,False
AP001189.5,False
AP001189.3,False
AP001189.1,False
LRRC32,False
AP001189.4,False
AP003119.1,False
TSKU,False
AP003119.2,False
AP003119.3,False
ACER3,False
AP002498.1,False
B3GNT6,False
CAPN5,False
OMP,False
MYO7A,False
GDPD4,False
PAK1,False
AP003680.1,False
CLNS1A,False
AQP11,False
RSF1,False
RSF1-IT2,False
RSF1-IT1,False
AAMDC,False
AP002812.2,False
AP002812.3,False
AP002812.5,False
INTS4,False
AP003032.2,False
KCTD14,False
AP003032.1,False
THRSP,False
NDUFC2,False
ALG8,False
KCTD21-AS1,False
KCTD21,False
USP35,False
GAB2,True
AP003086.1,True
AP003086.2,False
LINC02728,False
NARS2,False
AP003110.1,False
TENM4,False
AP002768.1,False
AP002957.1,False
AP001547.1,False
AP001978.1,False
AP006295.1,False
LINC02720,False
AP003398.2,False
AP003464.1,False
MIR4300HG,False
AP002802.1,False
AP000793.1,False
FAM181B,False
LINC02734,False
PRCP,False
DDIAS,False
AP000893.2,False
RAB30,True
RAB30-DT,False
AP001767.3,False
PCF11,False
AP000873.4,False
AP000873.2,False
PCF11-AS1,False
ANKRD42,False
AP000873.3,False
CCDC90B,False
AP000446.1,True
DLG2,True
AP002370.2,False
AP001825.1,True
AP000857.2,False
TMEM126B,False
TMEM126A,False
CREBZF,False
CCDC89,False
SYTL2,True
CCDC83,False
AP003128.1,False
PICALM,False
LINC02695,False
EED,False
HIKESHI,False
CCDC81,False
AP001831.1,True
ME3,False
AP003059.1,False
AP003059.2,False
PRSS23,True
AP000654.1,False
AP001528.1,False
FZD4,False
FZD4-DT,False
TMEM135,False
LINC02711,False
AP000676.5,False
AP005436.3,False
AP005436.1,False
AP005436.2,False
RAB38,False
CTSC,False
AP003120.1,False
GRM5-AS1,False
GRM5,False
TYR,False
NOX4,False
AP003400.1,False
TRIM77,False
AP003122.2,False
TRIM49,False
TRIM64B,False
TRIM49D1,False
TRIM49D2,False
TRIM64,False
TRIM49C,False
UBTFL1,False
AP000648.9,False
NAALAD2,False
CHORDC1,False
DISC1FP1,True
LINC02748,False
LINC02756,False
FAT3,False
AP000722.1,False
AP003718.1,False
LINC02746,False
AP003171.1,False
MTNR1B,False
SLC36A4,False
AP003969.1,False
DEUP1,False
SMCO4,False
CEP295,False
SCARNA9,False
TAF1D,False
C11orf54,False
MED17,False
VSTM5,False
HEPHL1,True
PANX1,False
AP002784.1,False
IZUMO1R,False
GPR83,False
MRE11,False
AP000786.1,False
ANKRD49,False
C11orf97,False
FUT4,False
PIWIL4,False
AP000943.2,False
AP000943.1,False
LINC02700,False
AMOTL1,False
AP002383.2,True
CWC15,False
KDM4D,False
KDM4E,False
KDM4F,False
SRSF8,False
ENDOD1,False
AP000787.1,True
SESN3,False
AP001790.1,False
AP000820.2,True
AP000820.1,False
FAM76B,False
CEP57,False
MTMR2,True
MAML2,False
AP000779.1,True
CCDC82,False
JRKL,False
JRKL-AS1,True
LINC02737,False
AP003066.1,False
LINC02553,False
LINC02713,False
AP003715.1,False
AP002428.1,False
CNTN5,False
AP001351.1,False
ARHGAP42,True
PGR,False
PGR-AS1,False
TRPC6,False
ANGPTL5,False
CEP126,True
CFAP300,False
AP001527.1,False
AP001527.2,False
YAP1,False
AP000942.2,False
BIRC3,True
BIRC2,False
TMEM123,False
AP001830.1,False
AP001830.2,False
MMP7,False
MMP20,False
AP000851.1,False
AP000851.2,False
MMP27,False
MMP8,False
MMP10,False
MMP1,False
MMP3,False
MMP12,False
MMP13,False
DCUN1D5,False
AP001486.2,False
DYNC2H1,False
AP002961.1,False
AP002989.1,True
PDGFD,True
AP003043.1,False
DDI1,False
LINC02552,False
CASP4,False
CASP5,False
CASP1,False
CARD16,False
CARD17,False
CARD18,False
GRIA4,True
AP000813.1,False
MSANTD4,False
KBTBD3,False
AASDHPPT,False
AP001001.1,False
LINC02719,False
AP002001.3,False
AP003173.1,False
GUCY1A2,False
AP000766.1,False
CWF19L2,False
ALKBH8,False
ELMOD1,False
SLN,False
SLC35F2,False
RAB39A,False
AP003307.1,False
CUL5,False
AP002433.1,False
ACAT1,False
AP002433.2,False
NPAT,False
ATM,False
C11orf65,False
POGLUT3,True
EXPH5,False
DDX10,False
AP003027.1,False
AP003123.1,False
AP003049.2,False
C11orf87,False
LINC02715,False
RDX,False
AP001981.2,False
ZC3H12C,False
LINC02732,False
FDX1,False
ARHGAP20,False
AP003973.4,False
AP003973.2,False
LINC02550,True
AP003973.3,False
C11orf53,False
COLCA1,False
COLCA2,False
AP002448.1,False
POU2AF1,False
AP002008.3,True
BTG4,True
AP002008.4,False
AP002008.1,False
C11orf88,False
LAYN,False
SIK2,False
PPP2R1B,False
AP001781.1,False
ALG9,True
ALG9-IT1,False
FDXACB1,False
C11orf1,False
CRYAB,False
HSPB2,False
C11orf52,False
DIXDC1,False
AP000907.2,False
DLAT,False
PIH1D2,False
NKAPD1,False
TIMM8B,False
SDHD,False
IL18,False
AP002884.1,False
TEX12,False
BCO2,False
PTS,False
PLET1,False
AP002884.3,False
LINC02762,False
LINC02763,False
LINC02764,False
AP003100.2,False
AP003100.3,False
AP003100.1,False
AC016902.1,False
AP000802.1,False
NCAM1,True
NCAM1-AS1,False
AP000880.1,False
TTC12,False
AP002840.2,False
ANKK1,False
AP002840.1,False
DRD2,False
TMPRSS5,False
ZW10,False
AP003170.4,False
CLDN25,False
USP28,False
AP003170.3,False
HTR3B,False
HTR3A,False
ZBTB16,True
AP002755.1,False
AP002518.2,False
NNMT,False
AP002518.1,False
C11orf71,False
RBM7,False
REXO2,False
NXPE1,False
NXPE4,False
NXPE2,False
CADM1,True
AP000465.1,False
AP000462.3,False
AP000462.1,False
AP000462.2,False
AP003174.2,False
AP003174.1,False
AP000997.2,False
AP000997.3,False
LINC02698,False
AP002991.2,False
LINC00900,False
LINC02703,False
LINC02151,False
LINC02702,False
BUD13,False
AP006216.1,False
ZPR1,False
APOA5,False
AP006216.2,False
AP006216.3,False
APOA4,False
APOC3,False
APOA1,False
APOA1-AS,False
SIK3,False
AP000936.1,False
PAFAH1B2,False
SIDT2,False
TAGLN,False
PCSK7,False
RNF214,False
BACE1,False
BACE1-AS,False
AP000892.3,False
CEP164,False
AP000892.1,False
DSCAML1,False
AP001554.1,False
FXYD2,False
AP000757.2,False
AP000757.1,False
FXYD6,False
TMPRSS13,False
IL10RA,False
SMIM35,False
TMPRSS4,False
SCN4B,False
SCN2B,False
JAML,False
MPZL3,False
MPZL2,False
CD3E,False
CD3D,False
CD3G,False
UBE4A,False
AP001267.1,False
ATP5MG,False
AP001267.4,False
AP001267.2,False
KMT2A,False
AP001267.3,False
TTC36,False
TMEM25,False
IFT46,False
ARCN1,False
PHLDB1,False
AP000941.1,False
TREH,False
AP002954.1,False
AP002954.2,False
DDX6,False
AP004609.3,False
CXCR5,True
AP004609.1,False
BCL9L,False
UPK2,False
FOXR1,False
CCDC84-DT,False
CCDC84,False
AP003392.1,False
RPS25,False
TRAPPC4,False
SLC37A4,False
AP003392.3,False
HYOU1,False
AP003392.4,False
AP003392.5,False
VPS11,False
HMBS,False
H2AFX,False
DPAGT1,False
C2CD2L,False
HINFP,False
ABCG4,False
NLRX1,False
PDZD3,False
CCDC153,False
CBL,False
MCAM,False
RNF26,False
AP003396.1,False
C1QTNF5,False
MFRP,False
USP2,False
USP2-AS1,True
AP003396.3,False
THY1,False
AP003396.5,False
AP003393.1,False
NECTIN1,False
NECTIN1-AS1,False
AP003390.1,False
AP001994.2,False
AP001994.3,False
AP001360.3,False
LINC02744,False
AP001360.1,False
AP001360.2,False
TRIM29,False
AP000679.1,False
OAF,False
POU2F3,False
AP001150.1,False
TLCD5,False
ARHGEF12,False
GRIK4,False
AP004147.1,False
TBCEL,False
TECTA,False
SC5D,False
AP000977.1,True
SORL1,False
AP001977.1,True
AP001924.1,False
AP001924.2,False
MIR100HG,False
BLID,False
AP000755.1,False
AP000755.2,False
UBASH3B,False
AP002762.3,False
AP002762.2,False
CRTAM,False
JHY,False
BSX,False
HSPA8,False
AP000926.2,False
CLMP,False
AP001970.1,False
LINC02727,False
GRAMD1B,False
SCN3B,False
AP002765.1,False
ZNF202,False
OR6X1,False
OR6M1,False
TMEM225,False
OR8D4,False
OR4D5,False
OR6T1,False
OR10S1,False
OR10G6,False
OR10G4,False
OR10G9,False
OR10G8,False
OR10G7,False
VWA5A,False
OR10D3,False
OR8G1,False
OR8G5,False
OR8D1,False
OR8D2,False
OR8B2,False
OR8B3,False
AP001804.1,False
OR8B4,False
OR8B8,False
OR8B12,False
OR8A1,False
PANX3,False
TBRG1,False
SIAE,False
SPA17,False
NRGN,False
AP000866.5,False
VSIG2,False
ESAM,False
AP000866.2,False
MSANTD2,False
AP000866.6,False
AP000866.1,False
ROBO3,False
AP003501.1,False
ROBO4,False
AP003501.2,False
HEPACAM,False
HEPN1,False
CCDC15-DT,False
CCDC15,False
SLC37A2,False
TMEM218,False
AP001007.2,False
PKNOX2-AS1,False
PKNOX2,False
AP001007.3,False
AP001007.1,False
FEZ1,False
AP000708.1,False
EI24,False
STT3A,False
CHEK1,False
ACRV1,False
PATE1,False
PATE2,False
PATE3,False
PATE4,False
AP000842.3,False
HYLS1,False
PUS3,False
AP000842.2,True
DDX25,False
AP000842.1,False
VSIG10L2,False
CDON,True
AP000821.1,False
AP000821.2,False
AP001893.3,False
RPUSD4,False
AP001893.1,False
FAM118B,False
SRPRA,False
FOXRED1,False
TIRAP,False
AP001318.1,False
AP001318.2,False
DCPS,False
GSEC,False
ST3GAL4,False
KIRREL3,False
KIRREL3-AS1,False
AP001783.1,False
AP002833.1,False
KIRREL3-AS2,False
AP002833.2,False
KIRREL3-AS3,False
AP001993.1,False
AP003121.1,False
LINC02712,False
LINC02725,False
LINC02098,False
ETS1,False
ETS1-AS1,False
AP001122.1,False
FLI1,False
SENCR,False
KCNJ1,False
KCNJ5,False
C11orf45,False
TP53AIP1,False
ARHGAP32,False
BARX2,False
AP003500.1,True
LINC01395,False
AP003327.2,False
TMEM45B,False
NFRKB,False
PRDM10,False
LINC00167,False
APLP2,False
ST14,False
ZBTB44,False
ZBTB44-DT,True
ADAMTS8,True
ADAMTS15,False
C11orf44,False
AP003486.2,False
LINC02551,False
AP003486.1,False
SNX19,False
AP002856.3,False
AP002856.1,False
AP002856.4,False
AP002856.2,False
NTM,True
AP003025.1,False
AP003025.2,False
NTM-AS1,False
AP000844.2,False
AP000844.1,False
NTM-IT,False
OPCML,False
OPCML-IT2,False
OPCML-IT1,False
AP004606.1,False
LINC02743,False
SPATA19,False
IGSF9B,False
LINC02730,False
LINC02731,False
AP000911.1,False
JAM3,False
NCAPD3,False
AP001775.2,False
VPS26B,False
THYN1,False
ACAD8,False
GLB1L3,False
GLB1L2,False
B3GAT1,False
AP004608.1,False
AP004550.1,False
AP001999.3,False
AP001999.1,False
AP001999.2,False
LINC02706,False
LINC02714,True
AP003062.2,False
LINC02697,False
LINC02717,False
LINC02684,False
FAM138D,False
IQSEC3,False
AC026369.3,False
AC026369.1,False
AC026369.2,False
AC007406.3,False
SLC6A12,False
AC007406.1,False
AC007406.4,False
SLC6A13,False
AC007406.2,False
AC007406.5,False
KDM5A,False
CCDC77,False
B4GALNT3,False
NINJ2,False
AC006205.2,False
AC006205.1,False
AC021054.1,True
LINC02455,False
WNK1,False
AC004765.1,False
RAD52,False
AC004803.1,False
ERC1,False
AC004672.1,False
AC004672.2,False
LINC00942,False
WNT5B,False
FBXL14,False
ADIPOR2,False
AC005343.1,False
CACNA2D4,True
AC005343.4,False
LRTM2,False
AC005342.2,False
LINC00940,False
DCP1B,False
CACNA1C,False
AC005342.1,False
CACNA1C-IT1,False
CACNA1C-IT2,False
AC005344.1,False
CACNA1C-AS4,False
CACNA1C-IT3,False
AC005293.1,False
AC005414.1,False
CACNA1C-AS3,False
CACNA1C-AS2,False
CACNA1C-AS1,False
LINC02371,False
FKBP4,False
ITFG2-AS1,False
AC005841.1,False
ITFG2,False
NRIP2,False
TEX52,False
FOXM1,False
RHNO1,False
TULP3,False
AC005911.1,False
TEAD4,False
AC125807.2,True
TSPAN9,False
TSPAN9-IT1,False
AC005912.2,False
AC005865.2,False
LINC02827,False
LINC02417,False
PRMT8,False
AC005908.2,False
AC005908.3,False
CRACR2A,False
AC006207.1,False
PARP11,False
AC005842.1,False
AC084375.1,False
CCND2-AS1,False
CCND2,False
TIGAR,False
FGF23,False
FGF6,False
C12orf4,False
RAD51AP1,False
DYRK4,False
AKAP3,False
AC005832.1,False
NDUFA9,False
GAU1,False
GALNT8,False
AC005833.2,False
KCNA6,False
AC006063.1,False
AC006063.3,False
AC006063.4,False
AC005906.2,False
KCNA1,False
AC006063.2,False
KCNA5,False
AC005906.3,False
LINC02443,False
AC006206.2,False
AC006206.1,False
AC007848.2,False
AC007848.1,False
NTF3,False
ANO2,False
VWF,False
AC005845.1,False
CD9,False
PLEKHG6,False
TNFRSF1A,False
SCNN1A,False
LTBR,False
AC005840.2,False
CD27-AS1,False
CD27,False
TAPBPL,False
VAMP1,False
AC005840.4,False
MRPL51,False
NCAPD2,False
AC006064.5,False
AC006064.3,False
GAPDH,False
AC006064.4,False
IFFO1,False
AC006064.1,False
NOP2,False
CHD4,False
AC006064.2,False
LPAR5,False
ACRBP,False
ING4,False
AC125494.1,True
ZNF384,False
PIANP,False
AC125494.3,False
COPS7A,False
AC125494.2,False
MLF2,False
PTMS,False
LAG3,False
CD4,False
GPR162,False
P3H3,False
GNB3,True
CDCA3,False
USP5,False
TPI1,False
SPSB2,False
LRRC23,False
U47924.3,False
ENO2,False
ATN1,False
C12orf57,False
U47924.2,False
PTPN6,False
MIR200CHG,False
U47924.1,False
PHB2,False
EMG1,False
LPCAT3,False
C1S,False
C1R,False
C1RL,False
C1RL-AS1,False
RBP5,False
AC018653.3,False
CLSTN3,False
AC018653.4,False
AC018653.1,False
PEX5,False
ACSM4,False
CD163L1,False
CD163,False
APOBEC1,False
GDF3,False
DPPA3,False
CLEC4C,True
NANOGNB,False
NANOG,False
SLC2A14,False
AC006517.2,False
SLC2A3,False
AC006511.6,False
AC006511.4,False
FOXJ2,False
C3AR1,False
NECAP1,False
CLEC4A,False
ZNF705A,False
FAM66C,False
AC092111.2,False
AC092111.1,False
FAM90A1,False
LINC02449,False
AC092745.5,False
AC092745.4,False
LINC00937,True
AC092745.1,False
CLEC6A,False
CLEC4D,False
CLEC4E,True
AC092746.1,False
AICDA,False
MFAP5,False
AC092490.2,False
RIMKLB,False
A2ML1-AS1,False
AC092490.1,False
A2ML1-AS2,False
A2ML1,False
AC006581.2,False
PHC1,False
M6PR,False
KLRG1,True
AC006581.1,False
LINC00612,True
A2M-AS1,False
A2M,True
PZP,True
LINC00987,False
AC010175.1,False
AC009533.3,False
LINC02367,False
AC009533.4,False
AC092821.3,False
KLRB1,True
AC010186.1,False
AC010186.3,False
CLEC2D,False
LINC02390,False
CLECL1,False
CD69,False
KLRF1,True
CLEC2B,False
AC091814.1,False
KLRF2,False
CLEC2A,False
LINC02470,False
CLEC12A-AS1,False
CLEC12A,False
CLEC1B,False
CLEC12B,False
AC024224.2,False
CLEC9A,False
CLEC1A,False
CLEC7A,True
OLR1,False
TMEM52B,False
GABARAPL1,False
AC115676.1,False
KLRD1,True
LINC02617,False
LINC02598,False
AC022075.1,False
KLRK1,True
KLRC4,False
KLRC3,True
KLRC2,True
KLRC1,True
EIF2S3B,False
LINC02446,True
MAGOHB,False
STYK1,False
YBX3,True
LINC02366,False
TAS2R7,False
TAS2R8,False
TAS2R9,False
PRH1,False
TAS2R10,False
PRR4,False
TAS2R13,False
PRH2,False
TAS2R14,False
TAS2R50,False
TAS2R20,False
TAS2R19,False
TAS2R31,False
TAS2R46,False
TAS2R43,False
TAS2R30,False
AC134349.1,False
SMIM10L1,False
TAS2R42,False
AC244131.2,True
PRB3,False
PRB4,False
PRB1,False
PRB2,False
AC078950.1,False
AC007450.1,False
LINC01252,False
ETV6,False
BCL2L14,False
LRP6,False
MANSC1,False
LOH12CR2,False
BORCS5,False
DUSP16,False
AC007619.1,False
CREBL2,False
AC008115.4,False
GPR19,False
AC008115.2,False
CDKN1B,False
AC008115.3,False
AC008115.1,False
APOLD1,False
DDX47,False
GPRC5A,False
GPRC5D-AS1,False
GPRC5D,False
AC007688.3,False
HEBP1,False
AC023790.2,False
FAM234B,False
GSG1,False
EMP1,True
AC022276.1,False
LINC01559,False
GRIN2B,True
AC007527.1,False
AC007527.2,False
AC007535.1,False
AC092112.1,False
ATF7IP,False
PLBD1,False
AC008114.1,False
PLBD1-AS1,False
GUCY2C,False
AC010168.1,False
AC010168.2,False
HIST4H4,False
H2AFJ,False
WBP11,False
C12orf60,False
SMCO3,False
AC007655.2,False
ART4,True
AC007655.1,False
MGP,False
ERP27,False
ARHGDIB,False
PDE6H,False
LINC01489,False
RERG,False
RERG-IT1,False
RERG-AS1,False
PTPRO,False
EPS8,False
AC073651.1,False
STRAP,False
DERA,False
SLC15A5,False
MGST1,True
AC007528.1,False
LMO3,False
AC007552.2,False
AC007529.2,False
AC007529.1,False
AC092793.1,False
AC092110.1,False
AC048352.1,False
LINC02378,False
RERGL,False
PIK3C2G,False
PLCZ1,False
AC087242.1,False
CAPZA3,False
PLEKHA5,True
AC092828.1,False
AEBP2,False
AC137561.1,False
AC024901.1,False
LINC02398,False
AC126468.1,False
LINC02468,False
AC129102.1,False
PDE3A,False
SLCO1C1,False
SLCO1B3,False
SLCO1B7,False
SLCO1B1,False
SLCO1A2,True
IAPP,False
PYROXD1,False
RECQL,False
GOLT1B,False
SPX,False
GYS2,False
LDHB,False
AC010197.1,True
AC010185.1,False
KCNJ8,False
ABCC9,False
AC008250.1,False
AC008250.2,False
CMAS,False
ST8SIA1,True
AC007671.1,False
AC087318.1,False
AC053513.1,False
C2CD5,False
AC053513.2,False
AC087241.2,False
ETNK1,False
AC084816.1,True
AC084819.1,False
AC087235.2,False
AC087235.1,False
SOX5,True
AC087260.1,False
SOX5-AS1,False
LINC00477,False
AC023796.1,False
BCAT1,False
AC023796.2,False
AC026310.2,False
C12orf77,False
LRMP,False
AC023510.1,False
AC023510.2,True
CASC1,False
ETFRF1,False
KRAS,False
AC092794.1,False
AC092794.2,False
AC087239.1,False
LMNTD1,False
AC022367.1,False
AC019209.3,False
AC019209.2,False
AC019209.1,False
RASSF8-AS1,False
RASSF8,False
BHLHE41,False
SSPN,True
AC022509.3,False
AC022509.5,False
AC022509.2,False
AC022509.1,False
AC022509.4,False
AC055720.1,False
AC024145.1,False
ITPR2,False
AC055720.2,False
AC023051.1,False
INTS13,False
FGFR1OP2,False
TM7SF3,False
AC024896.1,False
MED21,False
AC092747.4,False
C12orf71,False
AC092747.1,False
STK38L,False
ARNTL2,False
ARNTL2-AS1,False
SMCO2,False
PPFIBP1,True
AC087257.1,False
AC009509.1,False
REP15,False
AC009509.4,False
AC009509.2,False
MRPS35,False
MANSC4,False
AC009511.2,False
KLHL42,False
AC009511.1,False
PTHLH,False
AC008011.2,False
CCDC91,False
AC022364.1,False
AC022079.2,True
AC022079.1,False
AC022081.1,False
AC012150.1,False
FAR2,True
AC012150.2,False
AC009318.4,False
AC009318.1,False
AC009318.3,False
AC009318.2,False
ERGIC2,False
OVCH1-AS1,True
OVCH1,False
TMTC1,True
AC009320.1,False
AC023511.3,False
AC023511.1,False
LINC02386,False
AC078776.1,False
IPO8,False
AC012673.1,False
CAPRIN2,False
AC010198.1,True
AC010198.2,False
TSPAN11,False
DDX11-AS1,False
DDX11,False
AC024940.6,False
SINHCAF,False
AC024940.1,False
LINC02387,False
DENND5B,True
AC068792.1,False
DENND5B-AS1,True
AC068774.1,False
ETFBKMT,False
AMN1,True
AC023157.3,False
H3F3C,False
LINC02422,True
RESF1,False
AC016957.2,False
AC048344.1,False
BICD1,True
AC048344.4,False
AC026356.1,False
AC026356.2,False
FGD4,True
DNM1L,False
AC084824.5,False
YARS2,False
AC084824.3,False
AC084824.4,False
AC087588.3,False
PKP2,False
AC087588.2,False
AC087311.2,False
SYT10,False
AC023158.1,False
AC023158.2,False
AC046130.1,False
ALG10,False
AC046130.2,False
AC140847.1,False
AC140847.2,False
AC079460.2,False
ALG10B,False
AC087897.2,False
CPNE8,False
CPNE8-AS1,False
LINC02406,False
KIF21A,False
AC121334.4,False
ABCD2,True
AC121334.3,True
C12orf40,False
SLC2A13,True
LINC02555,False
LINC02471,False
AC079630.1,False
LRRK2,True
MUC19,False
AC107023.1,False
CNTN1,False
AC015540.1,False
PDZRN4,False
AC090531.1,False
LINC02400,False
AC090630.1,False
AC006197.2,False
GXYLT1,False
YAF2,False
PPHLN1,False
ZCRB1,False
AC079684.1,False
PRICKLE1,True
AC079601.1,False
AC079600.3,False
LINC02402,False
LINC02451,False
LINC02450,False
AC012038.2,False
AC012038.1,False
LINC02461,False
ADAMTS20,False
PUS7L,False
IRAK4,False
TWF1,False
TMEM117,True
AC025030.2,False
AC025253.1,False
AC025253.2,False
NELL2,True
DBX2,False
AC008127.1,False
AC009248.3,False
ANO6,False
AC009248.2,False
AC079950.1,True
AC008124.1,False
ARID2,False
AC009464.1,False
SCAF11,False
SLC38A1,False
AC025031.3,False
SLC38A2,False
AC025031.2,False
AC008014.1,True
AC025031.1,False
AC025031.4,False
AC008035.1,False
SLC38A4,False
AC079906.1,False
AMIGO2,False
PCED1B,False
PCED1B-AS1,False
AC008083.2,False
AC008083.3,False
AC008083.4,False
LINC02416,False
LINC02156,True
RPAP3,False
AC004241.3,True
AC004241.1,False
ENDOU,False
AC004241.2,False
RAPGEF3,False
SLC48A1,False
AC004241.4,False
HDAC7,False
AC004466.1,False
AC004466.3,False
AC004466.2,False
LINC02354,False
VDR,False
AC121338.1,False
AC121338.2,False
TMEM106C,False
COL2A1,False
AC004801.5,False
AC004801.4,False
AC004801.3,False
AC004801.6,False
SENP1,False
PFKM,False
ASB8,False
AC074029.3,False
CCDC184,False
AC024257.3,False
OR10AD1,False
AC024257.1,False
AC024257.5,False
H1FNT,False
ZNF641,False
AC090115.1,False
AC024257.4,False
ANP32D,False
C12orf54,False
AC089987.2,False
OR8S1,False
OR5BS1P,False
LALBA,False
KANSL2,False
CCNT1,False
TEX49,False
AC117498.1,False
ADCY6,False
ADCY6-DT,False
CACNB3,False
DDX23,False
RND1,False
CCDC65,False
FKBP11,False
ARF3,False
WNT10B,False
WNT1,False
DDN,False
AC011603.3,False
DDN-AS1,False
PRKAG1,False
KMT2D,False
RHEBL1,False
DHH,False
AC011603.1,False
LMBR1L,False
TUBA1B,False
AC011603.2,False
TUBA1A,False
TUBA1C,False
AC010173.1,False
AC125611.3,False
AC125611.4,False
PRPH,False
TROAP,False
C1QL4,False
DNAJC22,False
SPATS2,False
AC020612.4,False
KCNH3,False
MCRS1,False
PRPF40B,True
AC020612.3,False
FAM186B,False
FMNL3,False
TMBIM6,False
NCKAP5L,False
BCDIN3D-AS1,False
BCDIN3D,False
AC131157.1,False
FAIM2,False
LINC02395,False
LINC02396,False
AQP2,False
AC025154.2,False
AC025154.1,False
AQP5,False
AQP6,False
RACGAP1,False
ASIC1,False
SMARCD1,False
GPD1,False
COX14,False
AC074032.1,False
CERS5,False
LIMA1,False
AC008147.2,False
AC008147.1,False
FAM186A,False
LARP4,False
DIP2B,False
ATF1,False
TMPRSS12,False
METTL7A,False
AC008121.2,False
HIGD1C,False
AC008121.3,False
SLC11A2,False
LETMD1,False
CSRNP2,False
TFCP2,False
POU6F1,False
AC139768.1,False
DAZAP2,False
SMAGP,False
BIN2,False
CELA1,False
GALNT6,False
SLC4A8,False
AC107031.1,False
SCN8A,True
AC068987.1,False
C12orf81,False
AC068987.2,False
FIGNL2,False
AC068987.3,False
FIGNL2-DT,False
ANKRD33,False
ACVRL1,False
ACVR1B,False
GRASP,False
NR4A1,False
AC025259.3,False
ATG101,False
AC025259.1,False
SMIM41,False
AC078864.1,False
LINC00592,False
KRT80,False
C12orf80,False
KRT7,False
KRT7-AS,False
KRT86,False
AC021066.1,False
KRT81,False
AC121757.2,False
AC121757.1,False
KRT83,False
KRT85,False
KRT84,False
AC078865.1,False
KRT82,False
AC055736.1,False
KRT75,False
KRT6B,False
KRT6C,False
KRT6A,False
KRT5,True
KRT71,False
KRT74,False
KRT72,False
KRT73-AS1,False
KRT73,False
KRT2,False
KRT1,True
KRT77,False
AC055716.3,False
KRT76,False
KRT3,False
KRT4,False
KRT79,False
KRT78,False
KRT8,False
KRT18,False
EIF4B,False
AC068888.2,False
AC068888.1,False
TNS2,False
SPRYD3,False
IGFBP6,False
SOAT2,False
CSAD,False
AC073573.1,False
ZNF740,False
ITGB7,False
RARG,False
AC021072.1,False
MFSD5,False
ESPL1,False
PFDN5,False
AC073611.1,False
C12orf10,False
AAAS,False
SP7,False
SP1,False
AMHR2,False
PRR13,False
PCBP2,False
PCBP2-OT1,False
MAP3K12,False
AC023509.3,False
TARBP2,False
NPFF,False
ATF7,False
AC023509.2,False
AC023509.6,False
ATP5MC2,False
CALCOCO1,False
AC076968.2,False
CISTR,False
AC076968.1,False
HOXC13-AS,False
HOXC13,False
HOXC12,False
HOTAIR,False
HOXC11,False
HOXC-AS3,False
HOXC10,False
HOXC6,False
HOXC-AS2,False
HOXC9,False
HOXC-AS1,False
HOXC8,False
HOXC4,False
AC012531.1,False
HOXC5,False
AC023794.1,False
AC023794.3,False
FAM242C,False
SMUG1,False
LINC02381,False
AC023794.6,False
AC023794.5,False
AC023794.2,False
CBX5,False
SCAT2,False
AC078778.1,False
HNRNPA1,False
NFE2,False
COPZ1,False
AC079313.2,False
AC079313.1,False
GPR84,False
ZNF385A,False
ITGA5,False
LINC01154,False
GTSF1,False
NCKAP1L,False
AC068789.1,False
PDE1B,False
PPP1R1A,False
LACRT,False
DCD,False
AC079310.1,False
MUCL1,False
TESPA1,False
AC027287.2,False
NEUROD4,False
OR9K2,False
OR10A7,False
OR6C74,False
OR6C6,False
OR6C1,False
OR6C3,False
OR6C75,False
OR6C65,False
OR6C76,False
AC122685.1,False
OR6C2,False
OR6C70,False
OR6C68,False
OR6C4,False
OR2AP1,False
OR10P1,False
AC009779.5,False
METTL7B,False
ITGA7,False
BLOC1S1,False
RDH5,False
CD63,False
AC009779.2,False
GDF11,False
SARNP,False
AC073487.1,False
ORMDL2,False
DNAJC14,False
MMP19,False
PYM1,False
DGKA,False
AC025162.2,False
PMEL,False
CDK2,False
AC025162.1,False
RAB5B,False
SUOX,False
IKZF4,False
AC034102.8,False
AC034102.3,False
RPS26,False
ERBB3,True
PA2G4,False
AC034102.4,False
RPL41,False
ESYT1,False
ZC3H10,False
AC034102.7,False
AC034102.6,False
AC034102.5,False
MYL6B,False
MYL6,False
SMARCC2,False
AC073896.4,False
RNF41,False
NABP2,False
SLC39A5,True
ANKRD52,False
COQ10A,False
AC073896.5,False
CS,False
AC073896.2,False
AC073896.3,False
CNPY2,False
PAN2,False
IL23A,False
STAT2,False
APOF,False
AC024884.2,False
TIMELESS,True
MIP,False
SPRYD4,False
GLS2,False
RBMS2,False
BAZ2A,False
ATP5F1B,False
PTGES3,False
NACA,False
PRIM1,False
HSD17B6,False
SDR9C7,False
RDH16,False
AC026120.3,True
GPR182,False
ZBTB39,False
TAC3,False
MYO1A,False
NEMP1,False
NAB2,False
STAT6,False
LRP1,False
LRP1-AS,False
NXPH4,False
AC137834.2,False
SHMT2,False
NDUFA4L2,False
STAC3,False
R3HDM2,False
AC126614.1,False
INHBC,False
INHBE,False
AC022506.2,False
GLI1,False
ARHGAP9,False
MARS,False
DDIT3,False
AC022506.1,False
MBD6,False
DCTN2,False
KIF5A,False
PIP4K2C,False
DTX3,False
ARHGEF25,False
AC025165.1,False
SLC26A10,False
B4GALNT1,False
OS9,False
AC025165.2,False
AGAP2,False
AGAP2-AS1,False
TSPAN31,False
CDK4,False
MARCH9,False
CYP27B1,False
METTL1,False
EEF1AKMT3,False
TSFM,False
AVIL,False
AC025165.5,False
AC025165.4,False
CTDSP2,False
AC083805.2,False
AC083805.1,False
AC083805.3,False
ATP23,False
GIHCG,False
LINC02403,False
AC020637.1,False
LINC02388,False
LRIG3,False
AC068305.2,False
AC046129.1,False
AC108721.2,False
AC108721.1,False
LINC02448,False
SLC16A7,False
AC080011.1,False
AC087883.2,False
AC090629.1,False
TAFA2,True
AC078789.1,False
USP15,False
MON2,False
AC079035.1,False
LINC01465,False
AC048341.1,False
AC048341.2,False
PPM1H,False
AC078814.1,False
AVPR1A,False
AC026116.1,False
DPY19L2,False
AC084357.2,False
RXYLT1,False
RXYLT1-AS1,False
SRGAP1,False
AC079866.2,False
AC020611.2,False
AC025576.3,False
AC025576.2,False
AC025576.1,False
C12orf66,False
C12orf56,True
XPOT,False
AC135279.4,False
TBK1,False
RASSF3,False
AC078962.2,False
AC078962.4,False
AC078962.1,False
AC078962.3,False
GNS,False
AC025262.1,False
TBC1D30,True
AC025262.4,False
LINC02389,False
LINC02231,False
AC135895.1,False
WIF1,False
LEMD3,False
AC026124.2,False
MSRB3,False
AC026124.1,False
AC025419.1,False
AC090023.1,False
LINC02454,False
AC090023.2,False
HMGA2,False
AC107308.1,False
HMGA2-AS1,False
AC090673.1,False
LINC02425,False
LLPH,False
LLPH-DT,False
TMBIM4,False
IRAK3,True
AC078889.1,False
HELB,False
GRIP1,True
AC073530.1,False
CAND1,False
AC078983.1,False
LINC02420,False
LINC02408,False
LINC02442,False
DYRK2,False
AC078777.1,False
LINC02421,False
LINC01479,False
IFNG-AS1,True
IFNG,True
IL26,False
IL22,False
MDM1,False
LINC02384,True
AC022511.1,False
AC008033.3,False
RAP1B,False
AC090061.1,False
NUP107,False
SLC35E3,False
MDM2,False
AC025423.1,False
AC025423.4,False
CPM,True
AC127894.1,False
CPSF6,False
AC020656.2,False
LYZ,True
AC020656.1,False
YEATS4,False
LINC02373,False
FRS2,False
CCT2,False
LRRC10,False
BEST3,False
AC025263.1,False
RAB3IP,False
MYRFL,False
AC025159.1,False
AC078922.1,False
LINC02821,False
LINC01481,False
AC092881.2,False
CNOT2,False
KCNMB4,False
AC025569.1,True
PTPRB,False
AC083809.1,False
PTPRR,False
AC123905.1,False
AC025575.1,False
AC025575.2,False
TSPAN8,False
LGR5,False
AC090116.1,False
AC078860.2,False
ZFC3H1,False
THAP2,False
TMEM19,False
AC011601.1,False
RAB21,False
AC089984.1,False
TBC1D15,False
TPH2,False
AC090109.1,False
TRHDE,False
TRHDE-AS1,False
AC133480.1,False
AC090503.2,False
LINC02444,False
AC090503.1,False
LINC02445,False
AC090015.1,False
AC136188.1,False
LINC02394,False
AC090502.2,False
ATXN7L3B,False
AC025257.1,False
AC073525.1,True
KCNC2,False
AC091534.1,False
CAPS2,True
AC121761.2,False
GLIPR1L1,False
GLIPR1L2,False
GLIPR1,False
AC121761.1,False
KRR1,False
AC078923.1,False
AC078820.2,False
AC078820.1,False
AC011611.2,False
PHLDA1,False
AC011611.3,False
AC011611.4,False
NAP1L1,False
LNCOG,False
BBS10,False
OSBPL8,False
AC107032.2,False
AC107032.3,False
ZDHHC17,False
CSRP2,False
AC124784.1,False
E2F7,False
AC079030.1,False
LINC02464,False
NAV3,False
AC073591.1,False
AC138331.1,False
AC073571.1,False
LINC02424,False
AC128707.1,False
AC130415.1,False
AC079362.1,False
AC068993.2,False
SYT1,False
AC090709.1,False
AC027288.3,False
AC027288.1,False
PAWR,False
AC073569.2,False
PPP1R12A,False
AC073569.3,False
AC073569.1,False
PPP1R12A-AS1,False
OTOGL,False
PTPRQ,False
AC074031.1,False
MYF6,False
MYF5,False
LINC01490,False
LIN7A,True
ACSS3,False
AC078955.1,False
PPFIA2,False
PPFIA2-AS1,False
AC069228.1,False
LINC02426,False
CCDC59,False
METTL25,False
AC089998.4,False
AC089998.2,False
AC089998.1,False
AC091214.1,False
TMTC2,True
AC090680.1,False
AC093025.1,False
AC090679.3,False
AC090679.2,False
SLC6A15,False
TSPAN19,False
LRRIQ1,False
ALX1,False
LINC02820,False
RASSF9,False
NTS,False
MGAT4C,False
AC016993.1,False
AC010196.1,False
LINC02258,False
AC079598.1,False
C12orf50,False
C12orf29,False
CEP290,False
TMTC3,False
KITLG,False
AC024941.2,False
AC024941.1,False
LINC02458,False
DUSP6,True
AC024909.1,False
AC010201.3,False
AC010201.2,False
AC010201.1,False
POC1B,False
GALNT4,False
POC1B-AS1,False
AC025034.1,False
ATP2B1,False
ATP2B1-AS1,False
AC009522.1,False
LINC02399,False
AC126178.1,True
LINC02392,False
LINC02822,False
AC084365.1,False
AC112481.2,False
AC112481.1,False
CCER1,False
LINC00615,False
EPYC,False
KERA,False
LUM,False
DCN,False
LINC02823,False
AC090016.1,False
AC126175.2,False
AC025254.1,False
LINC02404,False
AC090049.1,False
LINC01619,False
AC123512.1,False
AC025164.2,False
BTG1,False
AC025164.1,False
LINC02391,False
CLLU1OS,False
CLLU1,False
LINC02397,True
C12orf74,True
EEA1,False
LINC02413,False
AC138123.1,False
AC138123.2,False
LINC02412,False
AC124947.1,False
NUDT4,False
UBE2N,False
MRPL42,False
SOCS2-AS1,False
SOCS2,False
CRADD,True
AC012085.2,False
AC012464.2,False
AC012464.1,True
AC012464.3,False
PLXNC1,False
AC123567.2,False
AC073655.3,False
AC073655.1,False
AC073655.2,False
CEP83,False
CEP83-DT,False
AC023161.1,False
TMCC3,False
NDUFA12,False
NR2C1,False
FGD6,False
VEZT,False
AC084879.2,False
METAP2,False
USP44,False
NTN4,False
AC090001.1,False
LINC02410,False
SNRPF,False
CCDC38,False
AMDHD1,False
HAL,False
AC007298.2,False
LTA4H,False
AC007298.1,False
LINC02452,False
ELK3,False
AC008149.1,False
AC008149.2,False
CDK17,False
AC007513.1,False
CFAP54,False
NEDD1,False
AC007656.2,True
AC007656.1,False
AC007656.4,False
LINC02409,False
RMST,False
AC016152.1,True
AC008055.2,False
LINC02453,False
TMPO-AS1,False
TMPO,False
SLC25A3,False
IKBIP,False
APAF1,False
ANKS1B,False
AC069437.1,False
AC117377.1,False
FAM71C,False
AC078916.1,False
UHRF1BP1L,False
AC010203.2,False
ACTR6,False
DEPDC4,False
SCYL2,False
SLC17A8,False
NR1H4,False
GAS2L3,False
ANO4,True
AC138360.1,False
AC063947.1,False
SLC5A8,False
UTP20,False
ARL1,False
AC063948.1,False
SPIC,False
MYBPC1,False
AC117505.1,False
AC010205.1,False
CHPT1,False
SYCP3,False
GNPTAB,False
DRAM1,False
AC084398.2,False
AC079907.2,False
WASHC3,False
AC079907.1,False
NUP37,False
PARPBP,False
PMCH,False
HELLPAR,True
LINC02456,False
IGF1,False
LINC00485,False
PAH,False
AC026108.1,False
ASCL1,False
AC026108.2,False
AC068643.1,False
AC068643.2,False
C12orf42,True
AC084364.3,False
LINC02401,False
STAB2,False
AC025265.2,False
AC025265.3,False
AC025265.1,False
NT5DC3,False
AC012555.2,False
AC012555.1,False
HSP90B1,False
C12orf73,False
TDG,False
GLT8D2,False
HCFC2,False
NFYB,False
LINC02385,False
AC089983.2,False
TXNRD1,False
AC089983.1,False
EID3,False
CHST11,False
SLC41A2,False
AC089985.1,False
C12orf45,False
ALDH1L2,False
WASHC4,False
APPL2,False
C12orf75,True
AC078874.1,False
AC011313.1,False
AC079851.1,False
CASC18,False
AC011595.2,False
NUAK1,False
AC011595.1,False
CKAP4,False
AC079174.1,False
AC079174.2,False
TCP11L2,False
POLR3B,False
AC079385.1,False
RFX4,False
AC079385.2,False
AC079385.3,False
RIC8B,False
AC007695.1,False
AC007541.1,False
TMEM263,False
MTERF2,False
CRY1,False
AC078929.1,False
AC007649.1,False
BTBD11,True
AC007540.1,False
PWP1,False
PRDM4,False
AC007622.2,False
ASCL4,False
AC126177.3,False
WSCD2,False
CMKLR1,False
LINC01498,False
FICD,False
SART3,False
AC008119.1,False
ISCU,False
TMEM119,False
SELPLG,False
AC007569.1,False
CORO1C,False
SSH1,False
AC087893.2,False
DAO,False
SVOP,False
USP30,False
USP30-AS1,False
ALKBH2,False
UNG,False
AC007637.1,False
ACACB,True
FOXN4,False
MYO1H,False
LINC01486,False
AC007570.1,False
KCTD10,False
UBE3B,False
MMAB,False
MVK,False
FAM222A,False
FAM222A-AS1,False
TRPV4,False
GLTP,False
AC007834.1,False
TCHP,False
GIT2,False
AC084876.1,False
ANKRD13A,False
C12orf76,False
AC007546.1,False
IFT81,False
ATP2A2,False
ANAPC7,False
ARPC3,False
GPN3,False
FAM216A,False
VPS29,False
RAD9B,False
PPTC7,False
TCTN1,False
HVCN1,True
PPP1CC,False
AC002375.1,False
CCDC63,False
MYL2,False
LINC01405,False
AC002351.1,False
CUX2,True
PHETA1,False
LINC02356,True
SH2B3,False
ATXN2,False
ATXN2-AS,False
BRAP,False
ACAD10,False
ALDH2,False
MAPKAPK5-AS1,False
MAPKAPK5,False
TMEM116,False
ERP29,False
AC073575.2,False
NAA25,False
AC073575.1,False
TRAFD1,False
HECTD4,False
AC004217.1,False
RPL6,False
PTPN11,False
RPH3A,False
OAS1,False
AC004551.1,False
OAS3,False
OAS2,False
DTX1,True
RASAL1,False
CFAP73,False
DDX54,False
RITA1,False
AC089999.1,False
IQCD,False
TPCN1,True
AC089999.2,False
SLC8B1,False
PLBD2,False
SDS,False
SDSL,False
LHX5,False
LHX5-AS1,False
LINC01234,False
RBM19,False
AC009731.1,False
AC073863.1,False
AC010183.1,False
AC010183.2,False
LINC02459,False
TBX5,False
TBX5-AS1,False
AC010177.1,False
TBX3,False
AC026765.3,True
AC026765.4,False
AC026765.2,False
AC009804.2,False
AC008125.1,False
AC078880.1,False
AC078880.3,False
AC078880.4,False
AC078880.5,False
AC078880.2,False
AC009803.2,False
AC009803.1,False
AC009387.1,False
LINC02463,True
AC012157.3,False
MED13L,False
AC012157.2,False
AC130895.1,False
AC079384.2,False
AC079384.1,False
LINC02457,False
LINC00173,False
MAP1LC3B2,False
AC125603.4,False
AC125603.3,False
AC125603.2,False
AC125603.1,False
C12orf49,False
RNFT2,False
AC083806.3,False
HRK,False
FBXW8,False
AC083806.2,False
AC127164.1,False
AC026368.1,False
TESC,False
TESC-AS1,False
FBXO21,False
NOS1,False
AC073864.1,False
KSR2,False
AC084291.1,False
RFC5,False
AC131159.2,False
WSB2,False
AC131159.1,False
VSIG10,False
AC131238.1,False
PEBP1,False
TAOK3,False
AC026367.1,False
SUDS3,False
AC026367.3,False
AC026367.2,False
LINC02460,False
LINC02423,False
LINC02440,False
LINC02439,False
AC087863.2,False
SRRM4,False
AC087885.1,False
AC084361.1,False
AC084880.4,False
HSPB8,False
AC084880.3,False
AC084880.2,False
LINC00934,False
CCDC60,False
AC002070.1,False
TMEM233,False
PRKAB1,False
CIT,False
AC002563.1,False
BICDL1,True
RAB35,False
AC004812.2,False
GCN1,False
RPLP0,False
PXN-AS1,False
PXN,False
AC004263.2,False
AC004263.1,False
SIRT4,False
PLA2G1B,False
MSI1,False
AC003982.1,False
COX6A1,False
TRIAP1,False
GATC,False
SRSF9,False
DYNLL1,False
NRAV,False
AC063943.1,False
COQ5,False
RNF10,False
POP5,False
AC125616.1,False
CABP1,False
MLEC,False
AC069234.2,False
AC069234.5,False
AC069234.4,False
UNC119B,False
AC069234.3,False
ACADS,False
AC069234.1,False
SPPL3,False
AC069214.1,False
HNF1A-AS1,False
HNF1A,False
C12orf43,False
OASL,False
P2RX7,False
AC069209.2,False
AC069209.1,True
P2RX4,False
CAMKK2,False
ANAPC5,False
AC048337.1,False
RNF34,False
KDM2B,False
KDM2B-DT,True
ORAI1,False
MORN3,False
AC084018.4,False
TMEM120B,False
RHOF,False
LINC01089,False
AC084018.1,False
AC084018.2,False
SETD1B,False
HPD,True
AC079360.1,False
AC069503.3,False
AC069503.4,True
PSMD9,False
WDR66,True
AC069503.1,False
BCL7A,True
AC156455.1,False
MLXIP,False
LRRC43,False
IL31,False
B3GNT4,False
AC048338.2,False
DIABLO,False
VPS33A,False
CLIP1,False
CLIP1-AS1,False
ZCCHC8,False
AC127002.2,False
RSRC2,False
KNTC1,True
AC026333.4,False
AC026333.3,False
HCAR2,False
HCAR3,False
HCAR1,False
DENR,False
CCDC62,False
HIP1R,False
VPS37B,False
AC027290.1,False
ABCB9,False
OGFOD2,False
ARL6IP4,False
PITPNM2,True
PITPNM2-AS1,False
MPHOSPH9,False
C12orf65,False
CDK2AP1,False
AC068768.1,False
SBNO1,False
SBNO1-AS1,False
KMT5A,False
RILPL2,False
SNRNP35,False
RILPL1,True
AC145423.2,False
AC145423.3,False
TMED2-DT,False
TMED2,False
DDX55,False
EIF2B1,False
GTF2H3,False
TCTN2,False
AC117503.1,False
ATP6V0A2,False
AC117503.5,False
DNAH10,False
CCDC92,False
DNAH10OS,False
AC068790.7,False
AC068790.4,False
AC068790.3,False
AC068790.2,False
AC068790.5,False
AC068790.6,False
ZNF664,False
RFLNA,False
AC068790.9,False
AC026358.1,False
NCOR2,False
AC073592.1,False
SCARB1,False
AC073593.2,False
UBC,False
DHX37,False
BRI3BP,False
THRIL,False
AACS,False
AC122688.2,False
AC122688.5,False
TMEM132B,False
AC005252.4,False
LINC00939,False
LINC02826,False
LINC02359,False
AC005888.1,False
AC007368.1,True
LINC02825,False
LINC02347,False
AC006065.4,False
AC006065.3,False
LINC02824,False
LINC00943,False
LINC00944,False
LINC02372,False
AC078878.2,False
LINC02405,False
AC079949.3,False
AC079949.1,True
AC079949.5,False
AC079949.2,True
AC079949.6,False
LINC02376,False
LINC02375,False
AC068787.4,False
AC068787.3,False
AC068787.2,False
AC068787.5,False
AC025252.1,False
LINC02411,False
AC025160.1,False
LINC02393,False
LINC00507,False
LINC00508,False
LINC02441,False
AC140121.1,False
LINC02369,False
LINC02368,False
AC061709.2,False
TMEM132C,False
AC023595.1,False
SLC15A4,False
AC108704.1,False
GLT1D1,True
TMEM132D,False
TMEM132D-AS1,False
TMEM132D-AS2,False
AC130404.1,False
AC130404.2,False
AC117373.1,False
AC117373.2,False
AC055717.1,False
AC055717.2,False
LINC02418,False
AC135388.1,False
LINC02419,False
AC026336.3,False
FZD10-AS1,False
FZD10,False
AC026336.2,False
PIWIL1,True
RIMBP2,False
AC063926.1,False
AC095350.1,False
STX2,False
AC073912.1,False
AC073912.2,False
RAN,False
ADGRD1,False
AC073862.1,False
ADGRD1-AS1,False
AC078925.1,False
LINC01257,False
LINC02415,False
AC092850.2,False
LINC02370,False
AC140118.2,False
AC140118.1,False
AC073578.2,False
AC073578.5,False
AC073578.1,False
AC117500.3,False
LINC02414,False
AC117500.6,False
AC117500.1,False
SFSWAP,False
AC117500.2,False
MMP17,False
AC131009.2,False
ULK1,False
AC131009.1,False
PUS1,False
AC131009.3,False
EP400,False
AC137590.1,False
AC137590.2,False
DDX51,False
NOC4L,False
AC138466.3,False
LINC02361,False
AC138466.1,False
GALNT9,False
AC148477.3,False
AC148477.2,False
AC148477.4,False
AC148477.1,False
AC148477.10,False
AC148476.1,False
AC079031.1,False
AC079031.2,False
FBRSL1,False
AC131212.1,False
LRCOL1,False
P2RX2,False
POLE,False
PXMP2,False
PGAM5,False
ANKLE2,False
GOLGA3,False
CHFR,False
AC127070.1,True
AC127070.2,False
ZNF605,False
ZNF26,False
ZNF84-DT,False
ZNF84,False
ZNF140,False
ZNF891,False
AC026786.2,False
ZNF10,False
ZNF268,False
ANHX,False
FAM230C,False
LINC00349,False
LINC00388,False
LINC00387,False
LINC00408,False
AL355516.1,False
LINC00442,False
AL137001.1,False
AL137001.2,False
TUBA3C,False
AL139327.2,False
LINC00421,False
AL356259.1,False
TPTE2,True
LINC00350,False
MPHOSPH8,False
PSPC1-AS2,False
PSPC1,False
ZMYM5,False
AL355001.1,False
AL355001.2,False
ZMYM2,False
LINC01072,False
GJA3,True
LINC00556,False
GJB2,False
GJB6,True
CRYL1,False
AL590096.1,False
IFT88,False
AL161772.1,False
IL17D,False
EEF1AKMT1,False
AL512652.1,False
XPO4,False
LATS2,False
LATS2-AS1,False
SAP18,False
SKA3,False
MRPL57,False
LINC01046,False
LINC00539,False
ZDHHC20,False
ZDHHC20-IT1,False
MICU2,False
FGF9,True
LINC00424,False
AL136962.1,True
AL512484.1,False
LINC00621,False
AL157931.1,False
AL157931.2,False
LINC00362,False
SGCG,True
SACS,False
SACS-AS1,False
LINC00327,False
LINC00352,False
TNFRSF19,False
MIPEP,True
PCOTH,False
C1QTNF9B,False
AL445985.2,False
SPATA13,False
AL445985.1,False
SPATA13-AS1,False
C1QTNF9,True
C1QTNF9-AS1,False
LINC00566,False
PARP4,False
AL359538.4,False
AL359538.3,False
ATP12A,False
AL391560.1,False
AL391560.2,False
RNF17,False
CENPJ,False
PABPC3,False
AMER2,False
LINC01053,False
LINC00463,False
LINC01076,False
MTMR6,False
AL590787.1,False
NUP58,False
ATP8A2,False
SHISA2,False
LINC00415,False
RNF6,False
AL138966.2,False
CDK8,False
AL353789.1,False
WASF3,False
WASF3-AS1,False
AL159978.1,False
GPR12,False
AL160035.1,False
USP12,False
USP12-AS1,False
USP12-AS2,False
LINC02340,False
LINC00412,False
RPL21,False
RASL11A,False
LINC01079,False
GTF3A,False
MTIF3,False
LNX2,False
POLR1D,False
AL136439.1,False
GSX1,False
PLUT,False
PDX1,False
LINC00543,False
CDX2,False
URAD,False
FLT3,False
PAN3-AS1,False
PAN3,False
FLT1,False
POMP,False
SLC46A3,False
MTUS2,False
MTUS2-AS2,False
MTUS2-AS1,False
SLC7A1,False
UBL3,False
LINC00297,False
LINC00572,False
LINC00544,False
AL354674.1,False
LINC00365,False
LINC00384,False
LINC00385,False
KATNAL1,False
LINC00427,False
LINC00426,False
AL161893.1,False
LINC01058,False
UBE2L5,False
HMGB1,False
AL353648.1,False
USPL1,False
ALOX5AP,True
LINC00398,True
LINC00545,False
TEX26-AS1,False
MEDAG,False
TEX26,False
AL353680.1,False
LINC01066,False
AL158065.1,False
HSPH1,False
B3GLCT,False
AL161616.2,False
RXFP2,False
AL138708.1,False
FRY,True
FRY-AS1,False
ZAR1L,False
BRCA2,False
N4BP2L1,False
N4BP2L2,False
N4BP2L2-IT2,False
PDS5B,False
AL138820.1,False
LINC00423,False
KL,False
STARD13,True
STARD13-IT1,False
STARD13-AS,False
AL627232.1,False
LINC02344,False
AL138999.2,False
AL138999.1,False
AL139383.1,False
AL161719.1,False
AL139081.1,False
AL139081.2,False
RFC3,True
AL161891.1,False
LINC02343,False
LINC00457,False
AL161716.1,False
AL138690.1,False
NBEA,True
MAB21L1,False
AL390071.1,False
LINC00445,False
DCLK1,False
SOHLH2,False
CCDC169,False
SPART,False
SPART-AS1,False
CCNA1,False
SERTM1,False
RFXAP,False
SMAD9,False
SMAD9-IT1,False
ALG5,False
EXOSC8,False
SUPT20H,False
CSNK1A1L,False
LINC01048,False
LINC00547,False
POSTN,False
TRPC4,False
AL356495.1,False
LINC02334,False
LINC00571,False
UFM1,False
LINC00437,False
LINC00366,False
FREM2,False
FREM2-AS1,False
STOML3,False
PROSER1,False
NHLRC3,False
AL354809.1,False
LHFPL6,False
COG6,False
LINC00598,False
LINC00332,False
FOXO1,False
MRPS31,False
SLC25A15,False
AL590064.1,False
ELF1,False
WBP4,False
KBTBD6,False
AL354696.2,False
KBTBD7,False
MTRF1,False
AL354696.1,False
NAA16,False
RGCC,False
VWA8,False
VWA8-AS1,False
DGKH,True
AL157932.1,False
AKAP11,False
LINC02341,False
TNFSF11,False
FAM216B,False
LINC01050,False
LINC00428,False
EPSTI1,False
DNAJC15,False
LINC00400,False
ENOX1,True
ENOX1-AS2,False
ENOX1-AS1,False
AL161714.1,False
AL162713.2,False
AL162713.1,False
CCDC122,False
AL512506.1,False
LACC1,False
NRAD1,False
LINC00390,False
SMIM2-AS1,False
SMIM2,False
SMIM2-IT1,False
AL589745.2,False
AL589745.1,False
AL138960.1,False
SERP2,False
TUSC8,False
TSC22D1,False
TSC22D1-AS1,False
LINC00407,False
AL356515.1,False
LINC00330,False
NUFIP1,False
AL359706.1,False
GPALPP1,False
GTF2F2,False
KCTD4,False
TPT1,False
AL138963.4,False
TPT1-AS1,False
AL138963.1,False
SLC25A30,False
SLC25A30-AS1,False
COG3,False
ERICH6B,False
LINC01055,False
SPERT,False
SIAH3,True
ZC3H13,False
CPB2-AS1,False
CPB2,False
LCP1,False
LRRC63,False
AL139801.1,True
LINC00563,False
RUBCNL,True
LINC01198,False
AL138686.1,False
LRCH1,False
AL359880.1,False
ESD,False
HTR2A,False
HTR2A-AS1,False
SUCLA2,False
AL138962.1,False
LINC00562,False
AL157369.1,False
SUCLA2-AS1,False
NUDT15,False
AL158196.1,False
MED4,False
MED4-AS1,False
ITM2B,False
RB1-DT,False
RB1,False
AL392048.1,False
LPAR6,False
RCBTB2,False
AL157813.2,False
AL157813.1,False
LINC01077,False
LINC00462,False
CYSLTR2,False
AL161421.1,False
FNDC3A,False
MLNR,False
CDADC1,False
CAB39L,False
SETDB2,False
PHF11,False
RCBTB1,False
ARL11,False
EBPL,False
KPNA3,False
AL136301.1,False
SPRYD7,True
DLEU2,False
TRIM13,False
KCNRG,False
DLEU1,True
AL137060.3,False
AL158195.1,False
DLEU7,True
RNASEH2B-AS1,False
RNASEH2B,False
C13orf42,False
AL157817.1,False
FAM124A,False
SERPINE3,False
INTS6,False
INTS6-AS1,False
WDFY2,False
DHRS12,False
AL162377.1,False
TMEM272,False
CCDC70,False
ATP7B,False
ALG11,False
UTP14C,False
NEK5,True
AL139082.1,False
NEK3,False
LINC02333,False
THSD1,False
VPS36,False
AL359513.1,False
CKAP2,False
LINC00345,False
HNRNPA1L2,False
AL139089.1,False
SUGT1,False
CNMD,False
PCDH8,False
OLFM4,False
LINC01065,False
AL136359.1,False
AL356295.1,False
AL450423.2,False
AL450423.1,False
LINC00558,False
LINC00458,False
AL442636.1,False
AL512655.1,False
AL390964.1,False
LINC02335,False
AL354821.1,False
AL138997.1,False
PRR20A,False
PRR20C,False
PRR20B,False
PRR20D,False
PRR20E,False
PCDH17,False
AL445288.1,False
LINC02338,False
LINC00374,False
AL159156.1,False
DIAPH3,False
DIAPH3-AS1,False
DIAPH3-AS2,False
LINC00434,False
TDRD3,False
LINC00378,False
LINC01442,False
PCDH20,False
LINC02339,False
LINC00358,False
LINC01075,False
LINC01074,False
LINC00459,False
AL445668.1,False
LINC00448,False
AL354810.1,False
LINC00376,True
AL359208.1,False
LINC00395,False
AL445989.1,False
AL445238.2,False
AL445238.1,False
LINC00355,False
LINC01052,False
AL158038.1,False
PCDH9,True
PCDH9-AS1,False
PCDH9-AS2,False
PCDH9-AS3,False
PCDH9-AS4,False
AL160254.1,False
LINC00364,False
AL512452.1,False
AL590027.1,False
LINC00550,False
LINC02342,False
LINC00383,False
KLHL1,False
ATXN8OS,False
AL160391.1,False
LINC00348,False
DACH1,True
MZT1,False
BORA,False
DIS3,False
PIBF1,False
KLF5,False
LINC00393,False
LINC00392,False
KLF12,False
AL159972.1,False
LINC00402,True
AL353660.1,True
AL355390.1,False
LINC00381,False
LINC00347,False
LINC01078,False
TBC1D4,True
AL139230.1,False
COMMD6,False
UCHL3,False
LMO7-AS1,False
LMO7,False
AL137244.1,False
LMO7DN,False
LMO7DN-IT1,False
LINC00561,False
LINC01034,False
AL136441.1,True
AL161717.1,False
AL365394.1,False
KCTD12,False
AC000403.1,False
ACOD1,False
CLN5,False
FBXL3,False
MYCBP2-AS1,False
AC001226.1,False
MYCBP2,False
MYCBP2-AS2,False
AL159158.1,False
SCEL,False
AL137140.1,False
SCEL-AS1,False
SLAIN1,False
EDNRB-AS1,False
EDNRB,False
OBI1-AS1,False
AL139002.1,False
LINC01069,False
LINC00446,False
AL138957.1,False
AL445209.1,False
POU4F1,False
OBI1,False
LINC00331,False
RBM26,False
RBM26-AS1,False
NDFIP2-AS1,False
NDFIP2,False
LINC01068,False
AL136442.1,False
LINC01038,False
LINC00382,False
AL158064.1,False
LINC01080,False
AL137781.1,False
SPRY2,False
AL590807.1,False
LINC00377,False
LINC00564,False
AL353633.1,False
AL445255.1,False
AL353688.1,False
SLITRK1,False
AL355481.1,False
AL590681.1,False
AL445604.1,False
AL162493.1,True
LINC00333,False
AL445588.1,False
AL356313.1,False
LINC00375,False
AL160154.1,False
LINC00351,False
AL356413.1,False
SLITRK6,False
AL354994.1,False
AL445207.1,False
LINC00430,False
AL360267.2,False
AL360267.1,False
MIR4500HG,False
AL355578.1,False
SLITRK5,False
LINC00397,False
AL445647.1,False
LINC00373,False
AL355677.1,False
LINC00433,False
AL445242.1,False
LINC00560,False
LINC00440,False
LINC01047,False
LINC02336,False
LINC01040,False
LINC00353,False
LINC00559,False
LINC01049,False
LINC00410,False
LINC00380,False
LINC00379,False
MIR17HG,False
GPC5,True
AL162456.1,False
GPC5-AS2,False
GPC5-IT1,False
AL356737.2,False
GPC5-AS1,False
LINC00363,False
AL354811.2,False
AL354811.1,False
GPC6,False
AL160159.1,False
GPC6-AS2,False
GPC6-AS1,False
DCT,False
TGDS,False
GPR180,False
LINC00391,False
SOX21-AS1,False
SOX21,False
LINC00557,False
AL139381.1,False
ABCC4,False
CLDN10,False
CLDN10-AS1,False
DZIP1,False
DNAJC3-DT,False
DNAJC3,False
AL138955.1,False
UGGT2,False
HS6ST3,False
AL353581.1,False
OXGR1,False
LINC00456,False
MBNL2,False
AL161430.1,False
AL442067.3,False
RAP2A,False
AL442067.1,False
AL442067.2,False
AL359502.1,False
AL359502.2,False
AL356580.1,False
IPO5,False
FARP1,False
RNF113B,False
AL445223.1,False
AL161896.1,False
FARP1-AS1,False
STK24,False
STK24-AS1,False
SLC15A1,False
DOCK9,False
DOCK9-AS1,False
DOCK9-DT,False
UBAC2-AS1,False
UBAC2,False
GPR18,False
GPR183,True
AL136961.1,False
TM9SF2,False
LINC01232,False
AL139035.1,False
LINC00449,False
LINC01039,False
AL139035.2,True
CLYBL,False
CLYBL-AS2,False
CLYBL-AS1,False
AL137139.2,False
ZIC5,False
AL355338.1,False
ZIC2,False
LINC00554,False
PCCA-DT,True
PCCA,False
AL353697.1,False
PCCA-AS1,True
GGACT,False
AL356966.1,False
AL136526.1,False
TMTC4,False
NALCN-AS1,False
LINC00411,False
NALCN,False
ITGBL1,False
FGF14,False
AL160153.1,False
FGF14-IT1,False
FGF14-AS1,False
FGF14-AS2,False
LINC00555,False
AL158063.1,False
TPP2,False
METTL21C,False
CCDC168,False
LINC00283,False
AL157769.1,False
TEX30,False
POGLUT2,False
BIVM,False
ERCC5,False
AL137246.1,False
AL137246.2,False
SLC10A2,False
AL162717.1,False
LINC01309,False
AL136524.1,False
AL138954.1,False
DAOA-AS1,False
DAOA,False
AL359745.1,False
LINC00343,False
AL138701.2,False
AL139379.1,False
LINC00460,False
EFNB2,False
AL138689.2,False
AL138689.1,False
ARGLU1,False
LINC00551,False
LINC00443,False
AL163534.1,False
AL162574.2,False
AL162574.1,False
AL354741.1,False
FAM155A,False
AL445649.1,False
FAM155A-IT1,False
AL359436.1,False
AL136964.1,False
LIG4,False
ABHD13,False
TNFSF13B,False
AL157762.1,False
AL138694.1,False
MYO16,True
MYO16-AS2,False
MYO16-AS1,False
AL161431.1,False
LINC00370,False
LINC01067,False
LINC00399,False
AL163541.1,True
LINC00676,False
IRS2,True
AL162497.1,False
AL355810.1,False
AL355974.1,False
AL390755.1,False
AL355974.2,False
LINC00396,False
AL390755.3,False
COL4A1,False
COL4A2,False
COL4A2-AS2,False
COL4A2-AS1,False
RAB20,True
AL139385.1,False
NAXD,False
CARS2,False
ING1,False
LINC00567,False
LINC00346,False
ANKRD10,False
ANKRD10-IT1,False
AL442128.2,False
LINC00368,False
AL353704.2,False
ARHGEF7-AS2,False
ARHGEF7,False
ARHGEF7-IT1,False
ARHGEF7-AS1,False
AL353704.1,False
TEX29,False
AL359649.1,False
LINC02337,False
LINC00354,False
SOX1-OT,False
SOX1,False
AL356961.1,False
LINC00404,False
LINC01070,False
LINC01043,False
LINC01044,False
SPACA7,False
TUBGCP3,False
AL139384.2,False
ATP11AUN,False
AL139384.1,False
ATP11A,False
ATP11A-AS1,False
AL356752.1,False
MCF2L,False
AL356740.1,False
MCF2L-AS1,False
AL356740.2,False
AL356740.3,False
F7,False
F10,False
F10-AS1,False
AL137002.2,False
PROZ,False
AL137002.1,False
PCID2,False
CUL4A,False
LAMP1,False
GRTP1,False
AL136221.1,False
GRTP1-AS1,False
ADPRHL1,False
DCUN1D2,False
DCUN1D2-AS,False
TMCO3,False
AL442125.2,False
AL442125.1,False
TFDP1,False
ATP4B,False
GRK1,False
TMEM255B,True
GAS6-AS1,False
GAS6,False
GAS6-DT,False
BX072579.1,False
LINC00454,False
BX072579.2,False
LINC00452,False
LINC00565,False
C13orf46,False
RASA3,False
RASA3-IT1,False
CFAP97D2,False
AL160396.1,False
CDC16,False
AL160396.2,False
UPF3A,False
CHAMP1,False
LINC01054,False
CR383656.10,False
OR11H12,False
LINC02297,False
CR383656.12,False
AL929601.1,False
AL929601.2,False
POTEM,False
AL929601.3,False
AL589182.1,False
AL589743.4,False
AL589743.1,False
LINC01297,False
POTEG,False
AL512624.2,False
AL512310.10,False
AL512310.9,False
AL512310.2,False
OR11H2,False
OR4N2,False
OR4Q3,False
OR4M1,False
OR4K2,False
OR4K5,False
OR4K1,False
OR4K15,False
OR4K14,False
OR4K13,False
OR4L1,False
OR4K17,False
OR4N5,False
OR11G2,False
OR11H6,False
OR11H4,False
TTC5,False
AL356019.2,False
AL356019.1,False
CCNB1IP1,False
AL355075.6,False
AL355075.4,True
PARP2,False
AL355075.1,False
TEP1,False
KLHL33,False
OSGEP,False
AL355075.2,False
APEX1,False
PIP4P1,False
PNP,False
AL355075.3,False
RNASE10,False
RNASE9,False
RNASE11,False
AL163195.2,False
RNASE12,False
OR6S1,False
ANG,False
RNASE4,False
AL163636.1,False
EDDM3A,False
EDDM3B,False
RNASE6,False
AL133371.2,False
RNASE1,False
AL133371.3,False
AL133371.1,False
RNASE3,False
AL355922.4,False
AL355922.3,False
AL355922.1,False
RNASE2,False
METTL17,False
AL161668.3,False
SLC39A2,False
NDRG2,False
TPPP2,False
AL161668.4,False
AL161668.2,False
RNASE13,False
RNASE7,False
RNASE8,False
ARHGEF40,False
ZNF219,False
TMEM253,False
AL161668.1,False
OR5AU1,False
LINC00641,False
HNRNPC,False
RPGRIP1,False
SUPT16H,False
AL135744.1,False
CHD8,False
RAB2B,False
TOX4,False
METTL3,False
SALL2,False
AL161747.2,False
OR10G3,False
TRAV1-1,False
OR10G2,False
TRAV1-2,False
OR4E2,False
OR4E1,False
TRAV2,False
AC243972.1,False
TRAV3,False
TRAV4,False
TRAV5,False
TRAV6,True
TRAV7,False
TRAV8-1,False
TRAV9-1,False
TRAV10,False
TRAV11,False
TRAV12-1,False
TRAV8-2,False
TRAV8-3,True
TRAV13-1,False
TRAV12-2,False
TRAV8-4,False
TRAV8-5,True
TRAV13-2,False
TRAV14DV4,False
TRAV9-2,False
TRAV15,False
TRAV12-3,False
TRAV8-6,False
TRAV16,False
TRAV17,False
TRAV18,False
TRAV19,False
TRAV20,False
TRAV21,False
TRAV22,True
TRAV23DV6,False
TRDV1,False
TRAV24,False
TRAV25,False
TRAV26-1,False
TRAV8-7,False
TRAV27,False
TRAV28,False
TRAV29DV5,False
TRAV30,False
TRAV31,False
TRAV32,False
TRAV33,False
AC244502.1,True
TRAV26-2,False
TRAV34,True
TRAV35,False
TRAV36DV7,False
TRAV37,False
TRAV38-1,False
TRAV38-2DV8,False
TRAV39,False
TRAV40,False
TRAV41,False
AC244502.3,False
TRDV2,False
TRDD1,False
TRDD2,False
TRDD3,False
TRDJ1,False
TRDJ4,False
TRDJ2,False
TRDJ3,False
TRDC,True
TRDV3,False
TRAJ61,False
TRAJ60,False
TRAJ59,False
TRAJ58,False
TRAJ57,False
TRAJ56,False
TRAJ55,False
TRAJ54,False
TRAJ53,False
TRAJ52,False
TRAJ51,False
TRAJ50,False
TRAJ49,False
TRAJ48,False
TRAJ47,False
TRAJ46,False
TRAJ45,False
TRAJ44,False
TRAJ43,False
TRAJ42,False
TRAJ41,False
TRAJ40,False
TRAJ39,False
TRAJ38,False
TRAJ37,False
TRAJ36,False
TRAJ35,False
TRAJ34,False
TRAJ33,False
TRAJ32,False
TRAJ31,False
TRAJ30,False
TRAJ29,False
TRAJ28,False
TRAJ27,False
TRAJ26,False
TRAJ25,False
TRAJ24,False
TRAJ23,True
TRAJ22,False
TRAJ21,False
TRAJ20,False
TRAJ19,False
TRAJ18,False
TRAJ17,False
TRAJ16,False
TRAJ14,False
TRAJ13,False
TRAJ12,False
TRAJ11,False
TRAJ10,False
TRAJ9,False
TRAJ8,False
TRAJ7,False
TRAJ6,False
TRAJ5,False
TRAJ4,False
TRAJ3,False
TRAJ2,False
TRAJ1,False
TRAC,False
LINC02332,False
AC243965.1,False
DAD1,False
AC243965.2,False
ABHD4,False
OR6J1,True
AL160314.2,False
OXA1L,False
SLC7A7,False
MRPL52,False
MMP14,False
LRP10,False
REM2,False
RBM23,False
PRMT5-AS1,False
PRMT5,False
AL132780.1,False
HAUS4,False
AJUBA,False
AL132780.2,False
C14orf93,False
PSMB5,False
PSMB11,False
CDH24,False
ACIN1,False
C14orf119,False
LMLN2,False
CEBPE,False
SLC7A8,False
RNF212B,True
HOMEZ,False
PPP1R3E,False
BCL2L2,False
BCL2L2-PABPN1,False
PABPN1,False
SLC22A17,False
EFS,False
AL049829.2,False
IL25,False
CMTM5,False
MYH6,False
MYH7,False
AL132855.1,False
NGDN,False
ZFHX2-AS1,False
ZFHX2,False
AL135999.2,False
THTPA,False
AP1G2,False
AL135999.1,False
JPH4,False
AL135999.3,False
DHRS2,False
AL160237.1,False
AL136419.2,False
LINC00596,False
DHRS4-AS1,False
DHRS4,False
DHRS4L2,False
AL136419.3,False
CARMIL3,False
CPNE6,False
NRL,False
PCK2,False
DCAF11,False
FITM1,False
PSME1,False
EMC9,False
AL136295.2,False
PSME2,False
RNF31,False
IRF9,False
REC8,False
IPO4,False
AL136295.17,True
TM9SF1,False
AL136295.6,False
AL136295.7,False
TSSK4,False
CHMP4A,False
MDP1,False
NEDD8,False
GMPR2,False
TINF2,False
TGM1,False
RABGGTA,False
AL096870.8,False
AL096870.6,False
DHRS1,False
NOP9,False
CIDEB,False
LTB4R2,False
LTB4R,False
ADCY4,False
RIPK3,False
NFATC4,False
NYNRIN,False
CBLN3,False
KHNYN,False
SDR39U1,False
AL132800.1,False
CMA1,False
CTSG,False
AL136018.1,False
GZMH,True
GZMB,True
STXBP6,True
AL161663.2,False
AL161663.1,False
LINC02286,False
LINC02306,False
AL132633.1,False
NOVA1,False
AL079343.1,False
LINC02588,False
AL110292.1,False
LINC02294,False
LINC02293,False
AL132718.1,False
MIR4307HG,False
LINC00645,False
AL139023.1,False
LINC02300,False
FOXG1-AS1,False
FOXG1,False
LINC01551,False
LINC02282,False
LINC02281,False
LINC02327,False
LINC02326,False
AL135878.1,False
AL133166.1,False
AL158058.1,False
AL158058.2,False
PRKD1,True
AL356756.1,False
AL355053.1,False
AL133372.3,False
AL133372.2,False
G2E3-AS1,False
G2E3,False
SCFD1,False
AL121852.1,False
COCH,True
AL049830.3,False
STRN3,False
AP4S1,False
HECTD1,False
AL136418.1,False
HEATR5A,False
AL139353.2,True
DTD2,False
GPR33,False
NUBPL,False
AL163973.3,False
AL163973.2,False
AL355112.1,False
LINC02313,False
AL352984.1,False
ARHGAP5-AS1,False
ARHGAP5,False
AL161665.1,False
AL161665.2,False
AKAP6,True
AL136298.1,True
NPAS3,False
AL161851.1,False
AL161851.2,False
EGLN3,True
EGLN3-AS1,False
SPTSSA,False
EAPP,False
AL445363.1,False
AL445363.2,False
SNX6,False
CFL2,False
BAZ1A,False
AL121603.2,False
SRP54,False
FAM177A1,False
PPP2R3C,False
PRORP,False
PSMA6,False
AL133163.2,False
NFKBIA,False
AL133163.3,False
INSM2,False
RALGAPA1,False
AL162311.3,False
BRMS1L,False
AL162311.1,False
AL133304.3,False
AL133304.1,False
AL133304.2,False
LINC00609,False
PTCSC3,False
AL162511.1,False
MBIP,False
AL132857.1,False
SFTA3,False
NKX2-1,False
NKX2-1-AS1,False
NKX2-8,False
AL079303.1,False
PAX9,False
SLC25A21,False
AL162464.2,False
AL162464.1,False
AL079304.1,False
SLC25A21-AS1,False
MIPOL1,False
AL121790.2,False
AL121790.1,False
FOXA1,False
TTC6,True
LINC00517,False
AL359233.1,False
AL392023.2,False
AL392023.1,False
SSTR1,False
CLEC14A,False
AL355835.1,False
LINC00639,False
SEC23A,False
SEC23A-AS1,False
GEMIN2,False
TRAPPC6B,False
AL109628.2,False
AL132639.3,False
PNN,False
MIA2,False
AL132639.2,False
FBXO33,False
AL049828.1,False
AL049828.2,False
AL390800.1,False
LINC02315,True
AL121821.2,False
LRFN5,False
AL445074.1,False
AL442163.1,False
AL450442.1,False
AL583809.1,False
LINC02307,False
AL161752.1,False
LINC02277,False
FSCB,False
AL356022.1,False
LINC02302,False
AL049870.2,False
C14orf28,False
AL049870.3,False
KLHL28,False
TOGARAM1,True
AL121809.2,False
AL121809.1,False
PRPF39,False
FKBP3,False
FANCM,False
MIS18BP1,False
AL162632.3,False
AL162632.1,False
AL139354.1,False
LINC02303,False
LINC00871,False
RPL10L,False
MDGA2,False
LINC00648,False
AL512358.1,False
AL512358.2,False
AL358335.2,False
AL110505.1,False
RPS29,False
LRR1,False
RPL36AL,False
MGAT2,False
AL139099.1,False
DNAAF2,False
AL139099.2,False
POLE2,True
KLHDC1,False
AL591767.1,False
KLHDC2,False
NEMF,False
AL627171.2,False
AL627171.1,False
ARF6,False
LINC01588,True
VCPKMT,False
SOS2,False
L2HGDH,False
DMAC2L,False
AL359397.2,False
CDKL1,False
AL359397.1,False
MAP4K5,False
AL118556.1,False
ATL1,True
SAV1,False
AL606834.1,False
NIN,False
AL606834.2,False
AL133485.2,False
AL133485.3,False
AL358334.1,False
PYGL,False
ABHD12B,False
AL358334.3,False
AL358334.2,False
TRIM9,False
AL358334.4,False
AL591770.1,False
TMX1,False
LINC00519,False
LINC00640,False
AL358332.1,False
LINC02310,False
FRMD6-AS2,False
FRMD6,False
AL122125.1,False
FRMD6-AS1,True
AL079307.2,False
AL079307.1,False
GNG2,False
AL358333.2,False
AL358333.3,False
AL358333.1,False
RTRAF,False
NID2,False
LINC02319,False
PTGDR,True
PTGER2,False
TXNDC16,False
GPR137C,False
ERO1A,False
AL133453.1,False
PSMC6,False
STYX,False
GNPNAT1,False
AL139317.3,False
AL139317.5,False
AL139317.1,False
FERMT2,False
AL352979.4,False
DDHD1,False
AL352979.2,False
AL356020.1,False
AL365295.1,True
AL365295.2,False
AL163953.1,False
LINC02331,False
BMP4,False
AL138479.2,False
CDKN3,False
CNIH1,False
AL359792.1,False
GMFB,False
CGRRF1,False
SAMD4A,True
AL133444.1,False
GCH1,False
WDHD1,False
SOCS4,False
MAPK1IP1L,False
LGALS3,False
DLGAP5,False
AL139316.1,False
AL158801.2,False
FBXO34,False
AL158801.3,False
ATG14,False
TBPL2,False
KTN1-AS1,False
KTN1,False
AL355773.1,False
LINC00520,False
AL163952.1,False
AL138995.1,False
PELI2,False
AL355073.1,False
AL355073.2,False
LINC02284,True
TMEM260,False
AL355103.1,False
AL161757.2,False
AL161757.5,False
AL161757.3,False
OTX2,False
OTX2-AS1,False
AL161757.4,False
AL137100.3,False
AL391152.1,False
EXOC5,False
AP5M1,False
AL355834.2,False
AL355834.1,False
NAA30,False
CCDC198,False
SLC35F4,False
AL161804.1,False
AL049838.1,False
ARMH4,False
ACTR10,False
PSMA3,False
AL132989.1,False
PSMA3-AS1,False
AL132989.2,False
ARID4A,False
AL139021.2,False
TOMM20L,False
AL139021.1,False
TIMM9,False
KIAA0586,False
DACT1,False
LINC01500,False
DAAM1,True
GPR135,False
L3HYPDH,False
JKAMP,False
CCDC175,False
RTN1,True
AL133299.1,False
LRRC9,False
AL157911.1,False
PCNX4,True
DHRS7,False
AL157756.1,False
PPM1A,False
LINC02322,False
C14orf39,False
SIX6,False
AL049874.3,False
SALRNA1,False
SIX1,False
SIX4,False
MNAT1,False
TRMT5,False
SLC38A6,False
PRKCH,False
TMEM30B,False
AL359220.1,True
AL355916.2,False
LINC01303,False
AL355916.1,False
HIF1A-AS1,False
HIF1A,False
HIF1A-AS3,False
SNAPC1,False
SYT16,False
AL390816.1,False
AL390816.2,False
LINC00644,False
KCNH5,False
AL137191.1,False
RHOJ,True
AL049871.1,False
GPHB5,False
PPP2R5E,False
AL136038.3,False
WDR89,False
AL136038.2,False
AL136038.5,False
SGPP1,False
SYNE2,True
ESR2,False
AL161756.1,False
AL161756.3,False
MTHFD1,False
AL122035.1,False
AL122035.2,True
ZBTB25,False
AKAP5,False
ZBTB1,False
AL049869.3,False
HSPA2,False
PPP1R36,False
AL049869.2,False
PLEKHG3,False
SPTB,False
CHURC1,False
GPX2,False
RAB15,False
FNTB,False
AL139022.2,False
MAX,False
AL139022.1,False
LINC02324,False
AL355076.2,True
FUT8,True
FUT8-AS1,False
AL391261.2,False
AL391261.4,False
LINC02290,False
AL359232.1,True
AL157997.1,False
CCDC196,False
GPHN,False
AL049835.1,False
FAM71D,False
MPP5,False
AL135978.2,False
ATP6V1D,False
EIF2S1,False
PLEK2,False
TMEM229B,False
PLEKHH1,False
PIGH,False
ARG2,False
AL049779.4,False
VTI1B,False
RDH11,False
RDH12,False
ZFYVE26,False
RAD51B,False
AL133370.1,False
AL121820.3,False
AL121820.2,True
AL121820.1,False
AL133313.1,False
AL132986.1,False
ZFP36L1,False
ACTN1,False
ACTN1-AS1,False
DCAF5,False
AL391262.1,False
AL359317.2,True
EXD2,False
AL359317.1,True
GALNT16,False
ERH,False
SLC39A9,False
AL157996.2,False
PLEKHD1,True
CCDC177,False
AL133445.3,False
SUSD6,False
AL133445.2,False
SRSF5,False
SLC10A1,False
SMOC1,False
SLC8A3,False
AL160191.1,False
AL356804.1,True
COX16,False
SYNJ2BP,False
AL357153.2,True
ADAM21,False
ADAM20,False
MED6,False
AL357153.1,False
TTC9,False
LINC01269,False
MAP3K9,True
AC004816.1,True
AC004816.2,False
AC004825.2,False
PCNX1,False
AC004825.3,False
AC004817.3,False
AC004817.5,False
AC004817.2,False
AC004817.1,False
AC004817.4,False
AC005476.2,False
SIPA1L1,False
AC004974.1,False
AC004900.1,False
AC005993.1,False
RGS6,False
AC004828.2,False
AC004828.1,False
DPF3,False
AL392024.1,False
DCAF4,False
ZFYVE1,False
AL442663.3,False
RBM25,False
PSEN1,False
PAPLN,False
AC004846.1,False
AC004846.2,False
NUMB,False
AC005280.2,False
AC005280.1,False
HEATR4,True
RIOX1,False
AC005225.1,False
AC005225.3,False
ACOT1,False
AC005225.2,False
ACOT2,False
ACOT4,False
ACOT6,False
DNAL1,False
AC006146.1,False
PNMA1,False
ELMSAN1,False
AC005520.2,False
LINC02274,False
PTGR2,False
AC005520.5,False
ZNF410,False
AC005480.1,False
AC005520.3,False
FAM161B,False
COQ6,False
ENTPD5,False
BBOF1,False
ALDH6A1,True
LIN52,False
VSX2,False
ABCD4,False
AC005519.1,False
VRTN,False
SYNDIG1L,False
AC005479.2,False
AC005479.1,False
NPC2,False
ISCA2,False
LTBP2,False
AC013451.1,False
AC013451.2,False
AREL1,False
FCF1,False
YLPM1,False
PROX2,False
DLST,False
RPS6KL1,False
PGF,False
EIF2B2,False
AL049780.1,False
MLH3,False
ACYP1,False
ZC2HC1C,False
NEK9,False
AL049780.2,False
TMED10,False
AL691403.2,False
AL691403.1,False
AF111167.1,False
FOS,False
LINC01220,False
AF111167.2,False
JDP2,False
BATF,False
AC007182.1,False
FLVCR2,False
TTLL5,False
ERG28,False
AF107885.2,False
IFT43,False
TGFB3,False
TGFB3-AS1,False
AC016526.4,False
GPATCH2L,False
AC016526.2,False
AC016526.1,False
ESRRB,True
AC008050.1,False
AC007376.2,False
VASH1,False
AF111169.3,False
AF111169.1,False
VASH1-AS1,False
ANGEL1,False
AF111169.4,False
LRRC74A,False
AF111169.2,False
AC007686.4,False
LINC01629,False
IRF2BPL,False
AC007686.3,False
LINC02288,False
AC007686.2,False
LINC02289,False
AC007686.5,False
CIPC,False
TMEM63C,False
ZDHHC22,False
AC007375.3,False
NGB,False
POMT2,False
GSTZ1,False
TMED8,False
SAMD15,False
NOXRED1,False
VIPAS39,True
AHSA1,False
ISM2,False
SPTLC2,False
ALKBH1,False
SLIRP,False
SNW1,False
C14orf178,False
ADCK1,False
NRXN3,False
AF099810.1,False
AC009396.2,False
AC009396.3,False
AC009396.1,False
AC026888.1,False
AC022469.1,False
AC022469.2,False
AC008056.2,False
AC008056.3,False
AC008056.1,False
AF123462.1,False
DIO2,False
DIO2-AS1,False
CEP128,True
TSHR,True
AC007262.2,False
AL136040.2,False
GTF2A1,False
AL136040.1,False
STON2,False
LINC02308,False
SEL1L,False
LINC01467,False
LINC02311,False
AL355838.1,True
LINC02301,False
AL355095.1,False
AL359238.1,False
AL162872.1,False
LINC02305,False
AL356807.1,False
AL357172.1,False
AL049775.2,False
LINC02329,False
LINC00911,False
AL049775.1,False
AL049775.3,False
FLRT2,False
LINC02328,False
LINC02316,False
AL161753.1,False
LINC02309,False
LINC01148,False
AL358292.1,False
AL352955.1,False
AL157688.1,False
LINC02296,False
AL135746.1,False
LINC02330,False
AL359237.1,True
AL136501.1,False
GALC,False
GPR65,False
AL157955.1,False
LINC01147,False
LINC01146,True
AL133279.2,False
AL133279.3,False
AL133279.1,False
KCNK10,False
SPATA7,False
PTPN21,False
AL162171.2,False
AL162171.1,False
ZC3H14,False
AL162171.3,False
EML5,True
AL121768.1,False
TTC8,False
AL137785.1,False
FOXN3,False
AL138478.1,False
AL357093.2,False
AL357093.1,False
AL356805.1,False
FOXN3-AS1,False
FOXN3-AS2,False
AL137230.1,False
EFCAB11,True
TDP1,False
KCNK13,False
PSMC1,False
NRDE2,False
AL161662.1,False
AL512791.2,False
CALM1,False
AL512791.1,False
LINC02317,False
LINC00642,False
AL096869.3,False
TTC7B,True
AL096869.1,False
AL096869.2,False
AL139193.1,False
AL139193.2,False
AL122020.2,False
LINC02321,False
RPS6KA5,False
DGLUCY,False
GPR68,False
AL135818.1,True
AL135818.2,False
AL135818.3,False
CCDC88C,False
AL133153.2,False
PPP4R3A,False
CATSPERB,False
AL121839.2,False
TC2N,False
FBLN5,False
TRIP11,False
ATXN3,False
NDUFB1,False
CPSF2,False
AL133240.1,False
AL133240.2,False
SLC24A4,True
RIN3,False
LGMN,False
GOLGA5,False
LINC02833,False
LINC02287,False
CHGA,False
ITPK1,False
ITPK1-AS1,False
MOAP1,False
TMEM251,False
GON7,False
UBR7,False
BTBD7,False
UNC79,False
AL122023.1,False
COX8C,False
PRIMA1,False
FAM181A-AS1,False
FAM181A,False
ASB2,False
AL132642.1,False
CCDC197,False
OTUB2,False
DDX24,False
IFI27L1,False
IFI27,True
IFI27L2,False
PPP4R4,False
SERPINA10,False
SERPINA6,False
SERPINA1,True
AL132708.1,False
SERPINA11,False
SERPINA9,False
SERPINA12,False
AL132990.1,False
SERPINA4,False
SERPINA5,False
AL049839.3,False
SERPINA3,False
GSC,False
AL121612.2,False
AL121612.1,False
LINC02279,False
AL390254.1,False
DICER1,False
DICER1-AS1,False
CLMN,True
AL356017.1,False
LINC02292,False
SYNE3,False
AL133467.1,False
SNHG10,False
GLRX5,False
LINC02318,False
AL133467.2,False
AL133467.4,False
TCL6,False
TCL1B,True
TCL1A,True
AL139020.1,True
AL133167.1,False
TUNAR,False
C14orf132,False
BDKRB2,False
AL355102.1,False
AL355102.5,False
BDKRB1,False
AL355102.4,False
AL355102.3,False
ATG2B,False
GSKIP,False
AK7,False
AL163051.1,False
PAPOLA,False
AL137786.1,False
AL137786.2,False
LINC02299,False
AL137786.3,False
VRK1,False
LINC00618,False
AL049833.4,False
AL049833.2,False
AL049833.1,False
LINC02304,False
AL158800.1,False
LINC02325,True
LINC02291,False
AL163872.1,False
LINC02312,False
AL355097.1,False
LINC01550,True
AL163932.1,True
LINC02295,False
AL132719.1,False
C14orf177,False
AL132796.1,False
AL132796.2,False
AL162151.3,False
AL162151.1,False
BCL11B,False
AL109767.1,False
AL132819.1,False
SETD3,False
CCNK,False
CCDC85C,False
AL110504.1,False
AL160313.1,False
HHIPL1,False
CYP46A1,True
AL160313.2,False
EML1,False
EVL,False
AL133368.2,False
AL157912.1,False
DEGS2,False
AL133523.1,False
YY1,False
AL157871.5,False
AL157871.6,False
SLC25A29,False
AL157871.1,False
SLC25A47,True
AL157871.4,True
WARS,True
AL157871.2,False
WDR25,False
AL135838.1,False
BEGAIN,False
AL845552.2,False
AL163974.1,False
LINC00523,False
AL132711.1,False
DLK1,False
MEG3,False
AL117190.2,False
RTL1,False
MEG8,False
MIR381HG,False
MEG9,False
AL132709.7,False
AL132709.8,False
LINC02285,False
AL355836.2,False
AL355836.4,False
AL355836.3,False
AL359682.1,False
AL355096.1,False
LINC00524,False
LINC02314,False
AL049836.2,False
DIO3OS,False
DIO3,False
AL049836.1,False
LINC02320,False
LINC00239,False
PPP2R5C,False
AL137779.2,False
AL137779.1,False
AL118558.3,False
AL118558.4,False
DYNC1H1,False
HSP90AA1,False
WDR20,False
MOK,False
ZNF839,False
CINP,False
TECPR2,False
ANKRD9,False
LINC02323,False
RCOR1,False
AL132801.1,False
TRAF3,False
AMN,False
CDC42BPB,False
AL117209.1,False
LBHD2,False
AL161669.1,False
EXOC3L4,False
LINC00677,False
TNFAIP2,False
LINC00605,False
AL161669.3,False
AL138976.2,False
EIF5,False
MARK3,False
CKB,False
AL133367.1,False
TRMT61A,False
AL139300.2,False
BAG5,False
KLC1,False
COA8,False
AL049840.2,False
AL049840.6,False
AL049840.3,False
AL049840.4,False
AL049840.5,False
XRCC3,False
ZFYVE21,False
PPP1R13B,True
LINC00637,False
AL132712.1,False
AL132712.2,False
ATP5MPL,False
TDRD9,False
RD3L,False
ASPG,False
AL359399.1,False
KIF26A,False
LINC02691,False
AL512357.2,False
AL512357.1,False
TMEM179,False
C14orf180,False
BX927359.1,False
AL583722.3,False
LINC02280,True
AL583722.1,False
INF2,False
AL583722.4,False
ADSSL1,False
SIVA1,False
AL583722.2,False
AKT1,False
ZBTB42,False
LINC00638,False
AL583810.2,False
AL583810.1,False
CEP170B,False
AL583810.3,False
PLD4,True
AHNAK2,False
CLBA1,False
CDCA4,False
GPR132,False
LINC02298,False
AL512356.4,False
AL512356.5,True
JAG2,False
NUDT14,False
BRF1,False
BTBD6,False
PACS2,False
TEX22,False
AL928654.1,False
MTA1,False
AL928654.2,False
CRIP2,False
CRIP1,False
TEDC1,False
TMEM121,False
IGHA2,True
IGHE,False
IGHG4,False
IGHG2,True
COPDA1,False
IGHGP,True
IGHA1,True
IGHEP1,False
IGHG1,True
IGHG3,True
IGHD,True
IGHM,True
IGHJ6,True
IGHJ3P,False
IGHJ5,False
IGHJ4,False
IGHJ3,False
IGHJ2P,False
IGHJ2,False
IGHJ1,False
IGHD7-27,False
IGHJ1P,False
IGHD1-26,False
IGHD6-25,False
IGHD5-24,False
IGHD4-23,False
IGHD3-22,False
IGHD2-21,False
AC246787.2,False
IGHD1-20,False
IGHD6-19,False
IGHD5-18,False
IGHD4-17,False
IGHD3-16,False
IGHD2-15,False
IGHD1-14,False
IGHD6-13,False
IGHD5-12,False
IGHD4-11,False
IGHD3-10,False
IGHD3-9,False
IGHD2-8,False
IGHD1-7,False
IGHD6-6,False
IGHD5-5,False
IGHD4-4,False
IGHD3-3,False
IGHD2-2,False
FAM30A,True
IGHD1-1,False
IGHV6-1,False
IGHVII-1-1,False
IGHV1-2,False
IGHVIII-2-1,False
IGHV1-3,False
IGHV4-4,False
IGHV7-4-1,False
IGHV2-5,False
IGHVIII-5-1,False
IGHVIII-5-2,False
IGHV3-6,False
IGHV3-7,False
IGHV3-64D,False
IGHV5-10-1,False
IGHV3-11,False
IGHVIII-11-1,False
IGHV1-12,False
IGHV3-13,False
IGHVIII-13-1,False
IGHV1-14,False
IGHV3-15,True
IGHVII-15-1,False
IGHV3-16,False
IGHVIII-16-1,False
IGHV1-17,False
IGHV1-18,False
IGHV3-19,False
AC247036.1,False
IGHV3-20,False
IGHV3-21,False
IGHV3-22,False
IGHVII-22-1,False
IGHVIII-22-2,False
IGHV3-23,True
IGHV1-24,True
LINC00226,False
IGHV3-25,False
IGHVIII-25-1,False
IGHV2-26,False
IGHVIII-26-1,False
IGHVII-26-2,False
IGHV7-27,False
IGHV4-28,False
IGHVII-28-1,False
IGHV3-32,False
IGHV3-30,True
IGHVII-30-1,False
IGHV3-30-2,False
IGHV4-31,False
IGHVII-30-21,False
IGHV3-29,False
IGHV3-33,False
IGHVII-33-1,False
IGHV3-33-2,False
IGHV4-34,False
IGHV7-34-1,False
IGHV3-35,False
IGHV3-36,False
IGHV3-37,False
IGHV3-38,False
IGHVIII-38-1,False
IGHV4-39,False
IGHV7-40,False
IGHVII-40-1,False
IGHV3-41,False
IGHV3-42,False
IGHV3-43,False
IGHVII-43-1,False
IGHVIII-44,False
AC244452.3,False
LINC00221,True
IGHVIV-44-1,False
IGHVII-44-2,False
IGHV1-45,False
IGHV1-46,False
IGHVII-46-1,False
IGHV3-47,False
IGHVIII-47-1,False
IGHV3-48,False
IGHV3-49,False
IGHVII-49-1,False
IGHV3-50,False
IGHV5-51,False
IGHVIII-51-1,False
IGHVII-51-2,False
IGHV3-52,False
IGHV3-53,False
IGHVII-53-1,False
IGHV3-54,False
IGHV4-55,False
IGHV7-56,False
IGHV3-57,False
IGHV1-58,False
IGHV4-59,False
IGHV3-60,False
IGHVII-60-1,False
IGHV4-61,False
IGHV3-62,False
IGHVII-62-1,False
IGHV3-63,False
IGHV3-64,False
IGHV3-65,False
IGHVII-65-1,False
IGHV3-66,False
IGHV1-67,False
IGHVII-67-1,False
IGHVIII-67-2,False
IGHVIII-67-3,False
IGHVIII-67-4,False
IGHV1-68,False
IGHV1-69,False
IGHV2-70D,False
IGHV3-69-1,False
IGHV1-69-2,False
IGHV1-69D,False
IGHV2-70,False
IGHV3-71,False
IGHV3-72,False
IGHV3-73,False
IGHV3-74,False
IGHVII-74-1,False
IGHV3-75,False
IGHV3-76,False
IGHVIII-76-1,False
IGHV5-78,False
IGHVII-78-1,False
IGHV3-79,False
IGHV4-80,False
IGHV7-81,False
IGHVIII-82,False
IGHV1OR15-9,False
IGHV1OR15-2,False
IGHV3OR15-7,False
IGHD5OR15-5A,False
IGHD4OR15-4A,False
IGHD3OR15-3A,False
IGHD2OR15-2A,False
IGHD1OR15-1A,False
AC087386.1,False
AC026495.2,False
AC026495.1,False
GOLGA6L6,False
IGHV1OR15-6,False
AC023310.4,False
AC012414.5,False
AC012414.3,False
AC012414.4,False
POTEB2,False
LINC01193,False
IGHD5OR15-5B,False
IGHD4OR15-4B,False
IGHD3OR15-3B,False
IGHD2OR15-2B,False
IGHD1OR15-1B,False
AC126335.1,False
AC068446.2,False
AC060814.5,False
AC060814.4,False
AC060814.3,False
POTEB3,False
AC183088.3,False
LINC02203,False
AC135068.1,False
AC135068.3,False
AC135068.7,False
AC135068.8,False
AC135068.9,False
AC135068.2,False
AC134981.1,False
POTEB,False
AC134980.2,False
OR4M2,False
OR4N4,False
AC010760.1,False
IGHV1OR15-1,False
IGHV1OR15-3,False
IGHV4OR15-8,False
IGHV1OR15-4,False
GOLGA6L22,False
AC138649.1,False
NIPA1,False
NIPA2,False
CYFIP1,False
TUBGCP5,False
GOLGA6L1,False
GOLGA8S,False
AC100756.4,False
GOLGA6L2,False
MKRN3,False
AC126407.1,False
MAGEL2,False
NDN,False
AC087490.1,False
PWRN4,False
PWRN1,False
PWRN2,False
AC087463.1,False
AC087463.2,False
AC087463.3,False
NPAP1,False
SNRPN,False
AC090983.1,False
SNURF,False
SNHG14,False
AC124312.2,False
AC124312.3,False
AC124312.5,False
UBE3A,False
AC100774.1,False
LINC02250,False
ATP10A,False
AC023449.2,False
AC016266.1,False
LINC02346,False
AC100836.1,False
LINC00929,False
AC012060.1,False
LINC02248,False
AC009878.2,False
GABRB3,False
AC009878.1,False
AC011196.1,False
GABRA5,False
GABRG3,False
GABRG3-AS1,False
AC144833.1,False
AC104002.1,False
AC104002.2,False
AC104002.3,False
AC021979.1,False
AC021979.3,False
AC021979.2,False
OCA2,False
AC090696.1,False
HERC2,False
GOLGA8F,False
GOLGA8G,False
GOLGA8M,False
GOLGA8M-1,False
GOLGA6L7,False
AC174469.1,False
APBA2,True
AC127522.1,False
FAM189A1,True
NSMCE3,False
AC107980.1,False
AC102941.1,False
AC102941.2,False
AC022613.1,False
TJP1,False
AC022613.3,False
AC022613.2,False
AC111152.2,False
GOLGA8J,False
GOLGA8T,False
AC120045.1,False
LINC02249,False
CHRFAM7A,False
GOLGA8R,False
AC127502.2,False
AC026150.1,False
GOLGA8Q,False
GOLGA8H,False
AC026150.3,False
AC091057.3,False
AC091057.2,False
AC091057.6,False
ARHGAP11B,True
FAN1,False
MTMR10,False
AC009562.1,False
TRPM1,False
LINC02352,False
AC012236.1,False
KLF13,False
OTUD7A,True
CHRNA7,False
AC139426.2,False
GOLGA8K,False
GOLGA8O,False
LINC02256,False
AC123768.4,False
AC123768.3,False
GOLGA8N,False
AC123768.2,False
ARHGAP11A,False
AC123768.5,False
SCG5,False
AC123768.1,False
AC090877.2,False
GREM1,False
FMN1,True
AC055874.1,False
RYR3,False
AC010809.3,False
AC010809.2,False
AC010809.1,False
AVEN,False
CHRM5,True
AC009268.2,False
AC009268.3,False
EMC7,False
PGBD4,False
KATNBL1,False
EMC4,False
SLC12A6,False
AC079203.2,False
NOP10,False
NUTM1,False
LPCAT4,False
GOLGA8A,False
GOLGA8B,False
LINC02252,False
AC100834.2,False
GJD2,False
AC087457.1,False
ACTC1,False
AQR,False
ZNF770,False
AC114546.1,False
AC114546.2,False
NANOGP8,False
AC021231.1,False
DPH6,True
DPH6-DT,False
LINC02853,False
AC021351.1,False
AC087516.1,False
AC087516.2,False
C15orf41,True
AC013640.1,False
AC018563.1,False
MEIS2,False
AC078909.1,False
AC078909.2,False
AC068875.1,False
TMCO5A,False
LINC02345,False
LINC01852,False
AC087473.1,False
SPRED1,False
FAM98B,False
RASGRP1,False
AC116158.3,False
AC116158.1,False
AC116158.2,False
LINC02694,True
AC022929.1,False
AC022929.2,False
AC013652.1,True
AC087878.1,False
AC113146.1,False
C15orf54,False
AC013652.2,False
AC109630.1,False
AC022196.1,False
THBS1,True
AC037198.1,False
AC037198.2,False
FSIP1,False
AC023908.3,False
GPR176,False
AC023908.1,False
GPR176-DT,False
EIF2AK4,False
SRP14,False
SRP14-AS1,True
AC021755.2,False
AC021755.3,False
BMF,False
BMF-AS1,False
BUB1B,False
PAK6,False
AC020658.4,False
AC020658.3,False
C15orf56,False
PLCB2,False
ANKRD63,False
AC020658.5,False
PLCB2-AS1,False
AC020658.2,False
INAFM2,False
CCDC9B,False
PHGR1,False
DISP2,False
AC013356.4,False
KNSTRN,False
IVD,False
BAHD1,False
AC013356.3,False
AC013356.2,False
CHST14,False
AC091045.1,False
CCDC32,False
RPUSD2,False
KNL1,False
AC022405.1,False
RAD51-AS1,False
RAD51,False
RMDN3,False
GCHFR,False
DNAJC17,False
C15orf62,False
ZFYVE19,False
PPP1R14D,False
SPINT1-AS1,False
SPINT1,False
RHOV,False
AC025166.1,False
VPS18,False
AC020661.1,False
DLL4,False
CHAC1,False
INO80,False
AC020661.3,False
AC020661.2,False
INO80-AS1,False
AC020661.4,False
EXD1,False
CHP1,False
OIP5-AS1,False
OIP5,False
NUSAP1,False
AC087721.1,False
NDUFAF1,True
RTF1,False
ITPKA,False
LTK,False
RPAP1,False
TYRO3,False
AC016134.1,False
MGA,False
AC073657.1,False
MAPKBP1,False
AC020659.2,False
JMJD7,False
PLA2G4B,False
SPTBN5,False
AC020659.1,False
EHD4,False
AC039056.2,False
EHD4-AS1,False
PLA2G4E-AS1,False
PLA2G4E,False
AC039056.1,False
PLA2G4D,False
PLA2G4F,False
VPS39,False
AC036103.1,False
TMEM87A,False
GANC,False
CAPN3,False
ZNF106,False
SNAP23,False
AC018362.1,False
LRRC57,False
HAUS2,False
AC018362.2,False
STARD9,False
CDAN1,False
AC090510.3,False
AC090510.2,False
TTBK2,False
AC090510.1,False
AC090510.4,False
UBR1,False
AC068724.3,False
TMEM62,False
AC068724.1,True
CCNDBP1,False
EPB42,False
TGM5,False
TGM7,False
AC009852.1,False
LCMT2,False
ADAL,False
ZSCAN29,False
TUBGCP4,False
TP53BP1,False
MAP1A,False
PPIP5K1,False
CKMT1B,False
STRC,False
CATSPER2,False
AC011330.2,False
CKMT1A,False
PDIA3,False
ELL3,False
SERF2,False
SERINC4,False
HYPK,False
MFAP1,False
WDR76,False
FRMD5,True
CASC4,False
AC090519.2,False
AC025043.1,True
CTDSPL2,False
AC025430.1,False
EIF3J-DT,False
EIF3J,False
AC009996.1,False
SPG11,False
PATL2,False
B2M,False
TRIM69,False
AC122108.2,False
AC122108.1,False
TERB2,False
SORD,False
AC091117.2,False
AC091117.1,False
DUOX2,False
DUOXA2,False
DUOXA1,False
DUOX1,False
AC051619.6,False
SHF,False
AC051619.4,True
AC051619.7,False
AC051619.8,False
AC051619.5,False
SLC28A2,False
AC051619.11,False
GATM,False
AC025580.3,False
SPATA5L1,False
C15orf48,False
AC025580.1,False
AC025580.2,False
SLC30A4,True
AC090527.1,False
AC090527.3,False
BLOC1S6,False
SQOR,False
AC068722.2,False
AC068722.1,False
AC091074.3,False
AC091074.2,False
AC012405.1,False
AC073941.1,False
SEMA6D,False
AC084882.1,False
AC023905.1,False
AC009558.1,False
AC009558.2,False
AC012050.1,False
LINC01491,False
AC092078.2,False
AC092078.1,False
AC092078.3,False
SLC24A5,False
MYEF2,False
CTXN2,False
SLC12A1,False
AC066612.1,False
AC066612.2,False
AC023355.1,False
DUT,False
FBN1,False
AC022467.2,False
AC022467.1,False
AC084757.3,False
AC084757.4,False
CEP152,False
AC084757.2,False
AC012379.1,False
AC012379.2,False
SHC4,False
EID1,False
AC091073.1,False
SECISBP2L,False
AC013452.2,False
COPS2,False
GALK2,False
FAM227B,True
AC022306.2,False
AC022306.3,False
FGF7,False
DTWD1,False
ATP8B4,True
AC025040.1,False
SLC27A2,False
HDC,False
GABPB1,True
GABPB1-IT1,False
GABPB1-AS1,False
AC022087.1,False
USP8,False
AC012170.3,False
AC012170.2,False
USP50,False
TRPM7,False
AC084756.1,False
SPPL2A,False
AC012100.2,False
AC021752.1,False
AP4E1,False
MIR4713HG,False
TNFAIP8L3,False
AC073964.1,False
CYP19A1,False
AC020891.3,False
AC020891.2,False
GLDN,False
AC020891.1,False
AC066613.2,False
DMXL2,True
AC066613.1,False
SCG3,False
AC020892.1,False
AC020892.2,False
LYSMD2,False
TMOD2,False
AC026770.1,False
TMOD3,False
AC090971.5,False
AC090971.2,False
AC090971.1,False
LEO1,False
MAPK6,False
MAPK6-DT,False
AC090970.2,False
AC090970.1,False
AC023906.5,True
AC023906.2,False
BCL2L10,False
GNB5,True
AC023906.3,False
AC023906.4,False
CERNA1,False
MYO5C,False
MYO5A,False
ARPP19,False
AC025917.1,False
FAM214A,False
AC009754.1,False
AC009754.2,False
ONECUT1,False
AC016044.1,False
LINC02490,False
AC066614.1,False
WDR72,False
AC084759.2,False
UNC13C,False
AC025272.1,False
AC011912.1,False
RSL24D1,False
RAB27A,False
AC018926.2,False
PIGBOS1,False
PIGB,True
CCPG1,False
AC018926.1,False
AC018926.3,False
C15orf65,False
DNAAF4,False
PYGO1,False
AC012378.2,False
PRTG,False
AC012378.1,False
NEDD4,False
RFX7,False
TEX9,True
AC068726.1,False
AC084782.1,False
AC084782.2,False
MNS1,False
AC084782.3,False
AC090518.1,False
ZNF280D,False
AC090517.2,False
AC090517.5,False
AC010999.2,True
AC010999.1,False
TCF12,False
LINC00926,True
LINC01413,False
CGNL1,False
AC025271.3,False
AC025271.2,False
AC025271.4,False
MYZAP,False
GCOM1,True
POLR2M,False
AC090651.1,False
ALDH1A2,False
AC012653.2,False
AC025431.1,False
AQP9,False
LIPC,False
LIPC-AS1,False
AC084781.1,False
AC084781.2,False
AC018904.2,False
AC018904.1,False
ADAM10,False
AC090515.6,False
AC090515.2,False
MINDY2,False
AC090515.5,False
AC090515.4,False
RNF111,False
SLTM,False
AC025918.1,False
CCNB2,False
AC092757.3,False
AC092757.2,False
MYO1E,True
LDHAL6B,False
AC092756.1,False
AC092868.2,False
FAM81A,False
GCNT3,False
GTF2A2,False
AC092755.1,False
BNIP2,False
AC092755.2,False
AC092079.2,False
FOXB1,False
AC009654.1,False
AC037433.1,False
ANXA2,False
ICE2,False
RORA-AS1,False
RORA,True
AC107241.1,False
AC009560.1,False
AC009560.3,False
AC009560.4,False
RORA-AS2,False
AC022898.1,False
AC022898.2,False
AC012404.1,False
AC012404.2,False
AC107905.1,False
AC104574.2,False
AC104574.1,False
AC018618.1,False
LINC02349,False
AC009554.1,False
VPS13C,False
AC009554.2,False
AC104590.1,False
C2CD4A,False
C2CD4B,False
AC126323.2,False
AC126323.3,False
AC126323.6,False
AC126323.5,False
AC032011.1,False
TLN2,False
AC100839.1,False
AC100839.2,False
AC103740.1,False
AC103740.2,False
TPM1,False
TPM1-AS,False
AC079328.2,False
AC087612.1,False
LACTB,False
RPS27L,False
RAB8B,False
APH1B,False
CA12,False
LINC02568,False
AC007950.1,False
AC007950.2,False
USP3,False
USP3-AS1,False
FBXL22,False
HERC1,False
AC073167.1,False
DAPK2,True
AC015914.1,False
CIAO2A,False
SNX1,False
SNX22,False
PPIB,False
CSNK1G1,False
PCLAF,False
TRIP4,False
ZNF609,False
AC091231.1,False
OAZ2,False
AC100830.3,False
AC100830.2,False
AC100830.1,False
RBPMS2,False
PIF1,False
PLEKHO2,False
AC069368.2,False
ANKDD1A,False
AC103691.2,False
AC103691.1,False
SPG21,False
MTFMT,False
SLC51B,False
AC013553.3,False
RASL12,False
KBTBD13,False
AC013553.4,False
UBAP1L,False
PDCD7,False
CLPX,False
CILP,False
PARP16,False
IGDCC3,False
IGDCC4,False
DPP8,False
HACD3,False
INTS14,False
SLC24A1,False
AC011939.3,True
DENND4A,False
RAB11A,False
AC011939.2,False
MEGF11,False
AC055855.2,False
DIS3L,False
AC055855.1,False
TIPIN,False
MAP2K1,False
AC116913.1,False
SNAPC5,False
RPL4,False
ZWILCH,False
LCTL,False
LINC01169,False
SMAD6,False
AC013564.1,False
AC110048.2,False
AC093334.1,False
LINC02206,False
AC087482.1,False
SMAD3,False
AC012568.1,False
AAGAB,False
IQCH,False
IQCH-AS1,False
C15orf61,False
AC016355.1,False
MAP2K5,False
SKOR1,False
AC009292.2,False
AC009292.1,False
PIAS1,False
CALML4,False
CLN6,False
AC107871.2,False
FEM1B,False
ITGA11,False
AC100825.1,False
CORO2B,True
ANP32A,False
SPESP1,False
AC087639.2,False
NOX5,False
AC027088.5,False
AC027088.3,False
EWSAT1,False
AC027088.2,False
GLCE,False
AC026992.2,False
AC026992.1,False
PAQR5,False
AC027237.4,False
AC027237.3,False
KIF23,False
RPLP1,False
AC027237.2,False
DRAIC,False
AC100826.1,False
AC021818.1,False
TLE3,False
AC026583.1,False
AC048383.1,False
LINC02205,False
AC009434.1,False
LINC02204,False
SALRNA3,False
SALRNA2,False
UACA,True
AC009269.2,False
AC009269.5,False
AC009269.3,False
LARP6,False
AC009269.4,False
LRRC49,False
THAP10,False
THSD4,False
CT62,False
THSD4-AS1,False
AC064799.2,False
AC108861.1,False
NR2E3,False
AC104938.1,False
MYO9A,False
AC022872.1,False
SENP8,False
AC020779.2,False
GRAMD2A,False
PKM,False
PARP6,False
AC009690.2,True
CELF6,False
HEXA,False
HEXA-AS1,False
TMEM202,False
TMEM202-AS1,False
AC079322.1,False
ARIH1,False
AC100827.3,False
LINC02259,False
AC100827.4,False
GOLGA6B,False
HIGD2B,False
BBS4,False
ADPGK,False
ADPGK-AS1,False
AC103874.1,False
NEO1,True
AC068397.1,False
HCN4,False
AC068397.2,False
REC114,False
NPTN,False
NPTN-IT1,False
CD276,False
AC022188.1,False
INSYN1,False
INSYN1-AS1,False
AC018943.1,False
TBC1D21,False
LOXL1-AS1,False
LOXL1,False
STOML1,False
PML,False
AC013486.1,False
GOLGA6A,False
ISLR2,False
AC010931.2,False
AC010931.3,False
ISLR,False
STRA6,False
CCDC33,False
AC023300.1,False
AC023300.2,False
CYP11A1,False
AC090826.1,False
AC090826.2,False
LINC02255,False
SEMA7A,False
AC090826.3,False
UBL7,False
UBL7-AS1,False
AC012435.3,False
ARID3B,True
CLK3,False
AC100835.2,False
AC100835.1,False
EDC3,False
CYP1A1,False
CYP1A2,False
CSK,False
LMAN1L,False
CPLX3,False
ULK3,False
SCAMP2,False
MPI,False
FAM219B,False
COX5A,False
RPP25,False
SCAMP5,True
PPCDC,False
C15orf39,False
AC113208.4,False
AC113208.5,False
GOLGA6C,False
GOLGA6D,False
COMMD4,False
AC068338.3,False
NEIL1,False
MAN2C1,False
AC068338.2,False
SIN3A,False
AC105137.2,False
PTPN9,False
SNUPN,False
AC105020.3,False
AC105020.2,False
IMP3,False
AC105020.6,False
AC105020.5,False
SNX33,False
CSPG4,False
AC105020.4,False
AC105020.1,False
ODF3L1,False
DNM1P35,False
AC019294.2,False
AC019294.3,False
UBE2Q2,False
FBXO22,False
NRG4,False
TMEM266,False
AC091100.1,False
ETFA,False
AC027243.3,False
ISL2,False
AC027243.1,False
AC027243.2,False
SCAPER,False
RCN2,False
PSTPIP1,False
TSPAN3,False
AC090181.1,False
AC090181.2,False
PEAK1,False
HMG20A,False
AC046168.1,False
AC046168.2,False
LINGO1,False
LINGO1-AS1,False
LINGO1-AS2,False
AC105133.1,False
AC104758.4,False
AC104758.5,False
TBC1D2B,False
AC104758.2,False
SH2D7,False
CIB2,False
IDH3A,False
AC090260.1,False
ACSBG1,False
AC090607.3,False
DNAJA4,False
WDR61,False
AC090607.4,False
AC090607.1,False
AC090607.5,False
CRABP1,False
IREB2,False
AC027228.1,False
HYKK,True
PSMA4,False
CHRNA5,False
AC027228.2,False
CHRNA3,False
CHRNB4,False
AC067863.1,False
ADAMTS7,False
MORF4L1,False
CTSH,False
RASGRF1,False
AC011944.1,False
ANKRD34C-AS1,False
ANKRD34C,False
TMED3,False
AC027811.1,False
MINAR1,False
AC021483.1,False
MTHFS,False
AC021483.2,False
AC015871.7,False
AC015871.1,False
AC015871.4,False
ST20-AS1,False
BCL2A1,False
ZFAND6,False
FAH,False
AC087761.1,False
CTXND1,False
LINC00927,False
AC016705.2,False
ARNT2,False
AC016705.1,False
AC016705.3,False
AC108451.1,False
AC108451.2,False
ABHD17C,False
AC023302.1,False
AC023302.2,False
CEMIP,False
AC027808.2,False
MESD,False
AC068870.1,False
AC068870.2,False
TLNRD1,False
CFAP161,False
IL16,False
AC103858.1,False
STARD5,False
AC103858.3,False
TMC3-AS1,False
TMC3,False
AC103858.2,False
AC109809.1,True
AC060809.1,False
AC023034.1,False
AC104041.1,True
MEX3B,False
LINC01583,False
AC026956.2,False
EFL1,False
AC026624.1,False
SAXO2,False
GOLGA6L10,False
GOLGA6L9,False
RPS17,False
AC245033.2,False
CPEB1,False
CPEB1-AS1,False
AP3B2,False
AC105339.3,False
AC105339.6,False
SNHG21,False
FSD2,False
WHAMM,False
HOMER2,False
AC022558.2,False
RAMAC,False
C15orf40,False
AC024270.4,False
BTBD1,False
AC022558.3,False
AC022558.1,False
AC024270.2,False
AC024270.5,False
TM6SF1,False
HDGFL3,False
AC024270.3,False
AC103876.1,False
BNC1,False
SH3GL3,False
ADAMTSL3,False
AC027807.2,False
AC136698.1,False
UBE2Q2L,False
GOLGA6L4,False
AC243562.3,False
AC048382.4,False
AC048382.5,False
ZSCAN2,False
AC048382.1,False
AC048382.6,False
WDR73,False
NMB,False
SEC11A,False
AC115102.1,False
AC012291.3,True
ZNF592,False
AC012291.2,False
ALPK3,False
SLC28A1,False
AC087468.2,False
PDE8A,False
AKAP13,False
AC087286.3,False
AC087286.2,False
AC087286.1,False
AC087286.4,False
AC021739.4,False
AC021739.2,False
AC021739.5,False
AC021739.3,False
KLHL25,False
LINC01584,False
AGBL1,False
AGBL1-AS1,False
AC012229.1,False
AC016987.2,False
AC016987.1,False
AC078905.1,False
AC020687.1,False
LINC00052,False
AC103871.1,False
NTRK3,False
NTRK3-AS1,False
MRPL46,False
MRPS11,False
DET1,False
LINC01586,False
AEN,False
ISG20,False
AC103982.1,False
ACAN,False
HAPLN3,False
MFGE8,False
AC013565.1,False
AC013565.3,False
ABHD2,False
RLBP1,False
FANCI,False
POLG,False
AC124068.2,False
AC133637.2,False
MIR9-3HG,False
RHCG,False
LINC00928,False
AC013391.3,False
AC013391.2,False
TICRR,False
AC013391.1,False
KIF7,False
PLIN1,False
PEX11A,False
WDR93,False
AC079075.1,False
MESP1,False
MESP2,False
ANPEP,True
AP3S2,False
ARPIN,False
ZNF710,False
AC087284.1,False
ZNF710-AS1,False
IDH2,False
IDH2-DT,False
SEMA4B,False
CIB1,False
GDPGP1,False
TTLL13P,False
NGRN,False
AC091167.5,False
ZNF774,False
IQGAP1,False
AC018946.1,False
CRTC3,False
AC103739.1,False
AC103739.2,False
CRTC3-AS1,False
AC103739.3,False
AC021422.1,False
LINC01585,False
BLM,False
AC124248.2,False
AC124248.1,False
FURIN,False
FES,False
MAN2A2,False
AC068831.4,False
HDDC3,False
UNC45A,False
AC068831.1,False
RCCD1,False
PRC1,False
PRC1-AS1,False
VPS33B,False
VPS33B-DT,True
AC068831.6,False
AC127520.1,False
SV2B,False
AC123784.1,False
AC104035.1,True
AC107958.3,True
AC107958.2,False
SLCO3A1,False
AC116903.2,False
AC116903.1,False
ST8SIA2,False
AC090985.2,False
C15orf32,False
LINC00930,False
AC091544.2,False
AC091544.4,False
AC091544.5,False
FAM174B,False
AC091544.7,False
AC106028.3,False
AC106028.2,False
AC106028.4,False
LINC01578,False
CHD2,False
RGMA,False
AC108457.1,False
AC091078.1,False
AC112693.1,False
AC091078.2,False
AC110023.1,False
LINC01579,False
LINC02207,False
AC103996.3,False
AC103996.2,False
LINC01580,False
LINC01581,False
MCTP2,True
AC009432.2,False
LINC02852,False
AC009432.1,False
AC022308.1,False
AC107976.1,False
AC087633.1,False
AC087636.1,False
LINC01197,False
AC104260.1,False
AC104260.3,False
LINC00924,False
AC027013.1,False
AC015574.1,False
AC012409.2,False
AC024337.1,False
AC024337.2,False
NR2F2-AS1,False
AC012409.3,False
AC012409.1,False
AC012409.4,False
LINC02157,False
NR2F2,False
AC103746.1,False
AC087477.2,False
AC087477.5,False
AC087477.3,False
AC087477.4,False
SPATA8-AS1,False
SPATA8,False
LINC02253,False
AC020704.1,False
LINC02254,False
AC026523.1,False
AC026523.3,False
AC026523.4,False
LINC00923,False
AC024651.2,False
AC024651.3,False
ARRDC4,False
AC024651.1,False
LINC02251,False
AC022523.1,False
LINC01582,False
AC022523.3,False
AC015722.1,False
AC015722.2,False
LINC02351,False
FAM169B,False
IRAIN,False
IGF1R,True
AC118658.1,False
AC055807.1,False
AC069029.1,False
AC036108.1,False
PGPEP1L,False
LUNAR1,False
SYNM,False
AC036108.2,False
TTC23,False
AC036108.3,False
AC022819.1,False
LRRC28,False
LINC02244,False
AC015660.2,False
AC015660.3,False
AC015660.1,False
AC015660.5,False
MEF2A,False
LYSMD4,False
AC090825.1,True
AC084855.1,False
ADAMTS17,True
AC084855.2,False
AC022710.1,False
SPATA41,False
CERS3-AS1,True
CERS3,False
AC027020.2,False
AC027020.1,False
LINS1,False
ASB7,False
AC087762.1,False
AC015712.1,False
AC015712.4,False
ALDH1A3,False
AC015712.7,False
AC015712.2,False
LRRK1,False
AC090907.1,False
AC090907.2,False
AC090907.3,False
AC019254.2,False
AC019254.1,False
CHSY1,False
SELENOS,False
SNRPA1,False
AC023024.1,False
PCSK6,False
PCSK6-AS1,False
AC090164.2,False
AC090164.3,False
AC090164.4,False
AC090164.5,False
TM2D3,False
TARSL2,False
OR4F6,False
OR4F15,False
OR4F4,False
FAM138E,False
AC140725.1,True
WASIR2,False
POLR3K,False
SNRNP25,False
RHBDF1,False
MPG,False
NPRL3,False
Z69720.1,False
Z69666.1,False
HBZ,False
HBM,False
HBA2,True
HBA1,True
HBQ1,False
Z69706.1,False
LUC7L,False
FAM234A,False
RGS11,False
ARHGDIG,False
PDIA2,False
AXIN1,False
MRPL28,False
TMEM8A,False
NME4,False
DECR2,False
AL023881.1,False
RAB11FIP3,False
LINC00235,False
CAPN15,False
Z97986.1,False
PRR35,False
PIGQ,False
NHLRC4,False
RAB40C,False
WFIKKN1,False
METTL26,False
MCRIP2,False
AL022341.1,False
WDR90,False
AL022341.2,False
RHOT2,False
RHBDL1,False
Z92544.1,False
STUB1,False
JMJD8,False
WDR24,False
Z92544.2,False
FBXL16,False
Z97653.1,False
METRN,False
ANTKMT,False
CCDC78,False
HAGHL,False
CIAO3,False
MSLN,False
MSLNL,False
RPUSD1,False
CHTF18,False
GNG13,False
AL023882.1,False
AL031008.1,False
LMF1,False
AL031716.1,False
AL008727.1,False
LMF1-AS1,False
AC009041.4,False
AC009041.2,False
SOX8,False
AC009041.1,False
SSTR5-AS1,False
AC009041.3,False
SSTR5,False
C1QTNF8,False
AL031598.1,False
AC120498.8,False
CACNA1H,False
AC120498.3,False
AC120498.1,False
AC120498.6,False
TPSG1,False
AC120498.10,False
TPSB2,False
TPSAB1,False
TPSD1,False
AC120498.2,False
AC120498.4,False
AC120498.9,False
UBE2I,False
AL031714.1,False
BAIAP3,False
TSR3,False
GNPTG,False
AL031709.1,False
UNKL,False
AL032819.1,False
C16orf91,False
AL032819.3,False
CCDC154,False
CLCN7,False
AL031600.3,False
AL031600.1,False
AL031600.2,False
PTX4,False
TELO2,False
IFT140,False
AL031705.1,False
TMEM204,False
AL133297.1,False
AL133297.2,False
CRAMP1,False
Z97652.1,False
JPT2,False
MAPK8IP3,False
AL031710.2,False
AL031710.1,False
AL031717.1,False
NME3,False
MRPS34,False
EME2,False
SPSB3,False
NUBP2,False
IGFALS,False
HAGH,False
FAHD1,False
MEIOB,False
AL031722.1,False
LINC00254,False
LINC02124,False
HS3ST6,False
MSRB1,False
RPL3L,False
NDUFB10,False
RPS2,False
SNHG9,False
RNF151,False
AC005363.2,False
TBL3,False
NOXO1,False
GFER,False
AC005606.2,False
SYNGR3,False
AC005606.1,False
ZNF598,False
NPW,False
SLC9A3R2,False
NTHL1,False
TSC2,False
PKD1,False
AC009065.2,False
AC009065.5,False
AC009065.6,False
AC009065.3,False
RAB26,False
SNHG19,True
TRAF7,False
CASKIN1,False
MLST8,False
BRICD5,False
PGP,False
AC009065.7,False
E4F1,False
AC009065.1,False
DNASE1L2,False
ECI1,False
AC009065.8,False
RNPS1,False
AC009065.4,False
ABCA3,True
CCNF,False
AC106820.6,False
AC106820.3,False
AC106820.5,False
TEDC2,False
AC106820.2,False
NTN3,False
TBC1D24,False
AC106820.4,False
ATP6V0C,False
AMDHD2,False
CEMP1,False
PDPK1,False
AC093525.6,False
AC093525.5,False
AC093525.7,False
AC093525.4,False
AC093525.3,False
AC141586.3,False
AC141586.2,False
ERVK13-1,False
KCTD5,False
PRSS27,False
SRRM2-AS1,False
SRRM2,False
ELOB,False
AC092117.1,False
PRSS33,False
PRSS41,False
PRSS21,False
ZG16B,False
PRSS22,False
AC003965.2,True
AC003965.1,True
FLYWCH2,False
FLYWCH1,False
AC004034.1,False
KREMEN2,True
PKMYT1,False
PAQR4,False
AC004233.3,False
LINC00514,False
AC004233.1,False
AC004233.2,False
CLDN9,False
CLDN6,False
TNFRSF12A,False
HCFC1R1,False
THOC6,False
BICDL2,False
AC108134.1,False
MMP25-AS1,False
MMP25,False
IL32,True
AC108134.3,False
ZSCAN10,True
AC108134.4,False
ZNF213-AS1,False
ZNF205,False
ZNF213,False
AC108134.2,False
AJ003147.1,False
AJ003147.2,False
OR1F1,False
ZNF200,False
MEFV,False
LINC00921,False
ZNF263,False
TIGD7,True
ZNF75A,False
AC004232.1,False
OR2C1,False
AC025283.2,False
MTRNR2L4,False
ZSCAN32,False
ZNF174,False
ZNF597,False
NAA60,False
C16orf90,False
CLUAP1,False
NLRC3,True
AC004494.1,False
AC006111.1,False
SLX4,False
DNASE1,False
AC006111.2,False
TRAP1,False
AC006111.3,False
CREBBP,False
AC005736.1,False
ADCY9,False
AC005736.2,False
AC009171.2,False
SRL,False
LINC01569,False
TFAP4,False
GLIS2,False
GLIS2-AS1,False
PAM16,False
AC012676.1,False
CORO7,False
VASN,False
DNAJA3,False
AC012676.3,False
AC012676.4,False
NMRAL1,False
HMOX2,False
CDIP1,False
AC023830.3,False
C16orf96,False
AC023830.2,False
UBALD1,False
MGRN1,False
AC023830.1,False
NUDT16L1,False
ANKS3,False
C16orf71,False
ZNF500,False
SEPTIN12,False
SMIM22,False
AC020663.2,False
ROGDI,False
GLYR1,False
AC020663.3,False
UBN1,False
PPL,False
SEC14L5,False
NAGPA-AS1,True
NAGPA,False
ALG1,False
C16orf89,False
EEF2KMT,False
AC026458.2,False
AC074051.5,False
LINC02164,False
RBFOX1,False
LINC01570,False
AC009135.1,False
AC006112.1,False
AC007223.1,False
AC007222.2,False
AC005774.2,False
AC093515.1,False
AC018767.2,False
LINC02152,False
AC018767.3,False
AC018767.1,False
AC074052.2,False
TMEM114,False
AC138420.1,False
METTL22,False
ABAT,False
TMEM186,False
PMM2,False
AC012173.1,False
AC022167.2,False
CARHSP1,False
AC022167.1,False
AC022167.4,False
LITAFD,False
USP7,False
AC022167.3,False
AC087190.2,False
C16orf72,False
AC087190.3,False
AC087190.1,False
LINC02177,False
AC012178.1,False
LINC01177,False
LINC01195,False
AC007221.1,False
AC007218.1,False
GRIN2A,False
AC007218.2,False
AC007218.3,False
AC133565.1,False
AC022168.1,False
ATF7IP2,False
AC131649.1,False
LINC01290,False
EMP2,False
AC027277.1,False
AC027277.2,False
TEKT5,False
AC007595.1,False
NUBP1,False
TVP23A,True
AC133065.1,False
CIITA,True
DEXI,False
CLEC16A,False
AC007014.2,False
AC007014.1,False
AC007220.2,False
AC007220.1,False
RMI2,False
SOCS1,False
TNP2,False
PRM3,False
PRM2,False
PRM1,False
AC009121.4,False
AC009121.3,False
AC009121.2,False
AC099489.1,False
AC099489.3,False
LITAF,False
SNN,False
TXNDC11,False
AC007613.1,False
ZC3H7A,False
AC010654.1,False
BCAR4,False
RSL1D1,False
AC007216.4,False
GSPT1,False
AC007216.3,False
AC007216.2,False
NPIPB2,True
TNFRSF17,True
SNX29,False
AC007216.1,False
AC007601.1,False
AC007601.2,False
AC007598.2,False
AC007598.1,False
AC131391.1,False
AC010333.1,False
AC010333.2,False
AC010333.3,False
CPPED1,True
AC109597.1,False
AC109597.2,False
SHISA9,False
AC009134.1,False
U91319.1,False
AC003009.1,False
U95743.1,False
ERCC4,False
AC010401.1,True
AC010401.2,False
LINC02185,False
LINC02186,False
MRTFB,False
AC130650.2,False
AC130650.1,False
MIR193BHG,False
LINC02130,False
AC040173.1,False
PARN,False
BFAR,False
PLA2G10,False
AC009167.1,False
NPIPA3,False
AC136443.4,False
NPIPA2,False
NOMO1,False
AC136443.3,False
AC138932.2,False
NPIPA1,False
PDXDC1,False
AC138932.5,False
NTAN1,False
RRN3,False
AC126763.1,False
NPIPA5,False
MPV17L,False
BMERB1,False
MARF1,False
AC026401.1,False
NDE1,False
AC026401.2,False
AC026401.3,False
MYH11,False
AF001548.2,False
AF001548.1,False
FOPNL,False
AC130651.1,False
ABCC1,False
ABCC6,False
AC136624.1,False
NOMO3,False
AC136624.2,False
AC138969.3,False
AC138969.1,False
NPIPA7,False
AC136431.1,False
AC136431.2,False
XYLT1,False
AC109446.3,False
AC009152.6,False
AC009152.1,False
AC009152.3,False
AC109495.1,False
AC025277.1,False
AC010601.1,False
AC091489.1,False
NPIPA8,False
NPIPA9,False
AC126755.3,False
AC126755.2,False
NOMO2,False
AC136618.1,False
RPS15A,False
ARL6IP1,False
AC138811.1,False
SMG1,False
AC092287.1,False
TMC7,False
AC099518.4,False
AC099518.2,False
COQ7,False
AC099518.1,False
AC099518.6,False
ITPRIPL2,False
AC099518.5,False
SYT17,True
AC010494.1,False
CLEC19A,False
AC130456.1,False
LINC02858,False
AC130456.2,False
TMC5,False
AC130456.4,False
AC130456.3,False
AC130456.5,False
GDE1,False
CCP110,False
VPS35L,False
AC002550.2,False
KNOP1,False
AC002550.1,False
IQCK,True
AC027130.1,True
GPRC5B,False
GPR139,False
AC092132.1,False
GP2,False
UMOD,False
PDILT,False
AC106796.1,False
ACSM5,False
AC137056.1,False
ACSM2A,False
ACSM2B,False
AC141273.1,False
ACSM3,True
ACSM1,True
THUMPD1,False
AC004381.1,False
ERI2,False
REXO5,False
DCUN1D3,False
LYRM1,False
DNAH3,False
AC008551.1,False
TMEM159,False
AF001550.1,False
ZP2,False
ANKS4B,False
CRYM,False
NPIPB3,False
AC005632.6,False
AC005632.5,False
METTL9,False
AC005632.3,False
IGSF6,False
OTOA,False
AC092375.2,False
NPIPB4,False
AC092119.2,False
UQCRC2,False
PDZD9,True
AC092119.3,False
MOSMO,False
AC009019.1,False
VWA3A,True
SDR42E2,False
AC009019.2,False
EEF2K,False
AC009034.1,False
POLR3E,False
AC092338.3,False
CDR2,False
AC092338.1,False
AC092338.2,False
NPIPB5,False
AC009021.2,False
AC009021.1,False
AC130466.1,False
HS3ST2,False
AC127459.2,False
AC127459.1,False
USP31,False
AC099482.2,False
SCNN1G,False
AC099482.1,False
SCNN1B,False
COG7,False
AC008915.1,False
AC008915.2,False
GGA2,False
EARS2,False
UBFD1,False
AC008870.2,False
NDUFAB1,False
PALB2,False
AC008870.4,False
DCTN5,False
AC008870.1,False
PLK1,False
AC008870.3,False
ERN2,False
AC012317.1,False
CHP2,False
PRKCB,False
LINC2194,False
CACNG3,False
AC008938.1,False
RBBP6,False
TNRC6A,False
LINC01567,False
AC008731.1,False
SLC5A11,False
ARHGAP17,False
LINC02175,False
LCMT1-AS1,False
AC133552.5,True
LCMT1,False
LCMT1-AS2,True
AQP8,False
ZKSCAN2,False
AC008741.1,False
ZKSCAN2-DT,False
LINC02191,False
HS3ST4,False
AC093516.1,False
AC009158.1,False
AC002331.1,False
LINC02195,False
AC009035.1,False
C16orf82,False
AC092725.1,False
LINC02129,False
KDM8,False
AC109449.1,False
NSMCE1,False
NSMCE1-DT,False
AC106739.1,False
IL4R,False
IL21R,False
IL21R-AS1,True
GTF3C1,False
KIAA0556,False
AC002551.1,False
AC016597.1,False
AC016597.2,False
GSG1L,False
XPO6,False
AC138904.3,False
SBK1,False
AC138904.1,False
NPIPB6,False
EIF3CL,False
AC138894.2,False
NPIPB7,False
CLN3,False
APOBR,False
IL27,False
NUPR1,False
AC020765.2,False
SGF29,False
SULT1A2,False
SULT1A1,False
NPIPB8,False
EIF3C,False
NPIPB9,False
AC145285.2,False
AC145285.3,False
AC145285.6,False
ATXN2L,False
AC133550.2,False
TUFM,False
SH2B1,False
AC133550.3,False
ATP2A1,False
ATP2A1-AS1,False
RABEP2,False
CD19,True
NFATC2IP,False
AC109460.2,False
AC109460.1,False
SPNS1,False
LAT,False
AC109460.4,False
AC009093.2,False
AC009093.1,False
AC009093.5,False
AC009093.4,False
AC009093.6,False
NPIPB11,False
BOLA2,False
SLX1B,False
SULT1A4,False
NPIPB12,False
SPN,False
QPRT,True
C16orf54,False
AC009133.3,False
ZG16,False
KIF22,False
AC009133.4,False
MAZ,False
AC009133.2,False
AC009133.1,False
PRRT2,True
PAGR1,False
MVP,False
CDIPT,False
AC120114.2,False
SEZ6L2,False
ASPHD1,False
KCTD13,False
AC120114.1,False
TMEM219,False
TAOK2,False
HIRIP3,False
INO80E,False
DOC2A,False
C16orf92,False
TLCD3B,False
AC093512.2,False
ALDOA,False
AC093512.1,False
PPP4C,False
TBX6,False
YPEL3,False
AC012645.1,False
GDPD3,False
AC012645.2,False
AC012645.4,False
MAPK3,False
CORO1A,False
AC012645.3,False
BOLA2B,False
SLX1A,False
SULT1A3,False
NPIPB13,False
CD2BP2,False
CD2BP2-DT,False
TBC1D10B,False
AC106782.5,False
MYLPF,False
ZNF48,False
SEPTIN1,False
ZNF771,False
DCTPP1,False
SEPHS2,False
ITGAL,False
AC116348.3,False
AC116348.1,False
AC116348.2,False
ZNF768,False
ZNF747,False
AC002310.1,False
ZNF764,False
ZNF688,False
AC002310.2,False
ZNF785,False
AC093249.2,True
ZNF689,False
PRR14,False
FBRS,False
AC093249.6,False
SRCAP,False
TMEM265,False
PHKG2,False
CCDC189,False
RNF40,False
ZNF629,False
AC106886.3,False
BCL7C,False
MIR762HG,False
AC135048.2,False
CTF1,False
FBXL19-AS1,False
FBXL19,False
ORAI3,False
AC135048.3,False
SETD1A,False
HSD3B7,False
STX1B,False
STX4,False
AC135050.3,False
AC135050.1,False
ZNF668,False
AC135050.4,False
ZNF646,False
PRSS53,False
VKORC1,False
BCKDK,False
KAT8,False
AC135050.5,False
AC135050.6,False
AC009088.3,False
PRSS8,False
PRSS36,False
FUS,False
AC009088.2,False
AC009088.1,False
PYCARD,False
PYCARD-AS1,False
TRIM72,False
PYDC1,False
ITGAM,False
ITGAX,False
ITGAD,False
AC093520.1,False
COX6A2,False
AC026471.5,False
ZNF843,False
AC026471.4,False
AC026471.1,False
ARMC5,False
TGFB1I1,False
SLC5A2,False
AC026471.3,False
C16orf58,False
AC026471.2,False
AHSP,False
LINC02190,False
AC106730.1,False
AC074050.2,False
AC074050.4,False
AC074050.3,True
ZNF720,False
AC002519.1,False
ZNF267,False
IGHV1OR16-1,False
IGHV1OR16-3,False
IGHV3OR16-9,False
AC133485.7,False
AC133485.5,False
AC133485.3,False
TP53TG3D,False
AC133485.2,False
AC138915.3,False
AC138907.7,False
AC138907.1,False
TP53TG3,False
AC138907.3,False
AC138907.2,False
AC137761.1,False
IGHV2OR16-5,False
AC142086.1,False
IGHV3OR16-15,False
IGHV3OR16-6,False
IGHV1OR16-2,False
IGHV3OR16-10,False
AC142086.4,False
IGHV1OR16-4,False
IGHV3OR16-8,False
AC145350.2,False
AC145350.4,False
AC138869.2,False
TP53TG3C,False
AC138869.3,False
AC141257.2,False
TP53TG3E,False
TP53TG3B,False
AC141257.1,False
TP53TG3F,False
AC136944.1,False
AC136944.2,False
AC136944.4,False
IGHV3OR16-12,False
IGHV3OR16-13,False
AC136428.1,False
AC140658.2,False
IGHV3OR16-11,False
IGHV3OR16-7,False
AC140658.1,False
LINC00273,False
FP325313.3,False
LINC02184,False
AC135776.1,False
AC135776.2,False
AC023824.5,False
AC023824.1,False
AC023824.4,False
AC023824.3,True
LINC01566,False
AC018558.6,False
AC018558.2,False
AC018558.3,False
AC018558.7,False
AC018558.1,False
AC092325.1,False
LINC02167,False
AC106785.2,False
SHCBP1,False
AC092368.3,False
VPS35,False
AC012186.2,False
ORC6,False
MYLK3,False
C16orf87,False
GPT2,False
DNAJA2,False
AC018845.3,False
AC018845.1,False
NETO2,False
ITFG1-AS1,False
ITFG1,False
AC007494.2,False
AC007533.1,False
PHKB,False
AC007599.2,False
LINC02133,False
LINC02192,False
LINC02134,False
AC096996.3,False
ABCC12,False
AC096996.2,False
ABCC11,False
LONP2,False
SIAH1,False
AC026470.3,False
N4BP1,False
AC026470.2,False
AC023813.1,False
AC007611.1,False
AC023813.3,False
AC023813.4,False
AC044798.3,False
AC044798.1,False
AC044798.2,False
CBLN1,False
AC007614.1,False
C16orf78,False
AC007861.1,False
AC007861.2,False
LINC02179,False
ZNF423,False
AC027348.1,False
AC007603.1,False
CNEP1R1,False
AC007610.1,False
HEATR3,False
AC007610.2,False
AC007610.5,False
TENT4B,False
ADCY7,False
BRD7,False
AC007493.2,False
LINC02178,False
AC007493.1,False
NKD1,False
AC007608.2,False
AC007608.1,False
AC007608.3,False
SNX20,False
NOD2,False
AC007728.3,False
AC007728.2,False
CYLD,False
AC007728.1,False
LINC02168,False
LINC02128,False
AC025810.1,False
LINC02127,False
AC027688.1,False
AC027688.2,False
AC009166.3,False
SALL1,False
AC009166.1,False
AC087564.1,False
AC137494.1,False
AC007344.1,False
HNRNPA1P48,False
LINC01571,False
C16orf97,False
AC009039.1,False
LINC00919,False
LINC02180,False
AC007333.2,False
AC007333.1,False
CASC22,False
TOX3,False
CASC16,False
AC026462.5,False
AC026462.3,False
AC026462.2,False
AC026462.4,False
AC007906.2,False
CHD9,False
AC007906.1,False
AC007342.4,False
AC007342.5,False
RBL2,False
AC007342.1,False
AKTIP,False
AC007497.2,False
RPGRIP1L,True
AC007497.1,False
FTO,False
AC007496.2,False
AC007496.1,False
AC007347.1,False
AC007907.1,False
LINC02169,False
IRX3,False
AC018553.2,False
AC018553.1,False
LINC02140,False
AC018553.3,False
AC007343.1,False
LINC02183,False
AC007491.1,False
CRNDE,False
AC106742.1,False
IRX5,False
AC106738.1,False
AC106738.2,False
AC109136.1,False
AC109462.1,False
AC109462.3,False
IRX6,False
AC109462.2,False
MMP2,False
AC007336.2,False
MMP2-AS1,False
LPCAT2,True
AC007336.1,False
CAPNS2,False
SLC6A2,False
CES1,True
CES5A,False
AC040168.1,False
AC007495.1,False
GNAO1,False
AC079411.1,False
AC009102.4,False
AC009102.1,False
AC009102.2,False
AMFR,False
AC092140.1,False
NUDT21,False
OGFOD1,False
AC092140.2,False
BBS2,False
MT4,False
MT3,True
MT2A,False
AC026461.3,True
MT1E,False
MT1M,False
MT1A,False
MT1B,False
MT1F,False
MT1G,False
MT1H,False
MT1X,False
AC106779.1,False
NUP93,False
SLC12A3,False
HERPUD1,False
AC012181.2,False
AC012181.1,False
CETP,False
NLRC5,False
AC023825.2,False
AC009090.2,False
CPNE2,False
FAM192A,False
AC009090.6,False
RSPRY1,False
ARL2BP,False
AC009090.3,False
AC009090.1,False
PLLP,True
CCL22,False
CX3CL1,False
CCL17,False
CIAPIN1,False
COQ9,False
POLR2C,False
DOK4,False
CCDC102A,False
ADGRG5,True
ADGRG1,True
AC018552.3,False
ADGRG3,False
AC018552.2,False
DRC7,True
KATNB1,False
KIFC3,False
AC092118.2,False
AC092118.1,False
CNGB1,False
TEPP,False
ZNF319,False
USB1,False
MMP15,False
CFAP20,False
AC026771.1,False
AC009107.2,False
CSNK2A2,False
AC009107.1,False
CCDC113,False
PRSS54,False
GINS3,False
AC009118.1,False
AC009118.2,False
LINC02137,False
NDRG4,False
SETD6,False
CNOT1,False
AC009118.3,False
SLC38A7,False
GOT2,False
AC106793.1,False
AC092378.1,False
LINC02141,False
AC009081.2,False
AC009081.1,False
AC092125.2,False
CDH8,False
AC092125.1,False
AC012174.1,False
AC009110.1,False
AC040174.1,False
AC040174.2,False
AC138305.1,False
AC138305.2,False
LINC02165,False
AC092337.1,False
AC093536.2,False
AC012322.1,False
AC092131.1,False
CDH11,False
LINC02126,False
AC009055.2,False
AC009055.1,False
LINC00922,False
AC092138.2,False
AC092138.1,False
AC022164.1,False
AC012325.1,False
CDH5,False
LINC00920,False
BEAN1,False
BEAN1-AS1,False
TK2,False
AC010542.2,False
AC010542.4,False
CKLF,False
AC010542.5,False
CMTM1,False
CMTM2,False
AC010542.1,False
CMTM3,False
CMTM4,False
DYNC1LI2,False
AC018557.1,False
AC018557.3,False
AC018557.2,True
AC044802.1,False
TERB1,False
NAE1,False
AC044802.2,False
CA7,False
PDP2,False
CDH16,False
RRAD,False
CIAO2B,False
CES2,False
CES3,False
CES4A,False
CBFB,False
C16orf70,False
B3GNT9,False
TRADD,False
FBXL8,False
HSF4,False
NOL3,False
KIAA0895L,False
EXOC3L1,False
E2F4,False
ELMO3,False
LRRC29,False
TMEM208,False
FHOD1,False
SLC9A5,True
PLEKHG4,False
KCTD19,False
LRRC36,False
TPPP3,False
ZDHHC1,False
HSD11B2,False
AC009061.1,False
ATP6V0D1,False
AC009061.2,False
AGRP,False
AC027682.6,False
RIPOR1,False
AC027682.5,False
AC027682.2,False
AC027682.3,False
AC027682.4,True
AC027682.1,False
CTCF,False
AC009095.1,False
CARMIL2,False
ACD,False
PARD6A,False
ENKD1,False
C16orf86,False
GFOD2,False
RANBP10,False
AC010530.1,False
TSNAXIP1,True
CENPT,False
THAP11,False
NUTF2,False
EDC4,False
NRN1L,False
PSKH1,False
CTRL,False
PSMB10,False
LCAT,False
SLC12A4,False
DPEP3,False
DPEP2,False
DUS2,False
DPEP2NB,False
DDX28,False
NFATC3,False
AC020978.6,False
AC020978.3,False
AC020978.7,False
AC020978.5,False
ESRP2,False
AC020978.4,False
PLA2G15,False
AC020978.2,False
SLC7A6,False
SLC7A6OS,False
PRMT7,False
AC020978.1,False
SMPD3,True
AC099521.3,False
AC099521.1,False
ZFP90,False
AC126773.3,False
AC126773.6,False
CDH3,False
AC126773.4,False
CDH1,False
AC099314.1,False
TANGO6,False
AC009137.1,False
AC009137.2,False
HAS3,False
DERPC,False
CHTF8,False
UTP4,False
SNTB2,False
AC026474.1,False
VPS4A,False
COG8,False
PDF,False
NIP7,False
TMED6,False
TERF2,False
CYB5B,False
AC026464.2,False
NFAT5,False
AC009032.1,False
AC012321.1,False
NQO1,False
AC092115.2,False
AC092115.3,False
NOB1,False
WWP2,False
CLEC18A,False
PDPR,False
AC009060.1,False
CLEC18C,False
EXOSC6,False
AARS,False
DDX19B,False
AC012184.3,False
DDX19A,False
AC012184.4,False
ST3GAL2,False
AC012184.1,False
FCSK,False
COG4,False
SF3B3,False
IL34,False
MTSS2,False
VAC14,False
AC020763.1,False
VAC14-AS1,False
AC027281.1,False
HYDIN,False
AC138625.2,False
AC138625.1,False
CMTR2,False
AC106736.1,True
CALB2,False
LINC02136,False
TLE7,False
ZNF23,False
AC010547.1,False
ZNF19,False
AC010547.3,False
CHST4,False
AC010547.2,False
TAT-AS1,False
TAT,False
AC009097.2,False
MARVELD3,False
PHLPP2,False
AC009097.1,False
AC009097.4,False
AC009097.3,False
AP1G1,False
ATXN1L,False
IST1,False
ZNF821,False
AC009127.1,False
PKD1L3,False
DHODH,False
TXNL4B,False
HP,False
HPR,False
AC009087.1,False
DHX38,False
PMFBP1,False
AC009075.1,False
LINC01572,True
AC004158.1,False
AC004943.2,False
AC004943.3,False
ZFHX3,False
AC004943.1,False
AC002044.1,False
AC116667.1,False
HCCAT5,False
AC116667.2,False
AC140912.1,False
LINC01568,False
AC092114.1,False
AC087565.2,False
AC087565.1,False
AC138627.1,False
AC009120.4,False
AC009120.5,False
PSMD7,False
AC009120.2,False
AC009120.3,False
AC009053.2,False
NPIPB15,False
CLEC18B,False
AC009053.3,False
GLG1,False
RFWD3,False
MLKL,False
FA2H,False
WDR59,False
ZNRF1,False
AC099508.1,False
LDHD,False
AC099508.2,False
ZFP1,False
CTRB2,False
CTRB1,False
BCAR1,False
CFDP1,False
AC009054.1,False
AC009054.2,False
AC009163.7,False
TMEM170A,False
AC009163.4,False
CHST6,False
AC009163.1,False
AC009163.6,False
CHST5,False
TMEM231,False
AC025287.2,False
GABARAPL2,False
AC025287.3,False
ADAT1,False
KARS,False
TERF2IP,False
AC025287.4,True
DUXB,False
CPHXL,False
AC105430.1,False
AC099511.1,False
AC010528.1,True
AC010528.2,False
CNTNAP4,False
AC108125.1,False
LINC02125,False
AC106729.1,True
MON1B,False
SYCE1L,False
AC009139.2,False
AC009139.1,False
ADAMTS18,False
AC025284.1,False
LINC02131,False
NUDT7,False
AC092134.1,False
AC092134.3,True
VAT1L,False
AC079414.1,False
CLEC3A,False
WWOX,True
AC079414.3,False
WWOX-AS1,False
AC106743.1,False
AC046158.1,False
AC046158.2,False
AC009141.1,False
AC027279.1,False
AC027279.2,False
AC009145.3,False
AC009145.1,False
AC009145.2,False
AC092376.2,False
AC092376.3,False
AC092376.1,True
AC084064.1,False
MAF,True
AC009159.2,False
AC009159.3,False
AC009159.1,False
LINC01229,False
MAFTRR,False
LINC01228,False
AC092130.1,False
AC022166.1,False
AC105411.1,False
AC022166.2,False
DYNLRB2,False
AC108097.1,False
LINC01227,True
CDYL2,False
AC092332.1,False
AC099313.1,False
ARLNC1,False
CMC2,False
CENPN,False
AC092718.2,False
AC092718.4,False
ATMIN,False
C16orf46,False
AC092718.5,False
AC092718.6,False
AC092718.1,False
GCSH,False
AC092718.9,False
BCO1,False
AC009148.1,False
GAN,False
AC092139.1,False
CMIP,False
AC099524.1,False
PLCG2,False
AC092142.2,False
SDR42E1,False
HSD17B2,True
AC092142.1,False
MPHOSPH6,False
AC138304.1,False
AC009117.2,False
CDH13,False
AC099506.1,False
AC099506.3,False
AC125793.1,False
AC009142.1,False
AC009063.3,False
AC009063.2,False
AC009063.1,False
AC009119.1,False
HSBP1,False
MLYCD,False
AC009119.2,False
OSGIN1,False
NECAB2,False
SLC38A8,True
AC040169.4,False
MBTPS1,False
AC040169.3,False
AC040169.1,False
HSDL1,False
DNAAF1,False
TAF1C,False
ADAD2,False
AC009123.1,False
KCNG4,False
AC010551.3,False
WFDC1,False
AC010551.2,False
AC010551.1,False
ATP2C2,False
ATP2C2-AS1,False
MEAK7,False
AC022165.1,False
COTL1,False
AC092145.1,False
KLHL36,False
USP10,False
AC025280.3,False
CRISPLD2,False
AC025280.1,False
AC025280.2,False
LINC02176,False
ZDHHC7,False
KIAA0513,False
FAM92B,False
LINC02139,False
AC026469.1,False
GSE1,False
AC092275.1,False
LINC00311,False
AC092377.1,False
AC133540.1,False
AC092127.2,False
AC092127.1,False
GINS2,False
C16orf74,False
AC018695.6,False
AC018695.9,False
AC018695.2,False
EMC8,False
AC018695.4,False
AC018695.3,False
COX4I1,False
AC018695.8,False
IRF8,True
AC092723.5,False
LINC02132,False
AC092723.4,False
AC092723.1,False
AC092723.3,False
AC135012.1,False
AC135012.2,False
AC135012.3,False
LINC01082,False
LINC01081,True
LINC02135,False
LINC00917,False
AC092327.2,False
FENDRR,False
FOXF1,False
AC009108.3,False
MTHFSD,False
FOXC2-AS1,False
FOXC2,False
FOXL1,False
AC009108.2,False
AC009154.1,False
AC009154.2,False
LINC02188,False
LINC02189,False
AC130467.1,False
AC093519.2,False
LINC02181,False
AC106745.1,False
C16orf95,False
AC136285.3,False
AC136285.1,False
AC136285.2,False
AC010531.4,False
AC010531.6,False
AC010531.7,False
FBXO31,False
AC010531.5,False
MAP1LC3B,False
AC010531.3,False
ZCCHC14,False
AC105429.1,False
AC092720.1,False
AC092720.2,False
JPH3,False
AC010536.3,False
AC010536.1,False
KLHDC4,False
AC010536.2,False
AC126696.3,False
AC126696.1,False
SLC7A5,False
AC126696.2,False
CA5A,False
BANP,False
AC134312.4,False
AC134312.3,False
AC134312.1,False
AC134312.2,False
AC134312.5,False
LINC02182,False
AC134312.6,False
AC138512.1,False
ZNF469,False
ZFPM1,False
AC116552.1,False
ZC3H18,False
IL17C,False
CYBA,False
MVD,False
SNAI3-AS1,False
SNAI3,False
RNF166,False
AC138028.3,False
CTU2,False
AC138028.6,False
PIEZO1,False
AC138028.4,False
AC138028.2,False
AC138028.5,False
AC138028.1,False
CDT1,False
APRT,False
GALNS,True
TRAPPC2L,False
PABPN1L,False
CBFA2T3,False
AC092384.2,False
AC092384.3,False
AC092384.1,False
AC135782.2,False
AC135782.1,False
ACSF3,False
AC135782.3,False
LINC00304,True
LINC02138,False
CDH15,False
SLC22A31,False
AC009113.1,False
ZNF778,False
AC009113.2,False
ANKRD11,False
AC137932.3,False
AC137932.1,False
AC137932.2,False
AC092120.1,False
AC092120.3,False
SPG7,False
AC092123.1,False
RPL13,False
CPNE7,False
DPEP1,False
CHMP1A,False
SPATA33,False
AC010538.1,False
CDK10,False
LINC02166,False
SPATA2L,False
VPS9D1,False
VPS9D1-AS1,False
ZNF276,False
FANCA,True
SPIRE2,False
TCF25,False
MC1R,False
AC092143.2,False
TUBB3,False
DEF8,False
CENPBD1,False
DBNDD1,False
GAS8,False
GAS8-AS1,False
PRDM7,True
FAM157C,False
AC133919.1,False
AC133919.2,False
LINC02193,False
AC240565.2,False
AC240565.1,False
SCGB1C2,False
DOC2B,False
LINC02091,False
RPH3AL,False
AC129507.4,False
AC129507.1,False
AC129507.2,False
AC129507.3,False
AC141424.1,False
C17orf97,False
RFLNB,False
AC015853.2,False
VPS53,False
AC015853.3,False
AC015853.1,False
TLCD3A,False
GEMIN4,False
GLOD4,False
AC087392.3,False
MRM3,False
AC087392.4,False
AC087392.5,False
NXN,False
AC087392.2,False
AC087392.1,False
TIMM22,False
ABR,False
AC016292.1,False
AC144836.1,False
BHLHA9,False
TRARG1,False
YWHAE,False
CRK,False
AC032044.1,False
MYO1C,True
INPP5K,False
PITPNA-AS1,False
PITPNA,True
SLC43A2,False
SCARF1,False
RILP,False
PRPF8,False
AC130343.2,False
TLCD2,False
MIR22HG,False
WDR81,False
AC130343.1,False
SERPINF2,False
SERPINF1,True
SMYD4,False
RPA1,False
RTN4RL1,False
AC099684.2,False
AC099684.1,False
AC099684.3,False
DPH1,False
AC090617.10,False
OVCA2,False
AC090617.3,False
AC090617.5,False
HIC1,False
SMG6,False
AC090617.4,False
AC090617.2,False
AC090617.1,False
AL450226.1,False
SRR,False
TSR1,False
SGSM2,False
AC006435.3,False
AC006435.2,False
MNT,False
AC006435.1,False
METTL16,False
PAFAH1B1,False
AC005696.2,False
AC005696.3,False
CLUH,False
AC005696.1,False
AC005696.4,False
hsa-mir-1253,False
RAP1GAP2,True
AC015921.1,False
OR1D5,False
OR1D2,False
OR1G1,False
AC090282.1,False
OR1A2,False
OR1A1,False
OR3A2,True
OR3A1,False
AC087498.1,False
OR1E1,False
OR3A3,False
OR1E2,False
SPATA22,False
ASPA,False
TRPV3,True
TRPV1,False
AC027796.5,False
AC027796.1,False
SHPK,False
CTNS,False
AC027796.4,False
TAX1BP3,False
EMC6,False
P2RX5,True
ITGAE,False
AC116914.2,False
HASPIN,False
AC116914.1,False
NCBP3,False
CAMKK1,False
P2RX1,False
ATP2A3,False
LINC01975,False
ZZEF1,False
CYB5D2,False
ANKFY1,False
AC087292.1,False
AC087742.1,False
UBE2G1,False
SPNS3,False
AC127521.1,False
AC118754.1,False
SPNS2,False
MYBBP1A,False
GGT6,False
AC118754.2,False
SMTNL2,False
LINC01996,False
ALOX15,False
PELP1,False
AC091153.2,False
AC091153.3,False
ARRB2,False
MED11,False
AC091153.4,False
CXCL16,False
ZMYND15,False
TM4SF5,False
VMO1,True
GLTPD2,False
PSMB6,False
AC233723.1,True
PLD2,False
MINK1,False
CHRNE,False
C17orf107,False
GP1BA,False
SLC25A11,False
RNF167,False
PFN1,False
ENO3,False
SPAG7,False
CAMTA2,False
AC004771.4,False
AC004771.2,False
AC004771.5,False
AC004771.3,False
INCA1,False
KIF1C,False
AC004771.1,False
SLC52A1,False
AC012146.3,False
ZFP3,False
ZNF232,False
AC012146.1,False
USP6,False
ZNF594,False
AC087500.1,False
SCIMP,False
AC087500.2,False
RABEP1,False
NUP88,False
AC015727.1,False
RPAIN,False
AC004148.1,False
C1QBP,False
DHX33,False
DHX33-DT,False
DERL2,False
MIS12,False
NLRP1,False
AC055839.2,True
AC135726.1,False
AC007846.1,False
WSCD1,False
AC104770.1,False
AC055872.2,False
AIPL1,False
PIMREG,False
PITPNM3,False
KIAA0753,False
AC004706.3,False
TXNDC17,False
MED31,False
C17orf100,False
AC004706.1,False
SLC13A5,False
XAF1,False
FBXO39,False
TEKT1,False
ALOX12-AS1,False
AC027763.2,False
AC040977.1,False
ALOX12,False
RNASEK,False
C17orf49,False
MIR497HG,False
BCL6B,False
SLC16A13,False
SLC16A11,False
CLEC10A,False
ASGR2,False
ASGR1,False
DLG4,False
ACADVL,False
DVL2,False
PHF23,False
GABARAP,False
CTDNEP1,False
ELP5,False
CLDN7,False
SLC2A4,False
AC003688.2,False
YBX2,False
EIF5A,False
GPS2,False
NEURL4,False
ACAP1,False
KCTD11,False
AC026954.3,False
TMEM95,False
TNK1,False
PLSCR3,False
TMEM256,False
NLGN2,False
SPEM1,False
SPEM2,False
SPEM3,False
TMEM102,False
AC113189.1,False
FGF11,False
AC113189.3,False
CHRNB1,False
ZBTB4,False
SLC35G6,False
POLR2A,False
TNFSF12,False
AC016876.3,False
TNFSF13,False
SENP3,False
EIF4A1,False
CD68,False
AC016876.1,False
MPDU1,False
SOX15,False
FXR2,False
SHBG,False
SAT2,False
ATP1B2,False
TP53,False
WRAP53,False
EFNB3,False
DNAH2,False
KDM6B,False
TMEM88,False
NAA38,False
CYB5D1,False
CHD3,False
RNF227,False
KCNAB3,False
TRAPPC1,False
CNTROB,False
GUCY2D,False
ALOX15B,False
AC129492.2,False
ALOX12B,True
AC129492.1,False
ALOXE3,False
HES7,False
PER1,False
VAMP2,False
TMEM107,False
AC129492.4,False
BORCS6,False
AURKB,False
LINC00324,False
CTC1,False
PFAS,False
AC135178.6,False
SLC25A35,False
RANGRF,False
ARHGEF15,True
AC135178.2,False
AC135178.5,False
ODF4,False
KRBA2,False
AC135178.4,False
RPL26,False
RNF222,False
NDEL1,False
MYH10,False
CCDC42,False
SPDYE4,False
MFSD6L,False
PIK3R6,False
PIK3R5,False
AC002091.2,False
AC002091.1,False
NTN1,False
AC005695.1,False
AC005695.3,False
STX8,False
AC005695.2,True
AC087501.1,False
AC087501.2,False
AC087501.3,False
AC087501.4,False
CFAP52,False
AC118755.2,False
USP43,False
AC118755.1,False
AC027045.2,False
DHRS7C,False
GSG1L2,False
AC027045.3,False
GLP2R,False
RCVRN,False
GAS7,True
AC005291.2,False
MYH13,False
AC005291.1,False
AC005323.2,False
MYH8,False
MYH4,False
MYH1,False
MYH2,False
AC005323.1,False
MYH3,False
AC002347.1,False
SCO1,False
AC002347.2,False
ADPRM,False
TMEM220,True
TMEM220-AS1,False
AC015908.3,False
AC015908.4,False
TMEM238L,False
PIRT,False
AC015908.2,False
AC005548.1,False
SHISA6,False
AC005725.1,False
DNAH9,False
AC005209.1,False
AC005410.2,False
ZNF18,False
MAP2K4,False
AC005244.2,False
AC084167.1,False
LINC00670,False
AC068442.1,False
MYOCD,False
AC005358.1,False
AC005358.2,False
ARHGAP44,True
AC005277.2,False
AC005277.1,False
ELAC2,False
AC005303.1,False
LINC02093,False
HS3ST3A1,False
COX10-AS1,False
AC005304.2,False
AC005304.1,False
AC005304.3,False
COX10,False
CDRT15,False
AC005224.1,False
HS3ST3B1,True
AC005224.3,False
AC005224.2,False
AC022816.1,False
AC013248.1,False
AC005863.1,False
LINC02096,False
AC005772.1,False
CDRT7,False
AC005772.2,False
CDRT8,False
PMP22,False
AC005703.3,False
AC005703.7,False
AC005703.1,False
AC005703.2,False
TEKT3,False
AC005703.4,False
CDRT4,True
TVP23C,False
AC005838.2,False
CDRT1,False
TRIM16,False
AC005324.5,False
ZNF286A,False
TBC1D26,False
AC005324.1,False
AC005324.2,False
AC015922.2,False
AC015922.3,False
LINC02087,False
ADORA2B,False
ZSWIM7,False
TTC19,False
AC002553.2,False
NCOR1,False
AC002553.1,False
PIGL,True
CENPV,False
UBB,False
AC093484.3,False
AC093484.2,False
TRPV2,False
SNHG29,False
AC093484.4,False
LRRC75A,False
AC127540.2,False
ZNF287,False
AC127540.1,False
ZNF624,False
AC098850.2,False
CCDC144A,False
AC098850.1,False
FAM106C,False
AC022596.1,False
AC022596.2,False
TNFRSF13B,False
AC104024.1,False
LINC02090,False
AC104024.2,False
AC104024.3,False
AC104024.4,False
MPRIP,False
MPRIP-AS1,False
AC055811.1,False
PLD6,False
FLCN,False
AC055811.3,False
COPS3,False
NT5M,False
MED9,False
RASD1,False
AC020558.6,False
PEMT,False
AC020558.2,False
AC020558.1,False
SMCR2,True
RAI1,False
RAI1-AS1,False
SMCR5,False
AC122129.2,False
SREBF1,False
TOM1L2,False
AC122129.1,False
DRC3,False
ATPAF2,False
GID4,False
DRG2,False
MYO15A,False
AC087164.1,False
ALKBH5,False
LLGL1,False
FLII,False
MIEF2,False
AC127537.1,False
TOP3A,False
SMCR8,False
SHMT1,False
EVPLL,False
AL353997.2,False
LINC02076,False
LGALS9C,False
FAM106A,False
TBC1D28,False
FOXO3B,False
TRIM16L,False
FBXW10,False
TVP23B,False
AC107982.3,False
PRPSAP2,False
AC107982.2,False
SLC5A10,False
AC090286.1,False
FAM83G,False
GRAP,False
AC007952.3,False
AC007952.7,False
AC007952.2,False
AC007952.4,False
GRAPL,False
AC007952.6,False
AC007952.9,False
AC007952.1,False
AC007952.5,False
AC007952.8,False
AC106017.1,False
EPN2,True
AC106017.2,False
EPN2-AS1,False
B9D1,False
AC124066.1,False
MAPK7,False
MFAP4,False
AC004448.5,False
RNF112,False
AC004448.3,False
AC004448.2,False
LINC02094,False
AC004448.1,False
SLC47A1,False
AC025627.1,False
ALDH3A2,False
AC115989.1,False
SLC47A2,False
AC005722.3,False
AC005722.4,False
ALDH3A1,False
ULK2,False
AC015726.2,False
AC015726.1,False
AKAP10,False
AC005730.3,False
AC005730.2,False
SPECC1,False
AC004702.1,False
AC008088.1,False
LGALS9B,False
AC015818.7,False
AC015818.2,False
AC015818.8,False
AC015818.4,False
CDRT15L2,False
LINC02088,False
AC126365.1,False
CCDC144NL,False
AC090774.2,False
CCDC144NL-AS1,False
AC107926.1,False
USP22,False
AC087393.2,True
LINC01563,False
DHRS7B,True
TMEM11,False
AC087294.1,False
NATD1,False
MAP2K3,False
KCNJ12,False
LINC02693,False
AC068418.3,False
AC068418.2,False
AC068418.1,False
AC233702.5,False
AC233702.7,False
KCNJ18,False
LINC02002,False
AC138761.1,False
FAM27E5,False
AC209154.1,False
AC132825.3,False
MTRNR2L1,False
AC132825.2,False
AC131274.1,False
AC069061.2,False
AC129926.2,False
AC129926.1,False
WSB1,False
AC026254.2,False
KSR1,False
AC069366.2,False
AC015688.6,False
LGALS9,False
NOS2,False
AC005697.2,False
LYRM9,False
LINC01992,False
AC005697.3,False
NLK,False
AC061975.8,False
AC061975.7,False
ERVE-1,False
AC061975.6,False
AC061975.4,False
AC061975.1,False
TMEM97,True
IFT20,False
TNFAIP1,False
POLDIP2,False
TMEM199,False
AC002094.2,False
SEBOX,False
SARM1,False
VTN,False
AC002094.4,False
SLC46A1,False
AC015917.2,False
AC005726.1,False
SLC13A2,False
FOXN1,False
UNC119,False
PIGS,False
ALDOC,False
AC005726.4,False
SPAG5,False
SPAG5-AS1,False
AC005726.3,False
AC005726.5,False
RSKR,False
KIAA0100,False
AC005726.2,False
SDF2,False
SUPT6H,False
AC010761.3,False
PROCA1,False
RAB34,False
RPL23A,False
AC010761.1,False
TLCD1,False
NEK8,False
AC010761.6,False
AC010761.2,False
TRAF4,False
AC010761.4,False
AC010761.5,False
FAM222B,True
ERAL1,False
AC024267.1,False
FLOT2,False
AC024267.3,False
AC024267.6,False
DHRS13,False
PHF12,False
AC024267.4,False
AC024267.5,False
PIPOX,False
SEZ6,False
AC024619.2,False
AC024619.1,False
MYO18A,False
TIAF1,False
AC024619.3,False
CRYBA1,False
NUFIP2,False
AC068025.2,False
AC068025.1,False
TAOK1,False
ABHD15,False
ABHD15-AS1,False
TP53I13,False
AC104564.3,False
GIT1,False
ANKRD13B,False
AC104564.4,False
CORO6,False
AC104564.2,False
SSH2,False
AC104564.1,False
AC104564.5,False
AC023389.1,False
AC104982.2,False
EFCAB5,False
AC104996.1,False
AC104984.2,False
NSRP1,False
hsa-mir-423,False
AC104984.3,False
AC104984.5,False
SLC6A4,False
AC104984.1,False
AC104984.4,False
BLMH,False
TMIGD1,False
CPD,False
GOSR1,False
AC011840.3,False
AC011840.4,False
AC011840.2,False
AC011840.1,False
AC005562.1,False
AC127024.3,False
AC127024.2,False
CRLF3,False
AC127024.4,False
AC127024.5,False
AC127024.6,False
ATAD5,True
AC130324.2,True
AC130324.1,False
TEFM,False
AC130324.3,False
ADAP2,False
AC138207.1,False
AC138207.5,False
AC138207.9,False
RNF135,False
AC138207.4,False
AC138207.7,False
AC138207.2,False
NF1,False
AC079915.1,False
OMG,False
EVI2B,False
EVI2A,False
RAB11FIP4,False
AC003101.2,False
AC003101.1,False
AC007923.4,False
AC007923.1,False
AC004253.2,False
COPRS,False
UTP6,False
AC004253.1,False
SUZ12,False
LRRC37B,False
AC116407.2,False
AC116407.1,False
RHOT1,False
AC026620.2,False
RHBDL3,True
AC026620.1,False
C17orf75,False
AC005899.3,False
ZNF207,False
AC005899.6,False
AC005899.7,False
AC005899.5,False
AC005899.8,False
AC005899.1,False
PSMD11,False
CDK5R1,False
MYO1D,True
AC079336.5,False
AC079336.2,False
AC079336.1,False
AC079336.4,False
AC079336.3,False
AC025211.1,False
AC084809.1,False
AC084809.2,False
TMEM98,False
SPACA3,False
ASIC2,False
AC003687.1,False
AC008133.1,False
AC011824.3,False
AC011824.4,False
AC011824.2,False
AC011824.1,False
AC024614.1,False
AC024614.2,False
AC024614.4,False
AC024610.2,False
AC024610.1,False
AC004147.1,False
AC004147.5,False
AC004147.3,False
AC004147.2,False
LINC01989,False
AC005549.1,False
CCL2,True
CCL7,False
CCL11,False
CCL8,True
CCL13,False
CCL1,False
AC011193.1,False
C17orf102,False
TMEM132E,False
AC005552.1,False
AC022903.1,False
CCT6B,False
AC022903.2,False
ZNF830,False
LIG3,False
RFFL,False
AC004223.4,False
AC004223.2,False
RAD51D,False
FNDC8,False
NLE1,False
UNC45B,False
AC022916.4,False
SLC35G3,False
AC022916.1,False
SLFN5,False
AC022706.1,False
SLFN11,False
AC060766.6,False
AC060766.4,False
SLFN12,False
SLFN13,False
SLFN12L,True
AC015911.5,False
AC015911.3,False
AC015911.2,False
SLFN14,False
AC015911.6,False
AC015911.9,False
SNHG30,False
PEX12,False
AP2B1,False
TAF15,False
RASL10B,False
GAS2L2,False
MMP28,False
AC006237.1,False
C17orf50,False
AC015849.2,False
AC015849.3,False
AC015849.4,False
HEATR9,False
AC015849.1,True
CCL5,True
RDM1,False
LYZL6,False
CCL16,False
CCL14,False
AC244100.2,False
CCL15,False
AC244100.3,False
AC244100.4,False
CCL23,False
CCL18,False
AC243829.4,True
CCL3,True
CCL4,True
AC243829.2,True
TBC1D3B,False
AC243829.1,True
CCL3L1,False
CCL4L2,False
AC243829.5,False
TBC1D3I,False
TBC1D3G,False
TBC1D3H,False
TBC1D3F,False
ZNHIT3,False
MYO19,False
PIGW,False
GGNBP2,False
DHRS11,False
MRM1,False
AC243830.2,False
AC243830.3,False
AC243830.1,False
LHX1-DT,False
LHX1,False
AC243773.1,False
AATF,False
AC243773.2,False
AC244093.4,False
AC244093.3,False
AC244093.5,False
ACACA,False
C17orf78,False
AC243654.3,False
TADA2A,False
AC243654.1,False
DUSP14,False
SYNRG,False
AC243585.2,False
DDX52,False
AC243571.2,False
AC243585.1,False
HNF1B,False
AC243571.1,False
TBC1D3K,False
TBC1D3L,False
TBC1D3D,False
TBC1D3C,False
TBC1D3E,False
TBC1D3,False
MRPL45,False
GPR179,False
SOCS7,False
ARHGAP23,False
AC244153.1,False
SRCIN1,False
AC006449.1,False
EPOP,False
AC006449.6,False
AC006449.2,False
MLLT6,False
AC006449.3,False
CISD3,False
PCGF2,False
AC006449.5,False
PSMB3,False
PIP4K2B,False
CWC25,False
C17orf98,False
RPL23,False
LASP1,False
AC006441.1,False
AC006441.3,False
LINC00672,False
FBXO47,False
AC006441.4,False
LINC02079,False
PLXDC1,False
AC091178.2,False
ARL5C,False
AC004408.1,False
CACNB1,False
RPL19,False
STAC2,False
FBXL20,False
AC005288.1,False
MED1,False
CDK12,False
AC009283.1,False
NEUROD2,False
AC087491.1,False
PPP1R1B,True
STARD3,False
TCAP,False
PNMT,False
PGAP3,False
ERBB2,True
MIEN1,False
GRB7,False
IKZF3,False
ZPBP2,False
GSDMB,False
ORMDL3,False
AC090844.2,False
LRRC3C,False
GSDMA,False
PSMD3,False
AC090844.3,False
CSF3,False
MED24,False
THRA,False
NR1D1,False
MSL1,False
CASC3,False
RAPGEFL1,False
WIPF2,False
CDC6,False
RARA,False
AC080112.4,False
RARA-AS1,False
GJD3,False
AC080112.1,False
TOP2A,True
IGFBP4,True
TNS4,False
AC004585.1,False
CCR7,True
SMARCE1,False
AC073508.3,False
KRT222,False
KRT24,False
KRT25,False
KRT26,False
KRT27,False
KRT28,False
AC090283.1,False
KRT10,False
TMEM99,False
AC004231.3,False
KRT12,False
KRT20,False
AC004231.1,True
KRT23,False
KRT39,False
KRT40,False
KRTAP3-3,False
KRTAP3-2,False
KRTAP3-1,False
KRTAP1-5,False
KRTAP1-4,False
KRTAP1-3,False
KRTAP1-1,False
KRTAP2-1,False
KRTAP2-2,False
KRTAP2-3,False
KRTAP2-4,False
KRTAP4-7,False
AC100808.1,False
KRTAP4-8,False
KRTAP4-16,False
KRTAP4-9,False
KRTAP4-11,False
KRTAP4-12,False
KRTAP4-6,False
KRTAP4-5,False
KRTAP4-4,False
KRTAP4-3,False
KRTAP4-2,False
KRTAP4-1,False
KRTAP9-1,False
KRTAP9-2,False
KRTAP9-3,False
KRTAP9-8,False
KRTAP9-4,False
KRTAP9-9,False
KRTAP9-6,False
KRTAP9-7,False
KRTAP29-1,False
KRTAP16-1,False
KRTAP17-1,False
KRT33A,False
KRT33B,False
KRT34,False
KRT31,False
AC003958.2,False
KRT37,False
KRT38,False
KRT32,False
KRT35,False
KRT36,False
KRT13,False
AC019349.1,False
KRT15,False
KRT19,False
LINC00974,False
KRT9,False
KRT14,False
KRT16,False
KRT17,False
EIF1,False
GAST,False
HAP1,False
JUP,False
P3H4,False
FKBP10,False
NT5C3B,False
KLHL10,False
AC125257.1,False
KLHL11,False
ACLY,False
AC125257.2,False
TTC25,False
CNP,False
DNAJC7,False
NKIRAS2,False
ZNF385C,False
C17orf113,False
DHX58,False
KAT2A,False
HSPB9,False
RAB5C,False
AC099811.3,True
KCNH4,False
HCRT,False
GHDC,False
STAT5B,False
AC099811.4,False
AC099811.1,False
AC099811.5,False
STAT5A,False
STAT3,False
CAVIN1,False
ATP6V0A1,False
AC107993.1,False
AC067852.3,False
NAGLU,False
HSD17B1,False
AC067852.2,False
COASY,False
MLX,False
PSMC3IP,False
AC067852.5,False
RETREG3,False
TUBG1,False
TUBG2,False
PLEKHH3,False
CCR10,True
AC100793.2,True
CNTNAP1,False
AC100793.3,False
EZH1,False
AC100793.4,False
RAMP2-AS1,False
RAMP2,False
VPS25,False
WNK4,False
COA3,False
CNTD1,False
BECN1,False
PSME3,False
AOC2,False
AOC3,False
LINC00671,False
G6PC,False
AARSD1,False
PTGES3L,False
RUNDC1,False
RPL27,False
IFI35,False
VAT1,False
RND2,False
BRCA1,False
NBR2,False
AC060780.1,False
NBR1,False
TMEM106A,False
CCDC200,False
LINC00910,False
ARL4D,False
MIR2117HG,False
DHX8,False
ETV4,False
MEOX1,True
LINC02594,False
SOST,False
DUSP3,False
CFAP97D1,False
AC003098.1,False
MPP3,False
CD300LG,False
MPP2,False
AC007993.3,False
FAM215A,False
AC007993.2,False
LINC01976,False
PPY,False
PYY,True
NAGS,False
TMEM101,False
LSM12,False
G6PC3,False
HDAC5,False
AC023855.1,False
C17orf53,False
ASB16,False
ASB16-AS1,False
TMUB2,False
ATXN7L3,False
AC004596.1,False
UBTF,False
AC003102.1,False
SLC4A1,False
AC003043.2,False
RUNDC3A-AS1,False
RUNDC3A,False
SLC25A39,False
AC003043.1,False
GRN,False
FAM171A2,False
ITGA2B,False
GPATCH8,False
AC103703.1,False
FZD2,False
LINC01180,False
MEIOC,False
CCDC43,False
AC091152.2,False
DBF4B,False
ADAM11,False
AC005180.2,False
AC005180.1,False
GJC1,False
HIGD1B,False
EFTUD2,False
CCDC103,False
FAM187A,False
GFAP,False
KIF18B,False
AC015936.1,False
C1QL1,False
AC015936.2,False
DCAKD,False
NMT1,False
PLCD3,False
ACBD4,False
AC142472.1,False
HEXIM1,False
AC138150.1,False
HEXIM2,False
AC138150.2,False
AC008105.3,True
FMNL1,False
AC008105.1,False
MAP3K14-AS1,False
SPATA32,True
MAP3K14,False
AC003070.2,False
ARHGAP27,False
AC003070.1,False
PLEKHM1,False
AC091132.2,False
AC091132.1,False
AC091132.4,False
AC126544.2,False
AC217774.1,False
AC217774.2,False
CRHR1,False
MAPT-AS1,False
SPPL2C,False
MAPT,False
MAPT-IT1,False
CR936218.2,False
STH,False
KANSL1,False
CR936218.1,False
KANSL1-AS1,False
ARL17B,False
LRRC37A,False
LRRC37A2,False
ARL17A,False
FAM215B,False
NSF,False
WNT3,False
WNT9B,False
LINC01974,False
AC005670.1,False
GOSR2,False
RPRML,False
AC005670.3,False
CDC27,False
AC002558.3,False
AC002558.2,True
MYL4,False
ITGB3,True
AC068234.3,False
AC068234.2,False
EFCAB13,False
AC040934.1,False
NPEPPS,False
AC025682.1,False
KPNB1,False
AC015674.1,False
TBKBP1,True
TBX21,True
OSBPL7,False
MRPL10,False
LRRC46,False
SCRN2,False
SP6,False
AC018521.3,False
AC018521.7,False
AC018521.5,False
SP2,False
SP2-AS1,False
AC018521.6,False
PNPO,False
AC018521.2,False
PRR15L,False
CDK5RAP3,False
AC018521.4,False
COPZ2,False
AC004477.1,False
NFE2L1,False
AC004477.2,False
AC004477.3,False
CBX1,False
SNX11,False
SKAP1,False
SKAP1-AS1,True
THRA1/BTR,False
AC036222.2,False
AC036222.1,False
HOXB1,False
HOXB2,False
HOXB-AS1,False
HOXB3,False
HOXB-AS3,False
HOXB-AS2,False
HOXB4,False
AC103702.1,False
HOXB5,False
HOXB6,False
HOXB7,False
HOXB8,False
HOXB9,False
HOXB-AS4,False
AC103702.2,False
LINC02086,False
PRAC1,False
PRAC2,False
HOXB13,False
AC091179.1,False
TTLL6,False
CALCOCO2,False
ATP5MC1,False
UBE2Z,False
SNF8,False
AC091133.1,False
GIP,False
AC091133.3,False
IGF2BP1,False
AC091133.4,False
B4GALNT2,False
GNGT2,False
ABI3,False
PHOSPHO1,False
AC004797.1,False
ZNF652,False
AC091180.2,False
AC091180.5,False
AC091180.4,True
PHB,False
AC091180.3,False
LINC02075,False
NGFR,False
AC006487.1,False
AC006487.2,False
NXPH3,False
SPOP,False
SLC35B1,False
AC015795.1,False
FAM117A,False
KAT7,False
AC027801.4,False
TAC4,False
FLJ45513,False
AC027801.1,False
AC027801.3,False
DLX4,False
DLX3,False
AC009720.1,False
PICART1,False
ITGA3,False
AC002401.4,False
PDK2,False
AC002401.3,False
AC002401.2,False
SAMD14,False
PPP1R9B,False
AC002401.1,False
AC015909.2,False
AC015909.3,False
SGCA,False
COL1A1,False
AC015909.1,False
AC015909.4,False
TMEM92,False
TMEM92-AS1,False
XYLT2,False
MRPL27,False
EME1,False
LRRC59,False
AC004707.1,False
ACSF2,False
CHAD,False
AC021491.4,False
RSAD1,False
AC021491.1,False
MYCBPAP,False
AC021491.2,True
EPN3,False
SPATA20,False
CACNA1G-AS1,False
CACNA1G,False
AC021491.3,False
AC004590.1,False
ABCC3,False
ANKRD40,False
AC005921.2,False
LUC7L3,False
ANKRD40CL,False
AC005921.4,False
WFIKKN2,False
AC091062.1,False
TOB1,False
TOB1-AS1,False
AC005920.4,False
AC005920.1,False
AC005920.3,False
SPAG9,False
AC005920.2,False
NME1,False
NME2,False
MBTD1,False
AC006141.1,False
UTP18,False
LINC02071,False
AC005823.2,False
AC005823.1,False
LINC02073,False
CA10,False
LINC01982,False
LINC02089,False
C17orf112,False
AC034268.2,False
KIF2B,False
AC015943.1,False
TOM1L1,False
COX11,False
AC007485.1,False
STXBP4,False
HLF,False
AC007638.2,False
AC007638.1,False
MMD,False
SMIM36,False
TMEM100,False
PCTP,False
AC090618.1,False
ANKFN1,False
NOG,False
C17orf67,False
AC106858.1,False
DGKE,False
TRIM25,False
AC015912.1,False
AC015912.3,False
COIL,False
AC004584.1,False
SCPEP1,False
AC004584.3,False
AC007114.1,False
AKAP1,False
AC007114.2,False
AC003950.1,False
AC091181.2,False
MSI2,False
AC007431.2,True
AC007431.1,False
CCDC182,False
AC015845.2,False
MRPS23,False
CUEDC1,False
AC015845.1,False
AC015813.4,False
VEZF1,False
AC015813.1,False
SRSF1,False
AC015813.8,False
AC015813.3,False
DYNLL2,False
OR4D1,False
OR4D2,False
EPX,False
AC005962.1,False
MKS1,False
LPO,False
AC005962.2,False
AC004687.3,False
MPO,False
TSPOAP1,False
TSPOAP1-AS1,False
AC004687.1,False
SUPT4H1,False
RNF43,False
HSF5,False
MTMR4,False
SEPTIN4-AS1,False
SEPTIN4,False
TEX14,True
AC011195.2,False
RAD51C,False
AC025521.1,False
PPM1E,False
AC100832.2,False
TRIM37,False
AC099850.1,False
SKA2,False
PRR11,False
AC099850.3,False
SMG8,False
GDPD1,True
YPEL2,False
AC091059.1,False
LINC01476,False
DHX40,False
AC091271.1,False
CLTC,False
PTRH2,False
VMP1,False
AC040904.1,False
TUBD1,False
RPS6KB1,False
RNFT1,False
RNFT1-DT,False
AC005702.5,False
HEATR6,False
AC025048.4,False
AC025048.2,False
AC025048.7,False
AC025048.1,False
CA4,False
USP32,False
C17orf64,False
APPBP2,False
AC011921.1,False
LINC01999,False
PPM1D,False
BCAS3,False
AC005884.1,True
AC005884.2,False
AC005856.1,False
AC005746.3,False
AC005746.2,False
AC005746.1,False
TBX2-AS1,False
TBX2,False
C17orf82,False
TBX4,False
AC005901.1,False
NACA2,False
BRIP1,False
INTS2,False
MED13,False
AC018628.2,False
EFCAB3,False
METTL2A,False
TLK2,False
AC008026.3,False
AC080038.2,True
AC080038.1,False
MRC2,False
AC005821.1,False
MARCH10,False
AC005821.2,False
MARCH10-DT,False
AC005972.3,False
TANC2,False
AC006270.1,True
AC015923.1,False
AC005828.2,False
AC005828.1,False
AC005828.3,False
AC005828.4,False
CYB561,False
AC005828.5,False
ACE,False
KCNH6,False
DCAF7,False
TACO1,False
MAP3K3,False
STRADA,False
LIMD2,False
CCDC47,False
DDX42,False
FTSJ3,False
PSMC5,False
SMARCD2,False
CSH2,False
GH2,False
CSH1,False
CSHL1,False
GH1,False
CD79B,True
SCN4A,False
AC127029.2,False
PRR29-AS1,False
PRR29,False
ICAM2,False
ERN1,True
AC005803.1,False
SNHG25,False
TEX2,False
PECAM1,False
MILR1,False
POLG2,False
DDX5,False
CEP95,False
SMURF2,False
LRRC37A3,False
AC103810.2,False
AC103810.5,False
AC037487.1,False
GNA13,False
AC037487.2,False
RGS9,True
LINC02563,False
AXIN2,False
CEP112,False
APOH,False
PRKCA,False
PRKCA-AS1,True
AC006947.1,False
CACNG5,False
CACNG4,True
AC005544.1,False
AC005544.2,False
CACNG1,False
HELZ,False
AC007448.3,False
AC007448.5,False
AC007448.4,False
PSMD12,False
PITPNC1,False
AC110921.1,False
AC079331.3,False
NOL11,False
BPTF,False
AC134407.1,False
C17orf58,False
KPNA2,False
AC145343.1,True
AC005332.6,False
AC005332.3,False
AC005332.5,False
AC005332.7,False
AC005332.2,False
AC005332.4,False
AC005332.1,False
AMZ2,False
ARSG,False
SLC16A6,False
AC007780.1,False
WIPI1,False
PRKAR1A,False
FAM20A,False
AC079210.1,False
LINC01482,False
AC011591.1,False
ABCA8,False
ABCA9-AS1,False
ABCA9,False
ABCA6,False
ABCA10,False
AC005495.2,True
ABCA5,False
MAP2K6,False
AC002546.1,False
LINC01483,False
LINC01497,False
AC005208.1,False
LINC01028,False
KCNJ16,False
KCNJ2-AS1,False
KCNJ2,False
AC011990.1,False
AC007423.1,False
CASC17,False
AC118653.1,False
AC007432.1,False
AC005144.1,False
ROCR,False
LINC01152,False
SOX9-AS1,False
LINC02097,False
SOX9,False
LINC00511,False
LINC02003,False
AC007639.1,False
AC080037.2,False
SLC39A11,False
AC011120.1,False
SSTR2,False
COG1,False
AC097641.2,False
FAM104A,False
C17orf80,False
AC087301.1,False
CPSF4L,False
CDC42EP4,False
SDK2,False
AC124804.1,False
AC032019.1,False
AC032019.2,False
AC125421.1,False
LINC00469,True
LINC02092,False
AC125421.2,False
AC137735.1,False
AC137735.3,False
AC137735.2,False
LINC02074,False
RPL38,False
AC100786.1,False
TTYH2,False
AC100786.2,False
DNAI2,False
AC103809.1,False
KIF19,True
BTBD17,False
GPR142,False
GPRC5C,False
CD300A,False
CD300LB,False
CD300C,False
CD300LD,False
C17orf77,False
AC064805.1,False
CD300E,False
AC064805.2,False
RAB37,False
CD300LF,False
AC016888.1,False
SLC9A3R1,False
NAT9,False
TMEM104,False
GRIN2C,False
FDXR,False
FADS6,False
USH1G,False
OTOP2,False
OTOP3,False
HID1,False
HID1-AS1,False
CDR2L,False
MRPL58,False
KCTD2,False
ATP5PD,False
SLC16A5,False
ARMC7,False
NT5C,False
JPT1,False
AC022211.3,False
AC022211.1,False
SUMO2,False
NUP85,False
GGA3,False
MRPS7,False
MIF4GD,False
AC022211.2,True
SLC25A19,False
GRB2,False
AC011933.4,False
AC011933.2,False
AC011933.3,False
TMEM94,False
CASKIN2,False
TSEN54,False
LLGL2,False
MYO15B,False
RECQL5,False
SMIM5,False
SMIM6,False
SAP30BP,False
AC087749.2,False
AC087749.1,False
ITGB4,False
GALK1,False
H3F3B,False
UNK,False
AC087289.1,False
UNC13D,False
WBP2,False
TRIM47,False
AC087289.5,False
TRIM65,False
AC087289.2,False
MRPL38,False
FBF1,False
ACOX1,True
AC087289.4,False
TEN1,False
CDK3,False
EVPL,False
SRP68,False
ZACN,False
GALR2,False
EXOC7,False
FOXJ1,False
RNF157-AS1,False
RNF157,True
UBALD2,False
QRICH2,False
PRPSAP1,False
SPHK1,False
UBE2O,False
AANAT,False
RHBDF2,False
CYGB,False
PRCD,False
AC015802.4,False
AC015802.3,False
AC015802.5,False
SNHG16,False
AC015802.6,False
ST6GALNAC2,False
AC015802.1,False
AC015802.7,False
ST6GALNAC1,False
AC005837.1,True
MXRA7,False
AC005837.4,False
JMJD6,False
METTL23,False
SRSF2,False
MFSD11,False
LINC02080,False
AC016168.4,False
LINC00868,False
MGAT5B,False
AC016168.2,True
AC016168.1,False
SNHG20,False
SEC14L1,False
SEPTIN9-DT,False
AC068594.1,False
SEPTIN9,False
AC111182.1,False
AC111182.2,False
AC111170.2,True
AC111170.1,True
AC021683.3,False
AC021683.2,False
AC021683.6,False
AC021683.1,False
AC021683.5,False
LINC01987,False
LINC01973,True
TNRC6C,False
TNRC6C-AS1,False
TMC6,False
TMC8,False
C17orf99,True
SYNGR2,False
TK1,True
AFMID,False
BIRC5,False
TMEM235,False
AC087645.4,False
LINC01993,False
AC087645.2,False
SOCS3,False
AC061992.2,True
PGS1,False
DNAH17,False
DNAH17-AS1,False
SCAT1,False
CYTH1,False
USP36,False
AC022966.2,False
TIMP2,False
AC022966.1,False
CEP295NL,False
AC100788.1,False
LGALS3BP,False
CANT1,False
C1QTNF1-AS1,False
C1QTNF1,True
ENGASE,False
RBFOX3,False
AC021534.1,False
AC233701.1,False
LINC02078,False
ENPP7,False
CBX2,False
CBX8,False
AC100791.2,False
LINC01977,False
CBX4,False
AC100791.1,False
LINC01979,False
LINC01978,False
TBC1D16,False
AC100791.3,False
AC116025.2,False
AC116025.1,False
CCDC40,False
GAA,False
EIF4A3,False
AC087741.2,False
CARD14,False
AC087741.1,False
SGSH,False
SLC26A11,False
RNF213,False
AC124319.1,False
AC124319.2,False
RNF213-AS1,False
ENDOV,False
AC120024.1,True
NPTX1,False
RPTOR,False
AC016245.1,False
AC016245.2,False
AC127496.3,False
AC127496.4,False
AC127496.1,False
CHMP6,False
AC127496.6,False
AC127496.5,False
AC127496.2,False
BAIAP2-DT,False
BAIAP2,False
AATK,True
AC115099.1,False
PVALEF,False
CEP131,False
AC027601.3,False
TEPSIN,False
AC027601.2,False
NDUFAF8,False
SLC38A10,False
AC027601.4,False
LINC00482,False
AC027601.1,False
AC027601.6,False
AC110285.3,False
AC110285.1,False
AC110285.5,False
AC110285.2,True
BAHCC1,False
AC110285.4,False
LINC01971,False
ACTG1,False
AC139149.1,False
FSCN2,False
FAAP100,False
NPLOC4,False
TSPAN10,False
PDE6G,False
OXLD1,False
CCDC137,False
ARL16,False
HGS,False
AC139530.3,False
AC139530.1,False
MRPL12,False
SLC25A10,False
GCGR,False
MCRIP1,False
PPP1R27,False
P4HB,False
AC145207.3,False
AC145207.2,False
ARHGDIA,False
AC145207.5,False
AC145207.6,False
ALYREF,False
ANAPC11,False
NPB,False
PCYT2,False
SIRT7,False
MAFG,False
AC145207.8,False
MAFG-DT,False
PYCR1,False
AC145207.4,False
MYADML2,False
AC145207.1,False
NOTUM,False
AC145207.7,False
ASPSCR1,False
CENPX,False
LRRC45,False
RAC3,False
DCXR,False
DCXR-DT,False
RFNG,False
GPS1,False
DUS1L,False
FASN,False
CCDC57,False
AC129510.1,False
AC129510.2,False
AC132872.2,False
SLC16A3,False
CSNK1D,False
AC132872.3,False
AC132872.5,False
LINC01970,False
AC132872.1,False
CD7,True
SECTM1,False
TEX19,False
UTS2R,False
AC132938.1,False
OGFOD3,False
AC132938.2,False
HEXD,False
HEXD-IT1,False
CYBC1,False
AC132938.6,False
AC132938.3,False
NARF,False
NARF-AS1,False
NARF-IT1,False
FOXK2,False
AC124283.3,False
AC124283.2,False
AC124283.1,False
WDR45B,False
RAB40B,False
AC024361.2,False
FN3KRP,False
AC024361.3,False
FN3K,False
AC024361.1,False
TBCD,False
AC068014.1,False
ZNF750,False
AC087222.1,False
B3GNTL1,False
AC130371.1,False
METRNL,False
AC130371.2,False
AC144831.1,False
AC139099.2,False
AC139099.1,False
LINC02564,False
AP005530.1,False
TUBB8P12,False
AP001005.3,False
USP14,False
THOC1,False
AP000845.1,False
AP000915.1,False
COLEC12,False
AP000915.2,False
LINC01925,False
CETN1,False
CLUL1,False
TYMSOS,False
AP001178.3,False
AP001178.1,False
TYMS,False
ENOSF1,False
AP001178.2,False
YES1,True
AP001020.3,False
AP001020.1,False
AP001020.2,False
AP000894.4,False
AP000894.3,False
AP000894.2,False
ADCYAP1,False
LINC01904,False
AP005328.1,False
AP000829.1,True
LINC00470,True
AP005262.2,False
AC019183.1,False
AP005057.1,False
AP005230.1,False
AP005136.4,False
METTL4,True
AP005136.3,False
NDC80,False
SMCHD1,False
AP001011.1,False
EMILIN2,False
LPIN2,False
AP000919.4,False
AP000919.2,False
AP000919.3,False
MYOM1,True
AP005329.2,True
AP005329.3,False
MYL12A,False
AP005329.1,False
MYL12B,False
AP001025.1,True
LINC01895,False
IGLJCOR18,False
TGIF1,False
GAPLINC,False
DLGAP1,True
DLGAP1-AS1,False
DLGAP1-AS2,True
AP002478.1,False
AP002478.2,False
DLGAP1-AS3,False
DLGAP1-AS4,False
DLGAP1-AS5,False
AP005203.1,False
LINC01892,False
AKAIN1,False
AP005380.1,False
AP001496.4,False
AP001496.2,False
LINC00526,False
LINC00667,False
ZBTB14,False
AP001496.1,False
AP005671.1,False
EPB41L3,False
AP005059.2,False
AP005059.1,False
MIR3976HG,False
TMEM200C,False
AP001021.1,False
AP001021.3,True
L3MBTL4,True
AP001021.2,False
L3MBTL4-AS1,False
AP005202.2,False
LINC01387,False
AP005202.1,False
AP005205.1,False
AP005205.2,False
ARHGAP28,False
AP005210.2,False
AP005210.1,False
LINC00668,False
LAMA1,False
AP002409.1,False
AP005062.1,False
LRRC30,False
AP001095.1,False
PTPRM,True
AP000897.2,False
AP000897.1,False
AP005900.1,False
AC006566.2,False
AC006566.1,False
AP001094.3,False
AP001094.2,False
AP001094.1,False
RAB12,False
AP001793.1,False
GACAT2,False
MTCL1,False
AP000864.1,False
AP001531.1,False
AP005899.2,False
NDUFV2,False
AP005899.1,False
NDUFV2-AS1,False
ANKRD12,False
AP001033.2,False
AP001033.1,False
TWSG1,False
AP001033.3,False
AP005432.2,False
RALBP1,False
AP005432.1,False
PPP4R1,False
AP001381.1,False
PPP4R1-AS1,False
LINC02856,False
RAB31,False
AC006238.2,False
TXNDC2,False
AC006238.1,False
VAPA,False
AP005271.1,False
AP005209.2,False
AP005209.1,False
AP006219.1,False
AP006219.2,False
LINC01254,False
AP006219.3,False
APCDD1,False
NAPG,False
AP001099.1,False
LINC01887,False
AP001180.2,False
AP001180.1,False
PIEZO2,False
AP001180.4,False
AP005120.1,False
AP005229.1,False
AP005229.2,False
AP001109.1,False
LINC01928,False
LINC01255,False
SLC35G4,False
AP001120.2,False
AP001120.1,False
GNAL,False
AP001120.5,False
AP005137.1,False
CHMP1B,False
CHMP1B-AS1,False
AP005137.2,False
MPPE1,False
AP001269.4,False
AP001269.2,False
IMPA2,False
AP001269.1,False
AP001542.3,False
AP002414.5,False
ANKRD62,False
AP005264.4,False
AP005264.3,False
CIDEA,False
AP005264.1,False
TUBB6,True
AFG3L2,False
PRELID3A,False
AP001029.1,False
AP001029.2,False
SPIRE1,False
PSMG2,False
CEP76,False
AP005482.3,False
AP005482.2,False
AP005482.1,False
PTPN2,False
SEH1L,False
AP002449.1,True
CEP192,False
AP001198.2,False
AP001198.1,False
LDLRAD4,False
AP002505.1,False
AP002505.3,False
AP002439.1,False
LDLRAD4-AS1,False
AP005131.5,False
AP005131.4,False
AP005131.6,False
AP005131.2,False
AP005131.1,False
AP005131.7,False
AP005131.3,False
AP001010.1,False
FAM210A,False
RNMT,False
MC5R,False
MC2R,False
ZNF519,False
AC006557.1,False
AC006557.3,False
AP006261.1,False
POTEC,False
ANKRD30B,False
AP006565.1,False
LINC01906,False
AP005121.1,False
LINC01443,False
LINC01444,False
AP005121.2,False
AP005242.3,False
AP005242.1,False
AP005242.5,False
AP005901.2,False
AP005901.6,False
AP005901.5,False
ROCK1,False
AC022809.1,False
GREB1L,False
AC015878.2,False
AC015878.1,False
ESCO1,False
SNRPD1,False
ABHD3,False
AC106037.2,False
AC106037.3,False
MIB1,False
MIR133A1HG,False
AC103987.2,False
LINC01900,False
AC091043.1,False
GATA6-AS1,False
GATA6,False
AC091588.1,False
AC091588.3,False
AC091588.2,False
AC027449.1,False
CTAGE1,False
AC090912.1,False
AC090912.2,False
RBBP8,False
AC090912.3,False
CABLES1,False
TMEM241,False
AC011731.1,False
RIOK3,False
RMC1,False
NPC1,False
ANKRD29,False
LAMA3,False
AC010754.1,False
TTC39C,False
TTC39C-AS1,False
AC090772.2,False
AC090772.1,False
CABYR,False
AC090772.3,False
OSBPL1A,False
AC023983.1,False
AC023983.2,False
IMPACT,False
AC007922.2,False
HRH4,True
AC007922.1,False
AC007922.4,False
AC007922.3,False
LINC01915,False
AC018697.1,False
LINC01894,False
AC104961.1,False
ZNF521,False
AC105114.2,False
AC110603.1,False
SS18,False
PSMA8,False
TAF4B,False
AC121320.1,False
LINC01543,False
KCTD1,False
AC007996.1,False
AC090206.1,False
AQP4-AS1,False
AC012588.1,False
PCAT18,False
AC018371.1,False
AQP4,False
CHST9,False
LINC01908,False
AC090403.1,False
AC021382.1,False
AC068408.1,False
AC068408.2,False
AC090936.1,False
CDH2,False
AC110015.1,False
AC006249.1,False
AC090365.1,False
AC074237.1,False
AC117569.1,False
AC117569.2,False
AC115100.1,True
AC090506.1,False
AC016382.1,False
DSC3,False
DSC2,False
DSCAS,False
DSC1,False
AC012417.1,False
DSG1,False
DSG1-AS1,False
DSG4,False
DSG3,False
AC021549.1,False
DSG2,False
DSG2-AS1,False
TTR,False
B4GALT6,False
AC017100.1,True
SLC25A52,False
TRAPPC8,False
AC022960.1,False
AC022960.2,False
AC009831.1,True
RNF125,False
AC009831.3,False
AC011825.4,False
RNF138,False
AC011825.2,False
GAREM1,False
MEP1B,False
AC015563.1,False
AC015563.2,False
AC025887.2,True
AC009835.1,False
AC025887.1,False
KLHL14,True
AC012123.1,False
AC090371.2,False
CCDC178,False
AC090371.1,False
AC091198.1,False
ASXL3,False
NOL4,False
AC104985.1,False
AC104985.2,False
DTNA,False
AC022601.1,False
AC068506.1,False
MAPRE2,False
AC015967.1,False
ZNF397,False
ZSCAN30,False
AC011815.2,False
AC011815.1,False
AC116447.1,False
ZNF24,False
ZNF396,False
AC007998.4,False
AC007998.3,False
INO80C,False
GALNT1,False
AC090220.1,False
AC090229.1,False
AC118757.1,False
C18orf21,False
RPRD1A,False
SLC39A6,False
ELP2,False
AC023043.1,False
MOCOS,False
AC023043.4,False
FHOD3,False
AC055840.1,False
TPGS2,False
KIAA1328,False
AC016493.1,False
AC015961.1,False
CELF4,False
AC015961.2,False
AC090386.1,False
AC009899.1,False
AC108452.1,False
AC100781.1,False
MIR924HG,False
AC011139.1,False
AC099845.1,False
LINC01901,False
LINC01902,False
LINC01477,False
AC068688.1,False
AC079052.1,False
AC021504.1,True
PIK3C3,False
AC087683.2,False
AC087683.3,False
LINC00907,True
AC084335.1,False
RIT2,False
AC100779.1,False
SYT4,False
AC110014.1,False
LINC01478,True
AC120049.1,False
SETBP1,True
AC090376.1,False
SLC14A2,False
SLC14A2-AS1,True
AC021517.1,False
AC021517.2,False
AC091151.1,False
AC091151.5,True
AC023421.2,False
AC023421.1,False
SLC14A1,True
SIGLEC15,False
EPG5,False
PSTPIP2,False
ATP5F1A,False
HAUS1,False
C18orf25,False
RNF165,True
AC018931.1,False
LOXHD1,False
ST8SIA5,False
AC090241.2,False
AC090241.3,False
PIAS2,False
KATNAL2,False
ELOA3,False
ELOA3B,False
ELOA3D,False
ELOA2,False
AC012254.1,False
AC012254.3,False
HDHD2,False
IER3IP1,False
SKOR2,False
AC051635.1,False
MIR4527HG,False
AC102797.1,False
SMAD2,False
AC120349.1,False
ZBTB7C,False
AC105101.2,False
CTIF,False
AC048380.1,False
AC093567.1,False
SMAD7,False
AC114684.1,False
AC016866.1,False
DYM,False
AC016866.2,False
AC044840.1,False
AC100778.1,False
AC100778.4,False
C18orf32,False
AC100778.2,False
AC100778.3,False
RPL17,False
LINC02837,False
LIPG,False
AC090227.3,False
ACAA2,False
SNHG22,True
MYO5B,False
AC091044.1,False
CFAP53,False
AC090246.1,False
MBD1,False
CXXC1,False
AC105227.1,False
SKA1,False
MAPK4,False
AC012433.2,False
MRO,False
ME2,False
ELAC1,False
SMAD4,False
MEX3C,False
LINC01630,False
AC016383.3,False
AC016383.2,False
AC016383.1,False
DCC,False
LINC01917,False
LINC01919,False
MBD2,False
AC093462.1,False
POLI,False
STARD6,False
C18orf54,True
DYNAP,False
RAB27B,False
AC007673.1,False
AC098848.1,False
CCDC68,False
LINC01929,False
TCF4,True
TCF4-AS1,False
TCF4-AS2,False
AC022031.2,False
LINC01415,False
AC022031.1,False
AC027584.1,False
LINC01416,False
AC009271.1,False
AC006305.1,False
AC009271.2,False
LINC01905,False
AC006305.2,False
LINC01539,False
AC006305.3,False
TXNL1,False
WDR7,False
AC012301.1,False
WDR7-OT1,False
AC012301.2,False
LINC-ROR,False
AC100775.1,False
BOD1L2,False
LINC02565,False
ST8SIA3,False
AC090340.1,False
ONECUT2,False
FECH,False
AC100847.1,False
NARS,False
AC027097.1,False
AC027097.2,True
ATP8B1,True
LINC01897,False
NEDD4L,False
AC107896.1,False
AC090236.2,False
AC090236.1,False
AC105105.2,False
MIR122HG,False
AC105105.4,False
ALPK2,False
AC105105.3,False
AC105105.1,False
AC104971.2,False
AC104971.3,False
AC104971.1,False
MALT1,False
AC104365.1,False
AC104365.3,False
AC104365.2,False
LINC01926,False
ZNF532,False
AC040963.1,False
SEC11C,False
GRP,False
RAX,False
CPLX4,False
LMAN1,False
AC016229.2,False
CCBE1,False
AC016229.1,False
AC090213.1,False
AC010776.1,False
AC010776.2,False
AC010776.3,False
PMAIP1,False
AC090377.1,True
AC090771.2,False
AC090621.1,False
AC091576.1,False
MC4R,False
AC113137.1,False
CDH20,False
AC090409.2,False
AC090409.1,False
AC105094.2,True
AC105094.1,False
LINC01544,False
RNF152,False
PIGN,False
RELCH,False
AC027514.1,False
AC027514.2,False
TNFRSF11A,False
AC100843.1,False
ZCCHC2,False
AC064801.1,False
PHLPP1,False
BCL2,False
AC022726.1,False
AC022726.2,False
KDSR,False
AC036176.1,False
VPS4B,False
SERPINB5,False
AC036176.3,False
SERPINB12,False
SERPINB13,False
SERPINB4,False
SERPINB11,False
SERPINB3,False
SERPINB7,False
SERPINB2,False
SERPINB10,False
HMSD,False
AC009802.1,False
SERPINB8,False
LINC01924,False
LINC00305,False
LINC01538,True
AC090348.1,False
AC007948.1,False
AC007631.1,False
LINC01916,False
AC090358.1,False
CDH7,False
AC023394.2,False
AC023394.1,False
CDH19,False
AC110597.1,False
DSEL,False
AC110597.3,False
AC114689.3,False
AC022655.1,False
LINC01903,False
AC100844.1,False
AC068112.1,False
AC005909.2,False
LINC01912,False
AC005909.1,False
TMX3,False
CCDC102B,True
AC040896.1,False
AC022035.1,False
AC096708.2,False
AC096708.3,False
AC090337.1,False
AC090337.2,False
AC026585.1,False
DOK6,False
AC119868.2,False
AC068254.1,False
CD226,True
RTTN,False
AC021701.1,False
SOCS6,False
LINC01909,False
LIVAR,False
LINC01910,False
AC091646.1,False
GTSCR1,True
AC090415.2,False
AC091691.3,False
AC091691.2,False
LINC01541,False
LINC01899,False
AC027458.1,False
AC069114.1,False
CBLN2,False
NETO1,True
AC023301.1,False
AC091138.1,False
AC079062.1,False
LINC02582,False
AC079070.1,False
AC090125.1,True
AC090125.2,False
FBXO15,False
TIMM21,False
AC090398.1,False
CYB5A,False
AC090398.2,False
C18orf63,False
LINC01922,False
DIPK1C,False
AC009704.3,False
CNDP2,False
AC009704.2,False
CNDP1,False
AC009704.1,False
LINC00909,False
ZNF407,False
AC015819.2,False
AC015819.1,False
AC015819.5,False
ZADH2,False
TSHZ1,False
AC116003.3,False
AC116003.1,False
SMIM21,False
AC116003.2,False
AC012101.2,False
AC012101.1,False
AC090812.1,False
AC090338.1,False
LINC01898,False
AC021506.1,False
AC090457.1,False
AC011095.1,False
AC103808.6,False
LINC01893,False
AC103808.2,False
AC103808.4,False
AC103808.3,False
AC103808.1,False
AC103808.5,False
ZNF516,False
AC009716.1,False
AC018413.1,False
C18orf65,False
LINC00683,False
AC034110.1,False
LINC01927,False
LINC01879,False
ZNF236-DT,False
AC027575.2,False
ZNF236,False
AC093330.1,False
MBP,False
AC093330.3,False
AC018529.1,False
AC018529.2,True
AC100863.1,False
GALR1,False
AC124254.2,True
AC123786.1,False
AC123786.3,False
LINC01029,False
AC134978.1,False
AC107892.1,False
AC087399.1,False
AC012572.1,False
AC044873.1,False
AC091027.2,False
AC091027.1,False
AC091027.3,False
LINC01896,False
SALL3,False
ATP9B,False
AC125437.1,False
AC125437.3,False
AC104423.1,False
AC023090.1,False
NFATC1,False
AC018445.5,False
AC018445.1,False
AC018445.6,False
AC068473.3,False
AC068473.4,False
AC068473.1,False
AC068473.5,False
CTDP1,False
AC068473.2,False
AC021594.1,False
AC021594.2,False
KCNG2,False
AC114341.1,False
SLC66A2,False
AC114341.2,False
HSBP1L1,False
TXNL4A,False
AC090360.1,False
RBFA,False
RBFADN,False
ADNP2,False
PARD6G-AS1,False
PARD6G,False
AC139100.2,False
AC139100.1,False
AC008993.3,False
FAM138F,False
OR4F17,False
AC092192.1,False
LINC01002,False
AC016588.2,False
PLPP2,False
MIER2,False
AC016588.1,False
THEG,False
AC010641.2,False
AC010641.1,False
C2CD4C,False
SHC2,False
ODF3L2,False
MADCAM1,False
AC005775.1,False
TPGS1,False
CDC34,False
GZMM,False
AC009005.1,False
BSG,False
HCN2,False
POLRMT,False
AC004449.1,False
FGF22,False
RNF126,False
AC004156.1,False
FSTL3,False
PRSS57,False
PALM,False
MISP,False
AC006273.1,False
LINC01836,False
PTBP1,False
PLPPR3,False
AZU1,False
PRTN3,False
ELANE,False
CFD,True
MED16,False
R3HDM4,False
KISS1R,False
ARID3A,False
AC005379.1,False
AC005391.1,False
WDR18,False
AC004528.1,False
GRIN3B,False
TMEM259,False
AC004528.2,False
CNN2,False
ABCA7,False
ARHGAP45,False
POLR2E,False
GPX4,False
SBNO2,False
STK11,False
CBARP,False
AC004221.1,False
ATP5F1D,False
MIDN,False
CIRBP,False
CIRBP-AS1,False
FAM174C,False
EFNA2,False
AC005330.1,False
PWWP3A,False
AC005329.2,False
NDUFS7,False
AC005329.3,False
AC005329.1,False
GAMT,False
DAZAP1,False
RPS15,False
AC027307.3,False
APC2,False
AC027307.2,False
C19orf25,False
PCSK4,False
REEP6,False
ADAMTSL5,False
AC027307.1,False
PLK5,False
MEX3D,False
MBD3,False
UQCR11,False
TCF3,False
AC005256.1,False
ONECUT3,False
ATP8B3,False
REXO1,False
AC012615.2,False
AC012615.6,False
AC012615.3,False
KLF16,False
AC012615.4,False
AC012615.1,False
AC012615.5,False
ABHD17A,False
SCAMP4,False
ADAT3,False
CSNK1G2,False
CSNK1G2-AS1,True
BTBD2,False
AC005306.1,False
MKNK2,False
MOB3A,False
IZUMO4,False
AP3D1,False
DOT1L,False
AC004490.1,False
PLEKHJ1,False
SF3A2,False
AMH,False
JSRP1,False
OAZ1,False
PEAK3,False
LINGO3,False
AC104530.1,False
AC005258.2,False
LSM7,False
SPPL2B,False
TMPRSS9,False
TIMM13,False
LMNB2,False
LINC01775,False
GADD45B,False
GNG7,True
AC092068.2,False
AC092068.1,False
AC092068.3,False
AC006538.3,False
DIRAS1,False
AC006538.4,False
AC006538.1,False
SLC39A3,False
SGTA,False
THOP1,False
ZNF554,False
ZNF555,False
AC006130.1,False
AC006130.3,False
ZNF556,False
ZNF57,True
AC119403.1,False
ZNF77,False
TLE6,False
TLE2,False
AC005944.1,False
TLE5,False
GNA11,False
AC005262.2,False
KF456478.1,False
GNA15,False
AC005264.1,False
S1PR4,False
NCLN,False
CELF5,False
AC010649.1,False
NFIC,False
SMIM24,False
AC005551.1,False
DOHH,False
FZR1,False
MFSD12,False
C19orf71,False
AC005786.3,False
AC005786.2,False
HMG20B,False
GIPC3,False
TBXA2R,True
CACTIN-AS1,False
CACTIN,False
PIP5K1C,False
AC004637.1,False
TJP3,False
APBA3,False
AC005954.2,False
AC005954.1,False
MRPL54,False
RAX2,False
MATK,True
ZFR2,False
ATCAY,False
NMRK2,False
DAPK3,False
EEF2,False
PIAS4,False
ZBTB7A,False
AC016586.1,False
MAP2K2,False
CREB3L3,False
SIRT6,False
ANKRD24,False
EBI3,False
YJU2,False
SHD,False
TMIGD2,False
FSD1,False
STAP2,False
AC104521.1,False
MPND,False
AC007292.3,False
AC007292.2,False
SH3GL1,False
AC007292.1,False
CHAF1A,False
AC011498.3,False
UBXN6,False
AC011498.2,False
AC011498.6,False
AC011498.1,True
HDGFL2,False
PLIN4,False
PLIN5,False
LRG1,False
SEMA6B,False
TNFAIP8L1,False
MYDGF,False
AC005339.1,False
DPP9,False
DPP9-AS1,False
AC005594.1,False
MIR7-3HG,False
AC005523.1,False
FEM1A,False
AC005523.2,False
TICAM1,False
AC027319.1,False
PLIN3,False
ARRDC5,False
UHRF1,False
KDM4B,False
PTPRS,True
AC022517.1,False
AC005790.1,False
ZNRF4,False
TINCR,False
SAFB2,False
SAFB,False
RPL36,False
MICOS13,False
HSD11B1L,False
LONP1,False
CATSPERD,False
PRR22,False
DUS3L,False
NRTN,False
FUT6,False
FUT3,False
AC024592.2,False
FUT5,False
NDUFA11,False
AC024592.1,False
VMAC,False
AC104532.2,False
CAPS,False
RANBP3,False
AC011444.1,False
RFX2,False
AC011444.2,False
AC011444.3,False
ACSBG2,False
MLLT1,False
AC011471.2,False
ACER1,False
AC011491.3,False
CLPP,False
ALKBH7,False
PSPN,False
GTF2F1,False
AC011491.2,False
KHSRP,False
SLC25A41,False
SLC25A23,False
CRB3,False
DENND1C,False
AC010503.4,False
TUBB4A,False
AC010503.2,False
AC010503.1,False
TNFSF9,False
CD70,True
TNFSF14,False
C3,False
AC008760.2,False
GPR108,False
TRIP10,False
AC008760.1,False
SH2D3A,False
VAV1,False
ADGRE1,False
AC025278.1,False
MBD3L2B,False
MBD3L5,False
MBD3L4,False
MBD3L2,False
MBD3L3,False
ZNF557,False
INSR,False
AC119396.1,False
AC119396.2,False
ARHGEF18,False
PEX11G,False
TEX45,True
ZNF358,False
AC008878.4,False
MCOLN1,False
PNPLA6,False
CAMSAP3,False
XAB2,False
PET100,False
PCP2,False
AC008763.1,False
STXBP2,False
RETN,False
MCEMP1,False
TRAPPC5,False
FCER2,True
CLEC4G,False
CD209,False
CLEC4M,False
EVI5L,False
PRR36,False
AC010336.3,False
LRRC8E,False
AC010336.1,False
MAP2K7,False
AC010336.4,False
TGFBR3L,False
AC010336.2,False
SNAPC2,False
CTXN1,False
AC010336.5,False
TIMM44,False
AC010336.8,False
ELAVL1,False
AC010336.6,False
AC008946.1,True
CCL25,False
FBN3,False
CERS4,False
AC022146.2,True
CD320,False
NDUFA7,False
RPS28,False
KANK3,False
ANGPTL4,False
RAB11B-AS1,False
RAB11B,False
MARCH2,False
AC136469.1,False
HNRNPM,False
PRAM1,False
ZNF414,False
MYO1F,False
AC092316.1,False
ADAMTS10,False
AC130469.1,False
LINC01862,False
ACTL9,False
OR2Z1,False
ZNF558,False
AC008734.1,False
MBD3L1,False
AC008734.2,False
MUC16,False
OR1M1,False
OR7G2,False
OR7G1,False
OR7G3,False
ZNF317,False
OR7D2,False
OR7D4,False
OR7E24,False
ZNF699,False
AC011451.1,False
ZNF559,False
ZNF177,False
AC011451.3,False
ZNF266,False
AC011451.4,False
ZNF560,False
AC008567.2,False
AC008567.3,False
ZNF426,False
ZNF426-DT,False
ZNF121,False
ZNF561,False
ZNF561-AS1,False
ZNF562,False
AC008759.3,False
AC008759.2,False
ZNF846,True
AC008752.1,False
FBXL12,False
UBL5,False
AC008752.2,False
PIN1,False
OLFM2,False
COL5A3,False
AC008742.1,False
RDH8,False
SHFL,False
AC020931.1,False
ANGPTL6,False
PPAN,False
P2RY11,False
EIF3G,False
DNMT1,False
S1PR2,False
MRPL4,False
AC011511.2,False
AC011511.3,False
ICAM1,False
AC011511.5,True
ICAM4,False
ICAM5,False
ZGLP1,True
FDX2,False
RAVER1,False
AC114271.1,False
ICAM3,False
TYK2,False
CDC37,False
PDE4A,False
KEAP1,False
AC011461.1,False
S1PR5,True
ATG4D,False
KRI1,False
CDKN2D,False
AP1M2,False
SLC44A2,False
ILF3-DT,False
ILF3,False
QTRT1,False
DNM2,False
TMED1,False
C19orf38,False
CARM1,False
YIPF2,False
TIMM29,False
SMARCA4,False
AC011442.1,False
LDLR,False
SPC24,False
KANK2,False
DOCK6,False
AC011472.1,False
AC011472.4,False
ANGPTL8,False
TSPAN16,False
AC011472.2,False
RAB3D,False
AC011472.3,False
TMEM205,False
CCDC159,False
PLPPR2,False
AC024575.1,False
SWSAP1,False
EPOR,False
RGL3,False
CCDC151,False
PRKCSH,False
ELAVL3,False
ZNF653,False
ECSIT,False
CNN1,False
ELOF1,False
ZNF627,False
ACP5,False
AC008543.1,False
ZNF823,False
AC008543.3,False
ZNF441,False
AC008543.5,True
ZNF491,False
ZNF440,True
AC008543.4,False
ZNF439,False
ZNF69,False
ZNF700,False
AC008770.3,False
ZNF763,False
ZNF433-AS1,False
ZNF433,False
ZNF878,False
ZNF844,False
ZNF20,False
ZNF625,False
ZNF136,False
ZNF44,False
ZNF563,False
ZNF442,True
ZNF799,False
ZNF443,False
AC008758.2,False
ZNF709,False
ZNF564,False
AC010422.4,False
AC010422.1,False
ZNF490,False
ZNF791,False
MAN2B1,False
WDR83,False
WDR83OS,False
AC010422.7,False
DHPS,False
AC010422.2,False
GNG14,False
FBXW9,False
AC018761.4,False
TNPO2,False
AC018761.1,False
TRIR,False
GET3,False
BEST2,False
HOOK2,False
AC018761.3,False
JUNB,False
PRDX2,False
AC018761.2,False
THSD8,False
RNASEH2A,False
RTBDN,False
AC020934.1,False
MAST1,True
DNASE2,False
AC020934.2,False
KLF1,False
GCDH,False
SYCE2,True
FARSA,False
FARSA-AS1,False
CALR,False
AC092069.1,False
RAD23A,False
GADD45GIP1,False
DAND5,False
NFIX,False
AC138474.1,False
AC007787.1,False
LYL1,False
TRMT1,False
NACC1,False
AC005546.1,False
AC011446.1,False
STX10,False
IER2,False
AC011446.3,False
AC011446.2,False
CACNA1A,False
CCDC130,False
MRI1,False
AC008686.1,False
C19orf53,False
ZSWIM4,False
AC020916.2,False
AC020916.1,True
NANOS3,False
C19orf57,False
CC2D1A,False
PODNL1,False
DCAF15,False
RFX1,False
AC022098.4,False
RLN3,False
AC022098.2,False
IL27RA,False
PALM3,False
MISP3,False
C19orf67,False
SAMD1,False
PRKACA,False
AC022098.3,False
ASF1B,False
AC022098.1,True
ADGRL1,False
AC011509.3,False
AC011509.2,False
AC011509.1,False
LINC01841,False
LINC01842,False
ADGRE5,False
AC008569.1,False
DDX39A,False
PKN1,False
AC008569.2,True
PTGER1,False
GIPC1,False
DNAJB1,False
TECR,False
NDUFB7,False
CLEC17A,True
ADGRE3,False
ZNF333,False
ADGRE2,True
OR7C1,False
OR7A5,False
OR7A10,False
OR7A17,False
OR7C2,False
SLC1A6,False
CCDC105,False
CASP14,False
OR1I1,False
SYDE1,False
ILVBL,False
AC003956.1,False
NOTCH3,False
AC004257.1,False
EPHX3,False
BRD4,False
AC005776.2,False
AKAP8,False
AC005785.1,False
AKAP8L,False
WIZ,False
RASAL3,False
PGLYRP2,False
CYP4F22,False
AC093072.1,False
CYP4F8,False
CYP4F3,False
CYP4F12,False
OR10H2,False
OR10H3,False
AC004597.1,False
OR10H5,False
OR10H1,False
LINC01764,False
UCA1,False
CYP4F2,False
CYP4F11,False
OR10H4,False
LINC00661,False
LINC00905,False
LINC01855,False
TPM4,False
AC008894.1,False
RAB8A,False
AC008894.2,False
HSH2D,False
CIB3,False
FAM32A,False
AC020911.1,False
AC020911.3,False
AP1M1,False
AC020911.2,False
KLF2,False
AC020917.3,False
EPS15L1,False
AC020917.2,False
CALR3,False
C19orf44,False
CHERP,False
AC008764.6,False
SLC35E1,False
AC008764.3,False
AC008764.5,False
AC008764.8,False
MED26,False
AC008764.7,False
AC008764.2,False
AC024075.3,False
SMIM7,False
AC024075.2,False
AC024075.1,False
TMEM38A,False
NWD1,False
AC008737.3,False
SIN3B,False
AC008737.1,False
F2RL3,False
CPAMD8,False
AC020908.2,False
HAUS8,False
AC020908.1,False
MYO9B,False
AC020908.3,False
AC020913.1,False
AC020913.3,False
AC020913.2,False
USE1,False
OCEL1,False
NR2F6,False
USHBP1,False
BABAM1,False
ANKLE1,False
ABHD8,False
MRPL34,False
AC010463.3,False
DDA1,False
ANO8,False
GTPBP3,False
PLVAP,False
AC010463.2,False
CCDC194,False
BST2,False
BISPR,False
MVB12A,False
AC010319.4,False
AC010319.3,False
TMEM221,True
AC010319.5,False
NXNL1,False
SLC27A1,False
AC010618.3,False
PGLS,False
AC010618.2,False
NIBAN3,True
COLGALT1,False
UNC13A,False
AC008761.2,False
MAP1S,False
AC008761.1,False
FCHO1,False
B3GNT3,False
INSL3,False
JAK3,False
RPL18A,False
SLC5A5,False
CCDC124,False
KCNN1,False
ARRDC2,False
IL12RB1,False
MAST3,False
AC007192.2,False
PIK3R2,False
IFI30,True
MPV17L2,False
RAB3A,False
AC005759.1,False
PDE4C,False
AC008397.1,False
IQCN,False
JUND,False
LSM4,False
PGPEP1,False
GDF15,False
LRRC25,False
SSBP4,False
ISYNA1,False
AC010335.1,False
ELL,False
AC005387.1,False
FKBP8,False
AC005387.2,False
KXD1,False
AC005253.1,False
AC005253.2,False
UBA52,False
CRLF1,False
REX1BD,False
TMEM59L,False
KLHL26,True
CRTC1,False
COMP,False
UPF1,False
GDF1,False
CERS1,False
AC005197.1,False
COPE,False
DDX49,False
HOMER3,False
HOMER3-AS1,False
SUGP2,False
ARMC6,False
SLC25A42,False
TMEM161A,False
MEF2B,False
BORCS8,False
RFXANK,False
NR2C2AP,False
NCAN,False
HAPLN4,False
TM6SF2,False
SUGP1,False
MAU2,False
GATAD2A,False
AC092067.1,False
TSSK6,False
NDUFA13,False
YJEFN3,False
CILP2,False
PBX4,False
AC002306.1,False
LPAR2,False
GMIP,False
ATP13A1,False
ZNF101,False
ZNF14,False
AC011477.8,False
LINC00663,False
AC011477.9,True
ZNF506,False
AC011477.2,False
ZNF253,False
AC011477.3,False
ZNF93,False
ZNF682,True
ZNF90,False
AC011447.3,False
ZNF486,False
AC008554.1,True
ZNF737,False
AC010636.1,False
ZNF626,False
AC010329.1,False
ZNF66,False
ZNF85,True
AC008739.1,False
ZNF430,False
ZNF714,False
ZNF431,False
ZNF708,False
ZNF738,False
ZNF493,False
AC010615.2,False
LINC00664,False
ZNF429,False
AC123912.1,False
AC123912.4,False
AC123912.2,False
ZNF100,False
AC092364.1,False
ZNF43,False
ZNF208,True
AC003973.1,False
ZNF257,False
ZNF676,False
AC073539.1,False
AC073539.3,False
ZNF729,False
ZNF98,False
AC011516.1,False
AC025811.1,False
AC011467.7,False
AC011467.1,False
LINC01233,False
LINC01785,False
ZNF492,False
AC024563.1,False
ZNF99,True
ZNF723,False
AC022145.1,False
ZNF728,False
LINC01859,False
LINC01858,False
AC074135.2,False
AC074135.1,False
ZNF730,False
ZNF724,False
AC092329.4,False
ZNF91,False
AC010300.1,False
LINC01224,False
ZNF675,False
ZNF681,False
AC139769.2,True
AC011503.4,False
ZNF726,False
AC011503.1,False
AC011503.2,False
AC092279.1,False
ZNF254,False
AC073534.2,False
ERVK-28,False
LINC00662,True
AC006504.1,False
AC006504.5,False
AC006504.7,False
AC006504.2,False
AC010511.1,False
AC020905.1,False
AC005580.1,True
AC093074.1,False
AC005307.1,False
AC005381.1,False
AC005394.1,False
AC005616.1,False
AC079466.2,False
AC079466.1,False
AC007795.1,False
LINC00906,False
AC008991.1,False
AC011524.1,False
AC011524.2,False
LINC01532,False
AC011505.1,False
UQCRFS1,False
AC007786.1,False
AC007786.2,False
AC007786.3,False
AC007786.4,False
AC011474.1,False
AC011474.3,False
AC011474.2,False
VSTM2B,False
POP4,False
PLEKHF1,False
C19orf12,True
AC008798.3,False
CCNE1,False
AC008798.2,False
URI1,False
AC008507.2,False
AC008507.4,False
AC008507.5,False
AC005597.1,False
ZNF536,False
AC011478.1,False
AC011507.1,False
LINC01834,False
AC020897.1,False
AC020912.1,False
TSHZ3,True
LINC01791,False
AC025809.1,False
AC008992.1,False
AC008794.1,False
LINC02841,False
AC011525.1,False
AC011525.2,False
LINC01837,False
LINC01533,False
LINC01782,False
AC011518.1,False
AC074139.1,False
ZNF507,False
AC007773.1,False
DPY19L3,False
PDCD5,False
ANKRD27,False
AC008474.1,False
RGS9BP,False
AC008736.1,False
NUDT19,False
AC008736.2,False
TDRD12,False
SLC7A9,True
AC008805.2,False
CEP89,False
FAAP24,False
RHPN2,True
GPATCH1,False
WDR88,False
LRP3,False
AC008738.1,False
AC008738.7,False
SLC7A10,False
AC008738.4,False
AC008738.6,False
AC008738.3,False
CEBPA,False
AC008738.5,False
CEBPA-DT,False
AC008738.2,False
CEBPG,False
PEPD,False
AC010485.1,False
CHST8,False
KCTD15,False
AC008556.1,False
AC016587.1,False
LSM14A,False
KIAA0355,False
AC010504.1,False
GPI,False
PDCD2L,False
AC008747.1,False
UBA2,False
WTIP,False
SCGB1B2P,False
SCGB2B2,True
AC020910.2,False
ZNF302,False
AC020910.5,False
ZNF181,False
ZNF599,False
LINC01801,False
AC008555.1,False
AC008555.2,False
AC008555.4,False
AC008555.5,False
LINC01838,False
ZNF30-AS1,False
ZNF30,False
ZNF792,False
GRAMD1A,False
AC020907.3,False
AC020907.4,False
SCN1B,False
HPN,False
HPN-AS1,False
AC020907.1,False
FXYD3,False
LGI4,False
FXYD1,False
FXYD7,False
FXYD5,False
FAM187B,False
LSR,False
AC002128.2,False
AC002128.1,False
USF2,False
HAMP,False
MAG,False
CD22,True
U62631.1,False
FFAR1,False
FFAR3,False
GPR42,False
LINC01531,False
AC002511.2,False
AC002511.1,False
FFAR2,False
KRTDAP,False
DMKN,False
SBSN,True
GAPDHS,False
TMEM147-AS1,False
TMEM147,False
ATP4A,False
AD000090.1,False
PMIS2,False
LINC01766,False
AC002115.1,False
HAUS5,False
RBM42,False
ETV2,False
COX6B1,False
UPK1A,False
UPK1A-AS1,False
ZBTB32,False
KMT2B,False
IGFLR1,False
U2AF1L4,False
PSENEN,False
AD000671.3,False
LIN37,False
AC002398.2,False
HSPB6,False
PROSER3,False
AC002398.1,False
ARHGAP33,False
PRODH2,False
NPHS1,False
KIRREL2,False
APLP1,False
NFKBID,False
HCST,False
TYROBP,False
LRFN3,False
AF038458.3,False
AF038458.2,False
SDHAF1,False
SYNE4,False
ALKBH6,False
AC002116.2,False
CLIP3,False
THAP8,False
WDR62,False
OVOL3,False
POLR2I,False
TBCB,False
CAPNS1,False
AD001527.1,False
COX7A1,False
ZNF565,False
ZNF146,False
AC092296.2,True
LINC00665,False
ZFP14,False
AC092296.1,False
AC092296.4,False
ZFP82,False
ZNF566,False
AC092295.2,False
ZNF260,False
AC092295.1,False
ZNF529,False
ZNF529-AS1,False
ZNF382,False
ZNF461,False
AC074138.1,False
LINC01534,False
ZNF567,False
ZNF850,False
AC020928.1,False
AC020928.2,False
ZNF790-AS1,True
ZNF790,False
ZNF345,False
ZNF829,False
ZNF568,False
ZNF420,False
AC010632.1,False
AC010632.2,False
ZNF585A,False
AC012309.2,False
ZNF585B,False
ZNF383,False
AC016590.1,False
LINC01535,False
AC016590.4,False
ZNF875,False
AC016590.3,False
AC016590.2,False
ZNF527,False
ZNF569,False
ZNF570,False
ZNF793-AS1,False
AC022148.2,False
ZNF793,True
AC022148.1,False
ZNF571-AS1,False
ZNF540,False
ZNF571,False
ZFP30,False
ZNF781,False
ZNF607,False
AC093227.1,True
AC093227.3,True
ZNF573,False
WDR87,False
SIPA1L3,True
AC008395.1,False
AC011465.1,False
AC011479.3,False
AC011479.2,False
DPF1,False
SPINT2,False
PPP1R14A,True
AC011479.4,False
YIF1B,False
C19orf33,False
KCNK6,False
CATSPERG,False
AC005625.1,False
PSMD8,False
GGN,False
AC005789.1,False
SPRED3,True
FAM98C,False
RASGRP4,False
RYR1,False
AC067969.2,False
AC067969.1,False
MAP4K1,False
AC008649.1,False
EIF3K,False
ACTN4,False
AC008649.2,False
CAPN12,True
AC022144.1,False
LGALS7,False
LGALS7B,False
LGALS4,False
ECH1,False
AC104534.1,False
HNRNPL,False
AC008982.2,False
RINL,False
AC011455.1,False
SIRT2,False
NFKBIB,False
CCER2,False
SARS2,False
MRPS12,False
ERVK9-11,False
FBXO17,False
AC011455.6,False
FBXO27,False
AC010605.1,False
ACP7,False
PAK4,False
AC011443.1,False
NCCRP1,False
SYCN,False
IFNL3,False
IFNL2,False
IFNL1,False
LRFN1,False
AC011445.1,False
GMFG,False
AC011445.2,False
SAMD4B,False
PAF1,False
MED29,False
ZFP36,False
PLEKHG2,True
RPS16,False
SUPT5H,False
TIMM50,False
DLL3,False
SELENOV,False
EID2B,False
AC011500.3,False
EID2,False
LGALS13,False
LGALS16,False
LGALS14,False
CLC,False
LEUTX,False
AC005393.1,False
DYRK1B,False
FBL,False
FCGBP,False
PSMC4,False
ZNF546,False
ZNF780B,False
ZNF780A,False
AC005614.1,False
MAP3K10,False
TTC9B,False
CNTD2,False
AKT2,False
AC118344.1,False
C19orf47,False
PLD3,False
HIPK4,False
PRX,True
SERTAD1,False
AC010271.2,False
SERTAD3,False
AC010271.1,False
BLVRB,False
SPTBN4,False
SHKBP1,False
LTBP4,False
NUMBL,False
COQ8B,False
ITPKC,False
C19orf54,False
SNRPA,False
MIA,True
RAB4B,False
AC008537.4,False
EGLN2,False
AC008537.2,False
CYP2A6,False
CYP2A7,False
AC092071.1,False
CYP2B6,False
CYP2A13,False
CYP2F1,True
CYP2S1,False
AXL,False
AC011510.1,False
HNRNPUL1,False
TGFB1,False
AC011462.5,False
CCDC97,False
TMEM91,False
B9D2,False
AC011462.4,False
EXOSC5,False
BCKDHA,False
AC011462.3,False
AC011462.2,False
B3GNT8,False
DMAC2,False
ERICH4,False
PCAT19,False
AC243960.3,False
LINC01480,False
AC243960.1,False
CEACAM21,False
CEACAM4,False
CEACAM7,False
CEACAM5,False
CEACAM6,False
AC243967.2,False
CEACAM3,False
AC243967.3,False
LYPD4,False
DMRTC2,False
RPS19,False
CD79A,True
ARHGEF1,False
ERFL,False
RABAC1,False
ATP1A3,False
GRIK5,False
ZNF574,False
POU2F2,False
AC010247.1,False
AC010247.2,False
DEDD2,False
ZNF526,False
GSK3A,False
ERF,False
CIC,False
PAFAH1B3,False
PRR19,False
TMEM145,False
MEGF8,False
CNFN,False
LIPE-AS1,False
LIPE,False
AC011497.1,False
CXCL17,False
CEACAM1,False
CEACAM8,False
PSG3,False
PSG8,False
PSG8-AS1,False
PSG1,False
PSG6,False
PSG7,False
AC004784.1,False
PSG11,False
PSG2,False
AC005392.1,False
PSG5,False
PSG4,False
PSG9,False
AC005392.2,False
CD177,False
AC005392.3,False
TEX101,False
LYPD3,False
PHLDB3,True
ETHE1,False
ZNF575,False
XRCC1,False
L34079.2,False
L34079.3,False
PINLYP,False
IRGQ,False
ZNF576,False
SRRM5,False
ZNF428,False
CADM4,False
PLAUR,True
IRGC,False
SMG9,False
KCNN4,False
LYPD5,False
AC115522.1,False
ZNF283,False
ZNF404,False
AC006213.2,False
AC006213.7,False
AC006213.3,False
ZNF45,False
ZNF221,False
ZNF155,False
AC006213.4,False
AC006213.5,False
AC006213.1,False
ZNF230,False
AC067968.2,False
ZNF222,False
ZNF223,False
ZNF284,False
ZNF224,False
AC021092.1,False
ZNF225,False
ZNF234,False
AC138470.2,False
ZNF226,False
ZNF227,False
ZNF235,False
ZNF233,False
ZNF112,False
ZNF285,False
ZNF229,False
ZNF180,False
CEACAM20,False
AC245748.3,False
IGSF23,False
AC243964.3,False
PVR,False
CEACAM19,False
CEACAM16,False
BCL3,False
CBLC,False
AC092306.1,False
BCAM,False
NECTIN2,False
AC011481.2,False
TOMM40,False
APOE,False
APOC1,False
APOC4,False
APOC2,False
AC011481.1,False
CLPTM1,False
RELB,False
CLASRP,False
ZNF296,False
GEMIN7-AS1,False
GEMIN7,False
MARK4,True
PPP1R37,False
AC005757.1,False
NKPD1,False
TRAPPC6A,False
BLOC1S3,False
EXOC3L2,False
CKM,False
KLC3,False
ERCC2,False
PPP1R13L,False
CD3EAP,False
ERCC1,False
FOSB,False
RTN2,False
PPM1N,False
VASP,False
OPA3,False
GPR4,False
EML2,False
EML2-AS1,False
GIPR,False
SNRPD2,False
QPCTL,False
FBXO46,False
BHMG1,False
SIX5,False
AC074212.1,False
DM1-AS,False
DMPK,False
DMWD,False
RSPH6A,True
SYMPK,False
AC092301.1,False
FOXA3,False
IRF2BP1,False
MYPOP,False
NANOS2,False
NOVA2,False
CCDC61,False
PGLYRP1,False
AC007785.3,False
IGFL4,False
AC007785.1,False
IGFL3,False
IGFL2,False
AC006262.2,False
IGFL2-AS1,False
AC006262.1,False
AC006262.3,False
IGFL1,False
HIF3A,False
AC007193.2,False
PPP5C,False
AC007193.1,True
AC007193.3,False
CCDC8,False
PNMA8C,False
PNMA8A,False
PPP5D1,False
PNMA8B,False
AC011484.1,False
AC093503.1,False
CALM3,False
AC093503.2,False
PTGIR,False
GNG8,True
DACT3,False
DACT3-AS1,False
PRKD2,False
STRN4,False
AC008635.1,False
FKRP,False
SLC1A5,False
AC008622.2,False
AP2S1,False
ARHGAP35,False
NPAS1,False
TMEM160,False
ZC3H4,False
SAE1,False
BBC3,False
AC008532.1,False
CCDC9,False
INAFM1,False
C5AR1,True
C5AR2,False
DHX34,False
MEIS3,False
SLC8A2,False
AC073548.2,False
KPTN,False
NAPA-AS1,False
NAPA,False
ZNF541,False
AC010519.1,False
AC010331.1,False
BICRA,False
BICRA-AS1,False
EHD2,False
NOP53,False
NOP53-AS1,False
SELENOW,False
TPRX1,False
CRX,False
LINC01595,False
SULT2A1,False
BSPH1,False
ELSPBP1,False
CABP5,True
PLA2G4C,False
PLA2G4C-AS1,False
LIG1,True
AC011466.3,True
AC011466.2,False
ZSWIM9,False
CARD8,False
AC011466.1,False
CARD8-AS1,False
ZNF114-AS1,False
ZNF114,False
CCDC114,False
EMP3,False
TMEM143,True
SYNGR4,False
KDELR1,False
GRIN2D,False
GRWD1,False
KCNJ14,False
AC008403.2,False
CYTH2,False
LMTK3,False
AC008403.3,True
SULT2B1,True
FAM83E,False
SPACA4,False
RPL18,False
AC022154.1,False
SPHK2,False
DBP,False
CA11,False
NTN5,False
FUT2,False
MAMSTR,False
RASIP1,False
IZUMO1,False
FUT1,False
FGF21,False
BCAT2,False
AC026803.3,False
HSD17B14,False
PLEKHA4,False
PPP1R15A,False
TULP2,False
NUCB1,False
NUCB1-AS1,False
AC026803.1,False
DHDH,False
BAX,False
AC026803.2,False
FTL,False
GYS1,False
RUVBL2,False
LHB,False
AC008687.4,False
CGB3,False
CGB2,False
CGB1,False
CGB5,False
CGB8,False
CGB7,False
AC008687.2,False
NTF4,False
AC008687.3,False
KCNA7,False
SNRNP70,False
LIN7B,False
C19orf73,True
PPFIA3,False
HRC,False
TRPM4,False
SLC6A16,False
AC011450.1,False
CD37,False
TEAD2,False
AC010524.1,False
DKKL1,False
AC010643.1,False
CCDC155,False
PTH2,False
GFY,False
SLC17A7,False
PIH1D1,False
ALDH16A1,False
FLT3LG,False
RPL13A,False
RPS11,False
FCGRT,False
RCN3,False
NOSIP,False
PRRG2,False
PRR12,False
AC011495.2,False
RRAS,False
SCAF1,False
IRF3,False
BCL2L12,False
PRMT1,False
ADM5,False
AC011495.3,False
CPT1C,False
TSKS,False
AP2A1,False
FUZ,False
AC006942.1,False
MED25,False
PTOV1-AS1,False
PTOV1,False
AC018766.1,False
PTOV1-AS2,False
PNKP,False
AKT1S1,False
TBC1D17,False
IL4I1,False
NUP62,False
ATF5,False
SIGLEC11,False
VRK3,False
ZNF473,False
AC010624.3,False
AC010624.1,False
AC010624.2,False
AC010624.5,False
IZUMO2,False
MYH14,False
AC008655.1,False
KCNC3,False
NR1H2,False
NAPSA,False
AC008655.2,False
POLD1,False
SPIB,True
MYBPC2,False
FAM71E1,False
EMC10,False
AC020909.3,False
AC020909.2,False
JOSD2,False
ASPDH,False
LRRC4B,False
AC008743.1,False
SYT3,True
C19orf81,False
SHANK1,False
CLEC11A,False
GPR32,False
AC010325.1,False
ACP4,False
AC010325.2,False
C19orf48,False
KLK1,False
KLK15,False
AC011523.1,False
KLK3,False
KLK2,False
KLK4,False
KLK5,False
AC011483.2,False
KLK6,False
AC011483.1,False
KLK7,False
KLK8,False
KLK9,False
KLK10,False
AC011473.2,False
KLK11,False
KLK12,False
AC011473.3,False
AC011473.1,False
KLK13,False
KLK14,False
CTU1,False
SIGLEC9,False
SIGLEC7,False
AC063977.6,True
CD33,False
SIGLECL1,False
AC063977.3,False
LINC01872,False
IGLON5,False
VSIG10L,False
AC008750.3,False
AC008750.4,False
ETFB,False
AC008750.5,False
CLDND2,False
NKG7,True
LIM2,False
C19orf84,False
AC008750.7,False
SIGLEC10,False
AC008750.1,False
AC008750.2,False
SIGLEC8,False
CEACAM18,False
SIGLEC12,False
SIGLEC6,False
AC020914.1,False
ZNF175,False
AC018755.1,False
SIGLEC5,False
AC018755.4,False
SIGLEC14,False
SPACA6P-AS,False
SPACA6,False
HAS1,False
FPR1,False
FPR2,False
AC018755.5,False
FPR3,False
ZNF577,False
AC006272.1,False
ZNF649-AS1,False
ZNF649,False
ZNF613,False
ZNF350-AS1,False
ZNF350,False
ZNF615,False
ZNF614,False
ZNF432,False
AC011468.5,False
AC011468.1,False
ZNF841,False
ZNF616,False
AC011468.3,False
ZNF836,False
AC010320.1,False
PPP2R1A,False
AC010320.2,False
ZNF766,False
AC010320.3,False
ZNF480,False
AC010320.4,True
ZNF610,False
ZNF880,False
ZNF528-AS1,False
ZNF528,False
ZNF534,False
ZNF578,False
AC010332.3,False
AC022150.3,False
ZNF808,False
ZNF701,False
AC022150.1,False
ZNF83,False
AC022150.2,False
AC022150.4,False
ZNF611,False
ZNF600,False
ZNF28,False
ZNF468,False
ZNF320,False
ZNF888,False
AC010487.2,False
ZNF816,False
AC010328.1,False
ERVV-1,False
ERVV-2,False
ZNF160,False
ZNF415,False
ZNF347,False
ZNF665,False
AC092070.1,False
ZNF677,False
AC092070.3,False
VN1R2,False
VN1R4,False
AC092070.4,False
ZNF845,False
ZNF525,False
ZNF765,False
AC022137.4,False
ZNF761,False
ZNF813,False
ZNF331,False
DPRX,False
AC011453.1,False
AC008753.3,False
AC008753.2,False
NLRP12,True
AC008440.1,False
MYADM,False
AC008440.2,False
PRKCG,False
CACNG7,False
CACNG8,False
CACNG6,False
VSTM1,False
TARM1,False
OSCAR,False
NDUFA3,False
TFPT,False
PRPF31,False
AC245052.4,False
CNOT3,False
LENG1,False
TMC4,False
MBOAT7,False
TSEN34,False
AC245052.1,False
RPS9,False
LILRB3,False
AC245052.7,False
LILRA6,False
LILRB5,False
LILRB2,False
LILRA5,False
LILRA4,True
LAIR1,False
TTYH1,False
AC245884.1,False
AC245884.9,False
AC245884.10,False
AC245884.8,False
LENG8-AS1,False
LENG8,False
LENG9,False
CDC42EP5,False
LAIR2,True
LILRA2,False
AC245036.5,False
LILRA1,False
LILRB1,False
LILRB1-AS1,False
LILRB4,False
KIR3DL3,False
KIR2DL3,True
KIR2DL1,True
KIR2DL4,False
KIR3DL1,False
KIR3DL2,False
FCAR,False
AC245128.3,False
NCR1,True
NLRP7,False
NLRP2,False
AC011476.3,False
GP6,False
RDH13,False
EPS8L1,False
PPP1R12C,False
AC010327.8,False
TNNT1,False
TNNI3,False
DNAAF3,False
AC010327.4,False
SYT5,False
PTPRH,False
AC010327.7,False
AC010327.5,False
TMEM86B,False
PPP6R1,False
HSPBP1,False
BRSK1,False
AC020922.2,False
TMEM150B,False
AC020922.4,False
KMT5C,False
COX6B2,False
FAM71E2,False
IL11,False
TMEM190,False
AC020922.3,False
TMEM238,False
RPL28,False
UBE2S,False
SHISA7,False
ISOC2,False
C19orf85,False
AC008735.3,False
ZNF628,False
NAT14,False
SSC5D,False
SBK2,False
SBK3,False
ZNF579,False
FIZ1,False
ZNF524,False
ZNF865,False
AC008735.4,False
ZNF784,False
ZNF580,False
ZNF581,False
CCDC106,False
U2AF2,False
AC008735.2,False
AC008735.1,False
EPN1,False
AC010525.1,False
NLRP9,False
RFPL4A,False
RFPL4AL1,False
NLRP11,False
NLRP4,False
NLRP13,False
NLRP8,True
NLRP5,False
LINC01864,False
ZNF787,False
ZNF444,False
GALP,False
ZSCAN5B,False
ZSCAN5C,False
ZSCAN5A,False
EDDM13,False
AC006116.5,False
AC006116.8,False
AC006116.6,False
AC006116.9,False
ZNF582,False
AC006116.10,False
AC006116.11,False
AC006116.4,False
ZNF582-AS1,True
ZNF583,False
ZNF667,True
ZNF667-AS1,False
ZNF471,False
AC005498.1,False
AC005498.2,False
ZFP28,False
AC005498.3,False
ZNF470,True
ZNF71,False
SMIM17,False
ZNF835,False
AC006115.2,False
ZIM2,False
PEG3,False
MIMT1,False
USP29,False
ZIM3,False
DUXA,False
ZNF264,False
AURKC,False
ZNF805,False
AC005261.3,False
ZNF460-AS1,False
ZNF460,False
AC005261.1,False
ZNF543,False
AC005261.2,False
ZNF304,False
ZNF547,False
TRAPPC2B,False
ZNF548,False
ZNF17,False
ZNF749,False
AC004076.2,False
VN1R1,False
ZNF772,False
AC003005.2,False
ZNF419,False
ZNF773,False
ZNF549,False
ZNF550,False
ZNF416,False
ZIK1,False
ZNF530,False
ZNF134,False
AC003682.1,False
ZNF211,False
ZSCAN4,False
ZNF551,False
ZNF154,False
ZNF671,False
ZNF776,False
ZNF586,False
ZNF552,False
ZNF587B,False
ZNF814,False
ZNF587,False
AC010326.3,False
ZNF417,False
ZNF418,False
ZNF256,True
C19orf18,False
ZNF606,False
AC008969.1,False
AC008969.2,False
ZSCAN1,False
ZNF135,False
ZSCAN18,False
ZNF329,True
AC008751.3,False
ZNF274,False
ZNF544,True
AC020915.2,False
AC020915.1,False
ZNF8,False
ERVK3-1,False
AC010642.2,False
ZSCAN22,False
A1BG,False
A1BG-AS1,False
ZNF497,False
AC012313.2,False
AC012313.6,False
ZNF837,False
RPS5,False
RNF225,False
LINC02560,False
ZNF584,False
AC012313.1,False
AC012313.5,False
ZNF132,False
AC012313.8,False
ZNF324B,False
ZNF324,False
ZNF446,False
AC012313.7,False
SLC27A5,False
AC012313.9,False
ZBTB45,False
TRIM28,False
CHMP2A,False
UBE2M,False
MZF1-AS1,False
MZF1,False
AC016629.2,False
DEFB125,False
DEFB126,False
DEFB127,False
DEFB128,False
DEFB129,False
DEFB132,False
AL034548.1,False
C20orf96,False
ZCCHC3,False
AL034548.2,False
NRSN2-AS1,False
SOX12,True
NRSN2,False
TRIB3,False
RBCK1,False
TBC1D20,False
CSNK2A1,False
TCF15,False
SRXN1,False
SCRT2,False
SLC52A3,False
FAM110A,False
ANGPT4,False
RSPO4,False
AL110114.1,True
PSMF1,False
TMEM74B,False
C20orf202,False
RAD21L1,False
SNPH,False
SDCBP2,False
SDCBP2-AS1,False
AL136531.1,False
FKBP1A,False
NSFL1C,False
SIRPB2,False
SIRPD,False
SIRPB1,False
SIRPG,False
SIRPG-AS1,False
AL109809.5,False
AL117335.1,False
SIRPA,False
PDYN-AS1,False
PDYN,False
STK35,False
AL359916.1,False
AL121899.3,False
AL121899.4,False
AL121899.1,True
TGM3,False
TGM6,False
SNRPB,False
ZNF343,False
TMC2,False
NOP56,False
IDH3B,False
AL049712.1,False
EBF4,True
CPXM1,False
C20orf141,False
TMEM239,False
PCED1A,False
VPS16,False
PTPRA,False
GNRH2,True
MRPS26,False
OXT,False
AVP,False
UBOX5-AS1,False
UBOX5,False
FASTKD5,False
LZTS3,False
DDRGK1,False
ITPA,False
SLC4A11,False
AL109976.1,False
C20orf194,False
ATRN,False
GFRA4,False
ADAM33,False
SIGLEC1,False
HSPA12B,False
C20orf27,False
SPEF1,False
CENPB,False
CDC25B,False
LINC01730,False
AP5S1,True
MAVS,False
AL353194.1,False
PANK2,False
AL031670.1,False
RNF24,False
AL356414.1,False
SMOX,False
LINC01433,False
ADRA1D,False
AL139350.1,False
AL121781.1,False
PRNP,False
PRND,False
PRNT,False
AL133396.2,False
RASSF2,False
SLC23A2,False
AL121890.3,False
AL121890.2,False
AL121890.5,False
AL121890.4,False
TMEM230,False
PCNA,False
CDS2,False
PROKR2,False
AL121757.2,False
AL121757.3,False
LINC00658,False
AL121757.1,False
LINC00654,False
LINC01729,False
AL109935.1,False
GPCPD1,False
SHLD1,True
CHGB,False
TRMT6,False
MCM8,False
MCM8-AS1,False
AL035461.2,False
CRLS1,False
LRRN4,False
AL118505.1,False
FERMT1,False
CASC20,False
LINC01713,False
BMP2,False
AL096799.1,False
LINC01428,False
AL080248.1,False
LINC01751,False
LINC01706,False
HAO1,False
TMX4,False
AL021396.1,False
PLCB1,True
PLCB1-IT1,False
PLCB4,False
LAMP5-AS1,False
LAMP5,False
PAK5,False
AL353612.2,False
AL353612.1,False
AL034427.1,False
PARAL1,False
ANKEF1,False
SNAP25-AS1,False
AL354824.1,False
AL354824.2,False
SNAP25,False
AL023913.1,False
MKKS,False
AL034430.1,False
AL034430.2,False
SLX4IP,False
JAG1,False
AL050403.2,False
LINC01752,False
AL135937.1,False
AL050403.1,False
C20orf187,False
AL158042.1,False
AL049649.1,False
AL109837.2,False
AL109837.3,False
AL161938.1,False
LINC00687,False
BTBD3,False
AL035448.1,False
AL109838.1,True
AL136460.1,False
LINC01722,False
AL078623.1,False
AL133331.1,False
LINC01723,False
SPTLC3,False
ISM1,False
ISM1-AS1,False
AL050320.1,False
AL121782.1,False
TASP1,False
ESF1,False
NDUFAF5,False
SEL1L2,False
MACROD2,True
FLRT3,False
AL121582.1,False
MACROD2-IT1,False
MACROD2-AS1,False
AL138808.1,False
AL121584.1,False
AL079338.1,False
AL161941.1,False
KIF16B,True
AL049794.1,False
AL049794.2,False
AL034428.1,False
SNRPB2,False
OTOR,False
AL121892.1,False
AL359511.2,False
AL359511.3,False
PCSK2,False
BFSP1,False
AL132765.2,False
DSTN,False
RRBP1,False
BANF2,False
AL035045.1,False
SNX5,False
OVOL2,False
MGME1,False
AL160411.1,False
PET117,False
KAT14,False
AL049646.3,False
ZNF133,False
AL049646.1,False
AL049646.2,False
LINC00851,False
DZANK1,False
POLR3F,False
RBBP9,False
SEC23B,False
SMIM26,False
DTD1,False
AL121900.1,False
LINC00652,False
LINC00653,False
C20orf78,False
SCP2D1,False
AL135936.1,False
AL136090.2,False
SLC24A3,True
AL136090.1,False
AL049647.1,False
AL121830.1,True
AL121761.1,False
RIN2,True
NAA20,False
CRNKL1,False
CFAP61,False
AL035454.1,False
AL049648.1,False
AL121721.1,False
INSM1,False
RALGAPA2,False
AL133465.1,False
LINC00237,False
AL121759.2,False
KIZ,False
AL121759.1,False
KIZ-AS1,True
AL117332.1,False
XRN2,False
NKX2-4,False
AL158013.1,False
AL133325.3,False
NKX2-2,False
NKX2-2-AS1,False
AL133325.2,False
LINC01727,True
LINC01726,True
PAX1,False
AL109807.1,False
LINC01432,False
AL035258.1,False
LINC01427,False
AL133464.1,False
LINC00261,False
FOXA2,False
LNCNEF,False
LINC01747,False
AL158175.1,False
AL049651.1,False
AL049651.2,False
SSTR4,False
THBD,False
CD93,False
LINC00656,False
AL118508.1,False
AL390037.1,True
AL096677.1,False
NXT1,False
LINC01431,False
GZF1,False
NAPB,False
CSTL1,False
CST11,False
AL096677.2,False
AL109954.1,False
AL109954.2,False
CST8,False
CST9L,False
CST9,False
CST3,True
AL121894.2,False
AL121894.1,False
AL121894.3,False
CST4,False
AL591074.2,False
CST1,False
AL591074.1,False
CST2,False
CST5,False
GGTLC1,False
LINC01721,False
AL110503.1,False
AL158090.1,False
SYNDIG1,False
AL157413.1,False
AL049594.1,False
AL035661.1,False
CST7,True
APMAP,False
AL035661.2,False
ACSS1,False
AL080312.2,False
VSX1,False
AL035252.2,False
AL035252.5,False
ENTPD6,False
AL035252.3,False
AL121772.1,False
PYGB,False
AL121772.2,False
AL121772.3,False
ABHD12,False
GINS1,False
NINL,True
NANP,False
ZNF337-AS1,False
ZNF337,False
AL031673.1,False
AL390198.1,False
FAM182B,False
LINC01733,False
FAM182A,False
AL078587.1,False
AL078587.2,False
AL391119.1,False
AL121904.2,False
MIR663AHG,False
AL121904.1,False
FAM242B,False
LINC01597,False
AL121762.1,False
AL121762.2,False
FAM242A,False
DEFB115,False
DEFB116,False
DEFB118,False
DEFB119,False
DEFB121,False
DEFB123,False
DEFB124,False
REM1,False
LINC00028,False
HM13,False
AL110115.1,False
MCTS2P,False
HM13-IT1,False
HM13-AS1,False
AL110115.2,False
ID1,False
COX4I2,False
BCL2L1,False
AL117381.1,True
ABALON,False
TPX2,False
MYLK2,False
FOXS1,False
DUSP15,False
TTLL9,False
PDRG1,False
XKR7,False
AL031658.2,False
AL031658.1,False
CCM2L,False
HCK,True
TM9SF4,False
AL049539.1,False
PLAGL2,False
POFUT1,False
AL121897.1,False
KIF3B,False
AL121583.1,False
ASXL1,False
NOL4L,True
AL034550.1,False
AL034550.3,False
AL034550.2,False
AL133343.2,False
NOL4L-DT,False
AL133343.1,False
C20orf203,False
COMMD7,False
DNMT3B,False
MAPRE1,False
AL035071.2,True
AL035071.1,False
EFCAB8,False
SUN5,False
BPIFB2,False
BPIFB6,False
BPIFB3,False
BPIFB4,False
BPIFA2,False
AL121901.1,False
BPIFA3,False
BPIFA1,False
BPIFB1,False
CDK5RAP1,False
SNTA1,False
CBFA2T2,False
AL121906.2,False
NECAB3,False
C20orf144,True
ACTL10,False
AL121906.1,False
E2F1,False
PXMP4,False
AL050349.1,False
ZNF341,True
ZNF341-AS1,False
CHMP4B,False
RALY-AS1,False
RALY,False
AL031668.1,False
EIF2S2,False
AL031668.2,True
ASIP,False
AL035458.2,False
AHCY,False
AL356299.2,False
ITCH,False
ITCH-AS1,False
ITCH-IT1,False
AL109923.1,False
DYNLRB1,False
MAP1LC3A,False
PIGU,False
NCOA6,False
TP53INP2,False
AL109824.1,True
GGT7,False
ACSS2,False
GSS,False
MYH7B,False
TRPC4AP,False
EDEM2,False
PROCR,False
AL356652.1,False
MMP24OS,False
MMP24,False
EIF6,False
FAM83C-AS1,False
FAM83C,False
UQCC1,False
GDF5OS,False
GDF5,False
CEP250,False
FO393401.1,True
C20orf173,False
ERGIC3,False
SPAG4,False
CPNE1,False
RBM12,False
NFS1,False
ROMO1,False
RBM39,False
PHF20,False
SCAND1,False
CNBD2,False
NORAD,False
AL035420.1,False
AL035420.3,False
AL035420.2,False
EPB41L1,False
AL121895.1,False
AL121895.2,False
AAR2,False
DLGAP4,False
DLGAP4-AS1,False
MYL9,False
TGIF2,False
RAB5IF,False
SLA2,False
NDRG3,False
DSN1,False
SOGA1,False
TLDC2,False
SAMHD1,False
RBL1,False
AL136172.1,False
MROH8,False
RPN2,False
GHRH,False
MANBAL,False
AL034422.1,False
SRC,False
BLCAP,False
NNAT,False
AL109614.1,False
LINC01746,False
LINC00489,False
AL162293.1,False
CTNNBL1,False
VSTM2L,True
TTI1,False
RPRD1B,False
AL031651.1,False
TGM2,False
KIAA1755,False
AL031651.2,False
AL359555.4,False
AL359555.2,False
AL359555.1,False
BPI,False
LBP,False
AL391095.2,False
AL391095.1,False
AL391095.3,False
SNHG17,False
SNHG11,True
RALGAPB,False
ADIG,False
ARHGAP40,False
SLC32A1,False
ACTR5,False
PPP1R16B,False
FAM83D,True
AL023803.2,False
AL023803.1,False
DHX35,False
AL023803.3,False
LINC01734,False
AL035251.1,False
AL132981.1,False
AL118523.1,False
LINC01370,False
AL133419.1,False
AL009050.1,False
MAFB,True
AL035665.1,False
AL035665.2,False
TOP1,False
PLCG1-AS1,False
PLCG1,False
ZHX3,True
LPIN3,False
EMILIN3,False
CHD6,False
AL031667.3,True
AL049812.2,False
AL049812.3,False
PTPRT,False
AL031656.1,False
AL031676.1,False
AL021395.1,False
SRSF6,False
L3MBTL1,True
Z98752.1,False
SGK2,False
Z98752.4,False
IFT52,False
MYBL2,False
GTSF1L,False
LINC01728,False
TOX2,False
JPH2,False
AL035447.1,False
OSER1,False
OSER1-DT,False
GDAP1L1,False
FITM2,False
R3HDML,False
AL117382.1,False
HNF4A,False
HNF4A-AS1,False
AL117382.2,False
LINC01620,False
TTPAL,False
SERINC3,False
PKIG,False
ADA,False
LINC01260,True
KCNK15-AS1,False
CCN5,False
KCNK15,False
AL118522.1,False
RIMS4,False
AL008725.1,False
YWHAB,False
PABPC1L,False
TOMM34,False
STK4-AS1,True
STK4,False
KCNS1,False
WFDC5,False
WFDC12,False
PI3,False
SEMG1,False
SEMG2,False
SLPI,False
MATN4,False
RBPJL,False
SDC4,False
AL021578.1,False
SYS1,False
TP53TG5,False
DBNDD2,False
PIGT,False
AL031663.3,False
WFDC2,False
AL031663.2,False
SPINT3,False
WFDC6,False
EPPIN,False
WFDC8,False
WFDC9,False
WFDC10A,False
WFDC11,False
WFDC10B,False
WFDC13,False
SPINT4,False
WFDC3,True
DNTTIP1,False
UBE2C,False
TNNC2,False
SNX21,False
ACOT8,False
ZSWIM3,False
ZSWIM1,False
SPATA25,False
NEURL2,True
CTSA,False
AL008726.1,False
PLTP,False
AL162458.1,False
PCIF1,False
ZNF335,False
MMP9,False
SLC12A5-AS1,False
SLC12A5,False
NCOA5,False
CD40,False
AL031687.1,False
CDH22,False
SLC35C2,False
AL133227.1,False
ELMO2,False
ZNF334,False
OCSTAMP,False
SLC13A3,True
AL133520.1,False
TP53RK,False
AL031055.1,True
SLC2A10,True
EYA2,False
AL354766.2,False
ZMYND8,False
AL031666.2,False
AL031666.3,False
AL031666.1,False
LINC01754,False
NCOA3,False
SULF2,False
AL354813.1,False
AL357558.2,False
AL357558.1,False
AL357558.3,False
LINC01522,False
LINC01523,False
AL139351.2,False
AL139351.3,False
AL139351.1,False
AL136102.1,False
AL121888.2,False
AL121888.1,False
LINC00494,False
AL137078.1,False
AL137078.2,False
AL049541.1,False
AL049541.2,False
PREX1,False
AL035106.1,False
AL133342.1,False
ARFGEF2,False
CSE1L-AS1,False
CSE1L,False
STAU1,False
DDX27,False
ZNFX1,False
ZFAS1,False
KCNB1,False
PTGIS,False
B4GALT5,False
SLC9A8,False
SPATA2,False
RNF114,False
SNAI1,False
TRERNA1,False
UBE2V1,False
TMEM189,False
LINC01275,False
AL161937.1,False
LINC01273,False
CEBPB-AS1,False
CEBPB,False
SMIM25,True
LINC01270,False
LINC01271,False
PTPN1,False
AL133230.1,False
RIPOR3,False
AL353653.1,False
PARD6B,False
BCAS4,False
ADNP,False
ADNP-AS1,False
DPM1,False
MOCS3,False
AL050404.1,False
KCNG1,True
NFATC2,False
ATP9A,False
SALL4,False
LINC01429,False
ZFP64,False
AL109984.1,False
LINC01524,False
AL109610.1,False
AL049765.1,False
AL031674.1,True
AL161945.1,False
AL121902.1,False
TSHZ2,True
AL391097.3,False
AL391097.1,False
AL391097.2,False
AL109930.1,True
AL354993.1,False
AL354993.2,False
AL157838.1,False
ZNF217,False
AC005808.1,False
AC005914.1,False
AC006076.1,False
BCAS1,False
AC005220.1,False
CYP24A1,False
AL133335.2,False
PFDN4,False
AL133335.1,False
DOK5,False
LINC01440,True
LINC01441,False
AL160413.1,False
AL109829.1,False
AL109828.1,False
CBLN4,False
MC3R,False
AL139824.1,False
FAM210B,False
AURKA,False
CSTF1,False
CASS4,False
RTF2,False
GCNT7,False
FAM209A,False
FAM209B,False
AL109806.2,False
LINC01716,False
TFAP2C,False
AL133232.1,False
AL157414.2,False
AL157414.1,False
AL157414.4,False
BMP7,False
BMP7-AS1,False
AL122058.1,False
SPO11,False
RAE1,False
MTRNR2L3,False
AL109955.1,False
RBM38,False
AL109955.2,False
CTCFL,False
PCK1,False
AL035541.1,False
ZBP1,False
PMEPA1,False
NKILA,False
AL354984.1,False
LINC01742,False
AL354984.2,False
C20orf85,False
ANKRD60,False
RAB22A,False
VAPB,False
APCDD1L,False
APCDD1L-DT,False
AL050327.1,False
LINC01711,False
STX16,False
NPEPL1,False
AL139349.1,False
AL132655.3,False
AL132655.2,False
GNAS-AS1,False
AL132655.1,False
GNAS,False
AL121917.1,False
AL121917.2,False
AL109840.2,True
NELFCD,False
CTSZ,False
TUBB1,False
ATP5F1E,False
PRELID3B,False
ZNF831,False
EDN3,False
AL035250.1,False
AL035250.2,False
AL160410.1,False
AL389889.2,False
AL389889.1,False
PHACTR3,False
AL121908.1,False
SYCP2,False
FAM217B,False
PPP1R3D,False
CDH26,False
C20orf197,False
AL132822.1,False
MIR646HG,True
AL117372.1,False
AL139348.1,False
AL121910.1,False
LINC01718,False
CDH4,True
AL365229.1,False
BX640515.1,False
AL160412.1,False
AL162457.1,False
AL162457.2,False
TAF4,False
AL137077.2,False
LSM14B,False
PSMA7,False
SS18L1,False
MTG2,False
HRH3,False
OSBPL2,False
ADRM1,False
AL354836.1,False
LAMA5,False
LAMA5-AS1,False
AL121832.2,False
RPS21,False
CABLES2,False
AL121832.3,False
RBBP8NL,False
AL121832.1,False
GATA5,False
AL499627.2,False
AL499627.1,False
MIR1-1HG-AS1,False
MIR1-1HG,False
BX640514.1,False
BX640514.2,False
AL450469.2,False
AL450469.1,False
AL357033.1,False
SLCO4A1,False
AL357033.4,False
AL357033.3,False
SLCO4A1-AS1,False
LINC00686,False
NTSR1,False
AL357033.2,False
LINC00659,False
MRGBP,False
OGFR-AS1,False
OGFR,False
COL9A3,False
TCFL5,False
DIDO1,False
AL117379.1,False
GID8,False
SLC17A9,False
BHLHE23,False
LINC01749,False
LINC00029,False
LINC01056,False
HAR1B,False
HAR1A,False
AL096828.6,False
AL096828.2,False
AL096828.5,False
AL096828.1,False
YTHDF1,False
AL096828.3,False
BIRC7,False
NKAIN4,False
AL121827.2,False
ARFGAP1,False
COL20A1,False
CHRNA4,False
AL121827.1,False
KCNQ2,False
AL353658.2,False
AL353658.1,False
EEF1A2,False
AL121829.1,False
PPDPF,False
PTK6,False
SRMS,False
AL121829.2,False
FNDC11,False
HELZ2,False
GMEB2,False
MHENCR,False
STMN3,False
RTEL1,False
TNFRSF6B,False
ARFRP1,False
ZGPAT,False
AL121845.4,False
LIME1,False
SLC2A4RG,False
ZBTB46,False
AL121845.1,False
ZBTB46-AS1,False
AL118506.1,False
ABHD16B,False
TPD52L2,False
DNAJC5,False
UCKL1,False
UCKL1-AS1,False
ZNF512B,False
SAMD10,False
PRPF6,False
C20orf204,False
SOX18,False
TCEA2,False
AL355803.1,False
RGS19,False
OPRL1,False
LKAAEAR1,False
AL121581.2,False
MYT1,False
NPBWR2,False
PCMTD2,False
LINC00266-1,False
FP565260.4,False
FP565260.3,False
FP565260.5,False
GATD3B,False
FP565260.1,False
FP565260.6,False
AC079801.1,False
LINC01670,False
CU633967.1,False
FP236315.3,False
FP236315.1,False
CU639417.1,False
LINC01669,False
CU639417.4,False
CU639417.5,False
SIK1B,False
CU633906.5,False
CU633906.1,False
CU633906.2,False
CBSL,False
U2AF1L5,False
FP236240.1,False
CRYAA2,False
CU638689.4,False
CU638689.1,False
CU638689.5,False
FP475955.3,False
FP475955.1,False
FP475955.2,False
CU634019.5,False
CU634019.2,False
CU634019.1,False
CU633904.1,False
FP236241.1,False
SMIM11B,False
FAM243B,False
SMIM34B,False
KCNE1B,False
FP671120.4,False
FP671120.6,False
FP671120.7,False
FP236383.3,False
FP236383.4,False
FP236383.5,False
LINC01666,False
CR381670.2,False
CR392039.4,False
CR381653.1,False
AC124864.3,False
AC018692.1,False
CR382287.2,False
AP003900.1,False
TPTE,True
IGHV1OR21-1,False
AP001464.1,False
AJ239318.1,False
LINC01674,False
POTED,False
AL050303.1,False
AP001347.1,True
LIPI,False
RBM11,False
HSPA13,False
SAMSN1,False
SAMSN1-AS1,False
AF127936.2,False
AF127936.1,False
LINC02246,True
AF127577.3,False
NRIP1,False
AF127577.1,False
AF127577.2,False
AF127577.5,False
AJ009632.2,False
AJ009632.1,False
USP25,False
MIR99AHG,True
AP001172.1,False
AP001172.2,False
AP000962.3,False
AP000962.1,False
AF130359.1,False
AF212831.1,False
LINC01549,False
CXADR,False
BTG3,False
BTG3-AS1,False
AP000432.1,False
C21orf91-OT1,False
C21orf91,False
AL109761.1,False
CHODL-AS1,False
CHODL,True
AF130417.1,False
TMPRSS15,False
AL109763.1,False
MIR548XHG,False
AF240627.1,False
AL157359.2,False
AL157359.1,False
AP000431.2,False
AP000431.1,False
AP000855.1,False
LINC01683,False
LINC02573,False
LINC00320,False
NCAM2,True
AP001136.1,False
AP001117.1,False
AF241725.1,False
LINC00317,False
LINC01425,False
AP000472.1,False
LINC01687,False
LINC00308,False
AP000561.1,False
AP000959.1,False
AP001116.1,False
AP001255.1,False
AP000459.2,False
AP000459.1,True
AP000961.1,False
AP000474.2,False
AP000474.1,False
AP000477.2,False
AP000477.3,False
AP000477.1,False
AP000470.1,False
LINC01689,False
LINC01684,True
LINC01692,False
AP000402.1,False
AP000146.1,False
AP000235.1,False
AP000233.2,False
AP000233.1,False
AP001341.1,True
LINC00158,False
AP000221.1,False
MIR155HG,True
AP000223.1,False
MRPL39,False
JAM2,False
AP000224.1,False
ATP5PF,False
GABPA,False
APP,False
AP001442.1,False
AP001439.1,False
AP000229.1,False
AP001595.2,False
AP001595.1,False
AP001596.1,False
CYYR1-AS1,False
AP001596.2,False
CYYR1,False
ADAMTS1,False
AP001599.1,False
ADAMTS5,False
AP001605.1,False
AP001604.1,False
LINC01673,False
LINC00113,False
AJ006995.1,False
LINC00314,False
LINC01697,False
LINC01695,False
AF165147.1,False
LINC00161,False
N6AMT1,False
LTN1,False
RWDD2B,False
AF129075.2,False
USP16,False
CCT8,False
AF129075.1,False
AF129075.3,False
MAP3K7CL,False
AF124730.1,False
LINC00189,False
BACH1,False
BACH1-IT1,False
AP000240.1,False
BACH1-AS1,False
BACH1-IT2,False
BACH1-IT3,False
GRIK1,False
AP000238.1,False
GRIK1-AS1,False
AF096876.1,False
CLDN17,False
LINC00307,False
CLDN8,False
KRTAP24-1,False
KRTAP25-1,False
KRTAP26-1,False
KRTAP27-1,False
KRTAP23-1,False
KRTAP13-2,False
KRTAP13-1,False
KRTAP13-3,False
KRTAP13-4,False
KRTAP15-1,False
KRTAP19-1,False
KRTAP19-2,False
KRTAP19-3,False
KRTAP19-4,False
KRTAP19-5,False
KRTAP19-6,False
KRTAP19-7,False
KRTAP22-2,False
KRTAP6-3,False
KRTAP6-2,False
KRTAP22-1,False
KRTAP6-1,False
KRTAP20-1,False
KRTAP20-4,False
KRTAP20-2,False
KRTAP20-3,False
KRTAP21-3,False
KRTAP21-2,False
KRTAP21-1,False
KRTAP8-1,False
KRTAP7-1,False
KRTAP11-1,False
KRTAP19-8,False
TIAM1,False
AP000248.1,False
AP000251.1,False
AP000253.1,True
SOD1,False
AP000254.2,False
SCAF4,False
AP000255.1,False
HUNK,False
HUNK-AS1,False
LINC00159,False
AP000265.1,False
MIS18A,False
MIS18A-AS1,False
MRAP,False
AP000266.1,False
URB1,False
URB1-AS1,False
EVA1C,True
TCP10L,False
CFAP298,False
SYNJ1,False
PAXBP1-AS1,False
PAXBP1,False
C21orf62-AS1,False
C21orf62,False
AP000281.2,False
AP000282.1,False
LINC01690,False
OLIG2,False
LINC00945,False
OLIG1,False
AP000289.1,False
AP000290.1,False
LINC01548,False
IFNAR2,False
IL10RB-DT,False
IL10RB,False
IFNAR1,False
IFNGR2,False
TMEM50B,False
AP000302.1,False
DNAJC28,False
GART,False
SON,False
DONSON,False
CRYZL1,False
ITSN1,False
ATP5PO,False
LINC00649,False
AP000569.1,False
MRPS6,False
SLC5A3,False
LINC00310,False
AP000317.1,False
AP000320.1,False
KCNE2,False
SMIM11A,False
FAM243A,False
AP000322.2,False
SMIM34A,False
AP000322.1,False
KCNE1,False
RCAN1,False
CLIC6,False
LINC00160,False
LINC01426,False
RUNX1,False
AP000331.1,False
AF015262.1,False
AF015720.1,False
LINC01436,False
SETD4,False
AP000688.4,False
AP000688.1,False
CBR1,False
AP000688.3,False
AP000688.2,False
CBR3-AS1,False
CBR3,False
DOP1B,False
AP000692.2,False
MORC3,False
AP000692.1,False
CHAF1B,True
AP000695.1,False
AP000695.2,False
CLDN14,False
AP000696.2,False
AP000696.3,False
AP000696.1,False
AP000697.1,False
SIM2,False
HLCS,True
HLCS-IT1,False
AP000704.1,False
RIPPLY3,False
PIGP,False
TTC3,False
AP001429.1,False
TTC3-AS1,False
DSCR9,True
AP001432.1,False
VPS26C,False
AP001412.1,False
AP001437.2,False
AP001437.1,False
DYRK1A,False
AP001407.1,False
KCNJ6,False
KCNJ6-AS1,False
DSCR4,False
DSCR4-IT1,False
DSCR8,False
KCNJ15,True
DSCR10,False
AP001434.1,False
LINC01423,False
ERG,False
AP001037.1,False
LINC00114,False
ETS2,False
AP001042.1,False
AP001042.2,False
AP001042.3,False
AP001043.1,False
LINC01700,False
AF064858.1,False
AF064858.2,False
PSMG1,False
BRWD1,False
AF129408.1,False
BRWD1-IT1,False
BRWD1-AS2,False
BRWD1-AS1,False
HMGN1,False
GET1,False
LCA5L,False
SH3BGR,False
B3GALT5,False
B3GALT5-AS1,False
AF064860.1,False
AF064860.2,False
IGSF5,False
PCP4,False
DSCAM,False
DSCAM-AS1,False
DSCAM-IT1,False
AF064866.1,False
AL773573.1,False
LINC00323,False
BACE2,False
PLAC4,False
BACE2-IT1,False
FAM3B,False
MX2,False
MX1,False
AP001610.2,False
TMPRSS2,False
AP001610.3,False
AP006748.1,False
AP006748.2,False
LINC00111,False
LINC00479,False
LINC00112,False
RIPK4,False
AP001615.1,False
PRDM15,False
AP001619.2,False
AP001619.1,False
C2CD2,False
ZBTB21,False
ZNF295-AS1,False
UMODL1,False
UMODL1-AS1,False
ABCG1,False
TFF3,False
TFF2,False
TFF1,False
TMPRSS3,False
UBASH3A,False
RSPH1,False
SLC37A1,False
AP001625.3,False
AP001625.1,False
AP001625.2,False
LINC01671,False
AP001626.1,False
PDE9A,False
AP001627.1,False
LINC01668,False
AP001628.2,False
AP001628.1,False
WDR4,True
NDUFV3,False
ERVH48-1,False
AP001630.1,False
PKNOX1,False
CBS,False
U2AF1,False
AP001631.2,False
FRGCA,False
AP001631.1,False
CRYAA,False
LINC00322,False
LINC01679,False
AP001046.1,False
SIK1,False
LINC00319,False
LINC00313,False
AP001048.1,False
HSF2BP,False
H2BFS,False
RRP1B,False
PDXK,False
AP001053.1,False
CSTB,False
RRP1,False
AATBC,False
AGPAT3,False
TRAPPC10,False
PWP2,False
GATD3A,False
LINC01678,False
AP001056.2,False
AP001056.1,False
AP001057.1,False
ICOSLG,False
AP001059.3,False
AP001059.2,False
DNMT3L,False
AP001059.1,False
AIRE,False
PFKL,False
AP001062.3,False
CFAP410,False
AP001062.1,False
AP001062.2,False
AP001063.1,False
TRPM2,False
TRPM2-AS,False
LRRC3-DT,False
LRRC3,False
AP001065.3,False
LINC02575,False
AP001065.4,False
TSPEAR,False
TSPEAR-AS1,False
TSPEAR-AS2,False
AP001066.1,False
KRTAP10-1,False
KRTAP10-2,False
KRTAP10-3,False
KRTAP10-4,False
KRTAP10-5,False
KRTAP10-6,False
KRTAP10-7,False
KRTAP10-8,False
KRTAP10-9,False
KRTAP10-10,False
KRTAP10-11,False
KRTAP12-4,False
KRTAP12-3,False
KRTAP12-2,False
KRTAP12-1,False
KRTAP10-12,False
UBE2G2,False
LINC01424,False
SUMO3,False
PTTG1IP,False
ITGB2,False
ITGB2-AS1,False
AL844908.2,False
LINC01547,False
AL844908.1,False
FAM207A,False
AP001505.1,False
LINC00163,False
LINC00165,False
PICSAR,False
ADARB1,False
AL133499.1,False
LINC00334,True
POFUT2,False
LINC00205,False
BX322557.2,False
LINC00315,False
BX322557.1,False
LINC00316,False
BX322559.1,False
BX322562.1,False
COL18A1,False
COL18A1-AS2,False
COL18A1-AS1,False
SLC19A1,False
LINC01694,False
AL133493.1,False
AL133493.2,False
PCBP3,False
AL133492.1,True
AL592528.1,False
AJ011931.2,False
AJ011931.1,False
AJ239328.1,False
AJ011932.1,False
COL6A1,False
AP001476.1,False
AP001476.3,False
AP001476.2,False
AP001471.1,False
COL6A2,True
FTCD,False
FTCD-AS1,False
SPATC1L,False
AP001468.1,False
LSS,False
AP001469.1,False
MCM3AP-AS1,False
MCM3AP,False
AP001469.2,False
AP001469.3,False
YBEY,True
C21orf58,False
PCNT,False
AP000471.1,False
DIP2A,False
DIP2A-IT1,False
S100B,True
PRMT2,False
CU104787.1,False
AP000542.3,False
AP000542.2,False
OR11H1,False
AP000534.1,False
AP000532.2,False
POTEH,False
POTEH-AS1,False
AP000527.1,False
DUXAP8,False
AP000525.1,False
AC145543.1,False
AP000547.2,False
CCT8L2,False
AP000547.4,False
AP000547.3,False
AP000365.1,False
ANKRD62P1-PARP4P3,False
AC005301.2,False
LINC01665,False
XKR3,False
AC007064.2,False
IGKV1OR22-5,False
IGKV2OR22-4,False
IGKV2OR22-3,False
IGKV3OR22-2,False
IGKV1OR22-1,False
GAB4,False
AC006946.2,False
AC006946.3,False
IL17RA,False
TMEM121B,False
LINC01664,False
HDHD5,False
HDHD5-AS1,False
ADA2,False
CECR3,False
CECR2,False
AC007666.2,False
SLC25A18,False
AC007666.1,False
ATP6V1E1,False
BCL2L13,False
BID,False
LINC00528,False
MICAL3,True
AC016026.2,False
AC016027.3,False
AC016027.2,False
LINC01634,False
AC016027.1,False
PEX26,False
TUBA8,False
AC008079.1,False
USP18,False
FAM230D,False
FAM230J,False
AC011718.1,False
FAM230A,False
AC023490.2,False
AC023490.4,False
GGTLC3,False
TMEM191B,False
RIMBP3,False
AC023490.5,False
FAM230E,False
FAM230F,False
AC008103.1,False
DGCR6,False
PRODH,False
AC007326.5,False
AC007326.2,False
DGCR9,False
DGCR10,False
DGCR2,False
DGCR11,False
AC004461.2,True
AC004471.1,False
AC004471.2,False
ESS2,False
TSSK2,False
GSC2,False
LINC01311,False
SLC25A1,False
CLTCL1,False
AC000072.1,False
AC000085.1,False
HIRA,False
C22orf39,False
MRPL40,False
AC000068.1,False
UFD1,False
AC000068.3,False
AC000068.2,False
CDC45,False
AC000082.1,False
CLDN5,False
LINC00895,False
AC000067.1,False
SEPTIN5,False
GP1BB,False
TBX1,True
GNB1L,False
RTL10,False
TXNRD2,False
COMT,False
ARVCF,False
TANGO2,False
AC006547.1,False
AC006547.3,False
DGCR8,False
AC006547.2,False
TRMT2A,False
RANBP1,False
ZDHHC8,False
CCDC188,False
AC007663.2,False
LINC00896,False
RTN4R,False
DGCR6L,False
AC007663.4,False
AC007663.3,False
FAM230G,False
AC007731.2,False
AC007731.5,False
USP41,False
ZNF74,False
SCARF2,False
KLHL22,False
MED15,False
AC007731.3,False
PI4KA,False
SERPIND1,False
SNAP29,False
AC007308.1,False
CRKL,False
LINC01637,False
AIFM3,False
AC002470.1,False
LZTR1,False
THAP7,False
THAP7-AS1,False
P2RX6,False
SLC7A4,False
AC002472.1,False
LRRC74B,False
AP000550.1,False
FAM230B,False
AP000550.2,False
GGT2,False
FAM230H,False
AP000552.2,False
LINC01651,False
AP000552.4,False
RIMBP3B,False
HIC2,False
TMEM191C,False
RIMBP3C,False
UBE2L3,False
YDJC,False
CCDC116,False
AP000553.3,False
SDF2L1,False
AP000553.2,False
PPIL2,False
YPEL1,False
AP000553.9,False
AP000553.8,False
MAPK1,False
PPM1F,False
AC245452.1,False
TOP3B,False
IGLVI-70,False
IGLV4-69,False
IGLVI-68,False
AC245452.5,False
IGLV10-54,True
IGLV10-67,False
IGLVIV-66-1,False
IGLVV-66,False
IGLVIV-65,False
IGLVIV-64,False
IGLVI-63,False
IGLV1-62,False
IGLV8-61,False
IGLV4-60,False
IGLVIV-59,False
IGLVV-58,False
IGLV6-57,False
IGLVI-56,False
IGLV11-55,False
IGLVIV-53,False
VPREB1,True
AC245060.6,False
AC245060.5,True
AC245060.2,False
IGLV5-52,False
IGLV1-51,False
IGLV1-50,False
IGLV9-49,False
IGLV5-48,False
IGLV1-47,True
IGLV7-46,False
IGLV5-45,False
IGLV1-44,False
IGLV7-43,False
IGLVI-42,False
IGLVVII-41-1,False
IGLV1-41,False
IGLV1-40,False
IGLVI-38,False
IGLV5-37,False
IGLV1-36,False
IGLV7-35,False
ZNF280B,False
ZNF280A,False
PRAME,False
AC246793.1,False
IGLV2-34,False
IGLV2-33,False
IGLV3-32,False
IGLV3-31,False
IGLV3-30,False
AC244250.4,False
GGTLC2,False
IGLV3-29,False
IGLV2-28,False
IGLV3-27,False
IGLV3-26,False
IGLVVI-25-1,False
IGLV3-25,False
AC244250.1,False
IGLV3-24,False
IGLV2-23,True
IGLVVI-22-1,False
IGLV3-22,False
IGLV3-21,False
IGLVI-20,False
IGLV3-19,False
IGLV2-18,False
IGLV3-17,False
IGLV3-16,False
IGLV3-15,False
IGLV2-14,False
IGLV3-13,False
IGLV3-12,False
IGLV2-11,False
IGLV3-10,False
IGLV3-9,False
IGLV2-8,False
IGLV3-7,False
IGLV3-6,False
IGLV2-5,False
IGLV3-4,False
IGLV4-3,False
IGLV3-2,False
IGLV3-1,False
IGLJ1,False
IGLC1,True
IGLJ2,False
IGLC2,True
IGLJ3,False
IGLC3,True
IGLJ4,False
IGLC4,False
IGLJ5,False
IGLC5,False
IGLJ6,False
IGLC6,True
IGLJ7,False
IGLC7,True
RSPH14,False
GNAZ,False
RAB36,False
BCR,False
LINC02556,False
LINC01659,True
FAM230I,False
AP000345.3,False
LINC02557,False
PCAT14,False
AP000345.1,False
IGLL1,False
AP000345.2,False
DRICH1,False
RGL4,False
ZNF70,False
VPREB3,True
C22orf15,False
CHCHD10,False
MMP11,False
SMARCB1,False
DERL3,True
AP000350.5,False
SLC2A11,False
AP000350.7,False
MIF,False
MIF-AS1,False
AP000350.6,False
GSTT2B,False
DDTL,False
AC253536.6,False
DDT,False
GSTT4,False
CABIN1,False
AC253536.3,False
SUSD2,False
GGT5,False
SPECC1L,False
ADORA2A,False
ADORA2A-AS1,False
UPB1,True
AP000355.1,False
GUCD1,False
SNRPD3,False
GGT1,False
LRRC75B,False
GGT1-1,False
AP000356.1,False
AP000356.2,False
AP000357.2,False
PIWIL3,False
SGSM1,True
TMEM211,False
KIAA1671,True
AL022323.3,False
AL022323.5,False
AL022323.2,False
AL022323.4,False
AL022323.1,False
CRYBB3,False
Z99916.1,False
CRYBB2,False
Z99916.3,False
AL022332.1,False
LRP5L,False
AL022324.3,False
AL008721.1,False
IGLVIVOR22-1,False
AL008721.2,False
AL022329.1,False
GRK3,True
AL022329.2,False
MYO18B,False
AL022329.3,False
Z98949.1,False
Z98949.3,False
LINC02559,False
AL022337.1,False
SEZ6L,False
AL080273.1,False
ASPHD2,False
HPS4,False
SRRD,False
TFIP11,False
Z95115.1,False
TPST2,False
Z95115.2,False
CRYBB1,False
CRYBA4,False
MIAT,True
Z99774.1,False
MIATNB,False
LINC01422,False
Z97353.2,False
AL008638.3,False
AL008638.5,False
AL008638.4,False
AL008638.2,False
AL008638.6,False
AL008638.1,False
AL021153.1,False
LINC01638,False
AL020994.3,False
AL020994.1,False
LINC02554,False
AL020994.2,False
AL049536.1,False
AL050402.2,False
AL050402.1,False
AL133456.1,False
AL121885.2,False
AL121885.3,False
AL121885.1,False
MN1,True
PITPNB,False
TTC28-AS1,False
TTC28,False
CHEK2,False
HSCB,False
CCDC117,False
XBP1,False
Z93930.2,True
Z93930.3,False
ZNRF3,False
ZNRF3-IT1,False
ZNRF3-AS1,False
C22orf31,False
KREMEN1,True
AL021393.1,False
EMID1,False
RHBDD3,False
AL031186.1,False
EWSR1,False
GAS2L1,False
RASL10A,False
AC002059.1,False
AP1B1,False
RFPL1S,False
RFPL1,False
NEFH,False
AC000035.1,False
THOC5,False
AC005529.1,False
NIPSNAP1,False
NF2,False
AC004882.1,False
AC004882.2,False
CABP7,False
ZMAT5,False
AC004882.3,False
UQCR10,False
ASCC2,False
MTMR3,False
AC003681.1,False
HORMAD2-AS1,False
HORMAD2,False
AC002378.1,False
LIF-AS1,False
LIF,False
AC004264.1,False
OSM,False
CASTOR1,False
TBC1D10A,False
SF3A1,False
CCDC157,False
RNF215,False
SEC14L2,False
AC004832.5,False
AC004832.4,False
MTFP1,False
AC004832.6,False
SEC14L3,False
AC004832.1,False
SEC14L4,False
SEC14L6,True
GAL3ST1,False
PES1,False
AC005006.1,False
TCN2,False
SLC35E4,False
DUSP18,False
OSBP2,False
MORC2-AS1,False
MORC2,False
TUG1,False
AC004542.2,False
AC004542.1,True
AC005005.4,False
SMTN,False
AC005005.3,False
SELENOM,False
INPP5J,False
PLA2G3,False
RNF185,False
RNF185-AS1,False
LIMK2,False
PIK3IP1,False
PIK3IP1-AS1,False
PATZ1,False
LINC01521,False
DRG1,False
EIF4ENIF1,False
AL096701.3,False
SFI1,False
AL096701.4,False
PISD,False
PRR14L,False
DEPDC5,False
C22orf24,False
YWHAH,False
AL008719.1,False
LINC02558,False
SLC5A1,False
Z83839.2,False
C22orf42,False
AL008723.1,False
RFPL2,False
IGLCOR22-1,False
SLC5A4-AS1,False
SLC5A4,False
AL008723.2,False
AL021937.3,False
RFPL3,False
IGLCOR22-2,False
RFPL3S,False
IGLVIVOR22-2,False
AL021937.4,False
RTCB,False
BPIFC,False
FBXO7,False
SYN3,True
Z82246.1,False
Z73495.1,False
TIMP3,True
LINC01640,False
Z82198.1,False
LARGE1,True
Z82198.2,False
Z82173.1,False
LARGE-IT1,False
LARGE-AS1,False
Z73429.1,False
LINC01643,False
Z68323.1,False
AL021877.2,False
Z82196.1,False
Z82196.2,False
AL024495.1,False
ISX,False
Z99755.2,False
HMGXB4,False
AL008635.1,False
TOM1,False
Z82244.2,False
Z82244.1,False
HMOX1,True
MCM5,False
AL022334.2,False
RASD2,False
MB,False
AL049747.1,False
APOL6,False
AL049748.1,False
APOL5,False
RBFOX2,False
Z82217.1,False
Z95114.4,False
Z95114.1,False
Z95114.2,False
APOL3,False
APOL4,False
APOL2,False
APOL1,False
MYH9,False
Z82215.1,False
FO393418.1,False
AL022313.2,False
TXN2,False
FOXRED2,False
EIF3D,False
AL022313.3,False
AL022313.4,False
CACNG2,False
AL049749.1,False
Z80897.2,False
IFT27,False
Z80897.1,False
PVALB,False
Z82185.1,False
NCF4-AS1,False
NCF4,False
CSF2RB,False
Z82180.1,False
TEX33,False
TST,False
MPST,False
Z73420.1,False
KCTD17,False
TMPRSS6,False
AL022314.1,False
IL2RB,True
Z82188.2,False
C1QTNF6,False
SSTR3,False
RAC2,False
CYTH4,False
FP325335.1,False
Z94160.1,False
ELFN2,False
Z94160.2,False
MFNG,False
CARD10,False
AL022315.1,False
CDC42EP1,False
LGALS2,False
GGA1,False
SH3BP1,False
Z83844.2,False
PDXP,False
LGALS1,True
NOL12,False
TRIOBP,False
H1F0,False
GCAT,False
GALR3,False
ANKRD54,False
EIF3L,False
AL022311.1,False
MICALL1,False
C22orf23,False
AL031587.3,False
POLR2F,False
SOX10,False
AL031587.1,False
AL031587.4,False
PICK1,False
AL031587.2,False
SLC16A8,False
BAIAP2L2,False
AL022322.1,True
PLA2G6,False
AL022322.2,False
MAFF,False
TMEM184B,False
AL020993.1,False
CSNK1E,False
Z98749.1,False
Z97056.2,False
Z97056.1,False
KCNJ4,False
Z97056.3,False
KDELR3,False
DDX17,False
DMC1,False
FAM227A,False
CBY1,False
AL021707.4,False
AL021707.2,True
AL021707.9,False
TOMM22,False
JOSD1,False
GTPBP1,False
AL021707.5,False
SUN2,False
AL021707.3,False
AL021707.8,False
AL021707.1,False
AL021707.6,False
AL021707.7,False
DNAL4,False
NPTXR,False
CBX6,False
AL022318.5,False
AL022318.1,False
APOBEC3A,True
APOBEC3B,False
APOBEC3B-AS1,False
APOBEC3C,False
APOBEC3D,False
APOBEC3F,False
APOBEC3G,False
APOBEC3H,False
CBX7,False
AL031846.2,False
PDGFB,False
AL031590.1,False
AL022326.1,False
RPL3,False
SYNGR1,False
TAB1,False
MGAT3,True
MGAT3-AS1,False
MIEF1,False
AL022312.1,False
ATF4,False
RPS19BP1,False
CACNA1I,False
ENTHD1,False
GRAP2,True
Z82206.1,False
FAM83F,False
Z83847.1,False
TNRC6B,False
ADSL,False
SGSM3,False
AL022238.2,False
MRTFA,False
AL022238.3,False
MRTFA-AS1,False
MCHR1,False
SLC25A17,False
ST13,False
XPNPEP3,False
DNAJB7,False
RBX1,False
EP300,False
AL035658.1,False
EP300-AS1,False
L3MBTL2,False
AL035681.1,False
CHADL,False
RANGAP1,False
ZC3H7B,False
TEF,False
AL008582.1,False
TOB2,False
PHF5A,False
ACO2,False
POLR3H,False
AL023553.1,True
CSDC2,False
PMM1,False
DESI1,False
XRCC6,False
SNU13,False
MEI1,False
CCDC134,False
SREBF2-AS1,False
SREBF2,False
SHISA8,False
TNFRSF13C,True
CENPM,False
LINC00634,False
SEPTIN3,False
Z99716.1,False
WBP2NL,False
NAGA,False
Z99716.2,False
PHETA2,False
SMDT1,False
NDUFA6,False
AL021878.2,False
NDUFA6-DT,False
CYP2D6,False
AC254562.2,False
AC254562.3,False
TCF20,False
OGFRP1,False
LINC01315,False
NFAM1,False
AL022316.1,False
RRP7A,False
SERHL2,False
POLDIP3,False
Z93241.1,False
CYB5R3,False
ATP5MGL,False
A4GALT,False
ARFGAP3,False
PACSIN2,False
AL022476.1,False
TTLL1,False
BIK,False
MCAT,False
TSPO,False
TTLL12,False
SCUBE1,False
Z82214.2,False
Z82214.1,False
Z99756.1,False
LINC01639,False
MPPED1,False
BX546033.1,False
EFCAB6-AS1,False
EFCAB6,False
Z97055.2,False
SULT4A1,False
PNPLA5,False
PNPLA3,False
SAMM50,False
PARVB,False
AL033543.1,False
AL031595.3,False
PARVG,False
AL031595.2,False
SHISAL1,False
Z85994.1,False
LINC01656,False
RTL6,False
LINC00207,False
LINC00229,False
PRR5,False
ARHGAP8,True
PHF21B,False
AL079301.1,False
NUP50-DT,False
Z82243.1,False
NUP50,False
AL008718.3,False
KIAA0930,False
AL008718.2,False
UPK3A,False
FAM118A,False
SMC1B,False
RIBC2,False
AL021391.1,False
FBLN1,False
LINC01589,False
Z95331.1,False
ATXN10,False
BX324167.2,False
BX324167.1,False
WNT7B,False
BX537318.1,False
LINC00899,False
PRR34,False
AL121672.3,False
PRR34-AS1,False
MIRLET7BHG,False
AL121672.1,False
AL121672.2,False
PPARA,False
FP325332.1,False
CDPF1,False
PKDREJ,False
TTC38,False
GTSE1-DT,False
GTSE1,False
TRMU,False
CELSR1,True
AL021392.1,False
GRAMD4,False
CERK,False
AL118516.1,False
TBC1D22A,False
TBC1D22A-AS1,False
Z82186.1,False
LINC01644,False
LINC00898,True
AL117329.1,False
FP325330.3,False
FP325330.1,False
FP325330.2,False
BX284656.2,False
BX284656.1,False
AL008720.1,False
Z72006.1,False
Z82249.1,False
Z84468.2,False
TAFA5,False
Z84468.1,False
LINC01310,False
AL078622.1,False
Z82202.2,False
Z82202.1,False
AC207130.1,False
C22orf34,False
AL008636.1,False
AL031593.1,False
Z97192.1,False
Z97192.2,False
Z97192.3,False
Z97192.4,False
AL023802.1,False
BRD1,False
Z98885.3,False
Z98885.2,False
AL117328.2,False
ZBED4,False
ALG12,False
AL671710.1,False
CRELD2,False
BX539320.1,False
PIM3,False
IL17REL,False
TTLL8,False
MLC1,True
MOV10L1,False
AL034546.1,False
PANX2,False
TRABD,False
AL022328.3,False
AL022328.4,False
SELENOO,False
AL022328.1,False
AL022328.2,False
TUBGCP6,False
HDAC10,False
MAPK12,False
MAPK11,False
PLXNB2,False
DENND6B,False
CR559946.1,False
CR559946.2,False
PPP6R2,False
SBF1,False
ADM2,False
MIOX,False
LMF2,False
NCAPH2,False
SCO2,False
U62317.2,False
TYMP,False
ODF3B,False
U62317.4,False
U62317.1,False
KLHDC7B,False
SYCE3,False
CPT1B,False
CHKB,False
CHKB-DT,True
U62317.3,False
MAPK8IP2,False
ARSA,False
AC000050.1,False
SHANK3,False
AC000036.1,False
ACR,False
AC002056.2,False
RABL2B,False
PLCXD1,False
GTPBP6,False
LINC00685,False
PPP2R3B,False
AL732314.6,False
AL732314.4,False
SHOX,False
AL672277.1,False
CRLF2,False
CSF2RA,False
IL3RA,False
SLC25A6,False
LINC00106,False
ASMTL-AS1,False
ASMTL,False
P2RY8,False
AKAP17A,False
ASMT,True
AL683807.1,True
AL683807.2,False
DHRSX,False
DHRSX-IT1,False
ZBED1,False
LINC00102,False
CD99,False
XG,False
GYG2,False
GYG2-AS1,False
ARSD,False
ARSD-AS1,False
ARSE,False
ARSH,False
ARSF,False
LINC01546,False
MXRA5,False
PRKX,False
PRKX-AS1,False
BX890604.2,False
BX842570.1,False
AC074035.1,False
AC110995.1,False
NLGN4X,False
VCX3A,False
PUDP,False
STS,False
VCX,False
PNPLA4,False
AC079142.1,True
VCX2,False
VCX3B,False
AC006062.1,False
ANOS1,False
FAM9A,False
AC003685.1,False
AC074281.2,False
FAM9B,False
AC003684.1,False
TBL1X,False
GPR143,False
SHROOM2,True
CLDN34,False
WWC3,False
WWC3-AS1,False
CLCN4,True
AC003666.1,False
MID1,True
AC073529.1,False
HCCS,False
ARHGAP6,False
AMELX,False
AC004554.2,False
MSL3,False
FRMPD4,False
FRMPD4-AS1,False
PRPS2,False
TLR7,False
TLR8-AS1,False
TLR8,False
TMSB4X,False
FAM9C,False
AC079171.1,False
LINC02154,False
AC004674.1,False
ATXN3L,False
LINC01203,False
EGFL6,False
TCEANC,False
RAB9A,False
TRAPPC2,False
OFD1,False
GPM6B,False
AC003035.2,True
AC003035.1,False
GEMIN8,False
GLRA2,False
FANCB,False
MOSPD2,False
ASB9,False
ASB11,False
PIGA,False
VEGFD,False
PIR,False
BMX,False
ACE2,False
AC097625.1,False
CLTRN,False
CA5B,False
INE2,False
ZRSR2,False
AP1S2,False
GRPR,False
AC078993.1,False
MAGEB17,False
CTPS2,False
S100G,False
SYAP1,False
TXLNG,False
RBBP7,False
REPS2,False
NHS,False
Z93022.1,False
NHS-AS1,False
SCML1,False
RAI2,False
LINC01456,False
BEND2,False
SCML2,False
CDKL5,False
RS1,False
PPEF1,True
PPEF1-AS1,False
PHKA2-AS1,False
PHKA2,False
AL732509.1,False
ADGRG2,False
PDHA1,False
MAP3K15,False
SH3KBP1,False
BCLAF3,False
MAP7D2,True
EIF1AX,False
EIF1AX-AS1,False
RPS6KA3,False
AL928596.1,False
AL807740.1,False
AL807742.1,True
BX088723.1,False
CNKSR2,True
KLHL34,False
SMPX,False
MBTPS2,False
YY2,False
SMS,False
PHEX,True
PHEX-AS1,False
PTCHD1-AS,True
CBLL2,False
AC092832.2,False
AC004470.1,False
DDX53,False
PTCHD1,False
PRDX4,False
ACOT9,False
AC131011.1,False
SAT1,True
APOO,False
CXorf58,True
KLHL15,False
EIF2S3,False
ZFX-AS1,False
ZFX,False
PDK3,False
PCYT1B,False
PCYT1B-AS1,False
POLA1,False
ARX,False
AC121342.1,False
MAGEB18,False
MAGEB6B,False
MAGEB6,False
MAGEB5,False
VENTXP1,False
AC112493.1,False
AC107419.1,False
PPP4R3C,False
DCAF8L2,False
MAGEB10,False
DCAF8L1,False
AC112495.1,False
IL1RAPL1,False
AC003659.1,False
MAGEB2,False
MAGEB3,False
MAGEB4,False
MAGEB1,False
NR0B1,False
CXorf21,False
GK,False
GK-IT1,False
AC112496.1,False
GK-AS1,False
TAB3,False
TAB3-AS1,False
TAB3-AS2,False
FTHL17,False
DMD,False
AC079177.1,False
DMD-AS3,False
AL591378.1,False
AL591501.1,False
FAM47A,False
AL592043.1,False
TMEM47,False
FAM47B,False
MAGEB16,False
CFAP47,True
AL606516.1,False
AL592156.2,False
FAM47C,False
PRRG1,False
LANCL3,False
XK,False
CYBB,False
DYNLT3,False
AL121578.3,False
HYPM,False
AL121578.2,False
SYTL5,False
SRPX,False
AL606748.1,False
RPGR,False
OTC,False
TSPAN7,False
AF241728.1,False
AF241728.2,True
MID1IP1,False
MID1IP1-AS1,False
AC108879.1,True
LINC01281,False
LINC01282,False
LINC01283,False
AL592164.1,False
AL592164.2,False
AC092198.1,False
BCOR,False
AC091806.1,False
ATP6AP2,False
AC092473.2,False
MPC1L,False
CXorf38,False
MED14,False
MED14OS,False
AC092268.2,False
USP9X,False
LINC02601,False
DDX3X,False
NYX,False
CASK,False
CASK-AS1,False
GPR34,False
GPR82,False
AL133329.1,False
Z93403.1,False
Z94277.1,False
PPP1R2C,False
PINCR,False
AL023574.1,False
MAOA,False
MAOB,False
NDP,False
NDP-AS1,False
EFHC2,False
FUNDC1,False
DUSP21,False
KDM6A,False
DIPK2B,False
AC136489.1,False
LINC01204,False
MIR222HG,False
AC234772.2,False
LINC02595,False
AL031584.3,False
LINC01186,False
AL139811.3,False
KRBOX4,False
ZNF674,False
ZNF674-AS1,False
CHST7,False
SLC9A7,True
RP2,False
LINC01545,False
JADE3,False
RGN,False
NDUFB11,False
RBM10,False
UBA1,False
INE1,False
CDK16,False
USP11,False
AL591503.1,False
ZNF157,False
ZNF41,False
LINC01560,False
ARAF,False
SYN1,False
TIMP1,False
CFP,False
ELK1,False
UXT,False
UXT-AS1,False
ZNF81,False
ZNF182,False
ZNF630,True
SPACA5,False
ZNF630-AS1,False
AC244636.3,False
SPACA5B,False
SSX5,False
SSX1,False
AL606490.3,False
SSX3,False
SSX4,False
SSX4B,False
SLC38A5,False
FTSJ1,False
AF196972.1,True
PORCN,False
EBP,False
TBC1D25,False
AC115618.1,False
RBM3,False
AC115618.2,False
WDR13,False
WAS,False
SUV39H1,False
AC231533.1,False
GLOD5,False
GATA1,False
HDAC6,False
ERAS,False
PCSK1N,False
PQBP1,False
TIMM17B,False
SLC35A2,False
PIM2,False
OTUD5,False
KCND1,False
GRIPAP1,False
TFE3,False
CCDC120,False
PRAF2,False
WDR45,False
GPKOW,False
MAGIX,True
PLP2,False
PRICKLE3,False
SYP,False
SYP-AS1,False
CACNA1F,False
CCDC22,False
FOXP3,True
AC232271.3,False
PPP1R3F,False
AC232271.1,False
AC232271.2,False
GAGE10,False
GAGE12J,False
GAGE13,False
GAGE2E,False
GAGE12B,False
GAGE12C,False
GAGE12D,False
GAGE12F,False
GAGE12E,False
GAGE12G,False
GAGE12H,False
GAGE1,False
GAGE2A,False
PAGE1,False
PAGE4,False
USP27X-AS1,False
USP27X,False
CLCN5,False
AKAP4,False
CCNB3,False
DGKK,True
SHROOM4,False
BMP15,False
LINC01284,False
AC233976.1,True
AC233976.2,True
NUDT10,False
AL158055.1,False
EZHIP,False
NUDT11,False
LINC01496,False
CENPVL3,False
CENPVL2,False
CENPVL1,False
GSPT2,False
MAGED1,True
AC239585.1,False
AC239585.2,False
MAGED4B,False
MAGED4,False
AC231759.2,False
AC245177.1,False
XAGE2,False
XAGE1A,False
XAGE1B,False
SSX7,False
SSX2,False
SSX2B,False
SPANXN5,False
XAGE5,False
XAGE3,False
FAM156B,False
AC234031.1,False
FAM156A,False
GPR173,False
TSPYL2,False
AL591212.1,False
KANTR,False
KDM5C,False
KDM5C-IT1,False
IQSEC2,False
SMC1A,False
RIBC1,False
HSD17B10,False
AC233728.1,False
HUWE1,False
PHF8,False
FAM120C,False
WNK3,False
TSR2,False
FGD1,False
GNL3L,False
ITIH6,False
MAGED2,False
TRO,True
PFKFB1,False
APEX2,True
ALAS2,False
PAGE2B,False
PAGE2,False
FAM104B,False
MTRNR2L10,False
PAGE5,False
PAGE3,False
MAGEH1,False
USP51,False
FOXR2,False
RRAGB,False
AL050309.1,True
KLF8,False
UBQLN2,False
AL354793.1,False
NBDY,False
SPIN3,False
AL139397.1,False
SPIN2B,False
AL022157.1,False
SPIN2A,False
Z83745.1,False
FAAH2,True
ZXDB,False
NLRP2B,False
ZXDA,False
LINC01278,False
SPIN4,False
SPIN4-AS1,True
ARHGEF9,False
ARHGEF9-IT1,False
AMER1,False
AL356317.2,False
ASB12,False
MTMR8,True
ZC4H2,True
ZC3H12B,True
LAS1L,False
MSN,False
AL034397.2,False
AL034397.3,False
VSIG4,False
HEPH,False
EDA2R,False
AR,False
AL157700.1,False
OPHN1,False
YIPF6,False
STARD8,False
EFNB1,False
PJA1,False
LINC00269,False
FAM155B,False
AL158069.1,False
EDA,True
AL158141.1,False
AWAT2,False
OTUD6A,False
IGBP1,False
IGBP1-AS2,False
IGBP1-AS1,False
DGAT2L6,False
AWAT1,False
P2RY4,False
ARR3,False
RAB41,False
PDZD11,False
KIF4A,False
GDPD2,False
AL139398.1,False
DLG3,False
DLG3-AS1,False
TEX11,False
SLC7A3,False
SNX12,False
FOXO4,False
CXorf65,False
IL2RG,False
MED12,False
NLGN3,False
AL590764.1,True
GJB1,False
ZMYM3,False
NONO,False
ITGB1BP2,False
TAF1,False
OGT,False
GCNA,False
CXCR3,False
BX276092.9,False
LINC00891,False
CXorf49,False
CXorf49B,False
NHSL2,False
RTL5,False
PIN4,False
ERCC6L,False
RPS4X,False
CITED1,False
HDAC8,False
PHKA1,False
PHKA1-AS1,False
DMRTC1B,False
FAM226B,False
FAM236B,False
FAM236D,False
DMRTC1,False
FAM236C,False
FAM236A,False
PABPC1L2B-AS1,False
PABPC1L2B,False
PABPC1L2A,False
AL662864.1,False
NAP1L2,True
CDX4,False
CHIC1,False
TSIX,False
XIST,False
FTX,False
JPX,False
AL353804.1,False
AL353804.2,False
Z83843.1,False
ZCCHC13,False
SLC16A2,True
RLIM,False
NEXMIF,True
ABCB7,False
UPRT,False
ZDHHC15,True
MAGEE2,False
AL451105.2,False
PBDC1,False
MAGEE1,False
AC233296.1,False
FGF16,False
ATRX,False
MAGT1,False
COX7B,False
ATP7A,False
PGK1,False
PGAM4,False
TAF9B,False
CYSLTR1,False
RTL3,False
LPAR4,False
P2RY10,False
GPR174,False
ITM2A,False
TBX22,False
TENT5D,False
BRWD3,False
AL391294.1,False
HMGN5,False
SH3BGRL,False
AL445213.2,False
POU3F4,False
CYLC1,False
RPS6KA6,False
HDX,False
APOOL,False
SATL1,False
AC003001.1,False
ZNF711,False
POF1B,False
CHM,False
DACH2,False
KLHL4,False
Z83818.2,False
CPXCR1,False
AL121872.1,False
TGIF2LX,False
AL121823.1,False
PABPC5-AS1,False
PABPC5,False
PCDH11X,False
NAP1L3,False
FAM133A,False
AL022151.1,False
DIAPH2,False
RPA4,False
DIAPH2-AS1,False
AL157778.1,False
PCDH19,False
TNMD,False
TSPAN6,False
SRPX2,False
SYTL4,False
CSTF2,False
NOX1,False
XKRX,False
ARL13A,False
TRMT2B,False
TRMT2B-AS1,False
TMEM35A,False
CENPI,True
DRP2,False
TAF7L,False
TIMM8A,False
BTK,False
RPL36A,False
GLA,False
HNRNPH2,False
ARMCX4,False
ARMCX1,False
ARMCX6,False
ARMCX3,False
ARMCX3-AS1,False
AC234775.3,False
AC234775.4,False
ARMCX2,False
NXF5,True
ZMAT1,False
TCEAL2,False
TCEAL6,False
Z70719.1,False
BEX5,False
TCP11X1,False
NXF2,False
NXF2B,False
TCP11X2,False
TMSB15A,False
ARMCX5,False
ARMCX5-GPRASP2,False
AL035427.1,True
GPRASP1,False
AL035427.2,False
GPRASP2,False
ARMCX5-GPRASP2-1,False
BHLHB9,False
LINC00630,False
Z68871.1,False
RAB40AL,False
Z95624.1,False
Z93943.1,False
BEX1,False
NXF3,False
BEX4,False
TCEAL8,False
TCEAL5,False
BEX2,False
TCEAL7,False
TCEAL9,False
BEX3,False
AL117327.1,False
Z69733.1,False
RAB40A,False
AL021308.1,False
TCEAL4,True
TCEAL3,False
TCEAL3-AS1,False
TCEAL1,False
MORF4L2,False
MORF4L2-AS1,False
GLRA4,False
TMEM31,False
PLP1,False
RAB9B,False
TMSB15B-AS1,False
TMSB15B,False
H2BFWT,False
H2BFM,False
TMSB15B-1,False
SLC25A53,False
ZCCHC18,False
FAM199X,False
ESX1,False
IL1RAPL2,False
TEX13A,False
NRK,False
SERPINA7,False
PWWP3B,False
RADX,True
RNF128,False
TBC1D8B,False
MORC4,False
RIPPLY1,False
CLDN2,False
RBM41,False
NUP62CL,False
PIH1D3,False
FRMPD3-AS1,False
FRMPD3,True
PRPS1,False
TSC22D3,False
NCBP2L,False
MID2,False
AL109946.1,False
TEX13B,False
VSIG1,False
PSMD10,False
ATG4A,False
COL4A6,False
COL4A5,False
AL035425.3,False
IRS4,False
AL035425.1,False
GUCY2F,False
NXT2,False
KCNE5,False
ACSL4,False
TMEM164,False
AMMECR1,False
AMMECR1-IT1,False
RTL9,False
AC000113.1,False
CHRDL1,False
PAK3,False
CAPN6,False
DCX,False
SERTM2,False
ALG13,False
ALG13-AS1,False
TRPC5,True
TRPC5OS,False
RTL4,False
LHFPL1,False
AMOT,False
AC002072.1,False
AL023877.1,False
XACT,False
HTR2C,False
IL13RA2,False
LRCH2,False
RBMXL3,False
LUZP4,False
PLS3-AS1,False
PLS3,False
DANT2,False
DANT1,False
AGTR2,False
SLC6A14,False
CT83,False
BX119904.2,False
KLHL13,True
WDR44,False
DOCK11,False
IL13RA1,False
ZCCHC12,False
LINC01285,False
LONRF3,True
AL772284.2,False
KIAA1210,False
PGRMC1,False
AC004835.1,False
AC004973.1,False
SLC25A43,True
AC004000.1,False
SLC25A5-AS1,False
SLC25A5,False
CXorf56,False
UBE2A,False
NKRF,False
SEPTIN6,False
SOWAHD,False
RPL39,False
AC005052.2,False
UPF3B,False
RNF113A,False
NDUFA1,False
AKAP14,False
NKAP,False
RHOXF1-AS1,False
RHOXF2B,False
RHOXF1,False
LINC01402,False
RHOXF2,False
ZBTB33,False
TMEM255A,True
ATP1B4,False
LAMP2,False
CUL4B,False
MCTS1,False
C1GALT1C1,False
CT47B1,False
AC008162.2,False
CT47A12,False
CT47A11,False
CT47A10,False
CT47A9,False
CT47A8,False
CT47A7,False
CT47A6,False
CT47A5,False
CT47A4,False
CT47A3,False
CT47A2,False
CT47A1,False
GLUD2,False
AC006144.2,False
AC002377.1,False
AL359851.1,False
AL513487.1,False
GRIA3,False
THOC2,False
XIAP,False
XIAP-AS1,False
AL121601.1,False
STAG2,False
SH2D1A,False
TEX13D,False
TENM1,False
TEX13C,False
AL445072.1,False
DCAF12L2,False
DCAF12L1,False
PRR32,False
AL591643.1,False
AL008633.1,False
ACTRT1,False
SMARCA1,False
OCRL,False
APLN,False
AL022162.1,False
XPNPEP2,False
SASH3,False
AL023653.1,False
ZDHHC9,False
AL034405.1,False
UTP14A,False
BCORL1,False
ELF4,False
AIFM1,False
AL139234.1,False
RAB33A,False
ZNF280C,False
SLC25A14,False
GPR119,False
RBMX2,False
Z82195.3,False
ENOX2,False
LINC01201,False
ARHGAP36,False
IGSF1,False
AL135784.1,False
OR13H1,False
AL365256.1,False
FIRRE,False
STK26,False
FRMD7,False
RAP2C,False
RAP2C-AS1,True
MBNL3,False
HS6ST2,True
HS6ST2-AS1,False
USP26,False
TFDP3,False
GPC4,False
GPC3,False
AC002407.1,False
CCDC160,False
PHF6,False
HPRT1,False
MIR503HG,False
LINC00629,False
PLAC1,False
AL672032.1,False
FAM122B,False
FAM122C,False
MOSPD1,False
LINC02243,False
SMIM10,False
RTL8B,False
RTL8C,False
AL136169.1,False
RTL8A,False
SMIM10L2B-AS1,False
SMIM10L2B,False
ETDB,False
AC234771.1,False
CT55,False
ZNF75D,False
ETDA,False
ETDC,False
AL590282.2,False
ZNF449,False
SMIM10L2A,False
INTS6L-AS1,False
INTS6L,False
CT45A1,False
CT45A3,False
CT45A5,False
CT45A6,False
CT45A2,False
CT45A7,False
CT45A8,False
CT45A9,False
CT45A10,False
SAGE1,False
MMGT1,False
SLC9A6,False
FHL1,False
MAP7D3,False
ADGRG4,False
BRS3,False
HTATSF1,False
VGLL1,False
LINC00892,False
CD40LG,False
ARHGEF6,False
AL683813.1,False
RBMX,False
GPR101,False
AL035443.1,False
ZIC3,False
Z96074.1,False
FGF13,True
AL031386.1,False
FGF13-AS1,False
F9,False
MCF2,False
ATP11C,False
CXorf66,False
AL589987.2,False
FO393408.1,False
SOX3,False
AL844175.1,False
LINC00632,False
CDR1,False
AL451048.1,False
SPANXB1,False
LDOC1,False
SPANXA2-OT1,True
SPANXC,False
SPANXA1,False
SPANXA2,False
AC235097.1,False
SPANXD,False
MAGEC3,False
MAGEC1,False
AL031073.2,False
MAGEC2,False
SPANXN4,False
AC239727.1,False
SPANXN3,False
SLITRK4,False
SPANXN2,False
AL500522.1,False
AL713923.1,False
SPANXN1,False
AL109653.3,False
SLITRK2,False
CXorf51B,False
CXorf51A,False
AL589669.1,False
AL591022.1,False
AC016925.3,False
L29074.1,False
FMR1-AS1,False
FMR1,False
FMR1-IT1,False
FMR1NB,False
AC002368.1,False
AFF2,True
AFF2-IT1,False
AC231656.1,False
IDS,False
AC244197.2,False
LINC00893,False
CXorf40A,False
HSFX3,False
MAGEA9B,False
HSFX2,False
TMEM185A,False
MAGEA11,False
HSFX1,False
MAGEA9,False
LINC00850,False
MAGEA8-AS1,False
MAGEA8,False
CXorf40B,False
HSFX4,False
LINC00894,False
MAMLD1,False
MTM1,False
MTMR1,False
CD99L2,False
AF274573.1,False
HMGB3,False
GPR50-AS1,False
GPR50,False
KC877982.1,False
AF274853.1,False
VMA21,False
BX546450.2,False
BX546450.1,False
PASD1,False
PRRG3,False
FATE1,False
CNGA2,False
MAGEA4-AS1,False
MAGEA4,False
GABRE,False
MAGEA10,False
AC116666.1,False
GABRA3,False
AC244102.4,False
GABRQ,False
MAGEA3,False
CSAG2,False
MAGEA2B,False
CSAG1,False
MAGEA12,False
AC244102.1,False
MAGEA2,False
CSAG3,False
MAGEA6,False
AC244102.3,False
CETN2,False
NSDHL,False
ZNF185,False
U82671.1,False
PNMA5,True
PNMA3,False
PNMA6A,False
MAGEA1,False
AC236972.3,False
AC236972.4,False
PNMA6F,False
ZNF275,False
PNMA6E,False
ZFP92,False
TREX2,False
HAUS7,False
BGN,False
ATP2B3,False
CCNQ,False
DUSP9,False
PNCK,False
SLC6A8,False
BCAP31,False
ABCD1,False
U52111.1,False
PLXNB3,False
SRPK3,False
IDH3G,False
SSR4,False
PDZD4,False
L1CAM,False
U52112.1,False
AVPR2,False
ARHGAP4,False
NAA10,False
RENBP,False
HCFC1,False
HCFC1-AS1,False
TMEM187,False
IRAK1,False
MECP2,False
OPN1LW,False
OPN1MW,False
OPN1MW2,False
OPN1MW3,False
TEX28,False
TKTL1,False
AC245140.1,False
FLNA,False
AC245140.3,False
EMD,False
RPL10,False
AC245140.2,False
DNASE1L1,False
TAZ,False
AC244090.1,False
ATP6AP1,False
GDI1,False
FAM50A,False
PLXNA3,False
LAGE3,False
UBL4A,False
SLC10A3,False
FAM3A,False
AC244090.3,False
G6PD,False
IKBKG,False
FAM223A,False
CTAG1A,False
CTAG1B,False
FAM223B,False
CTAG2,False
GAB3,False
DKC1,False
MPP1,False
SMIM9,False
F8,False
H2AFB1,False
F8A1,False
FUNDC2,False
CMC4,False
MTCP1,False
BRCC3,False
VBP1,False
RAB39B,False
CLIC2,False
AC234781.1,False
H2AFB2,False
F8A2,False
F8A3,False
H2AFB3,False
TMLHE-AS1,False
BX571846.1,True
TMLHE,False
SPRY3,False
VAMP7,False
IL9R,False
WASIR1,False
SRY,False
AC006040.1,False
RPS4Y1,True
AC006157.1,False
ZFY,False
ZFY-AS1,False
LINC00278,False
TGIF2LY,False
AC012078.2,False
AC010737.1,False
AC010722.1,False
PCDH11Y,False
TSPY2,False
LINC00280,False
TTTY1B,False
TTTY2B,False
TTTY21B,False
TTTY7,False
TTTY8B,False
AMELY,False
TBL1Y,False
AC011297.1,False
PRKY,True
TTTY12,False
AC064829.1,False
TTTY18,False
TTTY19,False
TTTY20,False
TSPY4,False
TSPY8,False
FAM197Y7,False
FAM197Y6,False
TSPY3,False
TSPY1,False
TSPY9P,False
TSPY10,False
TTTY8,False
TTTY7B,False
TTTY21,False
TTTY2,False
TTTY1,False
TTTY22,False
AC010891.1,False
TTTY23,False
USP9Y,False
AC244213.1,False
DDX3Y,False
UTY,True
TMSB4Y,False
VCY,False
VCY1B,False
AC010723.1,False
NLGN4Y,False
NLGN4Y-AS1,False
AC011751.1,False
FAM41AY1,False
FAM224B,False
CDY2B,False
CDY2A,False
FAM224A,False
FAM41AY2,False
AC022486.1,False
HSFY1,False
TTTY9B,False
HSFY2,False
TTTY14,False
AC007244.1,False
AC010889.1,False
KDM5D,True
AC010889.2,False
TTTY10,False
EIF1AY,False
AC009494.2,False
RPS4Y2,False
AC007876.1,False
PRORY,False
AC010086.3,False
RBMY1B,False
RBMY1A1,False
TTTY13,False
AC024236.1,False
RBMY1D,False
RBMY1E,False
PRY2,False
AC007359.1,False
TTTY6B,False
RBMY1F,False
TTTY5,False
RBMY1J,False
AC008175.1,False
TTTY6,False
PRY,False
TTTY17A,False
TTTY4,False
BPY2,False
DAZ1,False
DAZ2,False
PRYP3,False
TTTY3B,False
CDY1B,False
TTTY17B,False
TTTY4B,False
BPY2B,False
DAZ3,False
DAZ4,False
BPY2C,False
TTTY4C,False
TTTY17C,False
LINC00266-4P,False
CDY1,False
TTTY3,False
MT-ND1,False
MT-ND2,False
MT-CO1,False
MT-CO2,False
MT-ATP8,False
MT-ATP6,False
MT-CO3,False
MT-ND3,False
MT-ND4L,False
MT-ND4,False
MT-ND5,False
MT-ND6,False
MT-CYB,False
BX004987.1,False
AC145212.1,False
MAFIP,False
AC011043.1,False
AC011043.2,False
AC011841.1,False
BX072566.1,False
AL354822.1,False
AL592183.1,False
AC240274.1,False
AC213203.2,False
AC213203.1,False
AC004556.3,False
AC233755.2,False
AC233755.1,False
AC136352.3,False
AC136352.2,False
AC171558.3,False
AC171558.1,False
AC133551.1,False
AC136612.1,False
AC136616.1,False
AC136616.3,False
AC136616.2,False
AC141272.1,False
AC023491.2,False
AC007325.1,False
AC007325.4,False
AC007325.2,False
