,0,1,2,3,4,5,6,7,8,9,10,11,12,13,14,15,16,17,18,19,20,21,22,23,24,25,26,27,28,29
AAACAGCCAAATATCC-1,-7.7028594,-4.436528,25.033785,-1.9470134,-1.3106467,-4.67205,-5.1434813,1.0562761,4.3842893,0.8152084,-1.6869961,1.6748835,0.44240516,0.41046014,2.0482802,-0.5973598,-1.9230088,1.1965532,-1.306516,0.26536664,3.776442,-0.37752354,0.09647496,-0.051394522,0.5194936,2.3462727,-2.4005966,2.026919,-1.6711589,2.0527089
AAACAGCCAGGAACTG-1,11.525246,0.6406993,-0.6845161,-0.9135395,5.356666,-0.4595543,2.0298839,2.3627484,1.8271854,-1.3149282,-3.3511238,2.126552,0.5823199,0.27331573,0.2937491,0.28648537,1.6905645,-1.8701054,-0.08954836,0.4115163,0.53758,-1.0381335,0.53114164,0.13853532,-1.4214379,-0.030983856,1.2213285,0.7257172,0.46712723,-0.92081124
AAACAGCCAGGCTTCG-1,15.103864,-3.488015,0.14547896,-0.99949527,-7.027811,0.8034638,-1.0403029,-1.0737469,-2.0601325,0.4007674,2.0899763,-0.48712575,-1.5098338,-0.97662747,-0.13992456,0.3664352,0.70710284,-0.9075973,-1.0238564,0.1333545,0.89219725,0.42788658,-0.12978518,1.0437462,-1.246716,-0.052490905,-0.4706622,1.1807142,-0.38749963,-0.020526916
AAACCAACACCTGCTC-1,-1.0599455,17.186728,0.4177521,-5.193695,-1.5094742,0.84745234,-0.59256315,5.494403,-2.008418,0.37662804,2.9576943,-2.4698627,2.8691514,3.0013769,5.845333,5.976542,-2.154029,4.9648995,-1.4402347,0.11759781,-0.8765532,3.1523259,-0.38028944,-4.6389647,5.1650705,-1.3555866,0.5491987,-0.23989631,-2.140904,-3.9972408
AAACCAACAGATTCAT-1,-7.9259725,-3.9437056,15.533153,-1.6845118,-0.24415614,-1.7679546,2.3066409,-0.90934443,-1.7136773,-3.9850852,1.927087,1.8811706,-0.6631548,3.1759832,3.8350654,-2.8526292,1.6856824,-0.5055569,2.7140565,0.98798513,1.7527915,4.016813,6.611137,3.965147,-0.37594283,2.03263,-2.2531283,-0.17352085,1.0408537,-4.0354533
AAACCAACAGTTGCGT-1,-7.6462016,-1.7708578,-4.33462,-0.03553566,0.15334265,-2.6262336,-1.350022,-0.5543054,0.584134,-2.4953773,-0.7031606,-1.2927331,0.4661855,-1.6536752,0.66094214,0.46500129,2.5617914,1.4715668,-0.66269505,-1.8316782,0.6880798,0.36561024,1.2973288,-0.4185145,0.23307814,3.1729062,0.6327515,1.0563616,1.596327,1.0674523
AAACCAACATAACGGG-1,-5.8375926,-2.2677958,-0.45198143,1.0352647,0.0759434,5.7336087,-0.885561,1.6795907,-0.17848112,1.755193,1.7265031,-2.1512287,-0.4925912,4.3840513,2.0353725,-0.012071414,0.2060931,0.65038985,-0.5382687,2.52104,-2.4318838,-2.4404855,2.2629774,0.68772924,-0.7316928,-0.8512537,-0.71977115,0.013365816,-0.5224963,-1.3311414
AAACCAACATAGACCC-1,12.585516,-3.0813882,-0.64305913,-0.5339001,-5.522882,-0.030684927,-0.8607481,0.6358263,0.121985264,0.3525421,2.5252454,0.8908699,-0.66184956,0.567396,1.1014886,0.7532749,1.6102115,1.002719,-0.2835279,0.4220014,0.03673528,-0.7093303,-0.64171296,-2.2172494,-2.757776,0.9675844,0.4314086,2.6281872,-0.1502128,-0.32772046
AAACCGCGTGAGGTAG-1,-0.37919074,28.431583,1.0661308,-5.6055527,-0.7201327,-0.616846,-1.7725106,-2.3319273,0.7023526,-0.12762713,0.18803522,0.33545887,-2.4467945,0.7690636,4.18212,4.910811,1.4053521,-4.2947273,1.4371399,0.8189849,1.6722859,1.8730679,-1.7568303,2.7859857,2.1089756,0.7208624,4.796598,-1.7279097,0.28120273,1.1097996
AAACGCGCATACCCGG-1,5.7605405,-1.2972988,-1.2923261,0.22633986,3.814859,-2.6338212,2.5471053,0.28404635,-0.63362163,0.2983992,-1.5787661,1.3791646,-0.27920634,-0.16735199,-0.7260392,0.10888343,0.2051821,-0.054532655,-1.9803947,-1.0175675,-0.15962134,0.17205992,-0.084902406,0.41531822,0.60358584,0.15033242,-0.7096625,-0.5820001,0.4880624,1.4711885
AAACGGATCCTAGTAA-1,3.7390587,1.4057015,0.65570384,-0.3505039,-0.86052936,0.30376893,1.1506702,-0.7543435,2.3648198,-0.20520724,-1.9052167,-1.4715816,-0.85094774,-0.42796406,1.8684,-0.5249363,-0.4995961,-2.7259517,1.9365264,3.7642424,1.2491592,1.8320608,-0.16423632,-3.030089,0.18275335,-2.001991,0.9105819,2.5471125,-0.67731684,-1.8016182
AAACGTACAAATACCT-1,-6.507221,-3.4135702,7.667128,-0.09339633,0.5293032,2.6478856,6.8312197,-1.577312,-6.684431,-3.639838,-2.0895393,0.58115786,-0.4025798,-3.592428,2.8276148,-2.8862712,-0.8552351,2.1960604,-3.3857641,-0.84250855,0.8946453,-3.5098555,-1.5677409,-0.36395174,-1.488428,-1.1234617,-0.624837,-3.0387225,-1.867683,0.37970385
AAAGCACCACCCACCT-1,-4.4033422,-2.5370858,2.4761689,-0.69640476,-0.034543376,5.0646486,2.4658368,0.05525197,-2.7404149,-1.8812597,-1.7577442,0.65124136,-2.1191735,2.0237026,0.43634135,-2.2407424,-2.0110948,-1.0380156,-0.8395487,2.6782076,-3.4224713,0.6022471,-1.2632728,-0.94394886,0.64232165,-0.76085085,1.9390562,-3.0252194,2.1500034,-0.08868947
AAAGCTTGTGTGTGGT-1,12.697174,-2.7077725,-0.9343292,0.3939864,-3.0713532,0.2738566,-0.48336184,0.090595566,-0.088017315,1.2214403,1.9883791,-1.9913768,0.015243625,-1.07565,-0.27010265,-1.807267,-1.1655653,-0.48198426,-1.0528624,-0.02962063,0.5477555,1.0636222,-0.94404024,1.0397435,-0.15317084,-1.2416571,-0.08700643,-1.0489708,0.52186847,1.3365256
AAAGGACGTATTGTGG-1,-6.7147307,-4.859697,19.822453,-1.4222622,-1.8849113,-4.042934,-5.4708815,-0.44730484,5.158462,-2.5664623,1.9716526,-0.5598008,-0.69434154,3.7763193,-3.2088606,1.9334222,1.4184887,-0.17835937,0.7751549,3.3047988,-3.762761,-1.2747731,0.008436598,2.4392264,0.8835207,0.93571764,0.16846389,-0.576547,-0.2024439,-1.1695225
AAAGGACGTCATCCTG-1,12.247171,-2.432412,-0.73515546,-1.1414297,-1.2181392,-0.018884512,-0.67210776,0.2677534,-1.1134017,0.10641152,-0.16291344,0.032056525,1.6821347,1.2244531,-1.6612998,0.33272743,0.5245122,-0.5658131,-0.42563212,1.3164184,-0.17621838,-0.2057532,-0.038632978,-0.5871496,-0.37434268,-0.21032725,0.88407004,2.5894458,0.4730823,1.0502483
AAAGGACGTTAAGCCA-1,4.7592545,3.2767637,0.7906868,-0.4110802,3.18167,-0.19805686,-0.78750134,-0.7653455,1.3748647,-0.123629674,-1.7120404,-5.1133423,1.9489627,2.1661975,-1.1884747,-1.6922212,-0.2124753,-0.83289117,3.511441,-1.1751084,-2.9932384,0.04508019,-0.52121264,0.51260245,-2.455537,0.56383646,6.567627,-0.5984486,-0.85324335,0.8853006
AAAGGACGTTCACCAT-1,-1.862221,24.331392,0.031616844,-7.4192305,-0.314274,0.059048258,0.3152912,0.551475,0.26436225,-1.1667564,-2.071183,0.20006764,-1.5117573,-0.40958562,-2.470181,1.0991192,-1.4752349,5.8985457,0.34137017,4.754934,0.80888766,3.6191819,-1.2586721,-5.973486,5.0443964,5.3321795,-4.7195735,-0.5261511,0.90703195,1.8578868
AAAGGAGCACAAACTT-1,-6.633569,-1.8722696,-2.4789617,0.12698254,-0.3560358,4.9162784,-0.8037906,0.114961326,1.8774958,1.069341,0.006980522,-0.35492566,-0.49289435,-0.74736226,-1.5589744,1.9599771,-0.10906645,-0.86189026,2.7116766,-2.8714168,-0.26337892,2.6018684,-1.1847435,0.34483743,1.8069657,0.85848486,1.6107113,1.0223514,0.75053567,0.0074548544
AAAGGAGCATAGCTGC-1,14.6318245,-2.7730575,-0.3019953,-1.2877187,-4.0712404,-0.11621878,-0.3657011,-0.47243977,-1.4862087,0.53122294,1.2887845,0.017261092,0.060113184,-0.41709885,1.6345209,0.9203726,1.239399,0.40753603,-0.73827523,0.21741511,-0.689551,-1.0095874,0.47212976,-0.50918573,-2.169502,2.3303518,-0.33976275,0.5904756,0.08051123,0.9821091
AAAGGCTCACCGTTCC-1,-6.790374,-2.2135403,-4.2325373,1.2678342,0.031992633,0.71629715,-0.7335038,0.13351668,1.8534018,-0.9367684,1.5697341,-3.4402637,-0.7046017,1.2146751,0.8137386,0.6516506,3.7331665,-0.834199,-0.86129344,0.82353175,0.83476406,-0.6903905,1.2493539,-1.2035332,-0.8678807,1.0805926,1.5016806,-1.5876515,0.51231426,-0.048656695
AAAGGCTCACTTCACT-1,-1.7213874,22.544313,-0.15286858,-6.1330385,-0.7512648,-1.6006788,-1.4849832,7.67346,-2.301755,-0.60568625,-0.68100506,2.3015852,1.3346981,-0.5144673,-2.126159,-0.07771912,-0.10467508,1.5229763,0.39566684,1.726191,-1.6612382,-0.56126463,1.2562717,1.045328,-0.06263687,-3.1225088,-1.0875534,4.0355134,-0.8507154,1.5849854
AAAGGTTAGCAAGGGT-1,8.852643,-1.3196493,0.48158497,-1.1082892,11.810917,-1.4373442,-3.1839964,-1.6318903,-3.368426,1.2821068,2.6777449,1.0022963,-1.0298144,-1.1085416,0.8260217,-1.2920941,1.1525905,-0.63212043,-0.447787,-1.0251445,-1.4300154,0.86474496,-0.391559,-0.14554615,-0.101334594,-0.5489029,-0.4864627,-0.9144395,0.74053276,0.18994728
AAAGGTTAGGGTGGAT-1,-6.8591814,-2.0044155,-4.710821,0.13400301,-0.30640876,-2.2725136,-0.56280214,-0.58088535,1.2275577,-1.454685,-0.3449211,-1.5335339,-0.18337034,0.42075285,1.2505926,0.34674108,0.63376486,-0.57117593,-0.5810602,0.6750004,-1.1268773,0.77933323,1.0388393,0.04241108,-0.7540569,-1.5537591,0.33924878,-0.38901013,1.6334938,-0.44698784
AAATCCGGTTAGCGTA-1,-6.9250135,-3.8057654,12.674879,-1.8257945,1.3112334,-0.28162694,2.63712,-0.9720014,-2.1533873,-2.9684079,2.5666711,-3.5860498,0.5173117,0.22558485,-1.340501,0.74288964,0.7269377,-0.35352287,0.992247,1.6422795,-1.8222656,1.4885417,1.3038456,1.0567948,0.18273918,-1.480653,0.47833613,0.7097601,0.49821296,-0.054332845
AAATGCCTCCAGGAAA-1,13.992026,-2.014361,-0.19099967,-0.5160927,-1.6720908,-0.04779405,-0.47270027,-0.48007157,-0.1396373,0.34494004,-0.8642346,0.2064122,0.12039234,0.55906516,0.49790806,1.4325653,-0.28036064,-0.75592005,0.23181954,0.09193498,1.0204858,-0.3702889,0.42314193,-0.11772887,-1.9767855,0.43544698,0.7038419,1.3248299,0.1835456,-0.37455836
AAATGCCTCGCTAAAC-1,11.033745,-1.4234483,0.5972777,-0.6891649,0.9241416,0.4320561,1.8798423,-0.64631325,1.611264,0.66836333,-1.9046608,-2.038036,0.75487286,0.66375345,0.51147056,-0.3735731,-0.0682593,1.4475121,1.5855134,-1.6675364,0.0062199687,-0.5393799,0.43078464,-0.060985036,0.9908911,-0.7568388,-1.0890784,-0.92814434,-0.41864535,-0.26662186
AACAAAGGTAATGGAA-1,3.0195138,17.531359,7.1494894,39.69561,0.7058229,-1.7313402,0.7634561,1.600859,1.537528,-0.12143839,0.93563706,-0.16341797,-0.047172505,0.0066911713,-0.3091777,-2.3412168,-0.72360957,-0.15072757,-0.578366,2.2531574,-0.6048579,-0.39651632,-0.33866495,1.9844635,2.2954597,-1.7293019,-1.477865,0.32054764,-0.7554119,5.1716547
AACAAGCCAGGTTCAC-1,5.050238,-2.7740543,-1.7763149,0.43445903,-4.0147986,2.6459286,-0.55969805,-0.077324584,-0.8107808,1.4830687,-0.57449526,1.0608304,-0.553115,-1.5110307,-0.6362335,0.4575251,1.1101296,-0.80511725,0.7663742,-0.84001577,0.25826824,-0.5121197,-0.4870221,1.3900397,-0.36405134,0.3030609,-0.70089966,-0.27174586,1.5032183,-1.476834
AACAGATAGAGGCTAA-1,-7.1582937,-2.1971495,-3.5331478,-0.0040302617,-0.5665456,0.4142551,-2.7245731,1.1027634,1.4544164,-0.3640237,-0.47865435,-0.37507308,0.49269152,-0.0966041,0.4976246,-0.7475268,-2.2638369,-0.6543512,0.19294369,0.23580186,-0.9687734,-1.0928326,-1.0017343,-2.7168043,0.52050036,-1.5438852,-0.74766266,2.260814,-3.654542,2.0176709
AACAGATAGGGTCCAC-1,-6.702861,-1.691478,-2.8656676,-0.23978713,0.11236296,3.404636,-1.3760023,-0.22637549,0.7001705,-1.4334521,-0.34622982,-0.6507056,0.7083268,1.2119967,0.26041174,0.160768,-1.5164448,-0.5924196,1.0820326,0.01165458,-1.5998783,0.23162967,-0.108488046,-1.6206802,0.43864432,0.39349502,0.46548316,-0.12528,-0.610159,1.4908117
AACAGCAAGGAAGCTA-1,-7.284386,-4.2761564,17.678843,-2.0757172,-0.17090921,-4.8462405,-3.8698373,0.26001778,1.602809,-0.046529226,2.4448824,0.3054402,1.2214845,-0.3101394,-3.898694,1.0899171,2.6986136,0.6289434,1.0407009,-1.1232772,-3.5346968,1.32416,-1.343096,1.5436021,0.23592336,-3.228521,0.499889,-0.30804098,0.5844691,-0.03788038
AACAGGATCACTAGGT-1,-6.413154,-0.86927843,-3.4688532,-0.33536705,-0.6493403,1.304486,-2.489369,0.4686837,0.8207097,-1.8799894,-1.7036245,4.00854,-2.6171482,-1.2886436,-1.0058635,-0.40046299,-1.383028,-2.5431144,-2.9469934,1.1954688,0.13965788,3.328315,1.1447513,-0.75507224,-1.9770879,0.08636749,1.9301465,-1.6445892,0.8362613,0.06425085
AACAGGATCATCACTT-1,13.580969,-2.721788,-0.68159515,-1.3102063,-1.9486475,0.37221292,-1.156448,0.30724734,-1.9079502,-0.9251957,-0.5070085,-0.015915701,-0.021284042,0.9915232,-0.2924223,1.2853149,0.4244523,1.0355965,1.5006559,-0.36463183,0.11156865,0.60522646,0.08895595,-1.2472808,-0.9380689,-0.23326832,-0.42975616,1.2037109,-1.0594023,0.2237046
AACAGGATCTACCTGC-1,-6.6212306,-3.1852353,12.608537,-1.6710038,-0.9575048,-3.9110787,-2.1083639,0.29539037,2.387425,1.4388098,-1.9586077,-1.6827779,1.3254397,0.26162913,0.45386493,-0.790372,-0.38156077,0.6290287,-1.3531866,-1.4599354,0.9969666,-1.2826519,-2.2978847,-2.5616572,-1.0351003,2.2258132,-1.8605644,-0.8304499,-1.7363318,0.75269186
AACATAGCATAAAGCA-1,-7.408514,-2.5957165,-2.0337691,0.39515525,0.28019077,4.859574,-1.373255,1.1911196,0.6178019,1.4424505,-0.5129232,-0.5757388,0.02482826,-2.2908926,1.9226179,-0.5175028,0.6465801,1.0977596,-0.9070079,3.1626582,-0.9612841,0.7092277,1.0860499,-0.95489824,-1.7418286,1.202905,0.28301662,0.52945834,-1.4136257,-1.2665167
AACATCATCCGTTATT-1,12.444223,-0.98060274,-0.29705298,-0.63519794,-0.37107432,1.0473667,-0.44462138,-0.85568637,0.406378,-0.06346749,-1.198151,0.72898173,0.45135054,-0.33042982,0.21502924,0.6336282,-0.03616013,0.6338156,2.3469698,-0.81991655,-0.9959877,-0.38955897,-0.8038896,0.026364593,0.046063397,0.28309068,1.5144286,1.8347646,0.32319692,-0.31305978
AACATCATCGAGGAAC-1,-7.637409,-1.8017957,-4.1343656,0.47123998,-0.21230575,-3.159413,2.2719965,-0.64519143,-1.0773041,1.5833598,-0.16730195,0.5303103,-1.0793972,1.2056193,0.22345275,1.5994657,-2.1140163,-0.76737094,-0.9215511,-1.6005753,-2.482996,0.029030899,1.129119,-1.197107,-1.360017,2.2083418,0.48271087,-1.6948316,0.33285913,-1.3636572
AACATCATCGGCTATG-1,-0.9021528,23.760683,1.0285769,-5.23676,-0.0096701365,3.204065,3.9358563,-12.157671,4.973777,1.626054,-2.3607285,-0.46809763,-4.0510287,0.2179094,2.3409295,2.8837357,0.45210838,0.15952586,-1.077628,0.10498669,1.0853149,-0.7830965,1.803272,-2.0520756,-0.3789852,-0.93082434,-3.808074,1.6864874,2.465818,-2.9120946
AACCCGCAGTAACAGG-1,7.6316686,0.8999314,1.6867439,-0.5188932,8.437313,-0.88696665,-1.6811447,-1.5094385,-0.22094531,0.19722843,-0.17794427,-1.9560084,-0.1925966,-0.57086086,0.9181377,1.5640206,-0.2301422,0.49273816,1.5816284,-0.7552793,-1.4645472,-0.32895738,-0.11316849,-1.2352375,-1.6109052,-0.55676234,0.9801194,-0.3934931,0.81285733,1.5663334
AACCCGCAGTCACTAA-1,-7.289074,-1.5586579,-2.6825435,0.17572305,-0.4820976,3.6396835,-0.9034647,-0.5609485,-0.0052497024,-2.3075433,-1.2674365,-0.60062206,-0.9174599,-1.0201818,0.025688296,-1.254926,-3.445162,-0.10749737,2.4050443,2.3154771,-1.3760669,-0.043100674,-2.1079206,0.8166201,-0.88384557,0.0969886,-1.8679568,0.5736933,0.4775716,-1.7456458
AACCGGCTCCGTAAAC-1,12.781463,-1.8917817,-0.20722532,-0.44290563,1.729861,-0.6888253,-0.03715751,-0.7255294,-0.9823387,-1.026082,-3.3730257,0.12904829,0.61066777,2.2753253,-1.1756073,0.060566388,-1.6853004,-0.9368747,1.5906621,0.9264672,-0.28996456,0.0882725,-0.5464076,-0.11104555,-1.927637,0.5222201,-0.13373847,2.1326861,0.2167444,1.7654622
AACCGGCTCGATCAGT-1,13.112604,-2.0049355,0.09662949,-0.1073098,-4.7102714,0.04812992,0.37912774,0.24539727,0.7955693,0.78953063,3.2854524,2.0814657,0.03682728,-1.3979594,1.0065708,-0.05742028,0.6982513,1.0151105,1.6132214,-0.8567503,-1.9413251,0.23931596,-0.57225084,-1.2153584,-0.10406762,0.8443703,0.37822604,0.71707946,-1.4308246,-0.7985975
AACCGGCTCGTTAGCG-1,-7.6690326,-2.245098,-3.138776,0.031092232,0.65499866,-2.4956465,1.5934553,-0.43580833,-0.37489977,0.9899888,2.2255478,-2.6961133,-0.027788844,1.4620574,-0.3841597,-0.24091505,2.2498581,-0.1979846,1.9384382,0.7559162,-1.0013355,2.1196432,1.5448054,-1.4479957,0.2294507,0.18449429,-0.4207934,-0.58374864,0.25545278,-2.2418795
AACCTCCTCCCTCACG-1,13.561027,-1.3692461,0.3130965,-0.45758256,4.2978096,-0.3247218,-0.70955247,0.01349485,-1.8020175,-0.19314216,-3.189724,2.9354532,-0.1674829,-0.12128596,-1.3798461,0.62713957,-1.5548788,0.22381419,-0.6833763,1.545531,0.41147357,0.60125375,0.5077532,0.48376185,-0.7288719,0.18539739,1.4048165,0.7433752,0.94472474,0.42658734
AACCTTAAGGTCTTGG-1,-7.845145,-2.4927788,-4.2859735,0.74224204,-0.14651622,-5.0574303,2.5808606,-1.3970876,-1.5167961,-0.30508542,-0.045177437,0.20091116,-1.3439181,0.36582917,0.23867857,-1.1521033,-2.046245,-0.107663386,1.1582053,1.6630311,0.4475408,1.0865628,0.027805455,1.9899914,-0.21428868,-1.2427768,-1.8656839,-0.33218583,-1.8438714,0.78336483
AACCTTGCAATAATCC-1,-6.980422,-2.1926737,-4.0142097,0.6266902,0.04709693,0.774865,-2.2804723,0.3717194,2.5574322,-1.6779388,-0.18335736,-0.61213094,0.75869775,-1.0926621,0.42960796,0.2709675,-0.5816925,0.21891172,-0.46606028,0.032358117,-0.3647165,-0.7880097,0.67372566,0.9899102,1.6120125,-0.31971848,-1.1314061,-0.16468242,-0.5727567,-1.4297072
AACCTTGCAGCCTGCA-1,11.225824,-2.768145,-0.80368793,-0.95308447,-3.2846808,-0.5329169,-2.2216334,-1.7520248,-2.3024557,-0.702304,-1.9581232,-0.823482,-0.8929728,2.095965,-0.88195336,0.8674652,-0.76554674,-1.0347589,-1.1132219,0.98918974,2.4638724,-0.2021452,0.19900492,0.5899183,1.6700909,0.8248401,1.1843495,0.5953085,0.94842505,-0.6737655
AACCTTGCAGGACCTT-1,2.0387723,1.0147789,11.756363,0.8076027,3.6332943,-0.15913524,6.6448717,4.0620894,8.182643,-2.9336367,3.0510266,2.4292927,-2.4358215,-1.8454728,-0.60805297,0.7298912,-1.4075729,-2.507535,-2.8041987,0.9568608,1.5142585,2.2312522,1.7945068,2.5909438,1.3757199,-0.010518378,-0.5595686,-0.11470132,0.8712566,1.0058672
AACGACAAGGACCGCT-1,11.333455,-1.4837368,-0.2589564,-0.29124138,-2.1691866,0.59389395,0.49627393,-0.51054436,1.3876044,0.41293424,-1.8082924,-1.029247,-0.8506481,1.8864276,-0.55522704,-1.2603378,0.50224483,0.42225325,-0.0993856,0.52612484,-0.5108991,-0.032281626,-0.79912144,-1.3986431,-1.0801264,0.07765835,-1.206529,-0.7232063,-0.04418608,-1.3360264
AACGCCCAGTTTGAGC-1,0.5543293,26.759647,0.5900727,-5.303442,-0.2073668,0.2305298,3.8455403,-10.979203,3.1268046,-0.5556234,-3.0021803,-1.7242692,-2.1369653,-0.3600193,0.64951223,-1.024608,-5.0797696,0.16753249,1.1738545,0.27152282,0.6401364,-0.6088515,3.2446146,-3.0367134,-5.958422,0.6553374,-2.887424,-1.3869478,-0.88684916,2.041363
AACGGTAAGCTGCACA-1,-6.170237,-1.8597763,-3.7170618,-0.21054555,0.26321077,-1.8146304,-1.6451365,0.3368839,0.9844095,-1.1400883,2.2425175,0.19429304,-0.11834945,0.5760875,1.7924285,-0.8761489,0.011149316,-0.029117148,-0.4788542,-0.682673,0.16842797,-0.020992992,1.7805275,0.7114738,-1.4211345,0.68383884,0.21403255,-1.876035,-2.091091,-1.5867556
AACTAGTGTAACCAGC-1,12.742693,-2.4274695,-0.19949369,-0.3789317,-1.5042158,-0.62516457,0.78494,0.9011933,0.055563014,-0.8753733,-1.5736312,-1.8405569,0.8778441,0.60139996,1.380524,-0.4827744,0.5617714,1.568294,3.244829,-0.85677624,-1.8995374,-0.59176385,-0.46289706,-1.7836533,0.19523904,0.43842614,-0.32653365,0.90487653,-1.0023389,-0.3358603
AACTAGTGTCGTAATG-1,-7.6851635,-2.1476645,-4.8264804,1.3009523,0.16017017,0.51368207,-1.7270075,-0.047474097,2.0389373,-3.0317857,-0.16613062,0.06568187,0.95757765,-0.83474356,1.2399063,0.07027797,-0.56404215,1.1286902,0.17873475,0.19936374,0.24892929,-0.5372145,0.4966782,0.16754726,-1.7169064,-0.48401037,-0.27240285,-0.32798386,0.6779311,0.91685057
AACTAGTGTGTTGCTT-1,-6.2674174,-2.31892,-4.4665136,0.031397253,0.50036293,-1.9607899,-0.22450915,0.5143055,1.5906316,-0.6282105,1.0522374,-3.3741217,2.1413019,-0.5484958,-0.30404732,-0.47784227,0.41596636,-0.29495257,0.18069342,1.1496046,0.5545637,-0.082804866,0.72043794,-1.3725595,-1.7142031,-0.2501308,-0.34750915,-0.44825634,-0.8090891,0.4896704
AACTCACAGCACTAAC-1,9.665479,-0.9221433,0.2622062,-0.9096087,12.94551,-0.21200389,-2.9686954,-1.7905947,-2.9631467,1.9158094,2.403037,1.0332571,-0.6916142,-1.785062,0.6325594,-0.04081116,-0.70282185,-0.41244945,0.86889434,0.3737549,0.6039747,-0.6177409,0.72811455,0.3891982,-0.7163382,-0.44623378,0.2403147,-1.043054,-0.20489027,-0.5502732
AACTCACAGCTAATTG-1,-7.784912,-2.0504818,-4.4010773,1.1102086,-0.5447239,-0.5443418,-3.713904,0.24546355,3.6084626,-3.395828,-1.4712826,-0.30041432,0.5643941,-3.7565944,0.52388865,1.2277035,0.659191,0.3359515,0.25498873,0.59082013,-1.3912604,2.8698647,1.1378603,0.61645246,-1.437573,1.6353215,-0.77678573,0.5466679,-0.80799633,2.1142306
AACTCACAGGAAGCAC-1,9.575572,-1.4684447,1.314484,-0.10360086,14.373932,-0.17338853,-3.4401321,-1.7446284,-2.9964476,2.5194333,4.5658555,0.4934745,-1.6696577,-3.091673,0.8129061,-0.6595711,0.5409395,-0.43266693,0.0016975026,0.069730386,0.549123,0.6874525,-1.1008493,0.09414268,-0.2364242,0.20399426,-0.24206614,-0.11720896,0.16478087,0.29067346
AACTCACAGGGCTAAA-1,12.950856,-1.7938555,-0.28688145,-0.022351492,-0.5586107,-0.024085345,0.36288744,0.6911113,-0.020199781,-0.21541233,-1.0761992,-0.5541953,0.35401526,0.26377925,-0.212168,0.6736564,-0.12934627,1.2113165,2.61754,-1.1663077,-1.5980198,-1.7375115,-0.20156671,-0.7059067,-0.5236749,0.00020619793,-0.7008667,0.9656029,-0.24298806,-1.2063153
AACTGTTCAAGACTCC-1,11.303609,-2.8157134,-0.16411619,0.52502424,-5.1211643,0.5076312,-0.3319315,-0.05023788,-0.5102219,1.3796355,2.1399646,0.40698144,-0.41458502,0.14560607,-0.90896064,0.93953776,-0.6888712,-0.5255283,-0.5544243,0.043840185,1.3832204,0.06323848,-1.1518222,-0.01112429,0.26686877,-1.724883,1.3296322,-0.45544368,-0.99396557,-0.3233588
AACTGTTCAGCGCTTG-1,-1.5942923,18.169159,0.10646851,-4.3113976,-1.5604628,0.49470448,1.2290447,-2.6683135,0.6459596,2.253412,-0.3576037,-1.1186041,-4.6720195,-0.42627454,-1.505639,-2.6966617,3.2486138,2.2949288,-0.5825163,-0.6583888,1.3907229,-0.50014246,-1.9707035,-1.1798793,-2.2007139,-0.15217337,0.7634455,0.40783808,-1.5792804,4.2461166
AACTTAGTCCATAATG-1,-0.38405877,20.844227,1.0273694,-3.5271118,1.286005,-0.34927976,3.8406825,5.6188383,0.42769915,-0.28531802,0.865143,-4.7440963,-0.37101284,-1.8243128,-1.0465168,-1.8567815,-0.14345583,0.3758539,-2.7514484,-0.17955087,1.409281,3.407249,0.9516057,2.6066406,-1.5125732,-2.2928386,4.4212418,3.1819963,-2.9626627,2.9645908
AACTTAGTCGCGCTAA-1,-6.322792,-1.3897749,-3.4652708,-0.38027474,0.22137941,2.6846466,-1.719284,-0.5937189,0.8199549,-1.1594077,0.26799273,-0.830098,1.4991077,-0.80086124,0.16418144,-1.960425,-1.0000966,-0.6255975,0.22840624,2.4957545,-2.0530949,1.1657102,-0.8203991,-0.76977926,0.17577943,-0.83066505,-0.03613884,-0.12305734,0.24086198,-1.3943049
AAGAACAGTATTCGTC-1,-0.97899324,22.119041,0.2607916,-7.992509,0.4504721,1.0614457,-0.09483726,2.4680748,-0.6280465,1.0939779,1.4742844,-1.5511234,1.4322807,2.0998182,1.5985416,2.940699,2.42775,2.3303964,1.5681856,-0.067418575,-0.2807738,-5.6996565,-2.5935302,1.854512,8.172108,-3.061244,-3.424945,7.4234986,3.2370896,-2.4074469
AAGAATCAGGCTACAT-1,-7.6399903,-2.543148,-4.7996807,0.23470019,0.60864234,-3.865603,1.9498603,0.12900548,-1.3797336,2.5403454,-0.6773341,0.605619,-0.41264957,1.7074529,-0.22220072,0.06594709,0.18362553,0.62098384,0.582404,0.27085742,-1.9802427,0.406392,0.24120766,0.37872162,-1.8692522,-0.5177644,-0.048221193,0.13507797,-1.6776012,-0.6363819
AAGACATAGTAAGGGC-1,12.313695,-1.7369072,0.46823868,0.7872097,0.7473562,1.3782921,2.5032256,3.4219134,4.177492,-0.020499028,-0.4220956,1.3353344,0.20395714,0.6466956,-0.8086415,-0.0819382,0.21180339,0.9930519,2.143016,-0.7423315,0.266564,-1.1219199,0.43404666,-1.557527,0.6662609,-1.1754601,-1.4597727,-0.12571,1.6741501,-1.4256735
AAGACCAAGAGAGGAG-1,-7.8271604,-3.9253664,12.97255,-1.847013,-0.6135348,0.9411158,3.170755,-0.31107366,-3.7972531,-3.5453062,2.6644027,0.3641326,-0.60531455,1.7468427,-0.6582417,1.5918722,-0.7891568,1.0518417,1.4944295,2.541015,2.0227506,1.4480056,3.896439,-0.9883631,-0.25593644,-1.5983316,1.0757387,4.9407897,-1.5986414,1.1523906
AAGACCAAGTTGTCTT-1,12.492005,-2.385657,-0.3123208,-0.38115767,-1.1339306,-0.36105907,0.28554592,0.29145417,0.5427918,-0.08613144,-0.957637,-1.2900801,0.57225645,0.3968192,-0.7140293,-0.47946286,0.028225185,0.16385324,1.1345963,-0.84887207,0.9390753,-0.10367303,-1.0198545,0.51278585,1.3053749,0.2831041,-0.0049413946,0.04860822,-0.097253405,-1.0187253
AAGCAAGTCATTGCAA-1,-6.554563,-1.1382068,-3.5657563,0.39342678,-0.49866587,-1.788719,0.6097549,0.24125662,1.8101225,-2.093306,2.271368,0.3047594,-0.9182072,3.507721,3.1274862,-1.3043566,1.9773749,-0.18694629,-0.5007744,4.5171947,1.7501168,-0.8708356,1.447268,-1.0960232,-1.8508013,-0.48583594,3.2144732,-2.7418036,-0.7207247,-1.5841696
AAGCAAGTCGTTTCGC-1,11.970186,-3.3470109,-0.06262972,-0.88394,-0.7591366,-0.42926455,-0.7385978,-1.0705905,-1.8713983,-1.31144,-2.9111478,-1.9820145,1.3482524,1.5437533,-1.1452938,1.0830817,-1.2361256,-0.08140226,0.5155825,0.49944502,0.05771775,-1.3886935,0.05678825,0.57680225,0.5865243,-0.71631104,1.5502337,-0.19994417,-0.5839688,-0.4230358
AAGCCTCCACAATGCC-1,-7.3454933,-1.5396568,-4.3535447,-0.05295729,-0.38884804,-2.9882503,0.57486933,-0.89813966,0.42047045,0.7641164,-0.056346435,-0.53838146,-1.7361473,0.43721816,1.4208114,-0.12583749,3.0164008,0.16644627,-0.26550528,1.1895075,-3.2740483,-0.034557905,-1.9028026,-0.5513796,2.3080046,-0.22428603,0.10163294,2.4247649,-0.12179103,-0.07915401
AAGCCTCCACACTAAT-1,-7.3106885,-2.116153,-0.87591374,0.75252885,-1.114504,5.520717,-2.0089068,0.9423774,-1.4623672,6.70364,-2.9574392,2.150635,-0.42207977,-2.596453,-1.5889899,1.5587319,-2.8272727,-0.57330453,1.1770631,1.4086462,-1.4763063,0.24180008,2.9327455,-0.14404514,1.0221624,-1.5850025,0.6878382,1.9465435,0.8816976,-0.3798802
AAGCCTCCAGACAAAC-1,-6.911521,-1.6096082,0.79516584,1.3467027,-0.9766435,3.151011,0.4655871,1.3020737,-1.508607,0.8719685,-0.008084734,-0.8385028,2.0388675,-1.1602336,0.033143327,0.66940385,0.9962051,-1.731761,0.49018297,-0.4058704,2.130882,0.94212496,-2.929156,-1.108712,-0.30808514,0.2909758,-1.0026485,-0.43790665,0.1617528,-0.23406522
AAGCCTTAGGAATAAC-1,12.698838,-1.4426477,0.16767642,-0.8524125,7.6327953,-0.9767578,-0.25397596,0.00017633675,-0.1632744,-0.71990013,-1.6521672,1.6341882,-0.40323946,-0.38352624,-0.02847188,-0.3391333,-0.62671924,0.6769896,0.98713213,0.32319757,1.224716,-0.5008152,0.52749836,0.01564991,-1.1845801,-1.4589268,0.71404743,1.8361936,0.8129509,0.8901089
AAGCCTTAGGCTAAGA-1,13.7100525,-2.853654,0.44374,-1.1457477,-6.52638,-1.0855199,-1.0605294,-1.3429251,-1.844443,0.6734732,1.4584318,0.78928685,-0.9860132,-1.0300326,0.17288627,-0.38640606,-0.22901772,0.14178176,-0.3299983,-0.11497106,1.246116,0.07718898,-1.2627261,0.7461135,-0.42756793,1.6955041,0.1309624,0.05614861,-0.52847964,0.61025065
AAGCGAATCATGCCTC-1,10.572481,-1.5293777,0.10766802,-0.6770797,5.1260705,0.0045694807,-2.651421,-0.35206488,-2.3722548,1.1307582,-1.4536164,1.1021348,-0.6029756,0.023103379,0.5786588,0.5362054,0.5481642,-0.3575992,-0.57612103,0.15584746,-1.157494,0.19171286,-0.16822547,0.9888448,-0.3012919,0.28392825,-0.26333842,-0.77660227,0.97824174,1.6167339
AAGCGAGGTATCTGGA-1,-0.40842876,18.698483,-0.08495762,-3.1225908,1.2832507,1.3337207,3.625317,-6.35858,4.101003,1.5425918,-0.45142436,-5.0849833,-5.1720753,-0.2558551,0.75875276,2.3568814,-1.0105972,2.9265535,-2.1428134,-2.3982193,1.0279337,0.5060509,0.5651392,4.5407333,0.32130975,2.9666631,2.7751446,-0.9690479,-1.2421119,1.5390065
AAGCGAGGTCGACTCC-1,-7.565979,-2.6247015,-2.245893,0.3382891,-0.5006265,-1.0660427,3.5113976,0.53515273,-3.1994405,0.80109364,-1.162203,-0.62681925,0.90833974,0.036936227,-0.6582256,-1.5987889,0.64083034,-1.6177742,-0.2989588,1.13689,-1.9171284,3.2379677,-1.6662444,1.0431764,-2.3621078,0.98513246,-0.10556884,0.33156615,1.9066004,-0.42813432
AAGCGAGGTTACCGGG-1,-1.2913827,20.354355,0.63964665,-5.093597,-0.50980157,0.97299975,-0.049242586,-3.541718,2.2722697,-0.8946148,-3.6896117,-0.86973816,-8.630839,-1.0168413,0.38443232,-0.55330664,-0.16693336,-0.33125106,0.41048914,1.2255962,1.2035719,0.5071959,-3.2629483,-3.823074,1.249105,-2.9353776,-0.10510561,3.8606446,4.9994645,-2.4332576
AAGCGAGGTTGCACGG-1,14.971106,-2.939398,0.07749538,0.6904013,-4.4066834,-0.33407366,-1.3507401,-0.84619075,0.4571415,1.0794638,3.4072194,1.3205048,-0.15829577,-1.4166017,-0.24725948,0.027335763,0.9085462,1.3976171,1.3663924,-0.70743406,0.70713496,-1.7364637,-0.9848291,-0.8686494,-0.6214846,0.30971873,-1.0290705,-0.66386855,0.3055525,-2.4189703
AAGCGCTGTATTGCAG-1,-5.8935595,-2.453005,-2.6229143,0.033412796,-0.067845955,2.1122854,-0.034842893,-0.70598054,0.48169923,-0.2221776,0.496577,-2.3312385,0.9942751,-0.90079594,0.27504927,-0.31284732,1.7730503,-2.1291342,-0.3749233,0.8516562,-1.3255104,2.4066935,-1.4359707,-1.160284,-1.299158,0.46882236,0.15797068,0.39090392,0.23250115,0.34481874
AAGCGTTTCATTGTCT-1,-0.07529977,29.325308,2.0402935,-8.373741,-1.1888701,-0.016529504,3.0596325,-13.593297,5.7862244,1.729352,-2.0970387,2.9372425,-6.0535784,-1.8314383,-3.4832628,1.4280012,-0.51656854,2.2145936,-4.2349434,-0.6161423,-0.6340428,0.84199846,2.62156,-8.351344,1.2975913,2.9537797,-1.4488089,2.8381374,0.6634545,-6.0014596
AAGCGTTTCCTGATTT-1,-1.3525916,19.834232,-0.20678002,-5.547225,-1.0093737,2.8631282,1.7697947,-12.582772,3.9991205,1.0945858,2.4741862,0.5683565,5.919135,-0.04740542,0.3066129,0.7126766,-3.4066448,-4.5363007,1.6976501,1.3048633,0.092414886,-3.8357098,-0.41931823,1.0795972,2.6925197,-0.53356206,2.43581,0.75386155,5.688766,-0.7778134
AAGCGTTTCGCACACA-1,9.583405,-0.06168499,0.7448761,1.1492444,4.425458,1.5442752,6.44642,4.667158,8.704201,0.5278385,1.6424689,-0.2811057,-0.33336055,-0.7436784,0.33084422,-0.34066266,-0.17352489,0.008759285,1.2242444,-0.08985179,-0.12449968,-1.2294372,-0.02300037,0.023123223,0.44229802,-1.3067695,0.55643594,-0.723668,0.50526494,-1.2856287
AAGCTAGAGATGGACA-1,-6.1710877,-1.8513954,-2.8202188,0.5646729,-0.61609083,-0.47609276,0.0032490639,0.0138036385,0.85988086,-1.5094229,0.3390007,0.44816005,-0.63603157,1.2396802,1.4359715,-1.0298529,-0.57931024,-0.4764614,-1.7035943,0.9400654,-1.4036119,-0.6281478,-1.0529546,-0.9720104,-0.50517434,-0.86327374,2.9985259,-0.84153384,0.6444439,-0.25856495
AAGCTATGTTACTTGC-1,-6.4428062,-1.7795105,-1.7168022,-0.099936835,0.10860199,3.126495,0.3372547,0.30101627,-1.681015,1.7679622,-1.9626954,-1.8007557,0.29001728,0.12944199,-0.8901269,-1.0704217,0.23502438,-0.30529913,-0.8713681,-1.2356592,0.7727002,1.0693417,0.004350464,-1.3712784,-2.2367299,1.2892323,-0.4429708,-0.16607647,-1.0966518,-0.16353315
AAGCTATGTTTAACCC-1,-1.32241,25.73927,0.8449003,-5.935763,-1.9482789,-0.70339394,0.8196336,-0.57393074,-0.7175682,-1.3081832,2.299337,-3.3523643,-2.2268875,1.871379,4.362219,8.20296,-6.782665,3.4708571,-1.381706,-3.1202016,-3.511672,3.496714,5.3818374,-2.542997,1.2746439,5.096644,-2.131847,-0.31810564,-2.2237084,-0.1965978
AAGCTCCCAGCAATAA-1,-2.148678,22.70823,0.39355153,-5.8180103,-2.1586182,-1.9296502,-0.97876835,-3.057885,-1.2076359,-0.4577191,0.3467852,1.6946234,-0.39004776,1.3560542,1.9879383,7.745989,1.0642719,2.1587205,-6.25883,-2.1265156,0.52283096,0.74916244,-5.339272,-8.114212,11.798923,-4.382259,-5.6508565,0.8883626,1.4095612,-8.700904
AAGCTTGGTCGCAATA-1,-7.491736,-2.1492512,-4.2788167,0.22879806,0.070975624,-1.5116817,-0.14896284,-0.07273453,0.5564259,-0.94275045,1.2666975,-3.2496006,0.08880843,0.057818174,0.17778686,-0.07708834,1.9735578,-0.8292557,-0.32767645,-0.65125716,1.0941358,-0.3481383,0.34208098,-0.8065234,-1.4639338,1.9249685,0.7551766,-0.6751548,0.0030204207,0.11814781
AAGGATCCAGTCTAGC-1,-6.066058,-1.1854075,-4.7603855,0.3828274,0.42179483,0.96919227,-2.9309802,-0.054344036,1.0917753,-2.528092,-0.64499605,-0.574649,0.68993866,-0.89949965,-0.18462548,-0.61226296,0.9026726,0.75329316,0.43005827,0.44255894,0.8519262,-2.2858703,0.19805968,0.24191178,0.47605348,0.13474102,0.4371012,-1.8734401,0.06022803,-0.3103956
AAGGATGTCTCATCAT-1,-6.185075,-1.5699695,-3.941275,0.0374994,1.1012231,-0.73512125,-1.5428433,-0.36158144,0.6546921,-1.4509518,-0.146666,-0.6291092,-0.79883945,-0.7274922,0.3806334,-0.6715119,-1.1541835,1.0009462,-0.066065624,-0.3683141,-1.0737602,1.1833726,0.7545217,-0.7404134,-0.114472575,0.009820176,-0.048322912,-0.53453815,0.06498663,-0.9601008
AAGGATTAGTAGCGCC-1,15.216155,-3.4024458,-0.3476114,-0.455613,-1.2225868,0.4441072,-0.4281351,-0.16744784,-1.5443754,-0.24814697,0.020947983,0.19705428,-0.42119002,0.2043416,0.8066916,-0.55538416,-0.083030134,0.25693765,-0.5621767,0.23789594,0.33915013,1.2619344,0.084154464,0.8746752,0.45594564,-0.16698103,0.26426157,0.2922286,-0.7481772,-0.12372554
AAGGCCCTCTTGATGA-1,12.631761,-1.1790375,-0.12985703,0.6243762,-3.7896752,0.18806806,2.3961346,1.7352749,2.0198028,1.7597754,4.0754056,0.6637347,0.23516619,-1.1392393,0.053921536,-0.28096777,-0.8866468,0.85418016,0.98605895,0.3715483,0.3017464,-0.4234031,-0.0033484309,-3.2448556,-1.311549,-1.1709249,-0.22072455,0.8377504,0.455154,-0.7785578
AAGGTATAGTAGCGGG-1,-7.870494,-2.5759802,1.7018138,-0.4411401,0.20401652,1.2971643,2.9617357,-0.3273611,-2.6485825,-0.97805417,-0.10820309,0.5019989,1.4509254,-0.9264495,1.1363693,-0.43904853,-1.6705773,0.5698402,-1.8459374,-1.5985478,-1.6115105,-0.55690813,-1.5098581,-2.187192,-1.1590583,-0.6142294,-0.29251412,-1.766945,-0.28167927,1.6934468
AAGGTCAAGAATGACG-1,-6.179049,-1.4359729,-3.9170713,0.1770919,0.6024185,-1.0274737,-1.6777264,-0.40902084,1.8125188,-2.5113437,-0.51646626,-1.2740686,0.6740784,-0.9978349,1.6055615,0.5982955,-1.4136854,0.7637506,0.7662921,-0.105350286,0.32892674,-0.44459403,-0.70771706,-1.5553628,-1.3474474,0.26682782,-2.1682572,1.0308576,0.18957855,0.35098958
AAGGTCAAGCACAGAA-1,-7.6408844,-1.8183638,-6.476111,1.3686402,-0.8727768,-6.7411146,2.0236294,-0.021547986,0.60247195,1.0483875,-0.6191748,5.004039,-0.5540381,-1.4507607,-0.8259915,2.2579203,0.42223707,0.098468535,-1.4889581,-1.4458641,-2.2997952,3.3029866,3.1179466,4.903443,5.358105,-0.18146245,-0.2533096,-1.7399911,-2.7103581,4.6322584
AAGGTCAAGGTCCGTA-1,9.958523,-1.986561,-0.13356341,-0.31822252,-3.978605,0.7239622,-0.49392313,0.25390595,0.73748887,1.7881547,4.7916145,-1.1045182,-0.32649204,-0.81406105,0.3897022,-0.5923592,-0.7352502,-0.47353345,-0.33075666,1.0336905,0.37069958,-0.32151803,0.093235314,-0.9394305,-0.456152,0.4494294,0.8135513,-0.21476853,1.5312759,-0.83860695
AAGTAGCCACGGTTTA-1,13.360674,-1.1940877,0.5436507,-0.92508423,2.8018408,0.28788808,1.5012087,1.412615,1.3508546,0.20604916,0.09139911,0.9652118,0.5557227,0.9745728,-0.027174652,-0.031481173,0.22920693,0.15293461,0.7237749,-0.6489869,-0.41453436,-0.32540473,-0.7237438,-0.028012749,0.963363,-0.7995377,0.52535915,-0.3096641,0.4038614,-0.43287006
AAGTAGCCAGTTTGGC-1,-6.1216245,-2.363069,-4.2422905,0.54455715,0.39347517,1.22518,-2.784452,0.73170274,0.9886364,-0.40892497,1.2357979,-1.8048656,0.09289165,-2.578461,0.45924526,-0.045062426,-1.7120291,0.33566764,-0.12168871,0.76924574,-0.072169684,1.5302963,0.82646126,0.69931746,0.15005025,-0.67367995,-0.561877,0.5074414,0.38548067,0.75049376
AAGTGAAGTATGTGGC-1,13.047886,-2.4913435,-0.5178166,-0.16257824,-1.4546548,-0.15406385,1.2121586,0.7542078,1.2206546,-0.6615227,0.5336635,-0.6983808,0.57581156,-0.43347806,0.11916275,-0.19605982,-0.40492988,0.7392176,0.25772327,-0.7564736,0.41741133,0.42833334,1.4267746,-0.38542885,-0.31297773,0.25675365,0.24854171,-0.65830094,-0.07803479,-0.45533106
AAGTGTTGTGAGACTC-1,13.262855,-3.0271218,-1.0359395,0.09849239,-2.650737,0.51821303,0.14823593,-0.10285049,-1.8287536,-0.42821544,-1.8044599,-2.8286474,0.82407284,1.0702345,-0.104951955,-1.1272733,0.41073954,-0.39997783,-0.58114284,0.57312757,0.57465255,0.6094962,1.0515996,0.29665852,-0.13496765,0.05284209,-1.3474191,-1.1849871,-0.47826928,0.5965157
AAGTGTTGTGCTCCGT-1,-6.221464,-1.5118762,-2.97482,0.27037948,0.45524484,4.592876,-0.3803162,-0.05762322,0.53810984,0.7028286,1.3963672,-1.9822055,-0.38218063,1.8926594,-2.041237,0.96399826,0.9521148,-1.0558115,1.0164909,-3.2256615,0.1743966,0.31004485,-0.104598604,-1.4972881,0.24563631,0.045013428,0.10232842,-0.40687522,-0.59045357,-0.6741881
AAGTGTTGTTGAGGTC-1,5.5556226,2.7022257,0.61078715,2.263075,5.5930266,1.0253158,7.6163287,5.4767976,7.99121,0.39842105,2.2538028,-0.8143303,-0.38761958,-1.7274885,-0.60812753,-1.0433298,-1.3255843,-3.2108264,-2.9454432,0.8408782,1.7325314,0.2929212,-0.63694435,1.0966146,0.0097159175,1.5047897,-1.4024234,-0.16790527,-0.4789178,1.9601434
AAGTGTTGTTTCGCCA-1,-6.836285,-1.545189,-2.8287697,1.5709676,-0.64192986,2.9775913,-1.8990479,0.12609936,0.43154326,0.21178836,0.30379125,-0.38743913,-1.3474429,1.7168798,-3.1160526,1.5162059,1.2382607,0.5956867,0.9852501,-0.6319124,0.16633311,0.08680877,-0.7941205,-0.73659396,0.97915787,1.0922886,-1.8664984,-1.0922586,3.5011377,1.6172085
AAGTGTTGTTTGCAGA-1,12.333424,-3.6919355,-1.2510531,-0.7300101,-3.6184127,0.030808104,-0.8551236,-0.8297313,-0.9883346,-1.9028255,-2.9432724,-1.6565096,1.8253025,0.81402034,-0.6044129,-0.39657986,-0.07633662,0.1403147,0.5144557,1.0680293,-0.4599735,0.093427524,0.4287038,-0.71619755,-0.2243496,0.83279234,-1.0999173,0.6490405,-0.34668678,1.1805822
AAGTTACGTAGCTAGC-1,-6.944294,-1.9407768,-3.1099896,0.5181145,0.13094482,-0.4182873,-1.2545137,0.8135069,1.0757191,-2.586077,-0.9017129,1.2037148,-0.23619281,-1.6602075,1.7379615,-1.4280387,-1.5421405,2.330627,-2.0755162,-0.71646154,-2.0420966,0.6463444,-0.7222612,-0.51489586,0.20749295,-0.43270594,-0.80183643,-2.2205067,0.68419486,-0.036228787
AAGTTAGCACCTCAGG-1,2.0132267,-1.0096943,2.753531,-1.649397,0.92089677,-0.61409885,0.33905238,-0.027840013,0.07679145,-0.83252764,-0.061805323,-0.6009513,-0.41181386,0.46473193,-2.318966,-0.30264416,-1.4147009,1.1149029,0.12085266,4.2234364,-1.4507761,-0.08736437,-0.37995613,-1.8174585,0.8551689,-1.3863046,3.3863819,0.7221499,1.9364027,-2.0106983
AAGTTAGCACTAAGAA-1,-8.624779,-2.9258313,-5.5537643,1.0520377,0.23310843,-5.1110387,2.351491,0.20474297,0.67700255,-0.5446822,0.028693907,0.6030329,-2.3211823,-0.67211705,-0.12913121,1.4320858,0.6545501,-0.2012741,-1.1891437,0.5169376,-0.68279624,0.5240672,1.5850269,2.3216035,-1.5937507,-0.16699658,0.98318607,-3.349605,-1.4001068,-2.3106267
AAGTTTGTCAAGGACA-1,-6.579816,-1.8027917,-3.2880206,0.021824704,0.5795898,3.708221,-2.2661119,0.7653346,1.1404569,0.240996,-0.86503536,-0.891847,1.2383081,-0.9198045,-0.16250502,-0.29727557,-1.5164502,0.007042813,0.62553316,0.6665536,-0.011284442,0.53559256,-1.4664131,0.18225819,0.0077632316,-1.965391,0.25743157,1.5958457,1.426284,-0.48791206
AAGTTTGTCCAATTAG-1,-6.751821,-2.623089,-2.9723866,0.4008295,-0.38004062,-5.3705482,3.3804321,0.33135143,-1.418246,1.8327603,1.3195978,-0.89487976,-0.569846,1.5353016,-0.26447973,0.8304471,-0.98097724,-1.6660168,-1.9664004,-1.6596417,-0.7896294,-0.29160812,-0.3442278,-2.091505,0.12821741,-1.8348659,-0.30937725,0.48228496,-0.97102076,1.1565716
AAGTTTGTCTAAGTGC-1,-8.119091,-4.152281,12.072145,-1.3889314,-0.2837433,3.1074295,4.9096875,-0.33409125,-3.9171917,-3.4792082,0.028682906,2.9733412,-1.2247683,-3.7902155,-0.7681018,4.1753054,-0.1348019,-1.5183055,1.3524002,0.6565096,0.6108753,-0.21594352,2.0601368,0.7816087,-1.139281,1.8222795,1.0259242,1.2258084,-2.3315718,0.32121456
AATACCGGTTCCATTA-1,-8.426212,-4.017506,7.7330513,-1.3260702,-0.88281333,1.4906064,6.900336,-0.5228346,-5.8964934,-2.1682794,-3.4007714,0.8055683,1.0262735,-3.0886862,2.4604592,-1.1004615,-0.15488547,0.9532433,-2.2461889,-2.191181,-0.29284522,-2.7183225,-1.8962849,-0.35819197,-2.073857,-1.499174,0.0823548,-1.3499148,-0.77983844,2.7140124
AATAGAGGTATTCGTC-1,-7.626097,-1.8647966,-5.1205587,0.19381934,-0.6150063,-0.6756976,-1.6398373,-0.3770647,1.445728,-1.4134885,-0.017182227,-0.944891,0.35187924,-0.41943583,0.09022082,-0.82052934,1.4321676,-0.048576478,1.5748231,-0.9646714,0.91189206,-0.18690701,1.2118361,0.74722207,-1.166544,0.11321128,-0.4227936,-2.4232972,0.41358462,-1.9814042
AATAGAGGTGAGGTAG-1,14.8486805,-3.172332,-0.4832047,-1.4485009,-5.3812656,0.6349588,-1.2487001,-1.5072879,-1.667586,0.75465906,0.5338584,-0.35483524,0.8696865,-0.5481535,0.5434505,-0.111331426,0.27049166,1.256868,1.5557823,-1.2090474,-1.327935,0.22430067,-1.660591,0.29577914,-1.4624804,-1.1945359,1.0897268,1.1035771,-0.9928549,1.0995015
AATCAGGAGCGAAGTA-1,-8.37292,-2.5473027,-3.419481,0.35464492,0.20353207,-5.500912,3.0069983,-1.295017,-1.4607098,2.4874933,-0.60147,-0.35688272,0.11553193,1.7883291,-1.0962933,1.6142079,-2.1686623,-0.26554653,0.4197101,2.9954684,-1.0210919,0.73111266,-0.6768884,1.1002164,0.83428675,1.6884583,-1.968318,-1.212579,-1.5273798,-0.30069828
AATCATCCAATCCTGA-1,7.821587,-2.2608824,2.8606133,0.5301978,-6.110863,-1.191686,1.4911532,-0.49307576,-1.756333,0.55588704,1.8855137,4.8385906,-0.8382049,-0.21414207,3.0301251,-1.7465043,0.6098592,-0.9390165,2.3906355,-1.3865535,2.2948272,3.8949542,2.1274176,-0.017071363,2.1315744,-0.06751254,2.5635772,0.5695358,-1.2579249,0.07539538
AATCATGTCATTACTC-1,-8.627312,-1.4436761,-4.9130006,1.0594188,-0.24598676,-5.077764,2.6871943,-0.26468137,-1.3997912,0.30679512,0.6685058,-1.0285754,0.16014767,0.9384496,-1.522124,0.35676512,-1.0477052,0.96259654,-0.45524067,-1.1534886,-0.25813147,0.11675723,-0.5251875,-1.5925583,3.0050569,-1.4190305,-1.444319,-0.85716057,-2.703592,1.5429385
AATCCATCACCTCAGG-1,-2.093757,21.67978,0.83177924,-6.704185,-1.4695657,-1.2482293,-1.0004858,8.028086,-2.4914188,-1.3649814,-0.22256038,-2.1176298,-0.29071748,-0.23570998,2.0825238,-1.9525963,0.49104267,-0.192099,-1.396259,0.258613,2.5360808,0.2145734,-5.9400406,3.8209567,-3.8504004,-3.2096763,-1.4461687,-1.7363918,2.98423,0.7840915
AATCCCTGTGCAATAT-1,-7.8377905,-1.8359832,-4.522826,0.6363568,0.1541913,-4.6295304,1.3346025,0.7304932,-2.2949212,2.5976298,0.6150925,0.81568676,-0.5448853,-0.33062163,0.6609541,0.48545802,0.5549807,0.16504338,-0.13677584,-1.0801433,0.49923968,1.6854086,-1.4588007,1.2332041,-1.0125699,-0.6368854,-0.42804268,0.50065655,2.107824,0.37925163
AATCCCTGTTAGCCAA-1,-7.656059,-1.0760031,-4.425148,0.9981757,-0.022398774,-6.3433356,3.768315,-1.1194963,-1.8406793,2.1481233,-0.47970027,1.2781698,-2.0510375,0.5214822,-1.2728579,0.33874208,-2.2518961,-0.72320414,-1.7261724,-1.0518197,-1.7308766,-1.2174704,-0.22504018,-0.36940116,0.8078539,1.1686537,-0.84544265,0.9441306,1.0987136,-1.4643246
AATCCTAAGATGGAGC-1,15.050124,-2.661086,-0.49157277,-0.74892485,-6.330766,-0.11923013,-0.5833129,-0.26392967,-0.49948296,-1.2858196,-0.26201627,-1.4421815,0.6765695,-0.13172054,-1.3924544,-1.1314266,-0.53155226,0.47584042,-1.3798194,-0.56341714,0.19352843,-0.75654006,0.11783455,0.42806897,1.9087509,-1.2259699,-0.3040763,-0.19808199,-0.32687733,1.2277584
AATCCTAAGCGGGCAA-1,11.876855,-1.1635616,-0.5197104,0.08918968,-5.3301535,0.03623343,0.56089795,-1.1336066,1.0385938,0.7770718,2.7505326,-1.5868216,-0.42788312,-0.8619657,-0.11375228,1.861064,-1.5119133,0.31294262,-0.8678823,-0.3891718,1.2934898,1.4026217,-0.69110465,0.03833802,0.3392078,0.6311762,-0.32242593,1.5778759,-1.1490963,-0.7383851
AATCCTAAGTTGGATC-1,-7.105929,-1.3959806,-5.5863204,1.3181739,-0.41749102,0.60832864,-1.9250158,0.5936581,2.2045424,-3.374254,-1.282137,-0.51808596,0.4802937,-3.3890338,0.25171253,0.047434576,2.447109,0.20574245,-0.689446,-1.5098412,-0.8534105,0.32814056,-2.542135,0.8369704,-1.3253468,1.8175765,-1.162534,0.14359689,-1.2471344,-1.3925549
AATCGCCCACAGCCAT-1,-7.3226395,-0.74455136,-3.4270608,-0.23557481,-0.6944125,-3.059175,0.05203672,-1.709411,0.04012484,0.59303653,-0.1321808,-0.5505867,-0.8110515,0.32401416,1.0724759,0.6653366,1.6281898,-1.604144,-2.4077606,-0.13069594,-0.6187493,-1.3326017,-0.44247532,0.51076293,0.6082016,1.1318052,-1.1105502,0.22247659,-1.2403878,0.6963462
AATCTCAAGCACTAGT-1,10.202319,-0.031898476,0.60844535,-0.65853274,12.22035,0.040984962,-1.616436,-1.3528761,-2.205708,0.6007415,0.97160435,0.43401,-0.90301675,0.701543,0.23811527,0.5761423,0.23075989,-0.0712175,0.35642168,-1.1494458,0.096102774,0.89419144,0.36448953,-0.35909745,-1.1134117,1.2982675,-0.37086943,-0.6897755,0.30257452,0.7233712
AATGAAGGTAGGTTAT-1,13.226292,-3.5133035,-0.7054392,-0.30766553,-5.11091,-0.06272737,-0.06412278,-0.20067139,1.1092765,-0.753088,-1.8456154,-0.8803857,0.50527084,0.74028254,-1.221094,0.33401534,0.5382257,-0.008900748,-2.2483428,0.14024378,1.084975,0.18142731,0.10703583,0.63800377,0.821053,-0.46281108,-0.11863302,-2.597021,0.98529214,-0.91594785
AATGCAACAAGGTATA-1,-6.8402333,-2.4645727,-3.1099062,0.7811763,-0.44474268,-2.8925102,1.2982696,-0.26237798,-1.7212214,1.120612,0.45205778,-0.8057134,-0.1484491,1.1200721,-0.768611,0.99913365,-0.08092183,0.062287536,1.3935165,0.04957188,-0.7131545,-0.546342,-0.4556797,-0.25829017,-2.1749184,-0.4355349,1.0714602,0.79404396,0.40369323,1.9176584
AATGCAACACACTAAT-1,7.0563145,-2.4116063,-2.6641736,-0.46432933,-4.101449,-0.763382,-0.4731158,0.50334036,1.9718541,0.22284289,2.9279015,4.0896134,-1.1150528,-2.1452992,1.1247039,0.95141613,1.737012,-0.19171207,0.033499654,0.3814918,0.4454836,-1.0891284,-1.8696868,-0.8530506,-1.0742123,0.78994834,0.3028393,3.5348582,2.021886,2.0793672
AATGCAACACCACAAC-1,-6.527236,-1.8758471,-4.0879455,0.52563816,0.5702999,-0.56007946,-0.6318453,-0.31563517,2.0968351,-0.7708716,0.16321108,-2.0242944,0.8789422,-0.07993964,0.31914136,-0.5237387,2.3340871,-0.915943,-1.2453843,-0.89795923,-1.0621644,0.7828245,-3.3494735,-0.38624996,-2.4236083,2.0672562,1.9420049,1.0325427,0.26967013,0.9105668
AATGCATGTGTTTCAC-1,9.537024,-1.2447608,0.5892868,-0.8021424,10.790209,-0.2169029,-2.8375442,-1.0114063,-3.573419,1.208912,3.1720178,0.4269336,-0.3738798,-0.74094933,0.85389674,-1.1565856,0.79093975,-0.74043465,-0.4000004,-1.1105278,0.7453731,0.12390582,0.15721229,-0.7984183,-0.076108664,0.008133861,-0.11725733,0.7711216,1.0212686,2.125616
AATGCGCGTACCGGAT-1,14.554717,-3.1580293,-0.5527417,-0.8693246,-6.635961,0.03641798,-0.021048563,-0.77238554,-0.58857954,-0.10586749,3.3072653,-1.1599745,-0.81163317,-0.6719522,1.7529382,-0.27824986,0.88436705,-0.61012447,0.2922454,0.71720386,0.37652227,1.2508426,0.442779,-1.6144949,0.003657616,0.7402886,2.5325086,-0.5370222,0.8453774,-1.0722232
AATGGCGCAAGCCACT-1,-7.824462,-2.8523884,10.068068,-0.75079143,-0.62925124,0.7665394,4.7319093,-0.79204845,-4.660443,-2.0823033,-1.8369015,1.6741229,0.944187,-0.13081047,1.3595384,0.36719188,-3.8524945,0.66654474,-1.7401251,-3.2848537,0.49928507,-1.7099689,-4.6648164,-1.4842806,1.7323209,2.8818107,2.3393083,-1.6318643,-0.5510324,3.4096723
AATGGCGCAGTCTATG-1,12.257023,-2.8736742,-0.98067886,-0.98783135,-6.51712,1.4089195,0.6003798,-0.7449486,-0.67591995,1.0754766,3.5744712,-0.96596396,-0.32391778,-1.8000811,0.36164466,0.26402503,1.0044578,1.2993622,-0.016434617,-1.1434287,-0.09927508,-0.19644769,-1.6882019,0.54905385,-1.3175961,-0.92171186,-1.5677304,-2.5829735,-0.110899106,-1.4359559
AATGGCGCATCACTTC-1,-6.234089,-1.2456574,-3.2371557,-0.17074023,0.13412726,-0.89088166,-0.92252755,-0.09699458,2.3088253,-1.3971148,-0.99175644,-1.6564077,0.5907772,-1.410044,0.5620759,-0.6229058,0.6594756,-1.3881565,-0.63259596,-0.4881443,0.71695703,-0.7021065,-1.742117,-0.61494815,2.1705797,1.0620227,1.7114729,2.0112214,-0.48076317,-1.1441569
AATGGCGCATTAGCGC-1,-6.5843024,-2.1262505,-3.719551,0.16599615,0.41814378,-3.0855196,3.099055,-0.17372887,-0.9009918,0.7029788,2.7357855,-0.21959777,1.3753453,0.75845015,0.25338003,0.48693055,-0.5824951,0.15707172,1.5481386,-1.0394021,-1.6806408,-2.8474739,0.45929858,0.7086028,1.3166636,-0.45085666,2.7537122,0.48722097,1.579215,2.7841096
AATGTCCAGGTAACGA-1,9.552903,-1.1201967,0.652086,-0.84495753,12.514499,-0.43819284,-1.9705454,-0.815032,-1.9438738,0.4487017,1.4391098,1.2803515,-1.0995077,-1.0250092,0.7916731,-1.7680207,0.273163,0.0111633865,-0.60696644,-0.36833233,0.3702345,-0.6575279,-0.099680014,0.8617112,0.6551849,-1.3661494,0.010900848,1.06025,0.89494765,0.30970156
AATTACCCACCTGCCT-1,-8.300628,-2.6874442,-4.793855,1.4156688,-0.6951654,-6.4746118,1.57287,0.5000453,-1.6704336,-0.1915912,2.0352836,2.8729935,-0.83598876,1.6655787,0.6417313,-1.6522603,4.7854,-1.847405,1.0850569,2.2523966,4.333859,1.5059772,1.1499392,-1.2536242,2.263529,-0.18161595,2.0182471,0.87601227,0.50061685,0.27342898
AATTAGGCATTTAAGC-1,7.3579144,-1.0662937,0.658151,-0.9083001,10.792657,-0.16630071,-3.6907816,-1.5068798,-3.2004719,2.238676,4.234129,0.028500397,-1.7441542,-3.0833156,0.6301671,-0.18694659,-0.8345268,-0.7156956,-1.0628233,0.44671836,0.99615675,0.08703693,-0.28470904,-0.27856725,-0.17172767,-2.0159347,-0.14607033,-1.2173071,0.4717149,0.066724755
AATTCGTCACTTAGGC-1,2.1487095,20.041504,7.527787,42.275055,0.90535057,-0.08275509,-0.96743983,-1.2474556,-1.3753146,-0.5324054,-0.44953668,-0.91409963,0.5396463,1.4340936,-0.016730016,-1.4700462,-0.791429,-1.358366,1.8249022,1.3085796,-1.2349416,-2.241834,1.0248896,0.48462296,-0.78349745,-2.259915,1.3635726,-0.57366484,0.020716205,3.5857315
AATTCGTCAGCAGGTA-1,-6.363991,-1.1966406,-4.146461,-0.19283672,0.34880486,-1.1445838,-0.7962692,0.058236588,1.0865178,-1.2221016,1.6324838,-1.2306594,0.7997098,1.0502182,0.59025186,-0.85575736,1.9353502,-1.1115643,0.4258176,-1.589788,2.9712112,0.12939933,1.7365415,1.5635964,0.615546,4.55986,-3.2495635,3.1283984,-0.70307785,-2.408959
AATTCGTCAGGCTAAG-1,-7.2854934,-1.9400617,-1.6428651,-0.2098993,-0.78757036,4.937168,-1.0395257,1.156081,-0.23234789,3.5228324,-0.8063574,-0.9206682,1.6314156,0.0073579783,-2.0571275,0.7365628,-0.90860695,-2.2175257,0.18197049,-1.4040663,0.22517326,3.0399697,-1.3689696,-1.9082555,-2.0277538,0.03149921,2.5490067,0.1255456,1.1425107,1.111321
AATTGCCAGGGCTTTG-1,10.085873,-1.1373318,0.7619462,1.3190362,7.888576,-0.09538643,-2.2033312,-0.57624453,-3.352761,0.4549453,0.8571387,-0.17390035,-1.1690954,-0.6080488,-1.6261765,-0.6261345,0.12663388,-0.17547908,-0.049059555,-0.14839254,-0.27309877,-0.8413231,1.02242,-0.6251359,1.2617695,-1.3966672,-0.16188845,-1.0790783,0.22188005,0.3837598
AATTGCCAGTACTGGT-1,-6.4555006,-1.8216897,-0.84959793,0.14446376,0.44783655,3.5976832,0.7821623,-0.6033177,-0.0068077845,-0.32861826,3.1656697,-2.6256151,-1.2126462,2.2983713,-2.9870274,0.7644028,0.45368838,-0.11723381,1.3307443,-0.27705067,-1.1144317,0.824831,-1.8169917,-0.52187467,0.8931214,2.8173864,-0.25628462,-0.68086153,0.59244436,1.8840094
AATTGGACATCGCTCC-1,-6.2107077,-2.9708078,10.786743,-1.535693,-0.02012826,0.51785,4.617917,-0.009840371,-1.3085073,-4.4712477,-0.81279474,-3.0565553,1.3025941,-1.7995993,2.2972283,-2.1029387,1.0860505,1.5774745,-3.107224,-1.9623393,0.3912945,-4.4208007,-2.8418095,-0.93323606,0.71543837,-1.6033697,2.3239093,-2.1493287,-2.7958465,0.8773447
AATTGGGAGCCAGGTC-1,13.555848,-1.2207445,-0.3093373,0.015760062,0.7169988,0.49623907,2.1845913,0.15138945,2.4488034,-0.78706926,-1.2212261,0.5516893,0.3492468,0.35007113,-0.22141589,0.3819099,0.3394098,1.1993724,1.9459215,-0.23590167,0.092135556,-0.63387245,-0.082066335,-1.0101545,0.29403037,-0.7944092,0.677888,-0.7790872,-0.20084709,-0.7857389
AATTGTGTCCATCAGG-1,13.7474165,-2.3718853,-0.8510465,-1.0692264,-6.5831347,0.3189399,-2.086951,-1.656791,-1.4510847,-0.76485485,2.4618385,1.8868811,-1.3863232,0.64876634,0.9465025,0.021131461,-0.20605195,0.10952389,-1.3936462,1.0995882,0.98117256,0.026188448,-0.12365584,-0.25559285,-1.4979843,-2.5953724,0.89939046,-0.24521616,0.46254173,-0.13799869
AATTTGGTCCCGAAGC-1,-7.881724,-2.7796829,-4.180936,0.6548791,0.8904537,-2.8688636,1.1008837,-0.45607242,-0.5267986,0.4027398,-0.5398227,0.78451514,-0.23609026,1.3091661,1.2724392,0.09074512,0.95566034,1.0429144,-0.68937564,0.3258466,-0.89744246,0.65170467,0.6866987,1.0179597,0.89210314,-0.6823577,-2.4295175,0.29531157,1.3048543,-0.5056893
ACAAAGGTCCCTGTTA-1,-6.676176,-1.6500082,-2.4370773,1.3343043,-0.35887787,3.182509,-0.6365571,0.27727073,-0.68073285,5.0105824,-0.6601953,-0.35428628,-0.33032554,-0.1600712,-0.8866425,0.7552412,0.93448627,-1.3396059,1.0008426,-0.53224516,-0.23216821,0.30653992,1.2048641,-0.5987261,-0.43378353,0.29081514,1.3212329,0.039242323,1.4271452,0.07848325
ACAACACTCCTGAATA-1,-3.8129952,22.269716,-1.0054811,-6.083635,0.42536974,2.507771,0.09244345,-4.3752246,2.2074375,2.12948,4.563222,7.653122,16.02126,0.9674972,-0.9041238,-2.8176448,-2.7367165,-3.8692575,4.765132,-4.9751854,-5.4382687,3.4450257,7.470585,-3.4953566,-1.7550766,2.4554813,1.849873,-6.8475647,2.737674,-1.9719303
ACAACAGAGGTCCTAG-1,-6.8403363,-1.9931458,-2.0068102,0.44065028,-0.58933604,5.619705,-0.24300884,1.3168037,-0.27372023,3.2887027,-0.69001675,-1.0876982,-0.5227849,-1.34476,-2.0796833,1.7123591,0.07150869,-1.3366894,0.58458096,2.7844527,-1.181649,2.1873398,-1.4247715,2.1895933,-0.14158364,-1.8442696,1.3048756,2.0527825,-0.5888698,-1.5566128
ACACCTTGTACGTTTC-1,14.249601,-3.2110162,-0.7271846,-0.79517144,-7.1632414,-0.0018030516,-1.9091648,-0.31592634,-1.1906847,1.9150077,5.293262,-0.368778,-1.8870784,-2.15573,0.6522026,-0.24192527,2.776937,-0.9999206,-0.90219253,-0.39646184,-1.6973257,0.38797987,-1.478354,1.9454105,0.7764206,-0.362069,0.1618288,-0.16997257,0.52789104,0.102991484
ACACCTTGTCATCAAG-1,-8.791927,-2.1257555,-5.2850056,-0.009943966,-1.6787072,2.5145998,-3.058446,0.9633919,0.6240994,0.71288335,-1.77586,3.583343,0.5509771,-2.2781036,-0.17185134,1.196896,-0.6433106,-1.136608,-0.7213451,-1.6891941,-0.54635006,4.111836,2.5253153,-0.2914007,-0.058774572,3.3877358,0.20494904,1.3461581,-2.127555,1.1213136
ACACCTTGTCCTAAGA-1,-1.2061567,22.551678,0.45500746,-5.9381995,-0.8815407,-0.7488378,-2.7348566,8.247966,-2.5328567,1.023253,-0.3304174,-0.57608974,-0.65721786,0.65351087,5.040444,0.52080184,4.80752,-3.492855,3.307632,2.9593015,3.5164697,4.1468573,-4.2096834,-3.39609,-7.572182,-1.2558897,-3.157417,0.7610341,-2.6520622,1.2806773
ACACGGACAGGCGATA-1,-7.269575,-2.6297894,-1.5740173,2.1104274,-0.3779624,-1.4528862,0.6969646,0.38832685,-0.22467919,-0.3483688,2.9097502,0.045312244,0.49200287,3.434456,2.45389,0.075500324,1.8786086,0.31368917,1.8702655,2.0784276,4.0026155,-0.89269865,2.1586745,-0.7061034,0.20888017,0.45622757,1.547596,2.012522,-2.562818,-1.1256822
ACACGGACATGGTTAT-1,-6.7927127,-1.914905,-2.9485335,1.5294719,-1.2890536,-4.2590704,1.9211762,-0.96586394,-1.6054008,2.975733,0.6320046,0.21804434,0.7529747,0.17207052,-1.0832968,-2.046008,-2.399708,-0.1496159,0.09034683,-1.6884884,-1.6824739,3.03296,-3.9572601,0.08459341,-1.5576138,-0.0739799,2.5094523,-1.0216812,1.5621941,1.0783776
ACACTAATCGCCTGTT-1,-7.330858,-0.8074025,-4.942853,0.17948034,-0.12283454,-2.8755774,-0.15786725,0.72973377,0.3561764,-1.9328926,-0.048837718,1.6370164,0.9826876,-1.3907859,0.16382909,-0.028395543,1.856497,-1.2267082,-1.1087538,-1.5318915,1.7221161,-3.0676382,-0.40844274,3.1117077,-2.1339202,-1.6640525,8.723773,-0.22119547,-0.86508703,1.6346533
ACACTAATCGTTAGCG-1,-6.948584,-4.7162766,20.929632,-1.5149616,-0.527487,-4.7064657,-5.8801427,0.9552431,5.7863173,4.3768864,0.6643516,-2.502671,0.9998848,1.564935,-0.15129746,-1.1795324,1.1098017,0.93089414,-0.23243925,-3.1275866,-2.9814034,2.6792247,-0.8209312,1.7919655,-0.5512202,0.56454426,-0.885658,-1.5682843,2.7290158,3.7895
ACACTTAAGCGCTCAA-1,18.728725,-4.2264366,-1.5697542,-0.1376525,-8.196296,-0.434758,-2.6340573,-2.48892,-3.5287745,-0.8381467,-1.6113327,-0.9315428,-0.30916968,0.9070377,-0.9021006,-0.3903736,0.47266904,-1.3506817,-2.92952,-0.57732147,1.6852183,-0.5296848,1.5235231,0.15186314,0.087354325,-0.46962103,-1.0200996,-2.1101582,-0.26228574,2.4165113
ACACTTGCACTATGGC-1,-1.0055615,24.677843,1.322234,-7.0023193,-3.0939083,-1.7860903,-2.245342,10.072852,-4.287019,-1.0636783,-1.1837436,2.049981,-4.2471724,0.10584828,1.0270299,0.2209638,-2.1716378,-2.2028496,-1.6480521,2.9318714,-1.1650558,2.8337197,-3.4117768,-2.6235404,-1.6446738,-2.0627062,1.9322512,0.27045816,1.9954315,1.0551698
ACAGGAATCAAGCTAC-1,14.588524,-2.9405909,-0.89131063,-0.12776966,-1.4431328,-1.3261174,-1.6353986,0.2229603,-2.8625672,0.35000476,-1.469974,0.29886883,1.2627445,1.1957486,-0.043224886,0.016327305,0.26870915,1.7972903,2.774779,-0.6944386,0.2423598,-0.11650388,0.49099302,-0.20950782,0.23500602,2.3190994,0.15235949,1.2973201,-0.99980617,0.4888706
ACAGGAATCAATGACC-1,12.818633,-1.1933936,-0.2855557,-1.2573291,6.136274,-0.6040528,-0.072393894,1.386002,-0.07143921,-0.65188897,-1.9974625,0.19329515,0.26013345,-0.38275388,-0.60530335,-0.23658738,0.37359685,1.2032377,0.9161794,0.09725754,-2.0163958,-0.652345,1.5544431,1.2266316,-0.6341848,0.13530684,0.26841992,0.87682855,1.2968214,1.2286012
ACAGGAATCAATGTCA-1,-8.505967,-2.066196,-5.9715266,1.7896459,-0.47194755,-1.3750439,-2.3204634,0.943179,1.2877971,-0.392131,0.35829198,2.6317399,-0.7024872,1.8453877,-1.0910255,-1.0177784,2.4141061,0.47278795,2.213779,-1.5256214,4.8130016,0.8841323,3.4778888,-0.011840717,-1.5500675,-3.3151407,-0.6331041,-3.6259153,3.724797,-1.5496714
ACAGGAATCCAGGTCA-1,12.599326,-0.6659237,0.7650214,1.4668115,3.0117998,-0.6972663,0.022088405,0.942651,0.8093187,-0.45287097,-4.009793,-0.090823136,1.3455936,2.3697698,-0.4045418,0.7847429,-0.13291083,0.5625538,0.89593667,-0.7087368,0.29655418,1.2009821,0.547031,-1.2705754,-0.7088947,-1.0592891,1.1911657,0.024189988,1.0122699,-0.20287348
ACAGGATCAAAGGCCA-1,-5.9079785,-1.3617663,-1.020429,0.25555977,0.063336395,5.475753,0.76774675,-0.42986572,-0.20505552,0.018279487,1.8791177,-1.2390041,-0.5653644,3.607841,0.54333186,-1.10492,-1.0899662,-0.47572333,-0.9172435,0.13806537,-0.74542445,0.3899907,-0.11507228,2.4346347,0.34489948,1.0972955,2.1322916,-1.1638422,0.2625651,0.5914215
ACAGGATCAAGCCAGA-1,-5.872272,-2.1152067,1.1257246,-0.6250265,0.019820023,5.0452514,-0.3885923,0.6033825,-2.1978307,2.4372237,-0.45124868,-1.0348288,0.24261779,-2.1579492,0.6601588,2.2309322,-1.8903426,0.84936416,0.19067003,4.051995,-2.1386044,-0.5931974,0.07375602,2.7409122,-0.24122854,-0.85507053,1.3546761,0.21982247,-1.4991297,-2.194117
ACAGGATCACCTGCCT-1,-6.983228,-4.018547,14.369082,-1.2246398,0.8702648,0.11874833,5.5754604,-0.5962896,-2.4859428,-4.324965,1.8873628,-0.9744315,0.5806868,-0.78579897,-2.1010046,3.6106539,2.7758071,-0.4798171,-0.41385168,1.5492072,-1.0064546,-0.97065246,1.85915,-0.31189513,-0.776456,-1.4548028,-1.125383,0.5079133,0.9483963,1.2037476
ACAGGCTGTCAATGTG-1,-5.213437,-3.0912101,14.604175,-0.97808975,-1.0696507,-3.7045562,-2.7954745,-0.07785413,2.2055821,1.0261045,-2.8146067,1.4685917,0.8724846,0.26840413,0.93402886,2.4995077,-2.7983096,-0.27029005,-1.8805513,0.23950478,0.98354644,-4.049997,-4.669101,-3.065453,-2.9035435,1.4533918,3.513199,0.13529105,-5.6547055,0.9275901
ACATAGCTCATGACCG-1,-6.9905787,-1.8122264,-4.7395563,0.39141238,-0.32404482,-0.52273387,-1.6195562,-1.0536255,0.64049494,-1.0986637,0.10350665,1.8515183,2.4698136,-1.8068309,0.15858608,0.67546505,1.2169609,-0.95923746,-1.4368895,-1.1560155,0.9131129,-2.968316,0.9067672,-0.06679623,-1.6204786,-0.02210698,-0.33706728,-1.5537136,0.28579798,1.7201121
ACATAGCTCTAGCGTG-1,2.4481575,0.4125496,-0.71838933,-1.5480142,3.803836,0.69705594,0.4623363,0.23925579,0.8292134,0.7172309,-0.4391439,-2.848943,1.4563893,0.86866915,-0.3342411,-0.17068507,0.91076106,1.0398163,1.2372136,-0.37930667,0.29168373,-0.12185087,0.26581967,-1.3313165,-2.119299,-1.0321649,1.2108942,0.016873667,-0.7349012,2.3899233
ACATCAATCACAGCCA-1,7.1976457,3.362785,0.1743043,0.71591973,5.4990826,0.86464363,8.945893,5.9626064,9.213172,-0.6930891,0.89039755,-0.20973802,0.9728866,-1.6213843,-0.6716062,-0.9507516,-1.5631613,-1.7067978,-2.8232546,-0.6350691,0.9250526,0.18115447,0.55585504,-0.88602084,0.4124727,0.35904184,-1.7611026,0.61069,1.4879082,1.0233899
ACATCAATCTCAATTC-1,14.173496,-2.296914,0.42602357,0.032934725,-1.6420987,0.7683879,0.60796446,1.156884,-0.0317048,-0.45857704,0.45652032,0.2866565,-0.030529987,-0.15696695,0.6511062,0.35281008,0.62926704,1.0497081,1.7404271,-1.6403285,-1.1549679,-0.36542696,-0.017296359,0.10460496,1.4293835,-1.2182109,-0.9709155,-2.1979902,-1.376729,0.26748505
ACATCATCACTATGGC-1,10.67133,-1.0647548,0.07259243,0.77556443,-0.35483116,0.084650844,1.0347025,1.3483456,1.273388,-0.2578237,-0.24165371,-0.019433038,0.8711154,0.83016086,0.13544752,-0.19657499,-1.2845466,-0.67894834,2.5061073,0.34134394,0.045052513,-1.5275877,-1.0862939,1.814536,0.18788576,1.4164094,0.63162,1.0019548,-0.76750135,0.009132636
ACATTGCAGGAATAAC-1,3.8931715,1.5404418,0.5517615,2.009763,5.010701,1.2418709,5.722604,4.5956473,6.194016,0.44258273,3.3766499,-1.4249414,0.15297312,-0.9330989,-0.69613653,-1.4132279,-0.29456142,-0.56661224,-0.46932933,0.5330772,-0.46443114,0.059468623,-0.4322915,-0.99023664,-0.23373336,0.54974127,-0.5404126,-0.44051644,0.16702114,0.6336687
ACATTGCAGGCACAGG-1,-7.236863,-2.7069216,-3.2396407,0.7329257,0.5688176,1.5093892,-1.6493874,-0.6362703,0.879455,-2.3817255,-0.3381395,0.969625,0.73068637,0.108879514,0.98020375,-1.8046337,0.70344025,-0.385383,-0.7704165,-1.0483445,-1.213922,0.2622448,-0.011507997,1.7227502,0.54764307,3.3462212,-1.1841327,2.624284,-2.6249254,-2.222117
ACCAAACTCTTGGACG-1,13.16498,-0.8325684,0.20869868,0.723006,0.93190056,-0.62509125,-0.58843356,-0.34557343,-0.4451995,-0.8084615,-3.1468642,-0.91759413,0.43040386,1.4691355,-1.9337189,-0.71503836,-0.56388503,-1.4133656,-1.0643897,-1.2160399,-0.39488778,-0.69020766,0.36243933,0.012449737,-0.3512406,-0.584129,-0.79095453,-1.2371786,0.31377503,0.9628856
ACCAAGCGTTGGCGTG-1,10.181446,-0.91934067,-0.6267834,1.2447038,-2.0659964,-0.335903,2.3784096,2.2215211,3.763681,1.1344452,3.5826492,0.74633163,-0.15861864,-2.8052993,1.2536726,0.020045774,0.5666401,2.2219179,1.6833408,-1.01087,-1.2800392,-0.28581604,-1.0009499,-0.70294213,-1.4090973,1.4072301,-0.45457628,1.1915876,0.10857269,0.31402704
ACCAATATCCCTGGTT-1,-7.299254,-3.4157786,13.807117,-2.007258,-1.7538395,1.0074685,2.8429277,0.2609477,-3.1397953,-1.9510875,-0.5388848,1.251296,2.0850027,-1.0433613,2.1560142,-1.1737009,1.6946677,0.19321097,1.5234952,0.012835002,2.3024538,-0.94384825,5.2200313,1.5304059,0.40621305,1.6210085,-0.24934593,-0.52655596,-4.091608,2.0432048
ACCAATATCTATGACA-1,-6.987253,-2.5744188,-1.4895864,0.43295068,0.27626655,6.1179423,-0.37021726,0.984382,0.018516812,-0.17479229,-0.7423747,1.039111,-2.3039322,0.57910675,1.3556482,-2.3201275,-0.4180556,0.6721688,0.72395396,-0.12472785,0.40208423,4.016557,2.4917152,1.2042761,1.012246,2.9765732,-1.5579084,0.10480789,-2.0329072,-2.5093062
ACCACACCAAGTAAGC-1,6.92273,1.4435555,0.44699895,-1.4562649,4.253296,-0.059704028,0.506397,0.67695856,2.2601888,1.4428774,0.988659,-3.272726,-2.7517703,-1.526638,-0.066006355,-0.9258812,1.3635695,5.2265296,0.65471363,0.3276313,-2.2813601,-1.0249434,-0.2724104,-1.2012646,-2.7339206,1.5029432,-1.3716851,-1.332768,0.6575871,-3.2110941
ACCACATAGCTGCACA-1,-7.4873815,-1.7394298,-6.003191,0.23172691,-0.39052758,0.87953496,-3.0232565,-0.05905537,1.8790296,-2.6371608,0.00826559,0.004239481,-0.34356898,-1.9799122,0.83310926,-3.4537969,-0.7536759,2.4339354,-1.58128,2.2924905,-5.08381,0.18303293,-1.0876207,1.396854,3.2408054,-0.58539027,1.0059688,0.43080473,3.136824,1.1900138
ACCACATAGGCTAAGA-1,-6.157162,-2.1624823,-3.1054974,0.5888587,-0.47913924,0.73528194,-0.32381782,-0.0052763047,0.69947743,-1.1274626,0.66539305,-2.0478566,1.4056895,-0.3277866,0.76846915,-2.5315597,-1.8727679,1.3235612,0.5684988,1.4838352,0.68849325,0.83268976,-0.81567925,-0.23702484,-0.24453633,-0.012125401,0.2518604,0.5157909,0.9273841,-1.3969617
ACCACATAGTTATCCT-1,14.023912,-3.0904753,-0.68614024,-0.57816947,-4.412203,-1.0019897,-1.4191635,0.061703276,-0.20390813,0.14338642,1.0162716,1.0427173,-0.045804698,-1.0080652,0.6318914,-0.24413313,0.7229635,0.53095275,1.985892,-0.22476386,0.41203648,-0.862489,-0.33151713,-0.61541986,-0.9639903,-0.26384762,0.14615,1.295139,-1.1480217,0.29329345
ACCAGCTCATGTCAGC-1,13.66111,-1.713694,-0.49023774,1.4340985,-6.2552323,-0.75343525,0.9199238,0.72343266,1.6701623,0.5840599,2.891918,3.4226093,-1.4601078,-3.2157738,2.4796581,1.3106844,0.44269103,0.3178329,-0.8829734,0.6479428,-0.88039285,0.55406606,-0.75672793,-1.89732,-1.0838189,-1.045003,2.693177,-0.1874501,0.25905555,-1.2377765
ACCAGCTCATGTGGGA-1,5.525044,4.2062283,0.70674586,3.0827153,5.486922,0.30716476,7.720092,5.5703382,10.412497,-0.102810256,3.845676,-0.49843425,-0.30776885,-1.0414443,0.6646632,0.8729252,-0.34240454,-2.8293433,-3.765595,0.7365771,-0.037688,0.5895655,0.67892545,0.94574493,0.90921307,-1.0381995,0.08032031,-1.1987689,-0.12491602,1.301157
ACCAGGCTCCAGCACA-1,-6.952724,-2.6467705,9.653689,-1.546268,-0.9361898,0.07689608,0.37706038,0.39369473,0.21715027,1.1323713,-1.6786897,-0.46924868,1.0707148,1.4403504,2.998284,-5.0546618,-0.050991874,0.04399239,1.1034099,-2.9717143,4.2043304,1.3216811,0.50923616,1.001361,0.4665982,-0.8671575,0.14582497,1.9873788,2.6427624,-0.5594822
ACCAGGCTCCGGAACC-1,13.273778,-1.5478446,-0.48273543,-1.242499,-5.299191,-0.57668805,-1.4229232,-1.6606634,-0.84921336,-1.4865308,1.5080289,-2.0628972,0.63258255,0.96427345,-1.1301543,-0.6340623,-0.98918045,0.05060187,-1.9416349,1.1045189,1.4527085,0.6555553,1.183486,0.043618906,1.5746405,0.09212866,0.657197,-2.2347858,0.20957558,1.8159606
ACCAGGGAGCGCTCAA-1,-7.380612,-2.4926121,-4.732385,0.6151218,-0.002551124,-4.0373173,1.4671987,-1.0405494,-1.2007536,0.5841787,0.1649481,0.11273973,-1.4040316,-0.54531544,-1.1327409,-0.60836977,-1.7996612,1.282512,-0.9569366,0.02268592,-0.39174387,0.9527088,-1.9442183,-0.8501248,-1.0285077,-1.968521,-1.6487452,-0.22068933,-1.1473866,0.42771876
ACCAGGGAGGCCAATT-1,-6.5090356,-1.7649966,-1.6675764,0.8408142,-0.13180968,5.6106763,-1.9298015,0.52181005,0.46737555,-1.0841893,1.082102,-0.19842258,-0.1980394,1.7780899,-0.14076407,-0.97863793,-0.80440193,-0.44225693,-0.9898128,2.9017515,-3.2150574,-0.7855241,-0.88769066,0.80036795,0.5051019,-1.4490483,0.70482165,0.5232707,-1.369276,-2.6617312
ACCAGGGAGTAACAGG-1,-7.161441,-2.6068478,-5.4349103,0.44114107,0.025685173,0.26199484,-3.3890045,-0.11633361,2.3882637,-2.2092087,0.47943053,-0.92548454,-0.10959007,-1.0225807,0.24894989,0.8201314,0.139241,1.1714188,-0.35889125,-1.2924628,-1.10167,-0.4555148,3.318487,-1.4105159,0.8257706,-1.1661066,0.2621676,-1.992819,-0.82207084,-1.7665957
ACCATAATCGCAGGCT-1,-4.85798,-1.7186495,7.361918,-1.008222,-0.33346432,0.98489004,3.2047389,-0.33985236,-2.0431886,-4.130231,2.7335942,-1.3245995,0.013223365,-2.057576,-4.784114,3.2373354,1.081608,-4.5382566,0.32381642,8.015451,4.485877,-1.8061787,2.147711,-4.7746253,3.2017384,2.9492152,4.5706277,3.266747,-9.073148,2.3077154
ACCATAATCTGGTCCT-1,-5.3094883,-2.1568553,-3.8939333,1.824426,-0.31595704,-1.1302199,-0.25967097,-0.28434613,1.1026504,-1.4148928,0.16544285,-1.7309799,-1.103403,-1.7528702,0.8064495,1.5294591,3.9098675,-0.20183088,0.11056904,-1.768892,0.69799566,-0.72117066,0.68621355,-1.3602849,-0.7857551,2.4733953,0.72437257,2.0005813,2.4892557,-2.55655
ACCATAATCTTAGCGG-1,-8.32676,-2.2951682,-4.5492735,0.20852038,-0.22786412,-4.177752,1.4880929,0.43057013,-1.1077703,0.67777,-0.9639465,-0.32953092,-0.31165132,0.95175314,-0.55290365,0.49134523,-0.30430362,-0.2781108,-0.61533827,0.023614839,-0.46700904,0.8949669,-1.2072439,0.35442427,0.98497415,-0.03257616,0.9299727,1.027094,0.36115497,1.1808473
ACCATTAAGCAAGACA-1,-6.4919486,-2.4491901,-3.7537582,0.45039776,0.7101448,-2.865641,0.81564194,-0.5663523,-0.5409844,2.1239815,1.3874217,0.12487023,0.28338465,0.44346285,1.378312,1.1260993,-0.74064213,0.28438395,-1.3527336,-0.3270726,1.3897763,-2.7897842,0.9534352,-0.19416805,1.0619308,-0.1653422,0.30317003,2.0049024,-0.527119,-0.44970334
ACCCAACCACCTGCTC-1,12.648491,-1.3207508,-0.4724514,-0.7668042,-0.8228858,-1.1812876,-0.20456834,-0.48700613,-0.69594085,-1.5410266,-2.5530279,-0.44320616,0.9125091,0.85511714,-0.9352399,-0.6900447,0.46185657,0.115988486,-0.98446864,0.82140464,0.21185063,2.4055462,-0.11163662,0.10122646,0.03595322,0.776232,0.56673294,0.65389127,-0.21829467,1.7654735
ACCCAACCACTAGGTC-1,12.938362,-1.31106,-0.36205405,-0.019202193,-1.7205722,-0.4534199,-0.48983967,0.67275596,1.1235613,0.7427285,-0.7253394,0.1106864,0.8678906,0.76058567,-0.87486213,0.51598394,1.3468605,0.41026524,0.13792264,0.35890418,-0.73236877,0.5969436,-1.4984219,1.5167123,0.20074707,-0.6466057,-1.7317693,-1.7955006,0.5106697,-0.9177209
ACCCAACCAGGTTCAC-1,11.997108,-1.4607947,0.45035127,0.747334,-0.40986493,0.20961344,2.7633579,2.2682147,3.433672,-1.142257,-1.3965695,1.7280359,-0.23512001,0.31740457,1.0068202,0.96065784,-0.13873777,1.1118976,2.075179,-0.9389424,-1.1585655,-0.75968486,-0.82765865,-0.83702654,-0.28158033,-0.3400131,-1.6631391,1.3010902,-0.73125786,-2.8630233
ACCCAGGGTACGATTG-1,14.482168,-2.3186827,-0.5235318,-0.14336497,0.9682407,0.26841772,0.43809584,0.47642964,0.9450322,-2.34168,-4.23706,1.6442101,0.8234216,2.9606028,-0.85704255,0.9888649,0.35731608,0.38528788,1.5057406,-0.9714488,0.32992756,-1.6473043,1.5918686,0.56105685,1.1688322,-0.65158206,1.2448523,-0.76378196,0.29573056,-1.2746854
ACCCAGGGTGAACAAA-1,7.9771676,2.5769522,1.3509226,0.7669974,6.8894935,0.93045115,8.235184,4.8991585,9.244731,0.7164759,0.102996744,0.54547924,-1.7169709,-1.506151,-1.320287,-0.60352993,-0.40207645,-2.7146716,-3.7311535,2.9290702,2.0846257,0.56342185,0.50210977,-0.18454677,1.1186093,0.017854013,-1.2892603,0.024449,0.34327817,2.125834
ACCCAGGGTGAATCGC-1,11.258573,-2.215385,-0.30074084,-0.35928497,7.629549,-0.47109807,-1.3669593,-1.6440518,-1.7382263,-1.0970088,-1.184482,-1.3687446,1.1499034,1.7241399,0.6603796,0.28216654,1.267013,-0.5805694,0.27999744,1.503345,0.68605137,1.131382,0.5078441,-0.62144274,0.3528194,-0.25633943,1.6914539,0.09260392,0.16378452,0.3590321
ACCCAGGGTGCTCCAC-1,-7.284574,-2.6886597,-2.8890955,0.9654389,-0.56165767,-4.46245,2.3962896,-1.0335402,-0.99070936,2.663166,-1.2222714,-0.14476626,0.30499455,0.38311324,-2.6540234,-0.090154156,-2.2829988,2.039977,1.0296828,0.2862748,0.5472861,1.3476714,-0.15133952,1.0660411,0.42078736,0.7213161,-1.0085958,0.8301253,0.42965174,2.520633
ACCCAGGGTTATTGCC-1,1.6805536,18.270077,5.4500823,35.864124,-1.4183508,0.30147177,-0.08421672,-0.676537,-2.0707178,1.5731432,1.5562093,0.9983682,3.2419755,-1.0171014,2.7668295,1.9123694,0.018091107,3.2149913,0.56747574,-0.6697781,1.7066684,-2.732929,0.035199553,1.6313996,0.82523024,1.0696833,-1.1081892,0.020573866,-2.6140962,-0.9772077
ACCCGCTGTTTAGCTC-1,-8.739749,-2.5515268,-5.0364103,0.69219446,-0.5832775,-8.29737,4.008386,-0.88523144,-2.5759382,3.1517391,0.54611886,2.5368164,-0.15895951,3.6178045,-2.0704105,0.44737443,-1.4509643,0.6255912,3.6777718,1.1797197,-0.65952677,-0.43544355,-0.26736665,1.3037579,1.3377923,0.6929579,-1.5648383,-2.2612748,-0.13406438,-1.0856487
ACCCGTAAGCAGCTAT-1,-7.0864496,-2.1274009,-1.802874,0.06704417,-0.22167346,5.842696,-1.9462225,0.6934294,1.8302848,0.18877159,-0.76326936,-1.5826036,0.7038504,-1.287054,0.2614753,1.1206858,-2.1842277,-0.33768505,0.121291,2.891206,-2.4929686,-0.40934014,-1.178229,0.00020331031,0.27282977,0.5672728,-1.3288109,0.995347,0.30421707,-1.4615055
ACCGAAGCAAAGGCCA-1,-5.588228,-1.4595959,-0.6374651,0.39590034,-0.40125734,4.838882,-0.7645661,0.78716266,-1.1810064,5.913712,-1.2970977,-2.4497259,0.9791449,-1.1784735,1.2187818,1.3496944,0.5690424,-0.26654652,-0.83014345,2.6434062,-1.3965615,-1.4412204,2.400518,-0.15435052,0.44384816,-1.1801705,0.40244234,-0.66818035,0.118752606,-0.32653928
ACCGAAGCACCTCGCT-1,-7.1341715,-2.7600465,2.0840304,-0.8079853,-0.17172669,1.8987296,5.2382307,0.8205112,-3.6547532,1.421595,-0.19112998,0.361,-0.047205087,-1.4440632,2.121348,-2.4896648,0.31473455,0.106010824,-1.1376557,-1.5570359,1.6903911,1.3652891,-3.0447855,-0.89718336,0.018842937,3.3898969,1.0294698,1.836387,1.2178084,-0.040937364
ACCGAAGCAGCCAGTT-1,10.583192,-1.3005385,0.7292193,-0.49121475,11.76742,-0.44613543,-1.3218638,-1.1145426,-2.468867,0.15067732,0.5567019,1.1269014,-1.1249039,-1.0212576,0.21070263,0.6165881,-1.2966096,-0.29915348,-0.19549419,-0.0051569776,0.16135846,-0.4159272,-0.16977824,-1.7752814,0.27937186,0.7403433,-0.61244327,-0.88922733,-0.8203763,-1.2909135
ACCGAAGCAGGCCAAA-1,-6.518392,-2.3078237,-3.3617623,0.20955282,-0.4530463,-1.8887665,1.322434,-0.2538066,-0.30148384,0.6342971,0.21351759,-2.185142,-0.5376922,-1.3383293,0.0040167924,0.23238337,-0.7908413,-1.093095,2.1365876,-0.9911428,-0.93584067,-1.6850725,-1.7441825,-1.2498119,0.6313793,1.2562493,-0.45051533,0.647204,0.29379126,1.4884367
ACCGAAGCAGTACCGT-1,-7.767803,-2.0528722,-1.4030205,0.7465123,0.17829645,3.7471733,0.50109,-0.18265475,-0.054801006,-0.5971056,-1.4047104,-1.1376075,0.12410596,-1.786443,0.092904575,-1.3495657,-1.1709373,0.87579906,0.13875435,-1.3866032,-0.6579996,1.6060685,-0.74487364,1.210014,0.00895216,-0.47291616,-0.49779683,0.7071032,0.46110365,-0.020514952
ACCGCAATCATGTTTC-1,14.393773,-1.7676787,-0.8275105,-0.68735,-2.5896294,-0.72372985,0.7216648,-0.22377434,1.5400052,-1.0016918,-0.012069754,0.65762806,-0.587332,-0.9935992,1.7497594,0.7005496,0.3269132,2.271042,3.7363114,-0.84719944,-1.4770455,-2.4910455,0.07495069,-0.5227171,-1.4333346,0.43626153,0.0550341,0.6904664,-0.34616277,-1.4965292
ACCGGCTAGCCGCTAA-1,-1.6851153,19.257114,-0.01127094,-6.0122466,-1.7905406,-1.5254952,-1.5488191,6.4025493,-3.8446143,0.52319086,1.6941574,-2.08507,3.2839196,0.95631146,1.8516132,1.0036445,1.8636812,-7.2978315,1.5269328,0.5934067,0.97401845,-0.7854002,1.275348,-0.43523702,0.08068795,-2.493808,-1.1307502,2.7239232,0.68023014,-1.1481601
ACCGGTTCAAGGTAAC-1,-2.354783,26.384165,0.24531658,-8.562679,-0.97987896,-2.2998612,-2.5234723,15.008496,-5.5146503,-1.0175016,-0.5287777,5.120503,2.971844,-1.3798407,-5.558186,-1.42867,0.7007445,3.9766507,-3.27757,2.7952335,4.4664583,-0.6152073,-4.1911387,3.877307,-3.3262038,-1.3509451,3.4360216,-4.120458,-2.8002787,5.788487
ACCGGTTCACCTCAGG-1,-8.619728,-1.8837928,-4.705191,0.31577328,-0.2986462,0.17823295,-2.8333943,-0.61918724,1.9749643,-1.4777087,-1.280393,1.6190859,0.64339906,-1.3611094,0.40135318,0.50630164,0.24574433,0.40862066,-0.683046,1.0877675,-2.7407608,-1.252705,-1.0856948,-1.7956595,0.5191645,-1.7212293,-0.32246596,1.5414317,0.71496767,2.0707686
ACCTAAATCAATCATG-1,-9.36451,-4.891905,23.720774,-2.6105835,-0.74027574,-2.8392496,-2.8148918,0.4520695,2.385557,1.875227,0.042965632,0.18090487,-0.7062394,-1.131132,-1.6615002,-0.41223052,-3.2603912,-0.981739,0.6506282,-0.6338674,0.89833164,-2.6996596,-1.7279326,-2.494585,-1.8344922,2.6233175,-0.94474643,-1.4110669,-3.45219,-0.51529765
ACCTAAATCCAGGAAA-1,-6.1900487,-1.758114,3.1599257,1.975032,0.596225,1.870586,3.0042765,-0.3555822,-3.010729,0.22891667,-0.31374407,-1.3107222,1.0624244,-1.1836548,1.3697029,-1.6632164,-0.5558028,-0.81437415,2.182359,-0.48225474,1.3872061,1.6460335,-1.6577913,-1.4172981,2.4788985,-1.7379721,3.1313834,2.8681045,0.63296485,0.8794752
ACCTAAATCCTAAGGT-1,-6.212974,-0.3686538,-3.3210337,-0.037023515,-0.16208722,-1.1283178,-0.603591,0.04166647,0.16763288,-0.56221145,0.48005915,-2.7133327,-0.4826994,0.28811628,1.0142009,1.6025121,-1.1427659,0.27429906,-0.33876878,0.61668414,-0.31864995,-0.7727023,-0.05999979,2.0215876,-1.3897542,2.4198542,0.05019881,0.7341517,-1.99039,0.68423945
ACCTAAGGTGGAAGGC-1,14.230283,-2.0894556,-0.07087172,-0.54309976,2.3120468,0.33002925,-0.2982147,0.16615944,-1.3234718,-0.7261752,-4.009165,1.461562,0.11913656,1.3333803,-1.1723044,0.0786605,0.11570192,-0.9440288,-1.0519223,0.71480143,1.0059274,-0.14642648,0.83526665,1.3246412,0.78930146,0.16968626,0.4230284,-0.16168664,0.4259924,-0.76173806
ACCTAAGGTTCACCAT-1,14.817893,-2.138511,-0.31811574,0.10156816,-2.3292472,-0.057098057,0.3526965,0.6702765,0.9006122,1.8892859,2.4089057,2.2173235,-1.6109782,-2.5510216,0.82348907,-0.3062361,1.4718363,3.2439222,2.9988418,-0.8011823,-0.49355868,-0.13503626,-0.024273429,-0.78200626,-0.34806845,0.3203746,0.17552257,1.2899494,-2.2830777,-2.4075584
ACCTACCTCTAACCTT-1,-7.4229884,-4.226103,22.342688,-3.1023314,-1.1705378,-3.803635,-5.1662827,-1.6558776,3.9053755,0.7565204,-1.6362755,-0.4691105,1.5799875,0.5520138,-0.9265199,0.9424443,0.5513675,-1.6500397,0.18879807,-0.662151,-0.07081302,1.1227722,-2.0570161,-0.20264126,-0.18985298,0.5484556,-3.1683552,-1.3643616,1.2772143,2.1255414
ACCTCACTCCCGAAGC-1,-8.963589,-2.8626316,-4.7435737,0.477038,-0.3108777,-5.453665,2.4576235,-0.33207127,-1.0073644,1.0677723,-0.41473767,0.29368123,-0.09518012,-0.41303185,-0.55241317,0.06787508,-0.007724054,-0.24070413,0.752416,0.47515127,-1.2405546,0.3617664,-0.6641446,0.7441599,-0.37477264,1.1499473,1.3271923,-1.2851167,0.5675539,-0.86425406
ACCTCACTCTAGCTTT-1,-6.927295,-1.6002651,0.43813547,-0.1283391,-0.17556253,6.397329,2.3441887,0.30489045,-1.0004232,5.055185,-1.6615053,-0.5371008,0.3292319,-1.7890481,1.4384991,-0.8168114,1.7998623,-1.7949054,0.41956985,-0.1939673,1.2036022,-1.1984279,-3.032215,0.37008703,0.7336985,-0.7997164,0.4770785,-2.3898482,-0.1708996,-1.2757787
ACCTCACTCTTGCTAT-1,14.928237,-3.3487685,1.2950889,-0.7511599,-4.3409896,-0.097980976,-0.23976043,0.9788122,0.41230038,0.41882688,1.8128183,0.91253835,-0.6432961,-1.1113393,0.13617991,0.5874976,0.47875553,0.29828903,2.6975563,0.6753214,-2.1973207,0.3143342,-0.05596348,-0.84256995,1.2594129,-1.0545082,0.8264126,-1.3756533,0.83646387,-0.9060238
ACCTGTTGTAGGTTAT-1,3.0080104,19.506435,8.613036,45.550823,-1.5732199,0.36086094,-1.5642513,-2.4196293,-3.2093222,1.4206096,1.0167625,-0.4014602,-0.5214659,0.13938634,-0.22417556,-0.45090094,2.1155229,0.29734042,2.566741,1.0133663,-2.1786652,0.2705043,0.46432203,0.20808323,1.487318,1.4851875,2.4812431,-1.8248752,-1.2593195,-0.06242332
ACCTGTTGTTAGGCGT-1,-7.2101,-2.0886939,-1.6371249,0.2848572,0.53011864,7.5700784,-0.44714782,-0.23349144,0.32890382,2.81962,0.13301523,0.22880057,-1.6338875,3.1321743,-2.6933112,1.2725464,0.30227253,-1.1450661,-0.72997093,-0.728725,-1.0188618,-0.41880894,0.9538887,-0.7722823,2.047485,2.262532,0.015955603,-0.7543244,1.4585238,-1.5139416
ACCTTCCAGGTGAGAC-1,-8.464296,-3.2387922,-4.4583917,0.124146186,-0.351587,-4.33696,2.2920089,-0.90387917,-1.2968837,-0.34728256,0.26017496,-0.40483004,0.2664927,-0.6025746,-0.4356435,0.24199665,0.42970696,-0.30321157,-0.6690857,1.0236403,-1.4942995,-0.6659461,-1.253165,1.058079,0.16933066,-0.06996626,0.29898614,-1.467909,-0.76885575,-0.97328204
ACCTTCCAGTAACGGA-1,-5.578191,-2.3664415,-0.6499261,-0.5700069,1.1604114,5.936238,0.58462983,1.0071762,0.1036427,0.40258002,1.5049362,-1.447977,-0.99607205,1.8784487,-2.384687,1.5483238,-0.19711798,-0.8563075,1.1998726,-2.5345414,0.086440176,1.5361112,0.8007302,0.3191218,1.6533265,0.8770633,-0.89069366,-0.7430067,0.7087801,0.6637139
ACCTTCCAGTCAATCA-1,-4.4168215,-0.6610709,-2.1407607,-0.5364094,0.56892806,-0.48873833,1.3633854,-0.106611036,-0.24662618,-0.531667,2.4296958,-4.0954537,2.0906177,1.0569819,0.76436263,-0.42672893,-0.88358676,-0.4145621,0.8816547,2.4644628,0.73046136,-0.2712647,-1.4607606,-0.82282555,0.8692837,-0.062288325,0.4658573,-0.40947387,-0.38879454,-0.5207424
ACCTTGCTCAGCTAAC-1,-7.179015,-1.588514,-3.2814808,-0.13341703,-0.4352533,2.0975397,-1.622399,0.1215892,-0.39411858,-0.021875346,-1.5057294,-0.019878354,0.33446878,-2.4278407,-0.59986174,1.5042876,-0.62583965,-0.23535097,-0.58714104,0.9360387,-0.83796805,-0.3468444,-0.82402414,0.41456866,1.311453,-0.12731838,-0.8190066,1.490804,0.7564602,0.5489039
ACCTTGCTCCCTGGTT-1,-0.42987853,19.129227,0.28964463,-4.755096,0.667914,1.898517,1.9491062,-3.8182738,1.9210645,1.1162479,2.9304452,-0.21812333,5.6814594,1.9860824,0.90695024,-1.963568,2.138815,1.5633951,-1.5123957,0.6470813,0.68150663,-2.005933,-2.222943,3.38508,-1.4548786,-1.837367,-2.1971898,-0.038362738,2.0696623,1.3483169
ACCTTGTGTGTTGCTT-1,-7.4466696,-3.4240172,16.747467,-1.2641964,-0.54419464,-4.604161,-4.451521,-0.5913433,3.3791862,-1.1818067,-0.71899617,-0.9979144,0.7143667,-0.20084566,-1.5789684,0.7576327,-1.433562,-2.0456991,0.7112583,-0.098607495,0.4189226,-2.4803364,-2.0458264,-0.4788058,1.5900704,-2.3491178,0.48683035,-0.830671,-1.1666546,-1.3285179
ACGAACAAGGCCTGGT-1,-7.7952714,-2.1229808,-3.8816702,0.8553378,0.15498306,-4.0571823,1.5155569,-0.26263124,-0.69044256,0.61364716,0.91609186,-0.087926514,-0.51106364,0.84900117,0.1916612,0.48287424,-0.48298636,-0.62590545,-0.15444827,-0.7016228,-0.022403581,0.610134,0.6607214,1.2009641,0.76882386,-0.9632968,-0.844834,-0.20429026,-0.94526434,-0.009221943
ACGAACAAGGTGCGGA-1,9.141406,-1.48568,0.096704185,-0.9957482,13.336429,-1.2333865,-3.5778089,-2.155287,-4.0847054,0.98385656,3.0128431,0.08468299,-1.2331053,-1.6847115,1.0646325,-0.9283987,0.5412445,0.47451955,-0.9457106,-0.08185999,-0.072996326,0.2671307,0.19072013,0.11401096,0.7716131,-1.0575918,-1.149127,0.5249208,0.19014086,-0.47770983
ACGAACAAGGTTAGCT-1,-6.321611,-2.9272177,-3.659908,0.021755314,0.39971074,0.91970897,-0.2590057,0.2246606,2.0401034,-1.8174908,-0.4524526,-1.3123988,-0.21080582,-2.326485,-0.2982081,-0.8591084,0.07581723,1.5056807,0.82734245,-0.43094677,-0.38366184,1.1241596,0.27057722,-1.1085485,-0.7998359,-0.7866916,0.654162,-1.7641684,1.3447332,-2.2367368
ACGAATCTCGGGCCAT-1,-4.3435025,-2.0217383,7.780921,-1.3208044,-1.2468474,-3.156126,-4.225481,2.2025685,4.002881,3.1632802,-1.8533616,-2.9578502,0.72550285,2.967078,-1.8076621,0.6854142,1.8344059,-1.239422,-3.6467628,3.5339167,2.4491897,-0.31418416,-5.180381,-4.5499063,2.8919065,3.9789166,0.77098197,-2.927425,0.084128946,-1.5421184
ACGACTTAGCCAGTAT-1,4.6560073,-2.8933725,-3.4074576,-0.002599918,-5.246498,-4.3600726,0.3522261,-1.0559539,-2.5383916,1.5367587,-0.4031523,2.3475392,-1.1586334,0.38481683,-1.1477269,1.9727618,-1.1767647,0.31103355,-0.9775006,-0.44312012,-1.231265,1.3834814,0.73382,0.18796685,-0.024616119,-2.6044908,1.6117345,-1.3091679,1.0173687,-0.40202817
ACGAGTAAGCACTAAC-1,8.401045,-1.1710846,1.0243888,-0.8755922,12.128802,-0.5924389,-3.5280375,-1.8196028,-3.1434772,1.4436809,4.486975,1.672809,-1.5552838,-1.6126001,1.3200773,1.4187704,-1.4239441,-0.386786,-0.53794324,-0.6050893,1.8922043,0.0061744624,0.07893568,0.66601634,-0.33776012,-0.15192108,-1.1352117,0.18142286,0.62699044,-0.012020649
ACGAGTAAGGATAAAC-1,12.144296,-3.1618571,-0.7358698,0.19323279,-8.235816,0.8725636,-0.9236867,-0.6955129,-0.31586596,1.5296137,7.315238,0.8157866,-1.3248768,-3.6528926,0.5266229,-1.6355045,-0.37092847,1.8694569,1.470788,-0.8556267,-1.6705877,-1.7666947,-0.08354524,-1.6437153,-2.454636,-0.20056213,0.9713254,-0.88628936,-0.6760966,1.2577535
ACGATTCAGAACCTGT-1,13.2170925,-2.124397,0.07747278,1.40487,-3.2982905,-0.24061012,0.41254082,1.2060882,0.36575928,-1.153536,-0.88000125,1.1765972,0.085495174,-0.4961182,1.4694548,-0.15351519,-0.28675342,0.4564351,0.58314615,1.4332944,-2.385999,0.50786346,0.21951093,-0.9241181,1.7841262,-0.032725926,2.3924737,-0.7996603,1.4108475,-1.0403734
ACGATTCAGCATTTCT-1,13.746648,-2.0241554,-0.35118797,0.4643699,-2.6057858,0.017407816,2.8430164,1.8995755,2.2465203,-0.24656907,-0.12510991,1.4044416,-0.3593971,-1.0846632,1.6333599,0.34104794,0.7514346,2.099213,2.73762,-1.150584,-2.0123024,-0.45204452,0.1422343,-0.87820727,0.2356127,-0.8163308,0.23011248,1.2010081,0.2097536,-0.9276811
ACGCACGGTACGGGTT-1,-7.195016,-4.7587795,18.670015,-0.09204316,1.0826265,-4.1369677,-3.6022856,0.55489004,3.6794074,3.6953459,0.74908525,-1.8567517,-0.36480752,3.753542,-2.613458,-0.011543334,-0.43711457,-0.41142762,1.8387831,0.6341796,-1.5696094,1.955633,1.3464516,1.3312491,1.3257891,0.63528347,-0.7944846,-0.13759595,1.4055471,-1.4510307
ACGCACGGTTAATGAC-1,13.442056,-2.0226102,-0.49661952,-0.80899006,-2.1843965,0.2526389,0.6687101,0.9521539,1.0202688,-0.38278958,-0.5331269,1.4984934,0.16271712,-0.513923,0.32791835,1.6757764,-1.5313995,-0.5211625,-1.5170156,0.4511528,1.4333096,-0.14483316,1.2789676,-0.14477545,1.2996421,-0.554121,0.92887455,0.7925695,0.12850125,-0.48193496
ACGCACGGTTACGCAA-1,-6.466835,-2.5707107,0.8074709,-0.119914114,-0.67440516,1.6474859,3.256544,-0.17142187,-3.091996,-0.004773512,-0.28701955,-1.2352396,0.08858376,-0.92769945,1.1126082,0.800882,-1.6509228,0.18583344,0.8865639,-2.142117,-0.9963198,2.325169,-0.4393305,0.5108669,-1.4255227,-0.25024563,-0.7909286,0.7430058,1.0027003,-0.44883347
ACGCCTAAGGAAGCTA-1,-6.608142,-2.241343,-5.1292715,0.72635,-0.7931295,-6.820465,1.6519557,-0.95866936,-1.2207655,2.3444738,0.29446724,1.0262264,0.8784293,0.6077833,-1.3638316,2.0493011,-1.8231546,2.0218704,-0.27751267,2.266582,-1.9667729,-0.08008301,0.13948813,-0.1453084,0.33772,-1.3594108,-0.44171298,-1.2346148,-0.7220682,0.3340676
ACGCCTAAGGCGGGTA-1,-6.406258,-4.2518497,12.524789,-1.1061614,0.0014058204,-1.6560158,-2.1828785,-0.31808645,0.8534079,2.0867503,-1.4361812,-1.4719056,1.1904382,-0.4001167,-0.60582465,-0.34596086,-0.6208398,-0.1569113,-1.5251366,0.47579607,0.58564085,0.0070124813,-0.37438726,0.29841462,0.2835687,0.42314786,-0.8196038,0.7945374,-0.21351257,-1.2017252
ACGCCTAAGTCTATGA-1,12.116264,-0.84574413,0.4330577,-1.2231746,6.068292,-0.6765749,0.65183216,0.5541383,0.3345959,-1.1245111,-2.3035536,0.7777684,0.38299355,1.2778715,-0.24520934,0.6894847,-0.47068056,0.014107797,0.80638903,0.40017807,-0.1336304,0.5142461,0.9408725,-0.6643248,0.48788503,0.9553108,0.7052235,1.5408143,1.3443422,0.04799895
ACGCCTAAGTGAGGGT-1,-7.7997203,-2.0647743,-3.7023733,0.6154241,-0.21637465,-2.6098473,2.016957,-0.28458872,-0.09237095,1.2391076,1.7777756,-0.8840536,-0.7265248,3.1332548,1.3383173,-0.80743176,-1.8936834,0.3203668,0.23385708,-1.1440936,-2.024916,3.1848018,0.5340824,1.5119345,-1.1491352,0.027207319,-0.12178303,-1.2652419,-1.5456063,-1.9488356
ACGCCTTTCATTTGCT-1,-7.1144824,-2.1030254,4.7367306,-0.027099729,-0.89570993,1.7717404,3.8640428,0.84632933,-2.867618,1.5701072,-2.760294,0.99798,1.5395802,-3.3698435,1.3888518,-2.703853,-0.44452146,-3.4291887,2.4155803,-4.033057,1.4460642,-0.900888,-0.73322827,3.1756244,-0.6213212,1.6890553,-0.0797723,-0.60499597,0.050190005,-2.01101
ACGCTTGAGCTCATAA-1,14.883846,-2.4834702,-0.19351155,0.23826954,-6.82839,0.66505694,1.8309233,1.4150308,2.6450546,1.8592981,5.7493567,2.0253534,-1.4248948,-2.6637802,1.1199169,0.31760424,1.0011313,1.1209371,1.4570004,-0.9915116,-2.7709277,-1.370296,-2.808542,-0.37179625,-1.4396201,-0.17561807,-1.3622266,0.0592089,-1.7974209,-1.2590191
ACGCTTGAGGTCATTA-1,-6.1175237,-2.2642257,5.7059574,-0.7007934,-0.35948217,2.7437668,1.5747956,-0.34391436,-1.3607818,-0.88401055,-0.18455015,2.6736665,-1.5590982,0.15210585,-2.3461785,2.6713698,-1.4580027,-2.6424282,-0.77483,1.2538621,1.397574,-1.2841421,-3.7277677,-2.443841,-1.5222032,-2.9553485,1.4644042,0.6869614,-3.847089,0.5252644
ACGGGAAGTCGCATAA-1,-7.8245726,-2.1310976,-3.4120853,0.46005684,0.03914189,-3.9456737,2.3019977,-0.8113172,-1.1179016,3.1949353,-0.5037601,-1.3761464,-0.7517214,0.96929836,-1.0694896,0.15787977,0.5637395,-0.45634803,0.63830703,-1.0685871,0.21327193,1.1504697,-1.8706617,0.6944674,-0.6795574,-0.02582937,-0.78927857,-0.008288627,3.1634789,-0.5209597
ACGGGAAGTTCGGTAA-1,-0.868785,22.692074,1.3871075,-4.6205983,1.2347565,-0.15448049,4.116746,-4.911907,3.661025,0.64451593,-1.4256736,-4.4316673,-5.879209,0.30206653,2.8621798,2.3702202,0.19559164,-2.038767,0.12037842,1.5608552,0.95522934,1.1411784,1.1650971,1.1044513,-0.06725362,0.19679186,-2.3826287,-1.7207991,-0.4303271,0.61209655
ACGGGAAGTTTGAGGC-1,-7.7710357,-2.9314885,-4.794287,0.0969025,0.8311521,-4.5943317,2.135596,-0.061156552,-0.6663376,2.2586362,-1.3150777,0.385843,0.13627414,0.5428955,-2.7415628,0.7298394,-0.8986998,0.8883484,0.08416545,1.5142509,-1.228271,0.3329999,0.14705925,0.34696102,-0.83674103,1.0461283,-1.5467389,1.2095804,-0.8422209,-0.76992506
ACGGTACGTCGCATAA-1,-8.747077,-1.6192803,-4.389112,0.3074705,-1.118963,2.8809907,-2.583538,0.049783252,0.3598583,-2.9001818,-3.0764828,4.8693256,-0.6328577,-3.3503551,-2.5741434,0.57923216,-0.38091674,-1.805721,1.277237,0.6602836,2.0862727,-0.4041332,-3.1036572,1.6889772,0.21259363,-1.6865331,0.2798247,2.2731905,0.6032614,0.681695
ACGGTTAGTGCATCGG-1,-6.8309507,-1.2598149,-5.103975,1.3128022,-0.68838805,-0.22098403,-2.972439,1.4736623,1.4923471,-2.4189591,1.4362092,1.1326077,1.7517744,-1.3666736,0.67864245,-1.5929257,-1.2016652,2.575483,2.354024,-1.4024035,-0.6356765,-0.3703878,0.5828051,-1.9627268,-1.2338767,0.38257816,0.334043,-0.70270634,1.8481274,2.6985443
ACGGTTAGTGTGCAAC-1,-7.3901553,-2.3694856,-5.2680445,0.96117854,-0.08949701,-3.633869,0.86636466,0.17033078,0.64472765,0.27805433,-1.7028495,3.5662887,-0.32650036,-2.0457082,-1.4068265,-0.59469366,-1.6865349,0.40179133,0.9467476,1.4200722,-0.22094999,1.0292884,-0.3532728,1.3183328,4.3855124,-2.2677884,-0.15818545,-0.73384905,-0.11066415,1.0785366
ACGGTTTAGCCGCAGT-1,-6.5568147,-0.8853171,-2.3473475,0.13106664,-0.22692502,5.022415,-0.70255405,0.96600866,-0.04286229,2.0161042,1.0371159,-0.8694013,-0.6846294,2.5914395,-1.6775469,1.6484789,2.9041004,-2.1152098,0.37967905,-1.5510465,0.9803247,-0.93404084,-0.2998842,-1.2521199,0.14817196,2.5615728,-1.6722525,-0.8291453,-0.50148684,-2.1952493
ACGTACCCAATGAAGC-1,-6.870831,-1.6209104,-3.2728257,-0.10363414,-0.0897676,1.7108426,-1.602543,0.4372161,0.7712997,-1.4157834,0.27394456,-1.1138306,2.3096166,-1.2519859,0.5822207,-1.4683138,-2.1022005,-0.3844439,-0.6205717,-0.38145757,-0.8313713,1.7048326,1.4714118,-1.4516869,-0.72365725,2.6951034,0.17424114,-0.24322338,-1.9892877,1.1400042
ACGTCAAGTTAATGCG-1,4.665906,4.8840437,0.95956993,3.4087377,6.091935,0.78282577,7.595298,4.969588,9.87977,1.0866408,3.9958885,0.06681892,-0.83983535,-0.56236213,-0.5804701,-1.4560909,-1.137128,-2.1348248,-5.0483127,1.0303396,1.3973169,1.5973787,1.0173666,0.6861918,0.11570716,0.8534254,-1.7712367,0.8094603,0.05572834,3.4938254
ACGTCCAAGCAGCTAT-1,10.205314,-2.288608,-0.93844396,-0.35023788,-2.170878,0.4130972,1.0014392,0.87495553,-0.08038933,-0.77002394,-1.2341144,-2.6565714,1.1526594,1.3909051,-0.4544074,-0.34358773,-1.0942329,-0.029169528,0.29374173,0.733955,0.78570735,0.13996221,0.58548623,-1.2403617,1.0551803,0.75462425,-0.11637409,0.011765998,-0.36029077,-1.2357496
ACGTCCTTCAAAGGCA-1,13.921591,-1.7345748,-0.19843383,-0.22497399,0.873581,0.040729325,-0.37045616,-0.03213184,-0.5315748,-0.3638626,-3.0291584,1.0531962,0.2213632,0.43272522,0.07518015,-0.2561412,1.4885426,0.5851874,0.5464774,0.40774024,0.012627711,-0.49647945,-0.020987682,-0.69790447,0.091612436,-0.046951406,-0.08716001,-0.22484575,-1.1843683,0.7038
ACGTCCTTCCTAATTC-1,-6.511154,-1.7537619,-3.3748357,0.3996241,0.22231841,-3.259795,1.9039048,-0.68748313,-2.2873797,2.1165774,2.2246828,-1.7235467,0.25637606,1.2866968,-0.2976121,-1.1583357,-1.902537,0.931928,0.8889727,-0.20427121,0.55531746,-0.7854821,-1.285161,-0.6074009,-1.1655849,0.48865184,1.062489,0.005938027,-1.9058235,-1.6298199
ACGTCCTTCGCTAGAT-1,-7.4923863,-2.251594,4.6978135,-0.48319605,0.29050532,3.927206,5.862785,0.6034092,-3.2403746,1.5283583,-2.0932372,-0.88258445,1.8013694,-2.77129,2.1999378,-0.742909,2.1776824,-0.25415307,-2.6766748,-1.7712909,2.2564154,-0.809399,-1.0534135,-1.335531,0.9653425,1.7158533,-0.7748818,-2.3898442,1.6570784,-0.25039014
ACTAAAGCACAGAAAC-1,9.871922,-1.6955036,-0.7467739,0.10195275,-2.6608665,0.18252261,0.70552456,1.1692383,-0.5437118,1.1478436,0.7374272,0.48373047,0.72255653,-0.09221662,-0.23515885,0.4242156,-0.7635215,-0.84266955,1.510269,0.9615582,0.054974996,-0.5768354,0.36510384,-0.92611474,-0.4364998,-1.0685481,-0.61901325,0.50486773,-0.01688453,0.8679456
ACTAACCAGCACAGAA-1,13.472379,-2.820789,-0.22530463,-0.62915456,-8.029921,-0.2139136,-0.44868523,0.06262185,-1.7545189,0.9655687,5.719972,2.5255175,-0.9426349,-0.8799487,0.500393,1.0183253,-0.7639786,-3.353128,-1.988475,1.8403531,-0.0014479064,1.9243042,0.3032135,-0.009923143,-1.4771827,0.3626636,1.5226065,-1.3210496,1.0669924,0.81834745
ACTAACGGTTACGCGG-1,-6.8805676,-2.1450942,-3.0327022,1.1085162,0.04837016,5.608181,-1.328208,0.6756553,1.202698,1.7574381,-0.684907,0.26219213,0.73670596,-1.1557845,-2.010136,1.0853194,-0.76192194,-1.0920597,1.9832376,-2.780654,1.4036659,2.5430536,1.1692667,0.7600496,1.2945172,-2.8418486,-0.69916815,-0.95457214,-0.8882884,-0.9858639
ACTAACTCAAGGTGCA-1,-5.9720125,-1.4777586,-3.4577358,-0.42797002,0.12760444,-1.2421886,0.10491981,-0.30907258,0.8374799,-0.14332508,0.9970792,-2.0370944,-0.9895502,1.0233897,2.850588,0.38386372,2.3301582,-0.8678456,2.0486739,-0.4636434,0.43049136,-0.17732723,0.32950345,-0.721334,1.4895855,-0.66734856,1.0422807,0.18238826,-1.8976452,0.9823109
ACTAACTCAGAGGGAG-1,-6.494907,-1.2948871,-0.45846182,0.96018374,-0.065644294,3.692646,2.9061713,0.9292409,-1.4692328,2.2451835,-0.29232147,-0.50601345,-0.027911503,0.20432654,-2.0702872,-1.370849,-0.1277179,1.4017254,0.98487556,-2.4010363,2.1710637,1.18683,-0.3507302,0.9125724,0.5690001,-0.43941167,0.61315423,0.68060267,-0.18213066,-0.7482251
ACTAACTCAGGGAGGA-1,-2.5055547,21.148579,-0.017161427,-6.8991265,-2.1445065,0.5018611,-0.90642226,-0.46836072,-1.4242142,0.92251706,-0.4388465,-2.8813937,0.9206877,-1.2029428,-2.2558703,0.6338857,1.2734956,8.172772,-0.79224044,4.686343,-0.16046202,0.57699317,-0.92915857,0.98009324,0.26159832,4.0677657,2.2941558,-0.87657696,-0.4089369,-2.2558346
ACTAATCCAGGTATTT-1,-6.997339,-1.4660043,-2.0906425,-0.2907135,0.0060757725,9.867966,-1.8456312,-1.3559355,-0.25942576,-2.352895,0.8699516,5.5330787,-5.0485997,5.746981,-6.311186,3.5503485,4.2168202,-1.3856182,1.9013764,-3.4257443,1.2869915,0.53109044,-4.716537,-2.9571152,-0.9152599,-5.0887766,-1.63583,0.2731957,-1.3849477,0.7889231
ACTAGGCGTACTGAAT-1,-6.8865304,-2.9569974,-0.8218443,0.10215816,0.13033573,6.9164367,0.769697,0.16427879,-0.9959001,-3.0077386,0.073036276,1.0228138,-2.8871665,1.2270331,-0.43010294,-0.9456984,-0.8892297,0.87911123,0.27918935,-0.15483885,-0.8788746,0.010702255,-0.7594569,-1.4679747,-1.0370866,-0.9550906,-1.1272042,-0.8718571,-0.03244,2.06364
ACTATCCGTAGGATTT-1,10.568918,-0.2776206,0.09992312,-0.9221219,8.697424,-0.7568997,-0.46208516,0.5677508,-0.64594185,-1.0649022,-2.1753812,0.20629622,1.3182819,0.40909004,0.73341155,-0.51531696,0.69243777,1.147586,2.7647471,-0.28632182,-0.5536055,-0.55909985,0.19943166,-0.36889714,-0.96582246,0.37532914,0.5618671,0.7438451,-0.56595814,0.56809074
ACTATCCGTTCACTGT-1,-7.2661495,-2.1321616,-5.080688,0.67845714,-0.1378687,2.814394,-2.0969756,-0.7096651,1.2155313,-0.4305844,-0.12978652,0.30274785,-0.24701412,-0.049669955,-0.8114734,-1.7308831,-3.486591,0.36308014,1.6297328,-1.4816207,-2.0542595,0.17611139,-0.019907271,2.3430982,1.6001272,-0.68293595,0.52962834,0.5563132,1.6598336,2.6539345
ACTATGTCACCGGTAT-1,-6.4970727,-2.0983965,-3.9583225,0.15492132,1.4559222,-0.34036586,-1.500698,-0.62863636,0.47779986,-1.8812559,-0.14176254,-1.3806971,0.9313105,-1.5429107,-0.6534429,0.47173584,-1.1051686,0.14833714,-0.21860571,1.4925731,-0.7740926,0.6901342,0.8139101,-0.20622467,-0.023609497,1.209634,-1.7204707,-0.401805,0.17403032,-0.607295
ACTATGTCACCTACTT-1,-6.7554913,-1.5417346,-0.9390744,-0.2685975,-0.7154502,4.71374,-1.2528476,0.43253818,1.4858851,1.0935394,-0.9544877,-0.6140102,-0.3353425,-0.39279556,0.89419276,-1.3201239,-0.8394578,0.5889128,0.103273034,1.7092401,-2.143987,1.1976671,-0.29660505,-0.11304856,-0.6950399,-2.695554,0.65165186,0.80500406,0.1803189,-2.1487973
ACTATGTCAGTTTGTG-1,12.417033,-0.15577786,0.2006874,1.2122386,6.249348,-0.03471429,1.4485734,1.2522665,1.7762536,-1.8733916,-2.8715713,2.1738353,0.019944523,1.5037609,-0.2418765,0.61191475,2.4298456,-1.318478,-0.58971363,0.16932055,-1.947356,-0.22113702,0.048047576,-0.106437124,1.2608163,-0.031730976,-0.6237402,1.2598376,0.2851696,-0.78055745
ACTCAGTAGCTTAACA-1,-8.555338,-1.8573666,-4.061101,0.34591806,0.06561657,-1.3005493,-0.9023356,-0.508514,1.1760762,-0.62959707,-0.17880452,0.78086466,0.7568612,-2.9506707,2.8806012,0.8808779,1.1822654,-0.21064274,0.41568753,0.5110388,0.00055793027,-0.22513463,-0.23058361,-2.917044,0.049372107,0.8971011,0.7791613,-1.6988178,-1.5979869,1.1887238
ACTCAGTAGGAAGCAC-1,-8.642901,-3.9367127,20.901619,-1.4094712,0.21954757,-3.8701293,-6.3900676,0.017789844,5.194773,4.6912503,-2.6793342,1.4927623,-0.53747964,0.5437073,-0.087658204,0.097536,1.0705823,-0.9874984,0.45132777,-1.9001718,-2.1871312,3.6814537,-1.4481468,1.0660666,1.2085402,-0.55005795,-2.3534122,0.52525723,-0.46268365,1.458276
ACTCAGTAGGCATGTT-1,12.164939,0.118123345,-0.13082676,0.3667077,4.1573834,-0.05691441,0.68382365,1.587393,0.77485245,-0.59223026,-0.96758366,1.2945406,0.27757487,-0.275386,0.30068234,0.9788708,0.56489444,0.8413344,1.1149693,-1.1353065,-0.5049949,0.6615706,0.15396035,0.00096452096,-0.4218172,0.807923,-0.011434531,0.9852641,0.6521993,0.32297388
ACTCGCGCAAGGAATC-1,-0.9264125,17.908028,0.18732129,-4.4244204,0.77812713,0.27169892,2.6004143,-3.763343,3.5218475,-1.2108643,-1.3974397,-4.6669836,-5.677247,-2.4110384,0.060835954,-0.8613358,-1.0490309,-0.5878302,1.3902365,-0.22881736,0.9496879,1.9948668,-0.738885,2.8661406,3.89083,-2.7591438,0.70665234,-1.5579354,0.10425906,2.690793
ACTCGCGCACCTACTT-1,13.45697,-2.4285042,-0.36465457,-0.11115905,-4.201337,-0.07240116,-1.6106359,0.4929594,-1.8240577,-0.40542528,-0.6043915,-0.133813,0.5091566,0.057941157,-0.0831963,0.3703566,-0.4636757,0.98060036,0.6396075,0.29020876,0.045704458,-0.94568676,1.6607952,-1.2083092,0.7479544,-0.6463914,-0.66385704,-0.6031515,-0.04734641,-1.8432258
ACTCGCGCATAATCGT-1,8.397075,-0.50618315,1.1303962,0.12368328,11.996306,-0.22866419,-2.0300472,-1.4227836,-2.3636878,-0.36536846,1.2585142,-1.6682174,-0.11534896,-0.29794037,0.10372985,0.16351701,-0.6770421,-0.62909985,-0.18652473,0.42927736,0.17364696,0.2720515,-0.28562066,-0.31373677,0.4582184,0.2720057,0.11063584,-0.6347449,-0.57903796,-0.76831627
ACTGAAACATAAAGCA-1,-6.2719784,-2.1693118,-3.447196,1.567386,-0.21447605,-1.115267,-0.89673907,0.055343177,0.34063488,-0.72852886,1.4845663,-2.055452,1.2516005,-0.28498337,-0.15075031,0.2915455,1.4941409,1.1467098,-0.517417,-1.4375181,1.6702914,0.31828195,2.3449714,-1.3439375,0.83883864,-0.20509376,0.34893793,-0.5365601,-0.09870476,-0.08378147
ACTTACAAGGCATGAA-1,12.685639,-0.97787845,0.37201855,1.6026317,-2.5534282,-0.5823905,3.4177024,2.687419,4.1711807,0.7215279,4.0800414,1.5087835,-1.7468907,-3.1796079,0.5068485,0.032708533,0.46918193,1.9891511,1.6977055,-0.4561561,-1.8846811,-0.2608836,-0.20508371,0.5904329,0.62242174,-0.52667725,-1.6476573,1.8351316,-0.82439727,-0.5764415
ACTTACTTCAGGGCCT-1,10.117022,-1.8359901,-0.27525818,-0.8271579,3.843074,-0.4678515,-0.06372096,0.3258069,-0.5521819,-0.9914374,-3.0117278,-0.94426554,0.589567,2.2750046,0.5254839,-0.67107975,0.27313864,0.8869827,2.269639,-0.1791644,0.49012825,-1.5430977,0.12606879,-0.70902264,-1.1986934,1.8520783,0.41050828,2.0540922,-0.8070174,-0.5065747
ACTTACTTCATAGCCG-1,-8.125516,-1.473014,-2.00018,0.46845642,-0.16932844,9.711608,-1.2260994,0.8572271,0.024537144,0.94502705,1.1614314,4.347854,-5.3884525,5.6737127,-3.923931,3.3761628,2.7860343,0.035825457,1.4251004,-7.3962226,3.315171,1.9847661,-1.0210536,-1.4190677,-2.7358816,3.108384,-1.2474033,-1.2127627,0.20101666,3.6576636
ACTTACTTCCTTCAAT-1,13.402713,-1.9538132,-0.250202,-0.2041872,-0.36242336,-0.11534482,0.6415786,-0.6829709,-0.5837856,-1.0500528,-3.9983726,0.26790735,1.6480371,2.4211483,-1.0545523,2.0790603,-1.007134,-2.0773764,-1.0737383,-0.3425089,2.3837955,-0.94909376,0.12796833,1.8203365,-0.068086825,-0.42598784,1.4933131,-0.96980655,0.738516,-0.99561626
ACTTACTTCTCCTCAA-1,14.696035,-2.7170057,0.38297048,0.07872202,0.42289546,0.27634725,0.36091748,-0.47172943,0.23021922,-0.043147318,-1.5673438,0.7265405,0.17748162,0.004400162,1.5405585,1.6295846,0.07133102,0.7475783,2.4818573,0.55911094,0.19207112,-0.4034711,-0.5365856,-1.2221011,-0.50925195,-0.7702385,0.9566706,3.1641552,1.21237,-0.44562873
ACTTAGGGTAGGTTTG-1,-6.848553,-1.9028406,-3.4051197,0.044450056,0.48860314,-4.2539377,2.3598485,-0.41228157,-1.1854439,1.5172472,0.18432443,-1.7996616,-0.050706938,0.83973414,-0.10232758,-1.08615,0.62910956,0.5730747,-0.3237795,1.5041077,-2.1373541,1.0859133,-0.7174547,0.15815988,-0.9982189,1.1839567,0.58186007,0.38195857,0.5142934,-2.568073
ACTTAGGGTAGTAAGA-1,-5.2892175,-0.90703213,-1.5064864,0.26565453,1.3099382,4.4632664,-0.26602224,-0.3988129,0.61281675,-2.942142,4.327406,-0.09086336,-2.5810027,7.658115,-1.8794308,-0.32479,2.8875337,0.71164715,-1.622189,0.88577604,-0.25008887,-3.3049815,1.627442,0.28868562,0.9202457,1.5371313,-0.8127963,-0.6401679,-2.2157123,-0.82244796
ACTTAGGGTAGTTGGC-1,-6.398271,-2.164217,0.4698473,1.3500544,-0.19155551,3.6064003,1.6677064,1.7046323,-0.45872253,4.468238,-0.5992047,-1.1179519,0.8804087,-0.68388134,1.2390838,-0.42122087,0.78702784,-0.16661133,1.4778172,-0.73647827,1.7228892,-1.1625394,-0.6418434,0.19169594,-0.9651226,-0.61289704,-1.2480243,-0.4662243,-0.1441494,3.1023135
ACTTATCTCAAGGACA-1,-6.7178864,-3.0305755,18.37328,1.501002,0.2772817,-5.382258,-6.7642007,-0.5373659,3.5900881,1.3181068,-1.5892255,-0.2737695,0.5526005,-1.4880646,-1.0500542,2.254692,-0.64140224,-1.594255,-1.8396065,1.7592614,0.9568186,-4.4432263,-3.4093163,1.2500865,-1.7058177,5.3171916,-0.69551986,-0.6794945,-5.635202,-1.4407914
ACTTATCTCTTACTCG-1,-8.59953,-2.2407427,-4.0792737,1.239611,-0.26458028,-3.9623282,0.914202,-0.9523827,-1.4014188,1.2190931,-0.6515378,2.7631276,0.3676629,0.13328543,-1.1038545,-0.22253123,-1.1425352,-0.6779323,-1.2833316,-3.2884626,0.398551,-0.4170512,-0.68290234,1.8369952,-1.6424068,-2.418143,-0.50075555,-0.13287248,-0.0860153,0.08991496
ACTTCGCTCCACCCTG-1,-7.7008686,-3.697834,0.21858086,-0.8720476,-0.6230847,2.0617046,-0.3133406,0.3842749,-0.58599424,1.6627239,-2.8195536,0.71598446,1.1201526,-3.00238,-0.3952842,0.7562457,-0.090215415,-0.14568071,1.82043,-1.7049738,2.0466237,-0.5508895,0.7179113,-0.17009245,-1.7061876,0.9745957,-2.5635433,-0.81846344,-1.0293664,0.74494606
ACTTCGCTCGTAACGT-1,12.570407,-1.3932103,-0.9350633,0.33111414,3.534464,-0.37885618,-1.1393375,-0.41015723,-1.2856069,-2.186605,-4.3031898,1.1013799,0.079527065,0.75544924,-0.15751961,-0.5686613,1.0029073,-0.39241633,1.2701737,0.95343184,-2.6263795,-0.21728407,0.4730007,-0.89785784,-0.079081066,0.7741339,-0.93880236,2.0535066,0.36626652,0.47006717
ACTTCGCTCTAAGGTC-1,-8.574619,-2.533447,-5.122239,0.23023285,-0.35804078,-1.047701,-1.0512497,0.16755843,1.1178766,-0.76828206,-0.4975054,0.23932402,0.20268503,-1.606742,-0.624378,0.15309733,2.1669884,-1.1559201,0.76972306,-1.214234,-0.7630933,-2.2211835,-0.55891275,-1.3733513,0.79037005,-1.7765495,-0.8152028,0.2841666,-0.45708153,-1.2267541
ACTTGAATCCAAGTTA-1,12.212656,-1.7551798,-0.4645485,-1.1766895,-0.0039890273,-1.2222631,-1.1045275,0.3119763,-0.30942166,-0.39775488,-0.98033696,2.2247066,0.81433004,-0.069023356,-0.5659966,0.48888686,0.663017,1.8098307,2.2866914,-0.13349263,-1.5475168,-1.5183085,-0.4333122,-0.96376544,-0.7241355,2.131561,0.7604264,2.2569344,1.5827303,1.0845397
ACTTGCACAACCTAAT-1,-6.6534166,-1.5581012,-4.747407,0.8139773,0.112400874,-1.6490315,-1.3620769,-1.9064834,1.913671,-2.0061088,0.23121667,-1.406124,-0.73944783,-1.9451675,0.53813875,-0.2978789,2.8241324,-1.1299366,-0.083097965,-0.3897354,0.77247757,-2.0995991,0.18907376,-3.4155688,1.2975224,-1.5114299,0.1560406,1.3061103,0.030476665,1.0416777
ACTTGTCGTACCGTAA-1,-8.624231,-3.33372,7.7723007,-0.8637703,-0.8083753,4.9757485,3.0931063,1.2047869,-3.1456358,9.013604,-3.4639604,0.01113386,1.0043834,-2.268466,6.1806126,-0.23881464,1.200032,2.3284812,-1.2644149,2.3830807,-0.32089207,-5.765789,7.7545485,0.36252213,0.3817466,-0.49481636,-1.540701,0.07087735,1.453683,-0.44274965
AGAAACCCATAATGTC-1,-6.480539,-2.0108438,5.822038,-0.5377522,-1.1298783,5.372309,2.8922942,2.3968344,-1.6292658,3.9990625,-2.145752,-0.60633105,1.8566185,-2.387314,7.275299,-1.2331952,-0.20460469,1.3302281,-1.7744474,0.080853194,-0.8784811,-4.650773,1.9123868,-2.1736643,2.2864382,0.42383552,0.5517395,-0.2675652,-2.1087458,2.4561749
AGAAAGGCAATTAGCT-1,-0.52645385,17.537046,-1.5984669,-6.8577166,-3.7071388,-1.1648164,-3.9734395,10.052593,-6.0245814,-1.1445267,0.82257396,4.0135126,5.0755744,0.052277245,-3.762689,-7.5340967,5.002331,5.0868,-0.91667664,10.233799,0.92558336,5.7026916,-8.150238,-10.865353,2.0154054,2.4875526,-2.8093052,-1.0699201,8.50465,-0.28056234
AGAAAGGCATCCATCT-1,12.24806,-1.2277666,-0.070087716,1.1378719,0.66633934,0.8254284,3.5583897,3.3243947,4.402683,0.68779314,-1.2913226,1.0031096,0.86717147,-0.0040852423,0.5658207,0.7168701,0.9737478,0.5257461,3.7230139,-2.4089935,0.09808691,0.63497937,-0.66313875,0.09321631,1.0320269,-1.5063734,0.10326228,0.41153333,-0.85223234,-1.7741565
AGAACAAGTAGCCTAA-1,-7.258845,-1.9095081,-3.6192937,0.6296558,-0.17473269,2.230221,-0.715296,-0.20604189,1.0322576,-1.2588072,-0.39924857,2.8488753,0.65399665,-1.5721234,-0.41355518,-2.4432755,-2.1739726,2.2817798,0.0820521,-0.5397544,-2.3464887,1.428457,-0.31785515,1.1580142,2.3918765,1.9170169,1.278347,0.06789558,1.1462406,1.3660066
AGAACAAGTCCTTCAG-1,-7.5353494,-1.7395084,-4.6957273,1.5572642,1.2877504,-2.6827972,-1.9871414,-0.74869263,1.8417575,0.1521205,1.8444235,1.3403742,0.8683983,-1.0465199,-0.18571907,1.7639297,2.009479,0.2628978,0.1914277,-0.71002305,0.23119102,-0.08738126,0.8138237,1.962476,0.68496716,-0.073068395,1.3401222,2.0149543,-1.1695797,0.5792204
AGAACCAAGCCGGTAC-1,11.774799,-2.3775666,-0.99154985,-0.20411797,-6.878397,0.10454643,0.8281968,1.2438142,0.52012914,1.2761626,5.2673526,-0.21128343,-0.007534031,-2.1445038,1.1689208,0.07188763,-1.6644492,0.66037583,0.8752754,0.32547286,0.00012300066,0.61703,0.116614506,-0.9146942,0.010827366,-0.52772313,0.7862691,-0.51329535,-0.631452,-0.37444824
AGAACCAAGTAAGAAC-1,-7.954831,0.3699814,-4.7750263,0.99854064,-0.22561257,-2.1656506,-0.37918064,-0.9067758,2.199244,-2.0879097,1.571352,-2.340811,1.4063889,-0.40231326,0.84377444,0.28357804,2.6011398,-1.1213738,-0.97708404,-2.210769,0.34519464,-0.80034834,-0.15731578,1.8556503,2.2800758,-0.61911297,1.9041204,0.09290322,-0.28759587,2.2019813
AGAACCGCACCTAATG-1,-6.6126657,-2.4789767,0.79325855,-0.10362787,-0.32768238,0.1838132,4.4158177,0.33186904,-3.2444258,1.3480096,-0.7898182,0.8322564,1.1451883,-0.95754796,-0.7588473,-1.0859423,1.2021946,-2.0893598,-0.6654184,-0.27165198,0.31183097,1.548187,-2.0404706,0.327059,-1.1181514,-0.29970273,-0.2412962,1.854929,-0.2852885,-1.6798973
AGAAGGTGTAACGGGA-1,11.604839,-0.6251559,-0.31985173,-0.3272222,5.012142,0.9391735,2.3327181,0.96769947,2.0585651,-0.8013558,-5.2548537,0.24747933,2.0888374,1.9322226,-1.3474276,-0.57979393,1.2354829,-0.44127285,0.38373536,-0.019717172,-0.752619,-0.06903619,1.1555793,-0.2636547,-0.075319715,-0.122406386,1.3178391,0.0662354,1.2648256,-1.9589984
AGAAGGTGTCGCGCAA-1,11.091636,-1.8225359,-0.4395939,-0.45211288,-1.7389766,-0.8185486,0.25443548,-0.28758657,0.15487085,-1.0621716,-2.7492115,-1.2537888,0.209331,0.8770779,-0.10342135,0.48475757,-0.1569075,0.12208471,-1.5335354,-0.22307958,0.020673096,-0.9473376,-1.6747082,-0.9418433,0.9419044,-0.4143912,-0.2652224,-0.554664,1.1280032,-1.1476812
AGAATCTGTACTAAAC-1,-2.134238,22.246765,-0.33278146,-4.7326026,-1.0532093,2.756174,0.2401142,-5.1172533,1.1971496,0.5037542,4.0164056,11.366639,19.92124,2.8509078,0.45745158,-0.5307643,5.9799013,-5.1690645,-5.295985,-5.9473257,-1.1119919,8.686696,-0.27176034,0.4174645,-5.8834414,-1.0159727,-8.749341,-0.41198513,-13.451797,-2.2633574
AGAATCTGTCGCAAAC-1,-7.557951,-3.6891928,11.33124,-1.6555028,0.39705828,-0.7730416,4.466832,-0.91164595,-4.1482253,-4.4593086,2.29581,-1.1444261,1.4649733,-0.7901619,0.08512716,0.043914247,1.3815588,0.39901844,0.76606566,-1.2036275,-0.8260347,0.93751174,-0.311986,-0.619721,-1.0948333,-2.0019283,-0.19322236,-0.13913196,1.3174314,0.28986758
AGACAATAGGCCTTAG-1,-8.09381,-4.623969,11.101014,-1.1741462,-1.062169,3.2140858,5.55941,-0.004882469,-5.245569,-1.6389874,-0.26888293,-1.0984865,-0.14305905,-1.1240425,0.15962806,1.3721075,-1.9503354,0.29277378,-0.48251596,-1.8817168,-1.9071817,-3.0630631,-2.3623762,-0.06889925,-3.4065201,1.6998183,1.2785132,-0.8656511,-0.40879717,2.611129
AGACCCGGTAAGCACC-1,12.661287,-2.4231498,-0.9325732,-0.7609836,-4.5900455,-0.46884376,-1.037962,-1.3404883,-2.7003083,-0.9700437,-2.4118767,-2.2028048,1.2190809,1.604477,-0.7847127,0.18431288,-0.47224295,-0.9753673,-2.657978,2.503182,1.0083756,0.6795135,0.26179788,-0.39192536,0.7763944,-0.8098851,-1.215637,-1.1263258,2.5155249,-1.1769347
AGACTATGTATGGTGC-1,-6.609576,-2.6520858,-3.3557403,0.8111916,0.5277996,-4.851047,2.5884366,-1.6406645,-0.8662861,1.6029032,0.36421221,0.9921598,-1.4219844,3.7876055,2.7792745,-0.4306996,1.3631879,-1.2308414,0.9911021,1.0518951,-1.3994493,-1.3098214,2.018635,-1.4261576,-0.7806613,-1.3455263,-0.2786618,-2.259451,0.08535714,-0.5993113
AGAGAAGCATAGCTGC-1,-7.150553,-1.8993483,2.287962,-0.9202435,-0.6207616,4.5052514,2.5469418,2.0646858,-2.8039358,-1.2545485,-2.8511126,2.0972738,2.9641228,-2.307893,4.1208563,-0.06150085,-0.76537687,-0.2312847,-4.176716,1.656142,0.975303,-2.1036985,-1.9457275,-1.5427449,0.23866808,-0.8680546,0.82230985,2.0688753,-1.3564693,0.68904847
AGAGATTAGTCATGCG-1,12.152495,-2.3697972,0.22727573,-0.9419595,1.6358318,-0.06895939,0.2984026,-0.67488873,0.7430726,-0.31641224,-0.063270666,-0.6342986,0.3452419,0.32436213,0.29074073,-0.06566526,-0.8388407,0.9807649,0.515428,-0.66617,0.16270907,-0.10636075,-0.82146835,-0.70694435,0.37073487,-0.31873924,-0.3520946,0.43725187,-0.36788175,-0.6087081
AGAGGAACACGAATCC-1,-5.7072062,-1.4736402,-1.0754274,0.74055225,-0.5632895,5.3007812,-0.6555351,0.7876147,-0.3657226,4.3824153,0.64087266,-0.5420635,-0.2235798,1.4901916,-2.2013996,1.4487457,-0.41776475,-1.3281963,1.5822227,-1.3965613,1.238044,0.64879173,-2.3027146,0.01300929,0.42058083,-0.8612999,0.8849596,1.8344377,-0.3515999,-0.17348261
AGAGGAACACTTACAG-1,12.900906,-1.3528717,-0.08951276,-0.75726223,2.0427063,-0.30921146,-0.45175135,-0.021150116,-1.1236877,-0.06348305,-1.9019904,-0.13831255,0.576685,1.2296145,-0.6017091,-0.11910087,-0.04425843,-1.0707694,-1.1914166,0.22265673,-0.28706235,0.47472212,1.1022346,0.3245728,1.2157309,0.35530174,-1.3074362,0.72963107,1.1999992,1.0856682
AGAGGAACAGCTTAAT-1,-6.131592,-2.1917257,-1.0522244,0.6602639,1.3162982,7.8281593,-0.43014273,-0.22795442,0.6514476,-1.6202046,3.751431,2.4394724,-4.9541454,10.772663,-0.12108367,-1.5975763,2.3766751,3.038043,-0.8870601,-0.10324844,-1.2393132,-1.8394171,1.7495509,1.0492094,0.43886375,-2.5690303,-2.1972966,-0.38354427,-0.44039792,0.20588094
AGAGGATGTCAGGAAG-1,14.439602,-3.266455,-0.20564738,-0.5291049,-6.165051,0.48362225,0.21760213,-0.5698747,-0.41497746,1.1235718,3.2145722,0.9450003,-1.6995695,-1.4771063,0.57810664,1.0943543,-0.5302631,0.47764415,1.6841705,-2.114302,-0.76085323,-0.31560832,-0.07975104,-0.030904712,-0.42220673,0.35484454,0.39608583,-1.2721362,-0.9146646,-0.90894276
AGAGGATGTTAACAGT-1,11.478745,-0.7320968,-0.96791965,0.7770524,0.15686333,0.14880443,2.110397,2.5497026,3.8531365,0.6570104,2.6147242,2.7862632,-0.7889388,-2.9762573,1.0409311,0.42201424,0.45864895,1.2688582,3.8938262,-0.030113284,-1.0085841,-0.6465472,-0.30261394,-0.7799245,-2.242677,-0.14138767,1.0570863,0.10093585,0.06934257,-1.3837483
AGATGAAGTAATAACC-1,-6.9896464,-2.4304814,0.42323214,0.02788765,-0.18240194,6.302982,-0.3778358,1.3061545,0.27526087,4.2538815,-1.2848895,-1.4715677,1.1064188,-0.98829126,-0.5290974,1.6393394,-0.03782482,-0.92685366,0.8321138,0.73852634,-0.6422064,-0.3211871,0.9342849,0.9980511,-0.8692699,1.4255127,-0.7144374,0.21325864,0.015530764,-1.0289049
AGATGAAGTACGTTTC-1,12.425145,0.257586,0.087196566,-0.45147127,3.0477562,0.56080395,1.6657327,2.2777424,2.1041646,-1.0630223,-1.4905273,1.5913947,0.9696834,1.5662361,-1.154059,0.3697312,-0.58435136,-0.17979023,0.781822,-0.4551763,0.0975616,-1.4204606,0.95665985,-0.004525795,-0.13202135,1.9838898,0.78493667,1.7459633,-0.9337067,0.128543
AGATGAAGTGTAACCA-1,13.755611,-3.168446,-0.7719959,0.47431368,-5.823881,0.053985696,-1.8727288,-1.6567804,-3.4420009,-0.78337926,0.26654097,-1.2805548,-0.34587872,0.5042768,0.5114851,0.00987642,-0.54889727,-1.8351369,-3.3370683,1.2560629,0.5055991,1.0643797,0.314263,2.4308865,-0.4211389,2.1080976,-1.8228265,-0.8244949,0.27122885,0.75805396
AGATGAAGTGTCCAAA-1,-6.2161107,-2.4087026,-2.4478977,0.32174993,0.29320255,4.050284,-2.1690373,-0.04578838,1.034985,-1.0154922,0.70162994,-2.1850038,0.062102,-0.044809826,-1.885547,0.96073735,-0.5270215,-0.59280354,-0.20075025,-0.26083803,-0.42534456,1.6849289,-1.1593136,-1.798996,-1.5971934,-0.20442872,1.6787195,0.73957807,-0.3601785,0.9587717
AGATGAAGTGTCCAGG-1,-6.3351016,-3.161847,3.799079,-0.8303503,0.28054783,2.1836216,3.5460525,-0.25679326,-2.8142087,-1.0806837,-0.73967254,-2.932131,1.8942206,-2.2955062,1.3277411,-2.0928335,-0.55415744,1.6655359,-0.269212,-0.3924561,-0.5652514,-0.02180125,-1.7233466,-0.04516945,-0.376785,-0.7891748,0.5653677,1.3925915,0.72175866,1.3704641
AGATGAAGTTGGTTCT-1,-6.5561705,-1.9214185,-0.70063066,0.16813934,0.5769002,4.731799,-2.6599622,1.3195114,0.38255036,2.2500763,-0.11231581,-1.8336973,0.0053882194,-0.14869303,0.4004291,0.5355401,-0.20326328,-0.8845194,1.4057972,1.1129917,-0.51778805,0.69959223,0.43594587,0.6339623,0.15721595,-0.6493033,1.4905475,-0.9252514,-1.8957886,-0.936008
AGATGCTTCCGTCCAT-1,-6.6421175,-2.8483536,18.230457,-1.6946894,-2.702977,-2.245836,-4.628523,-0.20135787,2.7501078,-0.5139765,-1.2939794,0.24432912,0.4910936,-1.4564784,-0.7226603,0.4872438,-1.520904,-0.33849677,0.1840197,1.6578808,2.2541137,-2.6286373,0.997754,-0.2819914,-3.8908184,0.97421086,-1.851143,0.2981498,-4.659157,-1.397644
AGATGCTTCCTGGTGA-1,-6.9104395,-1.9516956,-4.1655483,0.33474654,0.3399087,-0.281339,-2.6163247,0.14002596,2.1852465,-3.1446903,0.089195736,0.6106678,0.3851515,-2.0775437,0.37021235,2.12126,0.42001048,1.1553062,-0.94770116,-0.39025745,0.63351274,-0.49148825,-0.31685218,-0.47520718,-0.5239716,0.13596375,-1.1639483,0.9937558,-0.2300321,0.22437233
AGATGCTTCGTTCACC-1,9.813061,-2.4584613,-0.7101668,-0.9550928,-1.5046532,-0.36445627,-0.9801941,-0.83199215,-0.31735727,-0.17385249,-2.2543194,-1.0316266,0.74097544,1.466504,-0.07884688,0.97925234,-0.040551014,-0.39449072,-1.4906435,0.67200917,-0.29282895,1.3429054,0.010975495,-0.37770313,0.42829114,0.9023093,1.6767216,-0.45287403,0.3941115,0.17958406
AGCAAATAGCCAGTAT-1,-7.0370784,-2.6257215,-3.2594202,0.49834305,0.028494526,-4.5286474,2.753266,1.549276,0.5220818,0.44296786,0.7909096,-0.61051524,0.05227483,-0.398294,0.57164466,-1.206962,-1.4949694,-0.28559083,0.8848944,0.8919115,1.0162857,-2.930045,-0.20984674,-0.4329459,0.12497616,-2.3285158,-0.96471316,1.2969323,-1.6203834,-0.6175558
AGCAAATAGCTATATG-1,13.460468,-2.302721,-0.16558695,1.4093225,-2.4047947,-1.4638579,1.1360338,1.118025,0.6878406,-0.9492117,-1.5710196,-0.20480712,1.1989802,0.041880406,0.9506839,0.48085326,1.651606,2.2139745,1.5989519,-1.8179814,-2.017076,-0.6428106,-0.06912015,0.76845634,-1.5571469,-1.8991883,0.94305235,0.6551203,-1.1400409,-1.6451874
AGCAAATAGGTGTTAC-1,-7.6445847,-1.774545,-5.3999734,-0.11377139,0.100611866,-4.6595774,0.29862997,-0.3144976,-0.9139792,0.85297006,0.2187778,2.8755097,-0.94474083,1.5813875,-0.117324755,2.0040398,0.27342442,-0.14754556,-0.5328936,0.7677151,1.8004264,0.9480615,0.8301571,-0.9875803,-0.038953677,-2.7296486,1.0125741,-0.7915425,1.1413407,1.908843
AGCAATTGTAAAGCAA-1,11.856205,-0.31583917,0.114547335,-0.9945939,7.1152024,-0.3869359,-0.6699871,-1.0601424,-0.9747277,-0.74185306,-0.9610271,-0.6817258,0.7470836,0.13550004,0.6808237,0.41917074,0.15405872,-0.018645264,0.85741633,-0.71014017,0.36595914,1.0387175,0.20955181,0.9948055,0.5335439,0.7559195,1.0308801,0.11581659,-0.4067799,-0.2627081
AGCAATTGTCAATAGT-1,-6.519074,-1.7774878,-2.2245264,0.10233897,-1.6627339,2.815861,-0.7300633,-2.9754326,0.57130283,-3.1857324,-1.0848583,1.7726917,-0.82400423,0.17797054,1.3550951,-0.90245867,-3.6104505,-2.0170913,-2.1227221,-0.44058365,-4.0116353,1.0653908,-5.6673594,-2.080379,-1.7317516,-1.1588453,1.4155611,-0.0005027148,1.8541844,0.63906544
AGCAATTGTGGGTACT-1,-5.332859,-1.6241107,0.16067171,0.17170985,0.7937426,9.6714525,2.202337,1.2701643,0.35010275,1.3364749,3.0278337,2.3389096,-3.0646915,8.352194,-4.8840446,2.8439846,3.0765676,1.326816,0.9825258,-3.3730967,2.1704133,-0.5640931,-1.5057753,-2.0750012,-1.5458741,1.365702,-0.92432284,-2.1592524,1.4853584,1.9787424
AGCACAGCAAGGGTTG-1,-6.960581,-2.221484,-5.1496196,0.5403054,-0.016669497,-2.1726146,-1.0407777,0.7703035,0.7708042,-1.678037,0.3409342,-0.28466275,0.26855704,-0.48969045,0.3181636,-0.2512405,-1.2469473,-0.4835494,0.9944419,1.5839392,-0.8895321,-2.0529726,-1.296567,-0.7453338,-1.470973,0.65328026,-0.14924754,1.6448957,0.29846883,-0.922077
AGCACAGCATACTCCT-1,-6.022157,-2.2964904,-4.161024,0.45036986,0.7128754,-2.476208,0.6705772,-0.49541104,-0.70028394,-0.061142873,2.0300963,-0.61765796,0.3291247,0.38683507,1.2702161,1.4096321,0.17161952,-1.5313984,2.2736177,0.40558773,0.9829803,0.78212154,-2.408014,-0.8729862,0.55844605,-1.6253797,-0.17679986,-2.1253207,0.54903907,0.038201634
AGCACAGCATTCCTGT-1,-7.1274858,-2.273622,-3.4905155,1.0246563,-0.3993374,-0.43008417,-0.8698908,-0.24437387,1.2283894,-0.65849817,1.2344054,-1.1607435,-0.20387556,0.8435075,2.476555,0.3749672,2.1333714,-0.19249377,-0.96358716,-1.0966042,0.53789604,0.2060106,1.5616009,-0.65739876,1.9743406,-1.6847446,-0.07053794,-0.6398685,1.2556549,0.41118193
AGCACTTAGGAACACA-1,13.706639,-2.835519,-0.8680263,0.7729413,-6.918204,-0.27818492,-0.9164286,0.5033894,-2.1910057,1.0848787,4.244061,-0.1536219,0.462077,-0.7349167,0.35246867,-0.8429854,-0.5644653,-0.2722678,-0.75736576,-1.4741766,0.14718626,1.55675,-0.36934492,-1.6161054,-1.2199794,-1.4949759,0.32072166,0.4584734,0.74069136,-1.0258199
AGCACTTAGTTAGCCG-1,-7.253174,-1.8595424,-1.2752569,0.73664355,-0.89660037,6.4177604,-2.4866452,0.5013483,0.604425,0.1597253,0.6326727,1.7393386,-0.5166913,1.9622024,0.19879314,0.70378083,0.9751394,-0.9008275,-0.20621078,-5.1210895,-0.94901425,-0.559134,-0.16215359,-0.3319502,3.1972308,1.3751665,-0.41569722,-2.117895,1.3947461,1.7415606
AGCAGGTAGACTTACA-1,13.201411,-1.7827202,-0.8103511,-0.06334182,3.2824495,-1.0196631,0.53370655,0.4747193,0.34502482,-0.84850705,-3.9315336,-0.62837523,0.9607244,2.0980477,-0.8116977,0.13886577,2.0648644,0.2946976,0.8942753,-0.17654091,1.1679966,0.06343005,-0.27340505,0.8826111,-0.98593545,0.135261,0.6141753,-0.22176482,-2.630829,1.6072237
AGCATCCCAAATACCT-1,-8.004628,-3.3379471,8.74392,-1.0030841,-1.1191901,1.7130879,7.0493364,-0.13696153,-5.6840267,-3.5602574,-0.0031838417,1.1415107,-0.26244637,-4.078013,3.2128234,-1.3441335,1.5482641,2.6141582,-2.8356001,-0.26496243,-0.41705906,0.48806012,-2.064256,-1.1264399,-0.56808746,-2.740358,1.4899594,0.17141907,2.449239,-0.8404424
AGCATTTCAGTAAGTA-1,-8.269713,-1.9764304,-4.1018972,0.31866914,-0.632707,-5.7515435,1.7081766,-0.5921821,0.20549428,2.5991468,-0.69102347,1.2260823,-0.7017064,0.5471086,-3.4322522,0.8413748,-0.5065211,-0.19696286,-0.5004136,1.4402094,-0.91364557,-0.27406117,-0.71517324,0.93480814,-1.2717078,-1.1889511,-2.4307368,0.5579723,-0.6275022,-1.2593225
AGCCAGTGTAATGACT-1,5.421018,3.474555,0.75148094,3.0894246,5.9282293,0.48866612,8.601056,5.8625283,9.835358,0.22888573,3.8242984,-0.4008918,-0.4745898,-2.5978386,-1.3832052,0.4628493,-1.9521796,-1.0915217,-2.6706674,0.32648826,2.0606043,0.67157507,1.5943799,1.1753387,1.0596933,-0.2619142,-2.2575274,0.06885591,1.2141442,1.4793248
AGCCGCTAGTTATCCT-1,-6.567271,-1.6145018,-2.6476374,-0.10429434,0.0686298,1.2433019,-0.8180689,0.22803442,-0.16506067,-1.5582169,1.5055474,-0.9250067,2.174998,-1.2855109,0.2677192,-0.4741879,0.99859285,2.1297536,0.15381452,1.0377634,-1.4593128,-0.036113556,-0.2856525,-2.0289896,-0.54983795,1.0108039,-1.9072781,-0.717508,1.8049194,0.3510916
AGCCGGTTCCGGAACC-1,-1.2399677,2.7984538,-0.1719991,2.932815,-0.9968139,-2.138474,-0.13166994,3.572957,2.6743448,2.1861103,2.5992918,1.5838988,1.3307036,3.7774382,4.814583,0.21268491,0.33178276,-4.201835,3.2883956,4.2612534,4.6563387,2.0375807,0.28632256,-3.6933293,3.5961893,-0.83184224,14.240639,-3.148084,1.9322324,0.32435644
AGCCGGTTCCTTCTAG-1,-0.45162532,22.802591,-0.33400315,-8.871476,-2.2706115,-2.4255996,-1.0883799,9.554494,-2.7001438,-0.2903709,0.08604947,-3.5107322,-5.651677,-1.2571881,-3.892189,-2.0129814,4.8699555,3.880284,0.91818875,-0.18239023,1.5873543,-0.81351864,-1.496986,-1.4531353,0.77218866,0.27088577,0.034030974,0.29194024,-0.765937,-1.5245206
AGCCGGTTCTGCAACG-1,-7.885393,-2.1603675,-5.6522274,-0.10944792,-0.23964107,-3.6024837,-1.4862777,-0.01814721,1.6543502,-1.23918,-0.46292755,-1.1983268,1.1274883,-3.1257517,-0.5698877,1.209973,1.4681711,-0.11656981,0.744303,0.7935773,1.2612027,-1.4170449,-0.7487337,0.39452142,1.7159072,2.172992,0.67477983,0.036386594,-1.3867224,-0.50346476
AGCCTAAGTGCTTACT-1,11.183255,-1.3559734,-0.11805212,-0.25362924,6.2922626,0.21465713,-0.37126336,-0.1911052,-2.437985,-0.494313,-1.6116624,0.22978891,0.4942842,0.36056858,-0.70917356,0.056067705,-0.1641518,0.6690995,-1.8663006,-0.35983536,1.5474966,-0.99743485,0.33673576,-1.0218984,0.13752645,-0.8010774,-0.8462395,0.34871745,0.8232045,-0.22166735
AGCCTAGTCGTCCTTA-1,1.1818105,21.511637,8.511083,46.55199,-1.2657694,-1.1104926,-0.96313703,-1.5604944,-3.152721,-0.09468994,-0.3136962,-2.9772096,3.243714,0.6526568,-0.36622167,-1.059906,-0.46821797,-0.7867353,-0.16810316,1.0923483,-1.0642025,0.0027942846,1.6261872,0.202383,-0.41049513,-2.9167547,-1.478385,1.4895399,0.16452286,-0.117801405
AGCCTAGTCTTTGACT-1,-8.601274,-3.4447474,8.38394,-1.3616347,-0.39337254,3.9259036,4.048789,0.790909,-2.9073281,1.2961133,0.5347813,-0.5453959,-0.13270238,-0.91120386,-0.6988054,0.14157426,0.56114614,0.41155484,2.4834666,0.13715805,1.0443398,1.1087028,3.0432942,0.8661378,-0.91546106,-0.29558748,-0.22614753,-0.21183987,-1.5152662,1.0403314
AGCCTGGGTAACCAGC-1,-7.1086326,-1.1062946,-3.4384162,0.9519807,-1.1313462,2.1046653,-2.2732046,-0.4591058,1.2342695,-4.5956316,1.8343773,3.6913054,-0.20908467,6.5962167,5.0221047,-3.8354836,0.02498746,3.0660388,-3.6395004,1.8836384,-4.2526183,1.4526511,1.0484008,-0.018354801,-2.0586784,-0.5054424,-0.10176404,-1.2890577,0.61663806,0.05771704
AGCCTGGGTAGCTGGT-1,13.69361,-1.8234202,-0.15412688,-0.2458314,-0.95903885,0.09846368,1.6166065,2.1090856,1.2456309,-0.101306416,-0.8899719,2.7655416,-0.07379419,0.88476974,-0.981568,1.5150557,-1.0982937,0.47226536,0.3005373,-0.75660855,0.9879036,-1.2417748,-0.12635322,0.31313086,0.29440615,0.4967148,-0.06947026,-0.6993429,-0.027900454,-1.5776856
AGCCTGGGTTAGTTGG-1,-6.317263,-1.970602,-3.679839,-0.5029149,0.2534864,-3.4784346,1.1998818,-0.40661404,-1.13629,0.48910496,0.80325645,-2.8706715,0.9032624,1.0938503,-1.1167655,-0.8515824,-0.8642944,0.44278032,0.334377,0.6017067,-0.36194947,0.15795252,-0.46022627,0.17907125,1.2705228,1.5600929,-1.1231666,0.56190985,-1.8490685,0.523137
AGCGATTTCGTTCACC-1,11.398173,-2.7226257,-0.043530148,-1.000588,-5.819955,0.0046159257,-0.84281856,-1.2516088,1.2499065,0.65652883,2.3534603,-0.40807322,-2.502643,-0.71533704,0.971458,0.5030443,-0.55240947,-0.41848248,-0.74582714,-1.3847466,-0.9705519,-0.7159217,-1.9216986,0.7459582,-0.6247497,-1.5093004,-1.1242172,0.30019975,0.9998737,2.211514
AGCGATTTCTGCAACG-1,-7.9541225,-5.041079,19.51258,-2.5156987,-0.6380913,-0.80099195,1.4079998,0.061720364,-0.35818297,-4.4917946,-0.92484087,0.8554919,-0.82152164,0.6328831,-1.6567391,1.1655414,-1.050762,0.63835466,1.2833841,-2.2631352,-0.35975304,-3.0768309,0.36330536,1.1247708,-4.1062336,2.7386782,-2.3013792,-6.268956,-2.3271313,1.4169486
AGCGCCTAGCTTGCTC-1,7.524103,-2.3659098,-2.711625,-0.13011405,-4.0068946,-0.52807945,-1.7199172,-1.7040285,0.067164764,-1.6005431,-0.13585961,1.6673266,-0.14641201,-1.5319391,0.91746837,1.0545146,0.41708723,1.461773,0.05087507,0.5814563,-0.10596472,-1.2875314,1.0484877,0.8975796,-0.33065513,-0.50161403,-0.22996913,-0.48902652,0.08824685,2.942972
AGCGCTCAGGCTGGCT-1,13.746411,-3.2294168,-0.06689053,0.21985517,-5.5638924,-0.71336913,-1.3511456,-1.0784798,-0.94341254,-0.13514604,1.1928895,-0.94832826,-0.3018547,0.46717033,-1.2706838,-1.5132444,0.018842094,-0.01709768,-1.7148148,0.56072235,1.0277327,-0.11066062,0.3731318,0.8401422,0.5897083,-0.9680127,0.6914214,-1.063315,-2.074938,0.8930162
AGCGCTCAGGTCCTAG-1,-7.8187213,-4.404885,12.281834,-2.056793,-0.11934334,-0.12459042,3.9674664,-0.19400872,-2.0434268,-2.0933647,1.6639215,-4.7224255,1.062113,-2.3864846,0.33270243,-0.123927385,1.1855536,0.584476,0.34045705,-0.37015393,1.7905184,1.8463538,2.5757997,-3.8981688,0.1055755,1.9473941,-0.30088907,1.2748466,0.18723425,0.77496296
AGCGGACCAATCGCAC-1,-7.49431,-1.8901415,-3.376726,0.3295093,-0.3783162,2.6479895,-2.4820485,-0.9018073,1.2873768,-2.8485005,1.1944753,0.83368057,0.71070784,1.038399,3.5297701,-0.7525724,-2.3306887,1.7162174,0.33487648,3.659368,-2.1630297,-0.120675355,0.6363611,0.25575456,2.4878485,-0.99254864,-1.0433236,2.3323796,1.5563221,0.029372042
AGCGGACCAGCTTAGC-1,-5.8646207,-2.5116415,-3.0247192,0.8211065,-0.20501922,0.3431303,0.76271266,0.14005578,0.51331407,-0.1899662,-0.55793935,-1.6693909,0.48784912,-0.59274286,-0.3165878,-0.38598248,-0.3195831,-1.0172527,-0.3458121,-2.1218798,0.22828455,0.8834208,-1.8339301,-0.20333056,1.0497676,1.7735044,-0.8256837,2.5684962,1.4930782,-2.6455915
AGCGGATAGTTACTTC-1,10.880052,-1.4284377,0.6933923,-1.0707712,10.3927555,-0.3757106,-1.8711782,-1.247492,-2.2781236,0.026388472,-0.40247533,-0.025621956,-1.0045241,-0.30154374,0.28728777,-0.22131321,0.6153732,0.225305,1.8718767,-0.52434057,-1.058674,-0.55686986,0.5962366,-0.062478486,0.4770202,0.39171967,-0.34191826,0.77341795,-0.9308151,0.49670464
AGCGTGCTCTAATCTC-1,-6.2322745,-2.5343335,-1.755661,-0.20448339,0.07971019,4.311722,-1.7758377,-0.034684543,-0.16201474,-1.1293552,-0.2659408,-0.78743285,0.7411953,0.049035344,0.7724521,-1.9113041,-1.5343255,-1.280034,-1.0094376,0.41471428,1.139106,1.1869988,-1.0598677,-0.14755389,-0.32906199,1.8778608,-0.16619952,0.73434037,0.06368762,0.23223953
AGCTAAACATTGTGAT-1,11.921221,-1.447885,0.15453641,-0.61857283,0.7186633,1.5104444,0.88602996,0.1750483,-0.12203602,-0.79543346,-2.2547767,-0.11326048,0.10617529,3.7214139,-1.7831404,1.1830298,-0.03777003,-0.11034174,-0.014137968,-1.6423644,0.4488414,-0.122757964,-0.038111206,0.20988326,-0.25994182,0.62405765,-1.0307994,-1.3442812,-0.13362017,0.4115751
AGCTAAACATTGTGGC-1,-8.300907,-2.7103713,-6.222804,0.26324868,-0.286743,-2.0854883,-2.0506213,-0.23092183,1.7952461,-2.0507257,-1.1436676,1.2974291,-0.45049235,-1.8965799,2.0203264,0.76774955,1.1465172,1.4557346,0.4294672,0.08874418,1.0649687,0.6358031,0.084940106,0.02687868,-1.2882981,-1.261844,-1.5951008,0.33750853,-0.5431372,1.0056403
AGCTAACTCATGGTGT-1,-6.934966,-2.26454,-1.9734422,0.41077062,-0.4956654,3.8969376,-1.0998485,0.5956145,-0.11977691,1.3221762,-1.2636856,0.2732903,-0.41954362,-1.3929251,0.44866502,-0.93017083,-1.2425109,0.17263807,-1.2455441,2.0480416,-2.4681919,1.5462238,-0.31987333,0.19292432,0.43116322,-0.46218133,0.6953735,0.05876242,-1.7648658,0.3869126
AGCTACGTCCGCTAGA-1,-6.81115,-2.0827188,-3.6122446,-0.20628537,0.09296417,0.51277137,-1.0049422,-1.1043983,1.471125,-1.9165895,0.64716333,-2.2401812,1.0712787,0.40698436,0.16380545,-0.593743,-0.027947985,-0.8393991,-0.16200806,1.7487459,-1.418358,0.42790738,0.6551844,-1.5318993,-0.78150606,-0.19826008,-0.764965,-1.1295365,0.04728193,0.56905806
AGCTACGTCCGTAAAC-1,2.1057482,29.293997,8.605582,37.355255,-2.4765084,-0.877689,-4.7202992,4.1167974,-7.199577,-0.4140354,0.22275987,1.9695544,-1.3702346,0.081690766,-0.56596917,1.3024603,2.3764594,2.081063,0.08234628,1.9159827,-0.5985039,-0.018203285,-0.04673655,0.8431809,0.01197122,1.3654252,0.6772521,-1.2756171,1.4622685,-0.040059436
AGCTAGTTCCGTTATT-1,10.021385,-1.323627,0.8151335,-0.68460745,13.335323,-0.36557359,-2.9373875,-1.3951011,-3.9343703,0.99258447,2.638757,0.8930194,-1.2841212,-1.6768652,0.042360026,0.14281818,0.62173206,1.0537549,-0.042785324,-0.74814796,0.48474896,0.6627763,-0.9664758,0.40110013,0.86326957,0.22597502,0.91320384,-0.040060546,0.018030558,-0.037055567
AGCTATATCGCACAAT-1,12.454207,-0.7786953,-0.068803966,-0.32677916,2.0633614,-0.407269,0.49778506,0.46088552,-0.012452425,-1.0588055,-1.0678931,-0.08826515,0.8078331,-0.41802123,-0.5316013,-0.98125535,0.06295716,0.84513956,1.0417702,-0.65793294,-0.8613774,-0.36991423,-0.6325529,0.8457055,-0.20487984,-0.42916703,-0.2857134,0.37836096,-0.6704454,0.03777348
AGCTATATCGGCCAGT-1,14.436148,-3.8823895,0.22576517,-1.1407341,-9.089468,1.152455,-0.37246466,-0.4571537,-1.0255113,1.3084816,8.289577,2.0170076,-1.7578223,-2.7886782,1.2055614,0.036963336,-0.35955477,-0.78227264,-2.3557065,1.7296627,0.72662425,0.4312249,-0.05629606,0.6327826,-0.7331084,-0.97807026,0.9453953,-0.24721612,-0.5142833,0.761565
AGCTATATCGTCAAGT-1,-7.622166,-1.859493,-3.7672653,0.0029881997,-0.6359721,2.5315053,-0.042768408,-0.5743918,0.23916356,-1.9733825,0.38861012,-0.1242446,0.39751914,-1.4789792,-0.22111005,0.349719,0.10629724,-0.7503542,-1.3318013,-1.6503388,0.5175909,1.6249213,0.014934776,-1.0919104,-3.1339025,-0.03845778,-0.4700147,-2.392342,4.102044,0.7920341
AGCTGCTCATGAAATG-1,14.4605875,-2.8274915,-0.9385822,-0.11778408,-4.1154027,-0.12857181,-1.634243,-2.1374722,-2.806635,-0.6520287,-0.9835526,-1.3247697,0.56073016,2.3605883,-0.573224,0.8891081,0.835264,-1.6067165,-3.9274213,1.5003726,1.1802384,1.2969145,1.0847697,-1.4607716,0.34267268,-1.468072,0.6146341,-2.728923,0.50807494,0.08449898
AGCTTCCTCAATGAGG-1,14.433413,-3.1400201,-0.98545116,-0.57528013,-5.4939146,0.02403684,1.060481,0.009579343,0.29999033,0.19265598,2.9299123,-0.059316207,-0.4730095,-1.2061229,-0.13128889,0.3289016,0.012848283,0.2863454,0.9005545,-0.27679214,-0.55375624,1.1753352,0.14941646,-1.1779137,0.72707784,-0.8908684,-0.83416706,0.40904993,0.43499115,-0.17187852
AGCTTGGTCAATGACC-1,14.625089,-1.5796765,-0.4320016,-1.1828767,-0.044515193,-0.17046306,0.22579506,-0.3890817,0.30129302,-0.9169389,-2.4011033,-0.3979735,-1.0238364,0.8208685,0.79937863,0.81420743,1.8537594,-0.31654838,2.9067678,0.7174695,-2.3805358,-0.71211374,-0.59241605,-0.8952198,-1.0614182,1.2809117,-1.1337937,1.2695696,-0.5742481,0.9357946
AGCTTGGTCTAATTGG-1,10.1751585,-0.6317822,1.2297771,-0.8483232,10.181674,-0.39099726,-1.8105389,0.28870174,-1.9187887,0.42913216,1.742121,-1.4916834,-0.4654375,-0.5114912,0.15382768,-1.0219362,0.15438977,0.12309488,-0.03289083,-0.13822682,0.22648077,0.43929824,0.12576312,0.15777464,-0.021411829,-0.77303946,0.16482827,0.84877914,0.11328552,0.5879886
AGCTTTAAGTAGGATG-1,-6.4255304,-1.2959565,-4.4044623,-0.0038146153,0.2728837,-0.889512,-0.94385046,0.14908244,1.0995464,-3.2484572,0.3394187,-2.2571397,0.11998546,0.42795405,0.5922897,1.6415,-0.37426835,-0.5493606,2.3901572,2.6072438,0.35218388,-1.9576868,0.10564984,-0.44879502,0.12567188,-1.1000526,0.76715183,0.39917368,0.5838466,-0.20677797
AGGAAACGTCAAACTG-1,-7.243742,-2.6970925,11.292468,-0.76408416,0.8665879,2.4059052,3.6683357,-0.727872,-3.223063,-2.3969681,0.45089653,-2.044758,-0.70119846,-1.2824333,1.3948307,1.3691121,-0.19742563,-0.42234278,1.3380474,-1.4896991,-1.8367773,3.068038,-0.55957216,0.6913746,-0.8629417,-0.9350828,-0.5370788,0.10300906,1.572131,-0.04380385
AGGAAACGTGGTTATG-1,13.761458,-2.955238,-0.09820891,-0.80594933,-6.880896,0.6353354,0.7165336,-0.580935,-0.36418518,-0.078544386,2.468901,-1.922491,0.33950165,-0.67398643,-1.1035193,0.61381006,0.15151347,1.6704607,1.8898638,-1.6673431,0.14734507,-0.15696554,-0.4984954,0.38765654,-0.5255709,-0.98904973,0.8037571,-0.07344258,-0.5994443,0.610816
AGGAACGGTTGGTTCT-1,16.126982,-3.1755548,-0.20784125,-1.1126012,-6.8162894,-0.48101616,-0.78575635,-1.5564194,-1.6749573,-1.1897178,-1.0160056,-1.9377403,0.49650678,0.40098065,-0.5020173,-0.8077622,2.044042,1.654867,-0.15512973,-0.99682766,-0.9526939,0.15652116,-0.3162869,0.69828045,0.6170514,-0.70630485,0.31932282,-0.3186338,0.9495898,-0.7043826
AGGACTAAGCGATAAG-1,16.162443,-3.7945864,-0.12075206,-1.0597627,-8.562081,-0.049744267,-2.4886498,-2.2227268,-2.3985946,0.74725586,3.2416577,-0.37152335,-0.7588798,-1.8621325,-1.5638356,-0.74351376,-1.1809242,-1.1693233,-1.0924624,-0.78054255,0.65175384,0.27742675,0.88703644,1.9051957,1.198935,0.16124722,-0.9183532,-1.3228437,0.55565804,1.2549828
AGGACTAAGGCGGATG-1,10.625893,-0.86624324,-0.4633911,-0.17923838,-2.336795,1.1743463,0.71807575,-1.1504314,1.3496116,1.1387731,2.0970755,-0.35226518,-0.09511644,-1.9969871,-1.4418255,0.29234812,-0.21115458,-0.8305024,2.8693,-0.51282966,0.5219823,-1.0473793,-2.0458627,-0.02609464,1.3295562,-0.6755161,0.09708463,0.077769324,1.3261583,-0.6605191
AGGACTAAGTTGCCTC-1,10.392524,-0.6403055,0.9985507,-0.5823191,11.946986,-0.4711071,-1.4499757,-1.2536907,-1.7468666,0.31805518,0.8198489,-0.06649161,-0.6002079,-0.66765094,-0.03401961,0.08025791,0.5818421,-0.8880318,0.39314324,0.8317949,-0.3612372,1.3161376,0.12656756,-0.13158849,-0.7220384,-0.14349031,-0.9071699,-1.41939,0.303186,-0.38461375
AGGAGCTAGAACCTGT-1,4.4601903,1.6449155,1.1370409,-1.1296763,1.131038,-0.7117628,1.5774984,0.3430496,3.777088,2.6077278,1.2635432,-5.6929674,1.1023644,-0.40983093,-1.0802658,-1.8830961,-2.4199686,-1.5832802,0.7040793,0.5073942,2.032562,0.6043499,-0.89381146,3.4431877,-5.368267,-0.40561095,-4.5060997,0.62877643,3.5757017,-3.0717716
AGGAGCTAGATGGAGC-1,-7.837523,-2.2020211,-4.893725,1.2188281,-0.31675333,-2.1394494,-0.42911026,-0.81812346,0.36092618,-0.9789996,0.57559204,0.52585804,-0.20659041,0.45997626,-0.7365123,-1.6384188,-0.5190613,0.4986435,0.85659105,1.0194159,-0.74547976,-5.2340717,-1.0815566,0.07498688,0.6181163,-0.3520287,-2.5209177,2.4214633,-1.353074,-0.6231939
AGGATCCGTCGTAAAT-1,-6.6489844,-2.1580038,-1.3396705,-0.15667962,0.6860177,3.7678578,0.08511622,0.7104013,-0.22664697,3.8970535,-1.2352476,-1.6144972,-0.161745,-0.75679755,-0.6616618,1.0872164,0.70864373,-1.9217962,0.7059129,-2.0999703,-0.35338768,1.0836576,-0.7755711,-0.5572345,-0.1796553,0.6557348,0.8738299,0.80075854,0.5266924,-1.1242057
AGGATCCGTTGTCCAT-1,-7.3034735,-2.1704113,10.462387,-1.7939904,-0.16324572,-0.32099476,0.40657014,0.36250946,-2.26806,2.3327634,-0.22876829,-1.3263589,1.4317317,-2.9730241,-0.028372753,1.785527,1.5639402,-1.494364,1.3416634,0.8527119,1.5168281,0.895936,3.1972804,-0.5610165,-2.301563,0.12555341,-1.780178,1.8276086,-0.5289221,0.39645407
AGGATGCAGATAACCC-1,-6.7871485,-3.0425706,-0.8945231,0.046222247,0.16767791,6.59651,-1.7479109,1.3406912,0.63021296,3.894438,-0.856621,-2.0556724,0.043004926,-1.978184,-0.14011839,0.6882721,-1.814397,-0.32976988,0.7808167,3.2128987,-2.7737393,2.617337,0.7627949,-0.30493695,-1.2865078,-1.6147518,1.455266,-0.9998948,-0.638305,-1.1211905
AGGATGCAGGCTAATC-1,13.370851,-2.9020886,-0.55480576,-1.4600064,-6.9296384,0.35196856,-1.8306254,-2.1747105,-1.3874742,1.0452026,0.12921168,-1.378022,0.8832482,0.6227294,-1.3245267,-2.008658,-1.1033264,-2.12123,-1.9507107,0.95342654,1.5822134,1.2449768,0.47825542,0.116027415,0.59491473,-0.66421473,-0.67204976,1.930198,0.112403184,2.7013667
AGGATGTCAAGCTTTG-1,-7.1579814,-2.3693552,-4.531436,0.65796965,-0.60395485,-5.711475,1.8656838,-0.28028443,-0.7443032,1.6314443,1.1484522,1.522637,1.1691779,0.019935839,0.05745732,-0.35047942,-2.3138978,1.925466,0.8740351,0.79776305,-0.9857898,-2.0176666,-0.072001815,1.0984113,-0.64250153,0.9663476,-2.0454774,-1.3222699,-1.0213165,1.9196131
AGGCAATCAATACTGT-1,-6.9842825,-2.2217128,-4.4839005,0.22172008,0.09283566,-1.6994623,-1.1601475,-0.13245879,1.9199331,-0.2719775,0.45953816,-0.16887632,0.5583976,-0.82765746,0.03754244,-0.05115118,0.4691618,-0.26498637,-0.48654398,-0.4066146,-1.4975199,-0.20890313,-0.69336635,-3.1280718,2.8513968,1.8886642,-0.97714174,2.2894256,1.5330788,2.4371727
AGGCAATCATGAGTTT-1,-6.9449635,-2.2237515,-0.5936117,0.9306525,0.37425616,8.38272,-0.3535842,0.9042149,-0.9655521,3.5067859,1.6424719,1.6974386,-3.1293766,4.44442,-3.1901014,2.2370102,2.163074,-1.2064286,2.7138417,-2.9200063,1.7127459,1.2687688,0.1767752,1.03423,-0.6455515,2.600246,-1.7900101,0.12893537,0.4249788,-0.6789154
AGGCAGGTCAGCAAGA-1,-6.5917068,-1.847243,-3.3156054,0.57626075,0.059125513,2.2464461,-1.2081193,0.91336083,1.499447,-2.039107,0.8950211,0.006012758,-0.20678607,0.15859675,0.67859095,-0.0827278,1.2126192,-0.8811698,-0.09091388,-0.23146628,0.60027266,-0.7469095,0.06405263,0.51939106,0.31954795,0.34748924,0.89674306,0.2702309,-1.59092,-1.0846109
AGGCGGATCGCTAGTG-1,-6.6488624,-2.2562287,-3.2699957,0.08591978,-0.41635883,-1.0579118,-2.708604,0.71796376,0.9486012,-1.5453496,0.85892034,-0.6003566,0.15756434,-0.73493916,-1.014112,-0.35112646,-0.88345253,-0.05825082,-0.79292697,-3.1547642,0.7660356,-0.16448529,1.5062693,0.8239084,1.8163849,1.3042281,1.2824892,1.4955359,-1.6633158,-0.37727475
AGGCTAAAGTAACTCA-1,-6.520172,-2.6555424,-4.7031994,0.6306471,0.25107038,-2.8690195,-1.0024225,-0.23136406,1.2385061,-0.6786932,0.25294116,-2.5250645,-0.33748025,0.11585174,0.11570331,0.9610639,2.3239975,-0.8876516,-0.0783194,-1.7441119,0.29473466,-0.95165855,0.4341146,-0.95571685,-0.64248455,-0.20877151,-0.46717212,-0.6643776,0.6681266,-1.0953387
AGGCTAAAGTATTGTG-1,-6.8575096,-1.0928861,-4.3599296,1.1715692,0.08097032,1.6077194,-3.093494,0.3273146,1.2187699,-2.7221754,-1.5164384,0.023994807,1.579269,-3.4138656,-0.18572228,0.7446067,1.3822657,-0.53910494,-0.49120638,-0.08598066,0.1321535,1.9489995,1.5285151,0.21838433,1.4014808,-1.3781735,-1.5265596,-0.61250067,-1.1266742,3.854263
AGGCTAAAGTCTATGA-1,-7.2506237,-2.3029242,-1.3921328,-0.027556565,-0.5723722,5.7762575,-1.7584975,1.1736196,-0.6506215,3.8067992,-2.4917822,2.3080585,0.6717616,-1.6413493,0.059702724,3.3198857,-0.14537746,0.26089606,1.689512,2.4437478,-0.085920446,3.3953779,3.0873482,0.23344424,0.7932056,-1.522869,0.19191541,-5.196252,-1.0615923,0.6022398
AGGCTAGCACAATACT-1,-1.1484275,26.367395,0.031187115,-7.93308,0.036819167,-2.3110063,-2.4766772,10.316036,-4.741997,-1.8063619,0.20607843,2.3143954,-4.259706,-3.5383828,-2.3609047,-3.4103703,5.7181234,-1.5891489,-2.2037199,4.707829,2.245449,4.517548,-3.8360176,-3.0265062,4.9119306,-4.023522,2.0672185,2.8896604,-0.33971825,-2.8745813
AGGCTAGCACCTGTAA-1,-7.613487,-2.8945417,-4.5303955,0.12484395,-0.4048583,-3.8561184,2.437474,-0.42330623,-1.6473029,1.435557,0.38349265,-0.1815001,-0.43526715,0.8838269,-0.22843517,0.3479745,-0.033960693,-0.90456694,-0.42684704,0.59100384,0.06876036,1.2397336,0.95109373,-0.04544786,1.7419114,0.07367977,-0.5035676,1.6994888,-1.6644177,0.47530475
AGGCTAGCACGTAATT-1,-7.8491163,-2.60628,11.215714,-2.004789,-0.43162647,4.024297,3.1647696,0.7151251,-2.211517,5.647845,-3.1395888,-1.4549519,0.4128051,-2.6851876,6.406328,-0.69106823,0.88069975,2.6246238,-1.3499668,-0.102302946,1.1480571,-3.1313777,3.2890663,-0.92462915,0.08845004,-0.8508763,-0.5711333,-0.1134696,0.79842234,1.4712303
AGGCTAGCAGGCCAAA-1,-6.193145,-2.2291286,-4.3283057,0.22489819,0.35872674,-3.2056432,0.32208458,-0.3277717,-0.4556432,0.5510803,0.8943364,-0.05262954,0.2475578,0.4138374,-0.091097325,1.1676612,0.14812069,0.84963083,0.63580936,0.4888255,0.3798476,0.4649039,0.35649174,-2.4679408,-0.14664416,-0.97250116,0.94163144,0.04710081,-0.69458956,0.49114493
AGGGCCTTCACGCATG-1,-7.6913977,-1.5144002,-3.8952966,0.73392355,-0.31824222,0.26507726,-0.27383903,0.73006576,0.2546562,0.7196576,-0.3403415,-0.051877294,0.09133814,0.064379215,1.0373381,-0.34998718,0.5375318,-0.718036,-0.3783928,-0.13973458,0.59550875,-1.4579048,-0.21917199,0.38386768,0.26248655,-0.7102164,0.7622767,0.38503897,-1.1376406,-1.0270882
AGGGCCTTCAGGAAGC-1,-8.4191885,-2.0979452,-5.992539,3.417524,-0.4785359,-3.4025981,-1.8101745,-0.93631744,1.2033398,-2.1797245,0.36429292,-0.0323755,-0.822058,-2.5537436,-1.7326372,0.6260787,2.0632617,-0.45551822,-0.59086096,0.714529,-0.35568148,-3.3794327,0.04401827,1.0693932,-1.6421072,0.47213474,-0.11666109,-0.2933923,1.6258703,-1.6103429
AGGGCCTTCCGTGACA-1,10.298862,-2.4913113,0.07549944,-0.54897517,1.2860007,-1.1425543,1.5022413,1.4177017,1.4702725,0.3529723,-0.65452236,-1.0519228,1.4431745,1.7924774,-2.562879,-0.52856606,-0.00051302405,1.7466776,0.19205116,0.4396521,-0.5064527,-0.16913253,-1.5188198,0.20246543,1.1379199,-0.8040291,-0.0064706975,-0.90842444,0.2939882,-2.5566974
AGGGCTACAGAATGAC-1,12.960653,-2.7401555,-0.29366383,-0.74773175,-4.4634547,0.42244893,-0.52772087,1.0160766,-0.052269775,0.15066074,-0.07248495,-0.3717168,-0.030268867,-0.5312848,-0.10558562,0.05211894,0.019153133,-1.503681,1.8042357,0.58364314,-0.40663186,-0.72719914,0.35515264,-0.0858482,0.8761843,-0.029033165,0.56172705,0.8488813,1.1550659,-0.07059367
AGGGTTGCAACTGGCT-1,-7.4786625,-1.4950246,-4.3100266,0.9672458,-0.0010809426,-1.0127925,-2.0553894,-0.068434045,2.242088,-0.7717303,-0.9897033,-1.6262006,0.38021907,-1.1283867,0.09443146,0.22416537,2.3759534,-0.3733854,-1.7446781,-0.29152432,0.23296304,-0.6215166,0.92573714,-0.061561007,1.0219803,0.2678761,0.53227544,-0.43996882,0.2074529,-1.0496539
AGGGTTGCATGAATAG-1,-7.258657,-0.36327818,-4.8232813,2.1279027,-0.41491836,-0.6267945,-1.8359666,0.87530816,1.4639852,-2.482707,-0.17883246,-0.17251313,0.60407776,-1.6928773,0.74262106,2.3250299,2.0391836,2.1347046,0.25087398,-0.76922977,0.62195176,0.116071925,1.5786006,-0.2749225,-0.7217469,0.008718758,0.87449205,-1.3510745,1.1804692,1.2750542
AGGTAACCAGGCTAGA-1,-6.928488,-2.4355934,-4.4428287,0.09558022,0.3790546,2.606906,-2.4254537,-0.50217134,1.2153893,-0.35051453,-0.9594804,0.6378927,-0.11438734,-0.21692967,-0.69513446,-0.7488509,0.18137006,-0.8973088,-0.3041457,0.4835986,-1.2162614,0.8050265,-1.0920317,0.6734769,0.9532872,-1.8639064,-1.2337372,2.2864547,0.8196539,-1.0556053
AGGTACGCAGCCAGAA-1,9.240624,3.3484533,0.12884462,1.2908276,6.931595,0.18643883,7.2547174,5.579927,9.387674,-1.2554775,-0.7017584,2.9678283,0.3481224,-1.4722501,-0.76463115,0.35337463,-1.7515202,-2.2760606,-2.910658,-0.14433485,0.9990945,-0.50063837,1.8921988,0.42527357,0.6824845,-0.73249966,0.9332684,0.016483996,-0.44449556,0.51917386
AGGTACGCATAAGCAA-1,-4.7336245,-3.2995355,10.986712,-1.5810983,-0.623776,-0.63836235,-0.47878805,-0.37168688,1.5552089,-0.66096383,3.0856845,0.06692135,0.040395513,1.0946274,-5.8765764,4.201572,-1.4338696,-4.3135357,-1.9229286,4.8917227,1.8008721,-2.1116486,-3.2704716,-5.025806,-2.6418505,-0.9197511,3.2513528,-0.32098857,-4.6722302,-1.8734307
AGGTATTGTGCTAGCG-1,-7.638159,-5.1542916,20.579805,-1.4933764,0.58271366,-4.004062,-3.7314408,0.81427526,4.35965,1.56155,0.8806014,-1.1961238,-0.16959012,1.1165543,2.1918902,-2.998928,-0.7689761,2.4151692,0.92806023,-1.7551765,-2.6938138,-1.1154984,-0.9178057,1.1026151,-0.82700443,-1.2181634,-2.104196,-0.049233917,0.7418109,1.0997633
AGGTCAAAGGCAAGTA-1,10.926197,0.37120157,0.40219894,0.09188796,5.0527706,0.5776662,3.8318877,3.3664467,4.1089725,-1.5313835,-3.2296164,0.53635913,1.0483409,1.3741968,-1.3490949,0.6049,0.8598921,-0.25964007,1.1340007,-0.8817474,0.067002155,-0.7832167,-0.10778276,0.5017279,-0.24446586,1.1547307,0.13794866,1.1180434,-0.6496162,-1.4227085
AGGTCATTCAAACCGT-1,-7.1916347,-2.1014464,-3.3206286,0.13644144,0.4124777,3.8847609,-1.6999379,0.16833481,0.76331043,-0.37893292,1.211122,-0.026587881,0.1755413,2.0506334,1.2105296,-2.5264933,-1.2276332,0.7673814,0.15488912,-1.4460957,1.6326268,-0.15522309,1.1791679,0.16723451,1.655117,2.5189857,0.97992605,0.4958605,0.35043544,-0.5542406
AGGTCATTCAAGCTAC-1,-1.9205366,23.402493,0.37902832,-7.392392,-1.0144393,-0.7538472,-3.476755,12.362358,-5.1861596,-2.1333148,0.6866527,2.4994092,2.9048946,1.7705053,1.5326693,-0.9881209,3.386232,2.720731,1.344251,7.1064014,2.931834,-1.2171379,-2.0438452,4.715213,2.9135997,-0.88061553,-9.33104,-5.2644715,6.779239,0.662744
AGGTCATTCTTGCAAA-1,-8.759276,-2.5999887,-6.1154995,2.291087,-0.5704227,-6.098624,2.206492,-1.1110679,-1.338519,1.2412282,-2.2292595,2.0061774,-0.7118033,-0.76144904,-1.9716353,0.6954685,-3.18043,-0.45078912,2.118193,-0.4738803,-1.8258479,1.2312688,0.631314,2.437644,-0.44496116,-0.4159458,-3.196543,0.99675876,2.5356743,-0.13505533
AGGTCCGGTAACCAGC-1,11.336765,-3.5112617,-0.43288243,-0.31224778,-2.6316743,0.2229859,0.69511807,0.5700396,0.695116,-0.22460316,0.37522963,-1.2153969,0.8195134,0.5130026,-0.3152084,0.21469562,-1.5730171,-0.7423845,-0.9328837,0.37598902,0.31791103,0.99897176,-0.06772281,1.2055413,0.950928,-0.6559814,1.6228966,-2.2614145,0.7990127,0.3478353
AGGTCCGGTTAGCGTA-1,-7.1126156,-2.115268,-4.706951,0.50394106,0.26446727,1.4095409,-2.6548383,-0.33099517,2.7016804,-2.2380164,-0.8535754,-1.4900388,1.1531365,-1.7337354,2.3325465,-0.8822833,1.7100462,0.92926246,-0.21965027,0.03630255,-2.1967711,0.32509536,0.5199364,0.1040917,-1.350359,-1.7279887,-0.61983037,-0.095972076,0.018705688,-1.1203482
AGGTCTTAGCAAGGGT-1,8.145037,-1.2788874,1.0992564,-1.0404563,13.939402,-0.6254709,-4.2858186,-1.7706283,-3.6410673,1.9520302,4.2541714,0.012306994,-1.4618565,-2.5130835,0.67021734,-0.7130898,0.34549892,0.37952244,0.540696,-0.24865392,0.012800775,1.0532835,-0.16717006,-0.2966429,-0.8729042,-0.7053946,-0.2937323,0.8209099,0.10438898,-1.0530809
AGGTCTTAGCAGCTCA-1,-8.636312,-2.9959633,14.344154,-1.5690378,-1.12393,1.6443424,3.4518666,0.69412124,-4.4066763,-4.27527,0.39485592,3.1577723,0.816071,0.98503214,0.9901312,0.6140598,-0.46256322,1.0496683,1.7017419,1.2561837,1.3942554,0.67951477,2.063123,0.40284568,3.6207786,1.5229094,-0.83362406,0.8042638,2.3067353,-0.19263457
AGGTCTTAGTGGACAA-1,12.834216,-0.20576595,0.41217923,1.1357808,5.294919,-0.15473726,1.7908813,1.8332117,1.8050804,-1.6908287,-3.8490586,-0.26540264,1.2101319,1.4319503,0.060038332,-0.38486314,0.37585473,-0.51639324,-0.6256472,-1.1529739,-0.36109194,0.7155647,0.5035371,0.90067285,0.8905336,-1.6246094,-0.4842371,-0.8604983,-0.2269574,-1.0885279
AGGTGAATCTAATCTC-1,11.961199,-2.1179914,0.13473672,-1.0426159,-6.242759,-1.0532477,-1.5875278,-1.7351954,-1.9353068,2.0560138,1.7983893,-0.6738678,-1.2735146,-1.0311679,-0.21181835,0.84540945,-0.9796875,-2.1654844,-5.756725,1.9376959,3.3779752,0.773415,0.9748435,-2.534118,0.96153617,0.20732023,-2.0463626,-0.40494874,1.3646451,0.35248977
AGGTGAGGTCATAACG-1,13.711289,-2.557641,-0.87025833,0.6639598,-2.96817,-0.7373168,0.83597344,0.31317544,1.3750168,-1.0798901,-1.7972668,0.7670432,0.1454264,1.0005841,1.2359384,-0.20206465,0.78547245,0.062374808,1.4035,-0.6738718,-1.1504775,1.0112189,-0.14746203,-0.1304401,0.18480395,-1.6126349,1.9609605,-0.123821676,-0.033554655,-0.8976096
AGGTTAACAGCAAGTG-1,-2.02436,22.847876,-1.0167695,-7.594395,-1.5725067,-1.598338,0.7796191,7.570157,-1.2878302,-0.9354555,-0.87162656,-1.57181,-3.033683,1.8251325,1.7747962,-0.06528886,-1.8616455,2.9558349,-3.1445837,-0.3872552,2.81589,3.1274502,-1.1493839,4.207772,-3.5239377,-4.286594,-0.5318645,3.446888,0.1777391,1.28586
AGGTTAACAGGTCCTG-1,-8.20022,-2.8263366,-5.4528556,1.2451671,0.6388817,-6.990558,4.4827743,-0.47022024,-2.14157,2.1582792,0.2489055,0.83069104,-0.9212221,2.625426,-0.5542551,0.32424384,-2.0392454,1.8196625,0.277856,0.1904223,-1.9514767,1.2287395,-0.79274243,1.2337886,0.30725324,-0.006725443,-0.7697498,0.8024752,-0.8492119,1.0831063
AGGTTAACATGAGCAG-1,-6.9919286,-2.6993492,-3.2561126,1.1169379,0.4401169,-5.253641,2.941331,-0.42056265,-0.68625385,0.9851893,0.15248057,-2.9017823,0.38149816,0.25538984,0.3986943,0.03288981,1.0032094,1.3578408,0.088319905,-0.13722275,-0.062099032,-1.4805852,-1.2224,0.50971746,0.9345683,1.0693294,-1.7019626,-0.25065196,-0.73868555,0.9084149
AGGTTAGAGTTCCCGT-1,-5.9054804,-1.4650344,-1.2403591,0.79062593,0.7207961,4.9016476,-0.04858006,0.41385108,0.31217438,2.1464176,0.58309305,-1.5427773,-0.9277168,0.29352635,-3.0645008,0.8423412,0.073297165,2.0306244,1.0519868,-1.3221049,2.0013611,-0.5179283,-0.48978025,-0.32370198,-0.792296,0.45515835,-1.1534945,0.1461651,0.7530761,0.12347431
AGGTTTATCACTCAAA-1,11.165322,-0.5596483,-0.17968231,1.8914022,-3.2191577,0.27868652,2.865958,2.1858366,4.742085,0.51403767,2.8506575,3.2229693,-0.6053551,-2.4945338,1.7324876,2.3234527,-1.1163441,1.712767,1.3049277,-0.7999916,-0.64563954,-0.40485194,-0.44298652,-2.8120356,-0.8537363,-0.18681869,0.50646615,0.61467105,0.33456132,-2.5392792
AGGTTTATCTTAGTCT-1,12.631654,-2.330849,0.33847883,-0.86477625,-5.2121725,0.3102744,0.17253157,0.6236727,1.9936961,0.5845554,1.1771258,1.4190944,-0.49564037,-1.1111413,-1.0537168,0.5393762,0.43331823,0.24712092,-0.83153284,-0.1885347,1.7306209,0.056140505,-0.4589524,1.0113963,0.021328013,-0.5246733,-0.2446673,-0.6566213,1.8866695,0.81267345
AGTAAACAGCAATAGG-1,9.123419,-2.1290228,0.35593727,-1.3762586,9.790065,0.20299932,-2.730437,-2.2777252,-2.954304,1.1646687,2.5256884,-0.15471397,-1.1656336,-1.5574791,0.18310528,-0.27691874,-0.752245,0.06618934,1.0888593,-0.09235592,0.5100593,0.5001407,-1.4992474,-0.7515071,-1.1403805,0.1245561,-0.48823196,1.0588112,-1.2055153,0.77216536
AGTAAACAGCAGGTTT-1,13.2223015,-2.2725015,-0.25978732,0.19947393,-3.1490111,-0.28734267,-0.10465002,0.5151955,0.52214384,0.45321432,0.68654776,-0.14791639,0.41870883,-0.4923084,0.59185475,0.17752096,-0.6423704,0.44066006,0.7059547,-0.5838942,-0.9917835,-0.93352413,0.6857568,-1.3193066,-0.81606025,0.46766225,-0.70426506,0.6484073,-1.1448178,0.24137989
AGTAACACAGCTTAAT-1,13.885388,-1.7922632,-0.3414472,-0.07091136,-3.1701534,-0.47420505,0.70960325,0.26480272,0.43118078,-0.4380716,1.7783415,0.7883212,0.29492322,-1.011536,0.57431775,-1.4348866,0.074806795,1.8025795,0.67453325,-0.56440634,-0.49245188,0.116812095,-0.80002433,0.3035774,-0.5851632,-0.30317053,0.9562631,1.4945768,-1.0412197,0.673712
AGTAACACATCGCTTT-1,-6.566964,-2.1168904,-4.187066,0.36773145,0.20583709,5.8035994,-2.525318,-0.3220804,0.6364571,-0.24743187,0.23589644,-0.11346872,-1.4217094,0.5193846,-3.174897,2.3715901,0.26825833,-1.077703,2.246812,-4.3125877,2.2874997,-0.26756766,-1.4326768,-1.1679348,-1.2768396,1.2812914,-0.59720224,0.36577293,1.617756,0.9570603
AGTAACCTCTTTGACT-1,10.789215,-0.7995671,-0.39039323,-0.5943735,0.41836965,0.45191956,2.1614604,1.2020329,4.0659633,-0.85073435,-1.5430894,0.6677015,-0.12848955,0.27326897,0.14135209,-0.46522102,-0.8088082,0.68652177,2.1067188,-1.102356,-1.6431538,-0.27679336,0.7082369,-1.8873911,-0.73456144,1.3037132,0.5071349,-0.77464384,1.207108,-0.8204949
AGTAACGAGACACCGC-1,13.860633,-2.366555,0.18239819,-1.5781064,-1.3988891,-0.339792,-0.2718624,0.6962336,0.30595052,-0.576197,-2.2410648,-0.77274114,0.7519496,1.2930896,-1.5106028,0.17580713,0.6702393,-0.55218184,-0.9216407,-1.3867986,1.4076744,0.12839878,-0.019747369,0.61138976,0.464701,-0.26114938,-0.20573314,-1.235964,0.28509712,0.20887206
AGTAACGAGAGAGCCG-1,11.513953,-1.5551898,-0.13085927,-1.038581,2.3422477,-0.13511293,0.5881168,-0.23215373,0.61644465,-0.46514797,-2.7807193,0.27205935,1.4715873,1.936297,0.04174084,-0.9678252,0.69937205,1.7113507,4.2636147,0.21651232,-1.3204439,-1.4428246,-1.6697962,0.47940218,1.6591398,0.16334188,3.1983254,-1.7523704,0.6564098,-0.059615094
AGTAACGAGATAAAGC-1,0.41067937,19.713825,0.47749293,-4.2426105,0.5011208,1.5076387,1.5607227,-3.4391782,1.4313911,0.22540858,0.005989584,-3.6666555,-3.0690277,0.24224497,-1.53649,0.6376773,-0.5168665,5.238389,-1.8707855,-0.21772441,2.6216395,0.43178186,-2.3337655,1.7377088,1.8549386,-1.5285218,1.1894724,1.0509027,-1.1937263,-1.8998889
AGTAACGAGCGCCTTT-1,11.99515,-0.19832051,0.115806215,-0.98335564,11.855538,0.5465473,-1.4816155,-1.534723,-2.0114284,-0.20472896,-0.34373346,0.98152685,-1.6916815,-0.10027328,2.1371663,0.12564324,1.5480355,0.5838995,2.4793317,0.41925323,-0.8732336,0.22179392,-0.55908614,-0.5268543,0.76196873,0.51791805,-0.506818,1.2363188,-0.3742384,0.6228076
AGTAATGCAACCTGGT-1,-6.2270484,-1.5159336,-1.6552943,-0.9226339,0.57256585,7.4561877,-1.8173536,0.9934227,-1.0468857,3.565503,-0.6287454,2.217018,-1.9185889,-0.08636705,-5.4586964,3.353154,0.94681203,0.010796883,1.2188094,-4.9171176,3.4456139,2.4772997,-0.015745373,-1.3142817,0.4467692,4.2771487,1.2466123,-2.6166077,3.1656618,0.77438694
AGTACGCGTTAACGAT-1,-6.5287585,-2.7269201,-3.2778728,1.1834797,0.75231034,-0.046741113,-0.9465782,-0.3573035,0.46747878,0.02956946,1.1265953,-2.3022637,0.4026663,-0.11836709,0.7980894,1.3286551,-0.18818668,-0.5052274,-0.73624724,-1.8455199,-0.09575193,-0.055011094,-0.73590845,-1.3436136,-1.5176916,0.021150362,-0.27187133,-1.3628078,-1.9641494,0.24549338
AGTACGCGTTGTAACG-1,-7.3241677,-4.4253197,11.466272,-0.4420799,-0.7424174,2.0287604,3.282157,-0.46433422,-3.005818,-3.562445,2.576011,-2.1623738,0.67024857,-1.0908958,-4.8135557,2.6690423,0.589267,-1.5867974,0.45434538,1.634085,-1.2632636,-0.2832222,0.20051621,-2.174,-1.4552294,1.7214179,-0.9473431,-0.15901424,0.35345903,1.7766579
AGTAGCTTCATAGACC-1,12.630459,-2.1759021,-0.9647622,0.39053366,-5.362219,0.036703076,-0.9298952,-0.5629432,-1.3190892,-1.1366854,-2.8256238,-2.1222603,1.7520907,2.1398695,-1.13229,-0.05377365,-1.1406829,-0.27431974,-1.6765351,1.9447703,1.7375444,0.51601946,0.8042438,-2.268299,2.0164325,0.93340486,-0.59121215,-0.37193236,0.023909226,2.172172
AGTAGCTTCTCCATAT-1,-8.902992,-2.65873,-4.4462967,0.16160989,-0.19258776,-4.86137,0.85283715,-0.32690555,-0.13231061,0.37627476,0.43793005,-1.034875,-0.8199959,1.3808646,-0.25937423,-0.31317377,1.7384273,0.8065847,0.43461552,0.23001558,0.67383176,0.04624334,0.7486245,-0.5140184,-1.1044794,-0.12403189,-1.4582678,0.11696287,-1.0633647,-0.03491568
AGTAGCTTCTGTGAGT-1,13.511249,-2.9900072,-0.98387414,0.6899521,-5.006963,0.18917087,-0.23432973,0.076204546,0.8370718,0.2586057,1.6847019,0.8396274,-0.3551321,-1.5835143,0.14159298,-0.6274935,-1.6457987,2.0433257,1.0165633,-1.3607477,-0.056280494,0.06948689,0.593341,0.5810471,-1.33231,-1.4832088,0.34573686,-0.09877878,-1.1169529,-1.561519
AGTATAGCATTATGAC-1,11.931192,-0.9876342,-0.02613108,0.38385427,6.355858,-0.4220294,0.2673571,0.8093423,-0.35023004,-1.9990447,-3.575425,-0.64468545,1.0267788,1.9033163,-0.24580187,-0.03547507,1.4894978,1.1105882,1.4730784,0.34872335,-0.019122116,0.29056036,0.5884315,0.058657542,-0.36784628,-0.053930193,0.06334199,0.31058487,-1.8130978,1.6935314
AGTCAAGAGACAACAG-1,-5.8167334,-2.1705303,-3.4947534,0.53664106,0.40362376,-0.4276064,-0.953876,-0.17870246,1.6651311,-1.5876513,1.1903899,-2.5734818,1.0283333,0.8324565,0.43761927,-0.9429112,-1.3230501,-0.89747506,0.18714106,-0.28322455,1.3034942,-0.7911103,0.44675282,-1.8632932,0.47936776,0.09064197,0.74669844,1.5544374,-0.09107595,-0.218942
AGTCAAGAGGCAGGTG-1,10.513847,-1.6477656,0.17321604,-0.4965614,-1.7279803,-0.5924731,0.3856675,0.6798623,0.7869794,0.63378173,-3.7449627,-1.7851548,0.3383394,1.2208102,-2.352815,-0.48578992,-0.65800995,-3.565321,-4.336149,1.3161243,2.0622437,0.8005995,1.328762,1.8906927,-1.4665422,-0.38572672,-1.3217523,-1.4931825,1.1211079,1.0180048
AGTCAAGAGGGCCACT-1,-7.2518,-2.0352426,-5.1663394,0.99775505,-0.31675068,-0.81981987,-1.2675518,-0.592009,1.167741,-2.0788264,0.6134888,-0.66871715,-0.313624,0.81680685,1.4256047,0.22949097,2.7831507,-0.41813353,-1.2848006,-2.2029812,0.62571096,-0.1585704,0.16426651,-1.5922613,0.13096905,-0.6429318,-0.10622686,0.67278904,0.192589,-1.0093842
AGTCAAGAGTCATTAG-1,-0.5526062,21.468868,0.83533716,-2.3392673,-1.0842605,-1.3023105,-1.5356194,1.4075872,-1.8772488,-0.10059847,2.010668,-0.6969034,2.6784215,4.3098617,4.4519167,9.128118,-4.553027,-1.0919029,-1.2494577,-2.0059967,-1.043837,0.49715763,0.31926122,5.38119,-3.002655,-0.62728965,3.2467165,2.744816,-0.645101,2.3841722
AGTCAATGTGCTCACC-1,12.528605,-2.706901,-0.62559545,-0.1727171,-4.042747,0.9164142,1.68556,1.9369365,2.562994,0.3751978,2.31035,-0.7831093,0.146494,-1.2217121,0.36998928,-0.7614814,0.30475587,2.2901866,1.6193293,-0.7799605,-1.0444866,0.40032688,-1.1579052,0.35502595,-0.94319457,-1.2095993,-0.86568385,-0.2431764,-1.2557982,-1.2427183
AGTCCTGAGCCTGGTA-1,8.604033,2.3044636,0.58357674,2.0118349,2.4146008,0.8534927,9.344023,6.094754,11.173162,1.4503433,2.8593082,0.7913895,-2.075582,-3.0008783,-0.096426964,-0.7143332,-2.1599755,-2.4888966,-2.4505033,1.8925599,0.58185226,0.26112986,2.1123536,-0.07088813,0.54123884,0.5269461,-0.36886892,0.10732703,-0.83146846,2.3995087
AGTCCTTGTCCTAATC-1,-1.8445642,22.605162,-1.0359098,-9.200356,-1.6716907,-2.1195295,-2.701277,10.52803,-3.9422402,-0.35537127,2.583655,-0.27846497,1.9587145,0.8527458,-0.9321087,-2.6055174,0.86021256,2.441672,2.290601,1.0377316,0.0032916572,-1.4212415,0.7576034,0.61823183,5.6438274,-0.5961497,2.872451,-4.3585863,-2.0459387,-3.616463
AGTCGCATCATGCTAA-1,14.006167,-2.0230806,0.04626701,0.6422378,-1.668875,-0.34010512,1.1181853,1.3697181,1.73104,-0.24108861,-3.938994,1.7020181,1.077917,1.4715499,0.14651296,1.5907921,0.100932755,1.7088988,0.29205942,-0.051865734,0.51367694,0.88378483,1.8420734,-1.3307384,1.5605572,0.30351338,1.639434,-0.24314955,-0.34513807,-0.5036561
AGTCTTGCAATTATGC-1,-7.6389904,-2.6275384,3.13622,-1.0767897,-1.0803168,2.0969496,4.226981,0.16615917,-3.6416519,-2.5960228,-1.5795891,1.2878294,0.31017253,-3.8755403,1.697444,-1.8603066,-1.149277,-0.2919863,-2.3585875,0.25539073,0.37753808,-1.8353283,-1.1901248,1.3687979,2.0744412,1.6596907,1.5824654,2.2133458,-2.9132721,1.094038
AGTCTTGCACAAAGAC-1,7.804061,0.059341423,0.12549134,-1.2249602,14.4087715,0.42663115,-3.0810635,-0.4136655,-3.1118755,2.292502,3.5923648,0.04730059,-0.33035687,-1.4557931,0.57702005,0.1765984,-0.52283686,-1.915777,-1.5416805,0.38693815,0.93090415,-0.06370199,-0.4148025,1.3341722,0.2890205,0.69928217,1.1412827,0.5266972,1.129296,-0.05257872
AGTCTTGCATTGTGGC-1,-6.9669228,-1.0598193,-2.9438539,-0.43975022,0.016804205,-2.50948,2.830869,-1.4133244,-1.2889564,2.4127629,1.1897599,-1.0202278,1.4246138,1.7130296,-2.019044,-1.3294888,-0.9852853,-0.53756773,-1.0362731,2.169667,-2.673697,-1.0434561,-0.5278483,-2.523925,1.6649369,0.06555739,0.15263921,1.5071484,-1.600992,0.019399278
AGTGAGTCAGCACGTT-1,-6.29942,-1.9486837,-3.047628,0.56059784,-0.11938515,-2.1906817,2.2666514,-1.5604025,-0.2873685,2.1683714,0.08461475,0.047918685,1.875647,0.9400633,-0.03877822,-2.7428005,0.36627916,-1.8280679,-1.5416621,-2.1594925,2.478606,1.0321654,-1.1399143,1.235985,-0.39096633,0.0069947154,0.6220605,-0.27543676,1.561209,-2.6677423
AGTGAGTCAGTACCGT-1,-9.370104,-2.9515321,-5.71542,1.3446779,-0.068917565,1.4654907,-4.20907,0.1385826,0.6723143,-5.1100583,-2.773044,4.317634,-1.8788943,-7.2136326,-0.0035906963,1.4551414,1.0105027,2.0513575,-1.6301504,0.64762175,-1.0292003,1.764458,1.4874861,3.045117,-2.1840262,-2.5067582,0.66525435,-3.2801564,-0.4598678,3.2321434
AGTGAGTCATGTTGGC-1,10.4460535,-0.64566535,-0.15749867,0.061702073,3.5671675,-0.1461441,1.7337577,1.6174283,1.9116329,-0.6903026,-2.1873837,0.59113735,0.1751543,-0.1077589,0.16712746,0.47524214,0.3045752,-0.06209245,0.48851925,-0.80576026,-0.47205696,-0.6308214,-0.07187421,2.0153944,0.10826151,0.35788265,0.10961935,0.1873315,0.13002396,-2.4123645
AGTGAGTCATTAAAGG-1,12.163833,-1.4637742,-0.15593065,-0.4106712,5.267188,-0.8300014,-0.04036784,-0.58660436,-0.24970292,-1.6594479,-1.5000488,-0.6319961,0.8214611,0.77374756,-0.42451897,0.23238954,0.013136279,1.0821671,-0.69417316,0.2348622,0.6286546,-0.23127317,0.7395335,0.15424983,0.74290687,-0.50680447,0.69219893,1.4166476,-0.6421145,0.85428053
AGTGCCGGTGGTTATG-1,-7.632809,-2.7425501,-5.225527,1.0562,0.7401636,-2.4164515,-1.2630697,-0.2696461,0.9239977,-1.2307591,0.44290498,-1.8124094,0.18075885,-0.6212515,0.3615477,1.9998254,1.5927849,-0.40105894,-1.4765736,-2.5573742,-0.09800164,-3.1921973,1.4510324,-2.3775353,1.01377,2.4464998,0.85758734,-1.9832087,-0.42184892,-1.769363
AGTGGACAGCTTACTT-1,-6.1129255,-2.575803,-4.348361,0.37805954,-0.2584791,-3.3158622,0.6272889,-0.08761704,-0.06439302,1.4321462,0.3272968,-0.70367,0.082807854,0.971976,0.11978388,0.10886809,0.75720334,-1.4239641,-0.52943426,1.2303876,1.6956333,0.47559756,-0.724192,0.73169637,-1.4555461,0.47755086,-0.7646989,-0.29883108,0.7350963,-1.1453481
AGTGGACAGGCGAATA-1,-6.4350553,-3.0422235,-1.7997587,0.33026516,-0.041547786,5.3633304,-3.1417217,0.51723045,0.2856727,5.270289,0.3875882,-1.345218,-0.32007673,-0.86989295,-1.8196354,1.7530724,0.17196153,-0.7769327,1.255315,0.5047878,-2.530186,2.0114992,-0.879486,0.9400822,-1.3140926,-1.4918052,2.1823213,-0.91024745,0.31261155,0.650907
AGTGGACAGTCACGAT-1,2.5543306,18.059168,6.3151007,36.887035,-0.5383435,0.03038202,1.0544511,-0.40532148,-0.8213122,-0.27735427,1.9477099,-1.8868147,1.3384376,-0.5698432,-1.7246441,-0.62258,-0.99908876,-1.048109,-1.20172,-0.8104508,-0.48675177,0.93332,0.46900102,0.7480327,0.8820242,-0.4814999,-0.90486324,1.5988458,2.2275841,1.8169332
AGTGTGGCATGCATAT-1,-6.1510353,-2.0436468,-3.6219506,0.26463607,0.46702802,-2.961414,2.8313498,0.1414069,-2.0136352,1.957193,0.33625555,-0.5632685,-0.8377725,2.3132834,-0.13786261,-1.1090796,0.35753164,0.570527,0.745617,-1.2454139,-1.2996156,-1.9459532,-0.6543042,1.7789625,1.8232498,1.2386297,-1.4260203,-3.0048769,0.84254783,-2.121537
AGTGTGGCATTGACAT-1,-7.141215,-1.3334466,-4.202317,0.90286,0.025474124,-0.25667644,-1.1327397,0.91243494,0.7734123,-0.6439301,1.8984401,0.38600305,-1.3694367,2.1083465,0.7166922,-4.0084677,-0.6272499,2.6036386,-1.1217887,2.9151714,0.20224597,-1.8937223,1.9377648,1.0206426,1.811418,-0.2897777,0.8085792,2.1429,0.6335141,0.58438194
AGTGTTTCAGGGAGGA-1,10.208252,-1.431804,-0.635039,0.42399073,3.5454144,-0.8000649,-0.044332035,-0.46444976,-0.6740734,-1.2596705,-1.3360877,0.43217453,1.0107225,1.9395909,-0.09840485,1.0015099,-1.1546714,-0.7977512,-1.1287006,0.4505961,0.44484174,-0.08790208,1.52752,0.5030511,0.7112189,0.37598613,0.14739893,1.8144567,-1.082537,-0.36855426
AGTTACTCAATGCCTA-1,-6.834979,-1.8951488,-5.1468787,1.3992126,1.0783204,-2.4154649,-1.4123949,-0.44628993,1.4370676,-1.5471172,0.9186269,-1.3246067,0.8051289,0.8934417,1.5793804,2.266588,2.2538426,0.46112835,-1.916946,-0.961143,0.5591221,-1.1113008,3.5903277,0.12485857,0.49148834,2.411842,-2.7409425,1.2117522,0.14433047,2.7403762
AGTTACTCACTTCATC-1,-5.826953,-1.2879121,-1.7184192,0.56057644,0.7403836,5.5129766,-0.31307483,0.4095814,0.48607743,2.3982594,0.09746801,-0.17195491,-1.2903612,0.04342756,-1.5058914,0.6169514,0.18082552,-0.7652296,0.65391487,-0.42440608,0.0036243356,0.41941595,-0.40890664,-0.610761,1.3938863,0.14305274,0.8137992,0.26781356,0.55794156,-1.1097044
AGTTATGTCCCTGTTA-1,-7.8922386,-2.483024,-2.2582414,-0.03872221,0.07555143,2.0468974,1.6212311,0.8197782,-1.5933477,1.6611472,-1.3680274,0.7587425,1.3761775,-3.6231234,-0.49944627,0.069805756,0.3611676,0.57221293,2.1380112,-0.38635403,-0.74599504,5.257885,2.2068424,-0.22734523,-1.1586595,1.2052512,1.0854914,0.69438,1.482867,2.4462612
AGTTATGTCCTCACAC-1,-7.267342,-0.8495335,-1.6091484,-0.22777362,0.15897253,4.3212824,-1.0636686,0.20783202,0.37858152,2.277635,-1.4697037,-0.78118896,-0.69084275,1.1669035,1.5919985,-1.3698422,0.6843099,-1.1422763,-0.12708613,0.6633914,-1.2232261,1.6242468,0.6551617,-1.6040226,-0.69648963,-2.381697,1.3672093,-0.39975983,-0.22508766,-0.5320662
AGTTGCAGTAGCCTAA-1,-5.455975,-1.766175,-3.6123815,-0.0023261653,0.23153198,-3.1994123,2.7026222,0.18291335,-1.3884506,1.4034853,0.9596624,-1.237265,-0.3921788,2.6416736,1.6641694,-1.1391723,-0.07003968,0.57569706,0.89526343,0.66738546,2.134443,0.33408496,0.5277879,-2.4229352,-0.20538136,-2.3842366,1.5845884,-1.4036086,-0.6570714,0.42019874
AGTTGCAGTAGGTTTG-1,14.309148,-1.8721534,-0.26156682,-1.2309709,-0.28756887,0.6012514,-0.90560776,-1.5052893,-1.3072454,0.067341514,-1.679282,-1.1799477,1.9571496,1.0317158,-0.73012596,-0.6231416,0.99148494,-0.22687168,0.64827704,0.023771442,-0.82213795,0.9837016,-0.19551815,-0.0038794968,-0.486981,-1.1225821,-0.2904123,0.8391384,-1.1575202,1.3732542
AGTTGCAGTCTTGCAT-1,10.1598215,-1.401702,-0.9116477,0.6776249,-2.9499364,1.0075231,-0.25436115,-0.21811542,0.84329265,-0.20213352,-0.92439723,-0.13124679,-0.39602652,1.103926,-1.0448654,0.25464773,-1.9261974,-1.4345276,0.9184587,0.35164836,0.94796324,-0.101338446,0.51833653,0.42294198,-0.10919283,3.3827603,-0.44273883,1.3284762,0.8810508,0.024004055
AGTTGCAGTGAGGTAG-1,-7.213713,-2.1946118,-4.266262,0.32907593,1.1943539,-3.2136958,2.1704974,0.45717293,-1.1967485,0.42643556,0.34486878,-1.4827096,0.2645711,1.0272588,0.4361025,0.6280538,0.12739553,-0.34614825,-0.37703133,0.037085846,-0.3235508,1.1271768,-1.4350537,-1.4837955,-1.3251725,-0.7645649,2.890123,-1.22867,-0.74752283,0.7306454
AGTTGCGTCCAACTGG-1,-6.3643236,-1.0265261,-1.148089,0.07610356,-0.32723206,3.096057,-0.0015714554,0.7591159,-0.3004919,-0.49969953,-0.82730824,-1.1691921,0.70627046,-1.95213,-0.17645133,1.9449497,1.3005147,-0.371954,-0.8666151,-0.78575265,-0.17354701,-0.35166892,-2.0846229,-1.1755838,0.7375715,1.68928,-0.15135534,0.102727935,2.1412132,1.2463918
AGTTGGCGTACAAAGA-1,8.509147,-0.44968188,0.7907466,-0.6561654,12.288318,-0.9238491,-2.1116695,-1.1595818,-1.8468344,0.7977348,3.5020413,0.71818423,-0.9762439,-1.5867807,0.47665796,-0.1032108,-0.58523035,0.013463746,-1.0400579,0.35286582,0.24160624,0.5625983,-0.3442231,-0.04478826,-0.17810981,1.1899762,0.14638074,-0.6885198,-0.41903475,-0.3009072
AGTTGGCGTATCTGGA-1,6.048239,2.2988012,0.1396191,0.84812695,3.0684977,0.779063,6.0300817,5.264143,7.525351,1.5098736,4.1673255,0.75858945,-0.0020309498,-0.6191562,-0.38045713,-0.017126499,-0.5179928,-0.82551795,-2.6326742,1.7924558,1.5145228,0.5759028,-0.03231791,-0.6627062,0.08876963,-0.29059374,-0.64923036,-1.3540144,-0.75408447,0.19733804
AGTTGGCGTGACATAT-1,15.528138,-3.2615085,-0.4953656,-0.28541166,-3.5309775,-0.031051112,-0.8335837,-2.6240022,-1.0977275,-1.4748671,-2.3433256,-0.897137,-0.30158675,0.18788645,-0.69172865,-0.5134986,0.47464108,-0.836599,-0.38413173,-1.4893332,0.1031477,0.20157066,0.08458775,0.5959196,1.3661456,0.13252921,-0.8340622,-1.8547586,-0.120556355,-2.7724802
AGTTGGCGTTAGTTGG-1,-7.0502844,-1.5413795,-4.0901957,0.77262104,0.045488745,0.7490198,-0.7184073,-0.07271661,1.9359145,-2.2261353,1.9277587,-0.82945037,-1.7349359,4.463573,1.9707981,-4.539595,0.32431644,2.6551,-1.1809738,0.041457128,-0.17066179,0.20036338,1.8262076,3.407814,-0.51336116,1.2344761,-2.1351564,2.6784923,-0.3360673,-0.72796196
AGTTGTCAGATGGACA-1,-6.138252,-1.6890483,-1.1434858,-0.18790498,-0.08826099,3.1772265,-0.14586845,0.0132705355,0.62929386,1.2065052,0.34990877,-2.1094496,0.48072615,-1.3901092,0.25504416,0.7561826,0.38553113,-0.5452712,-0.1678684,1.73571,0.0027531618,0.7739156,0.1863158,0.61808944,1.3865883,0.9936984,-0.29808447,1.5204345,0.2918919,-1.5630296
AGTTGTCAGTAAACCC-1,9.550828,-1.311977,1.1312597,-1.0630945,12.874742,-0.0046548485,-3.3544006,-1.8203444,-3.6912324,0.9027702,3.174048,0.58272433,-1.2418135,-2.1702607,1.321661,0.44746813,-0.20780563,0.5233256,0.039943397,0.7402031,-0.18165132,0.12613593,-0.023885356,-0.29005125,0.64358896,0.011843725,-0.8251718,-0.22695753,-0.36583632,0.43080693
AGTTTGCAGCTATATG-1,-3.821048,18.176538,5.2573295,-3.846932,-1.9458822,0.97268033,3.858981,-7.6511955,0.89446545,-3.3061686,-2.1626315,0.43603694,-4.8123183,0.19636717,2.3977842,-0.6239648,-2.305442,-0.16153677,0.11903913,1.183909,-3.0339084,-0.06701097,-1.1329015,2.5095181,2.85578,-0.36461276,0.9429254,-1.2506796,1.837545,1.9138665
ATAACGACAATTATGC-1,-7.7244353,-1.6266935,-6.1476164,1.0731251,-0.8459872,-2.8116899,-1.8025242,-0.5081466,1.4337543,-2.2202466,-0.98203903,1.7382137,-0.38053313,-2.4233649,-1.06514,1.4288279,1.5084186,-0.27455428,1.9171739,1.3740562,-0.8520539,-0.24373548,1.4470515,-1.5613158,-1.8958669,-1.5822295,-0.03306713,1.5887882,-1.8997778,1.875355
ATAACGACACATTAAC-1,-8.209861,-2.7735107,-3.5237396,0.74079466,-0.7197666,-3.849873,1.1110972,-0.7853238,-2.0879502,0.8034339,-0.42624196,2.8776476,-2.5890245,-1.0499923,-1.1961669,1.6977012,-0.3766977,-0.5833728,-0.42460734,-1.2944081,0.71571416,-2.1746142,1.3297518,0.56987375,0.93773067,-2.2582881,1.1275203,-1.1737148,0.57748574,1.0123274
ATAAGCCTCTAGCTTT-1,-5.7065744,-1.2963324,-0.53959185,0.45614266,0.24055363,1.1028348,0.6454635,-0.07500697,-0.20107698,-1.1513896,0.31667724,0.17498809,-0.019201115,1.4911157,2.1622298,-1.3116342,-1.6618389,0.3198986,-1.5306977,0.47493798,-1.2171165,0.14339378,-1.2476968,-0.35377255,-0.08526591,0.80147177,0.15933847,-0.118607484,0.1081837,-0.024058204
ATAAGCCTCTATCGCC-1,11.98109,-0.5753511,0.47690177,-0.23425664,3.6418846,-0.760548,2.0276577,1.9984183,2.347559,-1.5364213,-5.3272963,-0.2653683,1.6824745,1.758766,-0.1978341,0.60570914,0.81422085,0.15165877,-0.41624403,-0.9650545,-0.20513941,0.18262456,-0.1483213,1.2990364,1.0454515,-1.0141,-0.21166153,-1.5684357,0.77921224,-0.8804963
ATAAGTCGTGAGGTAG-1,11.8147955,-3.1012282,-0.9287242,-0.9127077,-4.145426,0.1752786,-0.9946018,-0.284151,-1.631967,0.5251181,0.68028855,-0.41270006,0.33996525,0.67389244,0.45358402,0.36458582,0.5670635,-0.69202274,-2.2931504,0.21065469,0.8070452,0.15020671,-0.38216972,0.60667294,0.14202285,1.2605761,0.27081916,0.16721322,0.18543823,-0.0044989577
ATAAGTCGTTCCTCCT-1,11.345328,-1.5670936,1.0367935,-1.1000805,6.973063,-1.561923,-2.9572084,-1.4168478,-2.7731485,1.5018553,1.0641023,2.557447,-0.72353876,-1.9711949,0.31499493,0.92913556,-1.7684633,-1.3845705,-1.410296,-0.30820057,0.9545272,0.31327942,0.010870412,-1.3458933,1.728095,-1.266923,0.8152443,-0.011822715,0.596699,-1.6914903
ATAAGTCGTTCGGGAT-1,-6.9242043,-1.3231848,-3.1186705,-0.06959792,-0.2830483,-3.6292424,2.4198546,0.24127373,-2.1252563,2.1461697,-0.059370168,-0.3334921,0.43017042,1.1313844,-1.035855,-0.49655783,-1.7230903,0.7783504,0.7570093,1.5471152,-1.671784,-0.380629,-0.6697102,1.5377601,0.027161783,0.63172436,-1.7684822,0.82685584,0.6490671,-0.5211226
ATACCGGTCACGAATC-1,12.915995,-1.546688,-0.89086413,-1.0357509,-2.1700118,-0.92509145,-1.37407,-0.039940007,-0.4825932,-0.5540627,-3.1592355,0.08624209,1.8076587,1.3900356,-0.8158865,0.8983039,-1.8047022,-1.2028344,-4.1368957,0.8007241,0.1876027,0.45635074,0.5805944,2.3797367,0.7833172,0.4050744,-1.6681756,-2.819279,0.54309297,0.4331759
ATACCTGCAATCCTGA-1,-7.9146967,-2.138956,-3.6732445,0.95506567,0.3880922,0.12918073,-1.5451868,0.49860802,0.86123645,-0.78958106,1.0135658,2.1191823,0.4677255,0.8499532,1.4963249,-2.28923,-1.0526695,1.3011811,0.18094608,1.4818002,-0.092524424,1.214683,2.2621682,3.1622198,0.26174524,-0.47713137,0.3118843,0.7023126,-1.7449299,0.43261266
ATACCTGCAATTAGGA-1,-7.6311445,-2.7042902,-3.5081456,0.8322565,-0.7138609,5.261976,-3.8189409,0.06867139,0.8391174,1.1915907,0.4284639,0.17797595,-0.8215954,0.547185,-2.7928095,-0.33246693,-1.1696498,-0.04218416,0.7016296,-2.0289803,0.24890783,0.91594446,-0.55592346,-0.1383127,1.7688636,-0.40060085,-0.12267371,1.7327757,-0.23466802,0.5722312
ATAGATGCACTTACAG-1,-8.120658,-3.170959,-0.5410805,0.0017021055,-1.0022482,4.7028685,1.2727686,0.69263464,-2.3396196,0.251963,-2.4519792,1.104223,0.66513324,-3.953778,-0.6522057,0.587746,-1.0747991,0.09222822,-0.2716789,-2.706872,0.34489772,1.2906492,-2.0662932,-0.7878334,-0.99581105,1.3666248,-0.37380117,-0.30948567,-0.80058914,-2.6020162
ATAGATGCATTTGCTC-1,-7.535811,-3.4612374,10.2869835,-1.2926363,-1.4913213,1.1139084,2.828315,0.3440871,-3.157755,0.061990745,-2.6082957,-0.76390094,0.81125104,-3.7830641,3.0230162,-0.09863208,2.5899858,-0.36475196,-0.20615005,-0.15579914,1.791182,0.42784905,0.23398556,1.1067492,2.9025466,-0.21659154,-2.2451835,0.60630554,2.3739405,0.31583425
ATAGCATGTAACCACA-1,3.2692425,4.694939,1.7684581,2.8561366,4.472913,1.4876809,5.269628,4.448684,6.500089,0.4962165,2.0363448,0.40207732,-0.42569584,0.36858377,0.679515,-1.1772754,-1.0202698,-2.1829085,-1.5752759,1.950748,0.3879183,1.6486092,0.023062574,-1.386134,-0.6198499,0.08822871,2.829259,-1.1065029,-0.53044957,0.60825175
ATAGGTACACTGGCCA-1,16.877665,-2.9838402,-0.81926864,-0.5406826,-8.249887,-0.65950155,-0.68072605,-0.81551534,-2.4780529,-0.45664942,2.7000103,1.4631368,-1.5413513,-0.75207794,-0.15196705,-0.018795695,0.59757155,-3.2513916,-2.7646549,1.1192517,3.3866985,0.23636213,0.2819563,2.162556,-0.5697926,0.00930347,-1.2161864,2.081808,1.5607864,1.3329811
ATATAGGCAGAAACGT-1,-1.2537965,19.827831,1.0828369,-5.1994834,-0.31545836,1.3120227,1.6774795,-10.80719,2.88105,0.8213781,0.21633656,-2.5129187,3.866233,-0.27492264,0.89119536,1.4882189,-0.48281538,-1.7010587,0.56753504,1.8398376,-1.137462,-1.2184303,1.49909,1.5064051,0.32477656,3.192039,-4.034512,-3.963163,-1.0737125,6.183862
ATATGCATCAGCTAAC-1,-6.490896,-1.5761836,-3.2764978,-0.12947653,-0.81097513,-3.9280632,1.8692721,-0.10441518,-0.6476183,1.2881663,0.23599234,-0.26889616,0.39588356,-0.618945,-0.04601511,0.8826461,-1.9447625,-0.8790359,0.33075932,1.784993,-1.9869972,0.6375341,-4.2224855,0.58417904,-0.13523978,0.75465715,0.88723266,2.6658852,1.807503,-3.0417576
ATATGCATCCGCATGA-1,-6.949743,-2.7538784,-5.1499987,0.923371,0.40714836,-0.9844178,-0.474239,0.26342404,1.4510021,-0.396099,0.020089284,-2.0299542,0.91657096,1.3115076,0.15357639,-0.27582946,0.850456,0.4736255,1.2628578,0.43905854,3.0058637,0.046245128,2.0081072,1.7118871,-0.26651892,1.1223674,-0.0042079557,1.508293,1.233691,0.522792
ATATGCATCGCAATCG-1,-5.231445,-2.3074653,-1.3012294,-0.01326267,0.472166,3.077307,-1.0157309,0.017804876,0.21454218,3.0822103,0.54480433,-1.3898721,0.20543963,0.19695437,-1.9494687,2.5611167,-0.14558846,-0.997754,1.002081,-1.7414824,0.62079686,-0.14903022,-1.7081972,0.43657956,2.9810371,2.4728894,-0.14798084,1.8882527,0.17242594,-1.3219908
ATATGCTCAAGGACCA-1,-7.0004125,-2.112929,-5.3273745,0.6371657,-0.044466384,-1.0229235,-1.623802,0.5578991,1.6660221,-2.7841523,0.053974945,-2.0677927,0.4466213,-2.4584284,0.8813428,0.18729343,0.686916,-0.16030855,-0.62794083,-0.4248677,0.17435211,0.037118115,-0.8184005,-0.678544,-0.51900685,1.2124859,0.33565643,0.2886926,0.54741454,-0.21944784
ATATGCTCAATAGCAA-1,-6.341032,-3.5332718,12.529715,-1.5610136,-0.02017445,0.3437995,1.7174585,-0.42849106,-0.8383175,-4.017302,1.5097903,-0.620208,0.13650408,0.63213235,1.8823138,-3.0019386,-0.7898133,-1.3003104,0.34768084,-0.8342326,0.21828233,1.0262287,1.7353963,2.388853,-0.86607444,0.057229903,3.0113072,0.27701724,1.5312073,-0.39562592
ATATGCTCACGAACAG-1,10.329719,-1.0691425,-0.15428397,0.4315255,4.537448,0.14301097,1.0565817,0.3667321,1.0778917,-0.5625874,1.5489347,-0.14473103,0.26221916,-0.24924377,0.47351462,0.14146827,0.37745607,0.31948647,0.17219265,-0.67487,-0.16721767,-0.47865957,-0.44409528,0.3739756,-0.54442894,-0.32130724,-0.06079547,0.90397465,0.18092555,-1.251982
ATCAAGACACTGACCG-1,7.464219,5.134139,0.8771839,2.6816223,6.180743,0.7641112,6.506522,4.8977056,7.602071,0.619669,0.7150885,1.564777,-0.68978935,-2.4296942,-2.2190857,-1.5351624,0.03528841,-1.315368,-3.891193,1.6808347,1.2734423,0.41694668,0.6603431,-0.18833427,1.7684247,-0.5288797,-0.8868584,-0.88330907,-0.59077525,2.060186
ATCAAGACAGGAACCA-1,10.660002,-0.57263523,0.1705846,-0.4082853,13.042014,-0.8417295,-2.795961,-0.89845073,-3.3312707,1.3844296,2.2802856,1.4845935,-1.2447559,-1.8894256,1.4846123,-0.32872027,-0.37528208,0.22349226,-0.23252808,-0.1701365,-1.3363097,2.0950787,-1.210759,-0.2307161,0.8533985,-0.17213334,-1.1306019,-1.2949855,0.831355,-1.4036891
ATCAAGCTCCTTCTAG-1,-7.621197,-4.0739746,14.5847025,-1.093936,0.43594718,0.36119038,6.359203,-1.7356324,-3.9873183,-4.6041527,1.899497,1.8183187,-0.69989586,0.48607892,0.061076265,-1.858145,2.0532746,1.2976576,1.1699733,0.33733514,-0.03830053,2.3737361,-1.7423292,0.049971543,0.35752442,-0.078985736,-0.35995674,-0.5104406,0.9692616,-1.3478348
ATCAAGCTCGGTCATG-1,2.0669,22.101147,8.39685,47.824463,-2.4781485,-0.6552508,-3.4852693,0.9634959,-3.1438448,-0.6937858,-0.64232093,-0.74294066,-2.9295933,2.2076216,0.38982958,-1.9027096,0.2646418,-1.6236286,-0.78453875,-2.253503,-1.5586243,2.5685396,-0.42715687,-1.5223325,-2.054688,2.017584,-0.13575298,-1.0574883,0.6593802,-2.5484557
ATCAATCCAAACCTTG-1,9.701522,-0.49980286,0.6285506,-0.3714971,10.506227,-0.9307075,-1.0464295,-1.5564402,-1.4290259,1.5054287,3.0507734,0.19180353,-1.6603343,-0.96057177,0.11090079,-0.500703,-0.033082638,-0.29003745,-1.3720024,0.2186003,0.50828123,0.2786866,-1.27007,-0.07676641,0.9736327,-0.095040984,-0.48716673,-0.035109714,0.7118632,0.94480425
ATCAATCCAAGCTTTG-1,-7.552379,-2.105401,0.3249533,-0.13103844,-1.018615,2.4574273,3.0894458,0.054083634,-2.5149205,4.049894,0.63114387,-0.8345348,-0.1811083,0.8069723,0.9886036,2.0972204,0.9309876,-0.24059182,1.8311247,0.3563471,0.21975718,1.4466226,2.2904003,0.26868385,0.9674981,0.23354232,-1.7706214,0.42468816,-0.794283,2.3364704
ATCAATCCAGTAAGTA-1,12.82706,-2.6662402,-0.3302057,-0.7243824,0.52515185,0.14966369,1.1763966,0.8221566,0.6571202,0.10431048,-1.9661026,0.14074555,0.667011,0.527498,1.2492579,-0.40430522,-0.10750057,0.6786906,2.1746995,0.08528002,-1.6134157,-0.23363107,-0.109498546,-0.6733349,-0.53122205,0.73993367,0.10461741,1.2131046,0.44470006,-1.1622555
ATCACAATCTACCTCA-1,-7.89668,-2.7715816,0.20078133,-0.9640668,-1.5638508,4.437981,-0.65168005,0.7392183,-1.5191689,-3.6736808,-4.064393,7.0036435,-1.7267406,-4.0852017,-0.10235781,-0.4010874,-3.6922095,-0.3919327,-3.1294193,0.22210003,0.813019,-0.5702097,-5.672039,1.1681898,-0.3019629,-0.17873035,1.3337868,-0.20065641,-1.7854618,0.07548013
ATCACAATCTCCATAT-1,-6.913095,-3.3890998,5.166942,0.077342056,-1.2049773,4.587878,2.8404422,1.6327467,-2.6642568,10.901191,-5.0409107,-1.457296,1.0090036,-2.2320309,6.392485,0.5804144,4.316107,1.0290442,-3.674056,0.03506763,1.0101371,-4.0857897,5.3213677,1.2425345,-0.78992313,0.4103281,-1.4910722,-2.5505881,-3.3503084,1.3486334
ATCACACAGGCCGGAA-1,-6.535258,-2.076953,-1.4269508,-0.22408515,-0.1928908,7.068893,-1.3040974,0.9804688,-1.5750427,1.7957064,-1.3987232,-0.09033597,-0.4237646,-2.8754623,-0.38442823,2.010252,-1.9438872,-1.2648449,-0.2922552,3.9263098,-2.9244075,0.7229409,0.6470534,0.8395634,0.33786273,-1.4306587,0.79383385,1.1298215,-1.5727826,-0.49563974
ATCACCCTCCTAACGG-1,-4.81104,-1.7575289,-4.1291313,0.27292013,1.9487424,-0.6889402,-1.7596308,-0.8425156,2.0377529,-1.7543141,0.99640286,-2.0487356,2.229042,-0.82748,1.3924562,0.062117964,0.73820347,-0.1806993,1.9179465,-1.012091,-1.7632426,0.32798845,0.39406574,-0.32107192,-0.95684564,-0.006522523,0.5081812,-0.3119538,0.35231322,2.2667143
ATCACCCTCTATTGTC-1,13.138262,-2.7367926,-1.0507971,0.23446499,-2.1762135,0.20495228,0.06641477,-0.49418867,-0.70650357,-0.3495245,0.053497706,0.05534307,-0.3852375,0.6113929,-0.4936157,0.5406184,-0.36734304,0.3579621,1.8765101,-0.11076413,0.82990956,-0.40064564,-0.2723295,0.11048331,-0.20991963,0.032705434,0.7950813,-0.14086592,-0.5132474,-1.0185356
ATCACTAAGATGGACA-1,-2.2652953,16.93844,-1.0987828,-5.7905498,-1.3850013,-0.13443425,-2.4876127,6.5629706,-3.0071037,-0.11324235,1.7306855,-4.473044,-1.4658663,1.2069732,-0.3712644,1.2575244,-2.139054,-2.5194764,-1.107036,-2.9639845,1.28261,1.0482799,-0.28407845,-0.0669726,-0.70723164,1.0679824,2.7353091,4.775408,0.66481495,2.200234
ATCACTAAGCTCAAAC-1,-7.2149696,-3.0942688,3.804223,-0.5574104,0.38048118,5.8385453,2.9511132,0.08760468,-2.7702355,-0.44353622,-1.0631461,-0.7991002,0.23796915,-2.2769518,1.6390414,-1.179027,-1.2555525,0.51687074,0.40716013,-2.0123496,1.1847018,0.09072293,-1.3856374,-1.0968248,1.15717,0.21493682,-0.6702054,0.87948585,1.2008866,-0.36658642
ATCAGGTTCACTTCAT-1,-7.47875,-2.1063216,-3.572212,-0.009347473,-0.815924,3.9525754,-2.629497,-0.13384467,1.7120289,-1.7133783,-1.2088754,0.7997439,-0.18296373,-2.4809055,0.060438577,-1.5068973,-2.143178,0.12619849,0.12605086,-0.7734568,1.169542,0.7029212,-0.5554682,1.5027338,0.9995819,-0.93536896,-1.782731,-0.65160173,2.733788,0.0005538693
ATCAGGTTCATTTGTC-1,-6.3252497,-1.6113681,-3.6924849,-0.21457161,1.0586213,-4.608093,1.0764041,-0.37101176,-0.6323977,0.7986804,-0.6650286,-1.2868931,1.1579528,1.9240644,0.5198984,0.9603383,0.6297815,0.45320684,-0.00987609,1.8471569,-1.642267,0.16273583,-2.4290738,-2.0739298,1.2253025,-0.7745937,-0.28810707,1.8867013,-0.64572495,-0.47292316
ATCAGGTTCCCTGTTA-1,10.062116,-0.23175414,0.42906138,-1.017326,10.137179,-0.5090826,-1.7514722,-1.2473035,-1.9430463,0.51123095,1.7249418,-0.07963989,-1.123733,-1.6919342,0.72412384,-0.29954037,-0.5908896,-0.13447984,0.04228881,-0.30085766,-0.06225041,-0.26711777,-0.47918913,-0.09250002,-0.3706741,-0.71369815,-1.2890875,1.158783,-0.05675227,0.36773974
ATCATCAAGCCAGTAT-1,-6.1501775,-4.601449,15.453857,-2.1562128,-0.33083564,-1.2425573,-2.7107353,-0.6341809,0.83354044,0.7442853,-0.10751513,-0.3232914,-0.42932847,2.1636257,2.7510405,-3.1794608,-0.8822302,-0.014415533,0.7737616,-1.2519057,1.5071573,0.060226113,2.5426042,-0.7809606,-0.03482663,-1.9283048,-0.89619,1.5075244,0.30502665,-1.3720746
ATCATCAAGGGCCACT-1,13.255656,-3.2065036,-0.42215875,-0.41587883,-4.154063,-0.4177182,-1.0337424,-1.430504,-2.3423584,-0.7288105,0.063126616,-2.0524724,0.3415033,1.0120049,-0.6588247,-1.0468539,-1.849704,-0.7867209,-2.2793016,0.80585015,2.6659513,-0.16262491,-0.046551105,1.7615145,1.0939726,-0.1604318,1.3130575,-1.3527236,0.482425,-0.26620677
ATCCAACAGCGGCTGT-1,-5.670809,-2.3317735,-3.7302344,0.21744327,0.64233005,-4.2439656,1.3486999,-0.4016626,-0.7621958,1.5361176,1.3216348,-2.111805,-0.02280272,0.7102202,0.101088874,0.06908616,0.4870806,0.5189086,-0.41529173,-0.10025552,-0.8148381,-1.0940819,-1.0750443,0.665875,0.8519623,1.0219849,0.15793613,0.6456572,-0.42413962,-2.5976408
ATCCACCTCAGAAACG-1,-4.015519,-1.5677171,-1.8737364,-0.17500602,1.7811017,-0.53548217,1.71476,0.2173507,0.6569474,0.3913902,1.9739759,-4.2305155,2.2628634,0.09953703,0.12565127,-0.75823903,-1.2936544,-1.1881627,0.25903267,0.74504304,1.3491623,-2.1214116,-0.84862965,-1.5940299,-1.9151678,1.9779106,-0.080880016,1.9484402,-0.6756451,0.04929992
ATCCACCTCGTCAAGT-1,-1.126335,19.104683,0.8670585,-3.7453856,0.3170659,0.50005835,-0.05702459,-1.4385126,2.9160619,1.0065247,-3.4820945,-3.2529166,-7.5972595,-5.217804,-5.9021354,-7.3497944,4.448971,3.8515708,-0.2028352,3.9184964,0.43381226,-3.5037875,-0.96628886,-4.1367455,6.4590197,3.1193652,4.2982454,-1.6015396,-2.472424,-0.24000861
ATCCGTGAGACTCGCA-1,-6.5847516,-2.4495533,-3.092237,0.70537215,0.028493177,5.987006,-3.665039,0.29122368,1.456423,-0.17034285,-1.2920771,0.5112968,0.49084976,-1.5326282,0.67576355,-0.32234842,-1.8484648,0.43447053,-0.42126477,0.81338465,-1.7013451,2.8999918,0.08605408,1.005038,-0.24273105,-1.1065459,0.48517743,0.8302406,-0.6906109,-1.8780257
ATCCGTGAGGTCATTA-1,0.82337314,20.90507,1.2938787,-4.1026287,2.4214559,3.1518955,3.055043,-14.483263,4.775689,0.81433046,2.6872058,0.29047024,4.726489,2.437912,7.5169406,7.878902,-2.982705,4.1986594,-0.5598703,0.34721008,2.7269645,2.4287367,-0.37831467,2.0778112,2.6568937,-0.090353884,-1.4124453,-2.181905,2.6985543,-1.9336911
ATCCTCATCTGGTCCT-1,15.54445,-3.0779977,-0.4340458,0.7500556,-8.207381,0.78362244,-1.6393164,-0.9939603,-0.48067802,0.7423332,-0.62329704,0.7547176,-0.96193576,-0.458289,0.067893155,-0.4100227,0.24035777,0.8588202,0.16994129,-0.8614995,-0.8867229,0.8437676,-0.11155261,0.45583096,0.5210136,-1.7414824,-0.28991964,-0.3807467,0.0095569715,0.5401582
ATCCTCATCTGTGAGT-1,-0.9868043,18.127714,1.0596713,-2.5051315,1.9015065,-1.1461926,-1.4206266,1.8135539,-0.0059990627,0.39460337,1.6558459,-1.2581097,1.4052571,0.06816531,-0.18458658,-1.8903277,0.38422453,3.580191,1.0977192,2.3581781,-0.19064899,2.9213328,0.6867127,1.7370423,-2.916191,1.1258124,-2.2280445,1.7528284,-2.265625,3.1173785
ATCCTGACAATGCGCT-1,-6.6638613,-1.6684752,-3.8813558,-0.14275809,-0.32246414,0.74824256,-1.0114633,0.5459318,-0.17401305,-1.9261681,1.5264715,-1.106029,-0.73598415,0.42876986,-1.4192017,1.4076003,0.5905139,-0.23991936,-0.11239322,0.8565878,0.60002244,-0.09058246,-1.3821096,-0.14710312,0.33366194,0.48748928,-1.0071238,-0.93264216,0.95334727,-1.9089121
ATCCTGACATGTCAAT-1,-6.3151402,-0.7339244,-4.1836524,0.97360903,-0.31300884,2.6637778,-1.1669915,0.59274524,1.6598343,-0.98912865,0.6509984,-0.29745913,-1.5053068,-0.6593501,-1.0253991,-0.86342096,1.7315351,-1.9075828,0.54588056,-2.6988335,0.42498267,-0.08090822,-0.1990043,1.5187354,0.98174036,-0.5820142,-0.13477981,-1.5805877,-1.0571386,1.0956883
ATCCTTAGTGTCACGG-1,7.375076,-0.59387594,1.1542056,-1.4301574,13.23738,-0.74111295,-4.41333,-1.8476692,-3.719979,1.7754158,6.066067,0.4181636,-1.3733587,-3.0144258,0.94200903,0.2415618,-2.3126893,-1.0919894,-1.0908195,0.032118283,0.044804174,0.18798986,-1.1138332,1.6325552,1.4450426,-0.8168845,0.091401204,0.2103206,0.5861673,-0.19043185
ATCGAGGCAACAGGAT-1,-8.200107,-1.519253,-4.211883,-0.037581597,-0.48706302,-5.099891,1.9802358,-1.3418618,-1.1050463,0.811481,-0.6167121,1.5217272,-0.21629012,0.23628737,0.27513647,1.2993436,-0.23661008,0.6164185,0.20462754,-1.091199,-0.15502347,0.34734067,-1.7791793,-0.17324449,-0.32109243,-0.44518256,1.4324423,-1.3604704,-0.6158664,0.9497194
ATCGGCCAGGTTTGCG-1,-8.153355,-2.5411081,-2.4252443,0.7776522,0.124478124,1.6332895,-2.8659317,-0.18061367,2.0246904,-1.0636785,0.14693902,-1.680478,0.4104024,-1.1225511,-0.25644958,0.07837356,-0.12950632,-1.192826,-0.08132305,0.41939524,-0.69135743,-0.22156087,-0.16396289,1.0682225,2.2052388,-1.4872468,-1.2807562,0.4090945,0.12152276,-1.0400994
ATCTATGAGCAAACCT-1,-7.8185296,-1.6546326,-4.104662,0.8971671,-0.43640435,-2.9204774,1.684018,-0.2642229,-1.0445118,1.4897796,0.75778615,-0.90182775,0.75395733,1.0488937,0.4008877,-1.0506151,-1.2124488,0.2845718,1.1553581,0.30031556,2.7256355,1.8954799,2.3732562,-1.1747155,-1.527401,0.8375378,0.27299166,-1.9009565,0.31155917,-0.8034372
ATCTTTGGTTGTTGGA-1,-5.894942,-3.4219944,7.292629,-1.2397099,-0.13952625,1.9126947,3.1729445,0.88617873,-1.6907595,0.20989908,-0.78959286,-3.3855116,3.3022702,-0.9131114,3.6315315,-4.4124966,1.6020813,-0.29336062,0.019121159,-3.5417762,5.502106,1.2839141,1.468294,-2.1274774,-0.38615796,0.7087781,-0.6654323,2.034033,0.8270629,-0.54230887
ATGAAGCCAGCACCAT-1,-7.0323825,-3.1585789,4.5784373,-0.49002856,-0.55072546,2.8053765,2.2649465,-0.064498655,-2.5375845,-3.7114406,-3.4415846,2.567262,0.24960756,-2.1343975,1.5171235,-1.2167518,-1.6807318,-0.7426239,-3.7868223,-1.760112,0.49984547,-6.738565,-6.247799,1.2455707,1.7798772,4.9181437,2.6626256,-4.9833612,-5.3613896,-3.2494364
ATGAAGTAGTAACCAC-1,-6.372249,-1.8661736,-4.656023,0.016551508,-0.35399997,-0.57237273,-2.1473224,-0.050611965,1.8943969,-3.057611,-0.47525218,-0.70613253,-0.5386579,-1.4296786,2.6878645,2.0951946,0.090454,1.1845162,0.46486223,1.0800294,-0.71150196,4.229241,-0.27930737,-0.1551737,0.36569,1.0123994,1.1477047,5.278306,3.9635828,3.0594432
ATGAATGCAAGGTAAC-1,12.824338,-3.61644,-0.12914976,-1.1186231,-8.359537,-1.1165475,-1.3916692,-0.81677854,-1.1779568,1.4267017,3.8035095,-0.76435155,-0.5153331,-0.1107817,1.2391156,-0.32619587,-1.048105,-1.5539699,-3.6939566,2.0938067,3.0361671,-0.3484934,0.006208092,-0.3328261,1.260336,-0.2537823,0.61848027,-1.8153249,-0.47857925,-0.24739894
ATGACAACACTATGGC-1,-7.9694195,-1.4736313,-4.745067,0.005261719,0.37001115,-5.25134,2.6557045,-0.059486926,-1.6846693,2.2823815,-0.68485534,1.8520235,-0.926649,1.5739526,-0.9701961,1.2142226,0.41288254,-1.0045903,-2.8763294,-2.098901,-1.6715473,1.8152975,-2.516611,-0.630387,-0.48220208,0.34909147,0.6517947,0.84380794,0.36534747,-1.1575736
ATGACAACAGCTCATA-1,10.97008,-2.6498926,-0.72384834,-0.89134705,1.8396872,-0.14646149,0.18139903,0.17454691,0.88931113,-0.96293086,-2.3555846,-2.0957372,1.2795725,1.9866486,-0.14395104,-0.5618475,0.530944,0.11128663,1.0008317,-0.22346315,-0.100168765,1.3552496,0.65270627,1.0441818,-0.35840163,-0.043425612,-1.2015069,-1.6879978,-1.4763558,0.24306741
ATGACCAGTTACTTGC-1,1.4560125,20.976923,6.7191496,42.511757,-1.6722931,-0.65839356,-1.8377761,-2.2596822,-1.1104057,-1.3995245,-0.16044715,-0.13671848,1.4890416,-1.0820448,-1.4554979,0.12976252,2.1957498,-0.0779885,0.043063644,-0.13716534,-1.5317143,1.5376277,-2.1347387,1.3043516,2.4576516,-0.8972719,0.35069135,0.24933082,1.1860913,0.17804693
ATGACTCAGCACGTTG-1,8.865214,-0.86400515,1.4944884,-1.1598107,13.496019,-0.14437668,-4.641072,-1.7242035,-4.1245203,1.9718401,4.4315147,0.6836931,-1.7499071,-2.5884352,0.6536218,0.47817004,-1.0178381,0.90216976,-0.411243,0.25782707,0.27374697,-0.12924755,0.29356077,0.055671975,-0.7474393,-0.7777634,-0.14516129,0.09706099,-0.24549082,0.43452176
ATGAGCCGTTTCGCGC-1,-6.693952,-2.5074837,-4.7108173,0.2503885,-0.5021988,-4.3069367,1.3220911,-0.20348494,-1.4100077,0.9641351,-3.1726727,2.3920686,-0.260659,0.28523582,-0.44757578,1.4331356,-3.1435869,-1.0102818,-0.99645406,-0.56053203,-1.2179706,-2.9352822,1.0514578,0.15139297,-0.63580424,-0.2898769,-0.7671693,0.14994395,0.87393636,1.6513877
ATGATGGAGCTTCTCA-1,8.726203,0.24650182,-0.0045222756,0.40746722,0.39283228,0.867644,4.32,3.6082592,4.4645085,0.92310774,2.411977,-0.044951856,-0.2110131,-1.9426535,0.3872444,-1.0856634,-1.3775795,-1.2962607,1.788542,-0.41167074,0.0611889,-1.1341048,-0.084834084,0.46584624,0.27100688,-0.78228104,-0.061816186,-1.3066336,0.51032513,-0.13436143
ATGCAGGCAAAGGTAC-1,-6.7901883,-2.2747922,-4.5070877,0.7785812,-0.040137224,-0.74003893,0.19494495,-0.63160276,0.60799724,-0.113892026,-0.57430816,1.1988426,0.150002,1.1442292,2.2633076,-2.9443388,-2.230448,0.36628488,-0.11055719,0.15344757,0.2138921,-1.3386369,-0.58450174,-0.37311816,2.734901,1.264821,-2.861246,0.8410159,-0.67210263,1.3411078
ATGCATTCAAGTAAGC-1,-6.0881267,-3.7335405,15.339919,-1.8753034,-1.4939405,-4.682267,-3.8004136,-0.46327904,3.2120135,-3.2300253,-0.3447651,2.5387504,-0.5154274,0.43231383,-6.5783043,7.945993,0.5971107,-4.250767,-1.8339492,5.709397,1.3916261,-3.5174985,-0.5286825,-0.39083594,-0.1742942,0.5627645,2.0314207,0.7002768,-3.0437915,-1.6343627
ATGCATTCACCGGCTA-1,14.585143,-1.879648,-0.09533139,-0.24964401,0.28897923,-0.00018879613,-1.356402,-0.80760473,-1.1768953,-1.987316,-2.5956933,-0.8328572,0.75754404,1.07528,-0.16787839,-1.4320151,0.63140064,3.6905732,2.8996549,-0.8190409,-1.4923984,-0.3262909,0.72973806,-0.05313502,-1.6239244,-0.25832215,-0.39184177,1.325566,-1.7465303,0.32456142
ATGCGATTCATGACCG-1,-7.270578,-1.7789439,-2.0489094,0.08450737,-0.64316815,3.3056808,-0.6247251,1.3948303,-0.575699,1.4357629,-1.7970638,0.21413822,0.7539444,-0.42493832,-1.2299132,1.6293082,-1.1595751,-1.7919039,1.280782,-0.7322502,2.63311,0.21623117,-2.5647497,0.4530854,0.23298252,0.8965556,0.4867992,1.5654807,1.4376355,0.15884316
ATGCTTAAGCAACATC-1,-8.735506,-2.7652123,9.8600445,-1.6694729,-1.20421,2.0480168,2.6396346,1.2410227,-2.6252627,3.381784,-2.7715166,0.11914816,1.4730802,-1.6041954,4.5464034,-2.7287054,1.9100386,0.45860404,-0.48488128,-2.9095945,3.3474588,1.0058131,0.3504605,-0.8104213,1.850495,-0.9676956,-2.0377984,-0.39962226,1.547134,3.9976146
ATGCTTAAGGACCAGG-1,-5.2564087,-2.0697868,-1.211903,0.4243371,0.82248753,5.1311603,-1.0475694,0.19159839,-0.43055728,3.174426,0.63097894,-2.3970244,-0.84092647,1.3287327,-1.2742146,0.8963323,-0.096505865,-0.64602697,0.54863054,-0.38521025,0.35541072,0.97992206,0.50568855,-0.4302493,0.8089074,0.26484394,-0.39126384,0.49962193,-0.68015045,-1.9653032
ATGCTTAAGGTCTTGG-1,9.060874,-0.32829335,0.5345712,-1.5608257,11.843133,-0.25391203,-3.5041134,-1.8361456,-3.2053685,0.8750061,1.7744566,1.4576253,-0.9638353,-0.8215839,0.08361565,0.54051584,-0.41401055,-0.06336306,-0.41271162,0.63314754,0.3469814,0.63979495,0.9785874,0.6516939,0.36612365,-0.892031,0.39612865,-0.9928548,0.60989726,0.9526598
ATGGCCCAGACAAACG-1,-8.345992,-3.5700843,12.640935,-2.3481798,0.3712297,0.58775324,3.4167762,-1.3496506,-2.900649,-4.7461014,0.6459663,1.3794832,-0.29597485,-1.7916247,0.41276604,-1.2631606,0.22919065,1.2553972,-2.1080387,-0.26076078,-0.15329,-1.3410792,-1.8723134,1.0479116,-2.463081,-1.2485147,-1.4740131,-0.9403617,-0.44199854,-0.10069778
ATGGCTAGTGTGAGAG-1,-6.906074,-2.3408916,-1.1816933,-0.37428948,0.6937058,-1.2742454,2.353329,-0.25663292,-1.3661875,0.34949392,0.8702229,-0.48289087,-1.4620541,3.1748104,3.3828158,-3.8534703,-0.81443727,-0.32843173,2.2422857,-1.8507909,2.6642632,1.7680569,1.6174725,2.6830785,-0.36659682,0.76183,0.18422484,1.0553607,-1.0151852,-1.2353777
ATGGCTAGTTTGCGCC-1,-5.7159595,-1.3013378,0.059683602,1.0636685,0.22384675,-0.11063289,0.47380525,0.54432976,1.0264304,-0.5576444,2.2292979,-1.0722091,-0.016684143,3.1233125,3.5238864,-4.4958105,-0.54023415,0.15466301,-0.092383385,0.5389853,4.53164,1.3082331,2.0646918,-0.15769172,0.7894733,1.6647419,0.19277738,1.4219531,-1.6410493,-0.7330818
ATGGCTTAGCCGCAAC-1,11.124124,-0.7845387,0.87012184,-0.30058044,11.447788,0.31600195,-1.5830107,-1.0215437,-1.6271075,0.68887633,0.20309804,1.0737649,-0.34417763,1.0382117,-0.7117662,-0.408446,1.0598572,-0.4759627,1.3630644,-0.72316843,-0.19525689,-0.31086206,-0.9576706,-1.2314054,-1.0822666,-0.97131526,0.48282388,-0.122938246,-1.1711029,0.31322142
ATGGCTTAGCTCAAAC-1,5.9188194,-3.9061446,12.475915,0.009468493,-6.4694543,-4.534584,-3.0413349,0.953011,3.449773,4.2321115,2.1848874,3.4335825,-1.2545222,-0.28772518,2.3345585,-0.03932701,1.4893624,0.20037016,0.4763082,-1.7882016,-2.7941258,-0.15159151,-1.0723494,0.34420806,-0.43615514,1.2124912,-0.34819704,0.29823285,2.9056857,3.4119303
ATGGTCTAGCGAGCGA-1,-5.9481125,-1.76099,0.78318334,-0.45913854,0.9920126,4.8597236,-0.16505548,0.06661961,0.80513483,-1.7678044,3.6292012,-1.6435889,-1.7415727,8.508761,1.6113144,-2.9106348,-0.25892243,4.149115,-1.8459364,2.4252691,0.29574922,-1.7789664,2.806422,-0.23330796,-1.4309154,-0.064712584,-1.7144778,2.667604,0.21250919,0.23412883
ATGGTGCGTTACCTGT-1,-7.2864275,-2.0218732,-4.220456,0.5354771,-0.35139227,2.0657692,-0.9168137,0.16899233,0.064155124,1.8812529,-1.5131593,-1.6917498,-1.2732005,-1.6648268,-1.2651259,0.30878627,-0.2874983,-0.97713566,2.358747,-1.5925602,1.9568276,0.079641044,-1.098422,1.5218761,3.55518,0.80319655,0.21518588,1.2392939,0.73520476,-1.5682597
ATGGTGCGTTGGTTAG-1,13.552439,-2.7523324,-0.24708825,0.55553955,-1.6104373,0.5031526,0.124906614,0.17023952,-0.28433794,1.7175056,-0.57715744,0.27889106,-0.49540854,0.13623421,0.35526508,0.19907717,0.82195866,-0.9253267,0.42914775,0.740511,0.9386294,-1.809685,0.2719868,-1.066654,-2.5772629,2.0665886,-0.0013247831,1.4630965,-0.40153405,-0.36454886
ATGGTTATCTCCATGC-1,10.801207,-0.1535385,0.46690035,-0.79076785,10.373894,-0.5607542,-0.7072084,0.06060743,-0.87087196,0.2632279,-0.8417024,0.45158637,-0.32341602,-0.5065636,0.010259083,0.08551467,-0.11753545,-1.0324686,-1.2211761,-0.099962056,1.303408,0.24591233,0.9005299,0.7618281,0.099488355,-1.8223442,0.5055644,-0.5849777,-1.5833396,-0.0821718
ATGTAACGTTTAGCTC-1,-7.264259,-2.3068097,-4.098717,0.36337215,0.23172687,-3.6630528,1.3835723,-0.1631807,-0.42778188,0.50286907,0.41026017,-1.7458358,0.6264045,0.9841128,0.36984202,-0.188021,0.88049984,-0.8274308,-0.9128268,0.88103145,0.9709755,-0.26867628,0.58740795,-0.98821175,0.08148626,1.6833007,0.090553045,-0.34589592,1.529387,0.2254612
ATGTAAGCACCAACCG-1,-6.1525435,-1.7940847,-3.417645,0.49802786,0.2671105,0.958139,-0.9068319,0.08327359,0.54569376,-1.4913375,1.0739366,-1.6567881,0.00078852894,0.24659163,-0.48058593,-0.8681097,0.054611925,-0.1701925,1.0770597,0.3474312,0.5776722,-2.2364376,0.24017772,1.0176897,-1.007842,1.2420352,-2.687945,-0.15104626,0.6977035,-2.726641
ATGTAAGCAGAGAGCC-1,-7.9360967,-1.9756207,-5.3973846,0.65923995,-0.5597494,-2.9350204,-1.0467619,-0.69577265,0.4469339,-0.74257106,0.9505072,0.029527467,1.2240858,-0.10033838,0.5033247,0.2731338,1.7701155,-0.6346499,-0.9845545,-2.53044,0.12514393,-1.2494881,0.22899668,0.60531694,1.6326718,-0.19699398,0.5777569,-1.1661361,-0.39365304,1.6010022
ATGTAAGCAGCTTAGC-1,-7.6645613,-2.0202022,-3.328534,0.31271988,-0.4933563,-3.8779635,2.4000323,0.41065612,-1.8640174,2.4357383,0.49193332,-0.33267733,0.49556047,0.9600579,-0.52712244,-0.061617173,-0.1737946,-1.2103124,-2.5012922,-0.5098558,-1.0917128,-2.1115944,-0.42083076,-1.4099073,-0.38896307,2.4730952,0.45921764,0.7020239,-0.67812836,0.07274665
ATGTAAGCATTAGCGC-1,-7.749322,-1.7367396,-3.2782774,1.3831792,0.8445826,-2.9627018,0.675693,-0.8357098,0.793826,-1.1853349,1.7366493,0.500731,1.2429444,0.068237126,-0.9258312,-1.0831183,1.3798671,0.91905993,1.9372199,-1.5171951,1.2080088,-1.3205361,-0.16539487,0.5005558,1.0580108,-2.1089613,-0.7480826,0.6263406,0.8231966,1.0007992
ATGTAAGCATTGTGAT-1,7.8501735,2.9696279,0.78826886,1.2171116,6.3707914,0.59627396,8.751517,7.8994837,10.343632,0.3128878,1.9561337,0.38394216,-0.4471796,-1.0996151,-0.81827426,0.11786823,-0.6573358,-2.5448458,-3.3436859,1.3965516,0.46864116,-0.04856202,0.43258098,0.9090237,1.8246803,0.9523506,-0.83366483,-1.0265281,0.7241598,1.7187778
ATGTCAATCTACCTGC-1,14.947087,-1.5833004,0.31828353,-1.0604075,4.614895,-0.4783638,-0.18025239,-1.1738774,-2.1059833,-0.97735834,-3.8663864,-0.335435,0.5249048,1.2694988,-0.5794845,0.1060637,-0.7599892,-0.20024183,0.9061641,0.46348774,0.804021,-1.2033523,0.1612511,-0.35700068,0.43418524,0.435253,1.0222096,-1.0134392,-0.23645662,0.59379536
ATGTCAATCTTGTCTG-1,-8.057384,-0.9132392,-2.88098,1.9118811,-1.9340379,2.380725,-4.494888,0.22482891,2.9550862,-7.9670334,-0.2532584,10.696901,-5.1677537,6.15862,7.3996344,-5.032698,-4.532161,5.377883,-3.3723752,4.535014,0.014340895,-1.7232696,6.52125,7.5720563,0.5365594,-0.85952395,-5.116525,4.3608675,-2.3622317,-0.13548787
ATGTCATCAAGGTCCT-1,-6.7659097,-1.7357477,-3.527171,1.0859361,-0.2796429,-0.26453745,-0.88828963,-0.11154069,0.6582867,-1.5110576,0.40789208,-0.22671299,0.010075468,-1.7537664,-0.17490011,0.23021632,0.38006634,-2.382355,-0.04453737,0.20979194,-0.5639902,-1.2600164,-0.33318022,0.9218718,0.7654513,1.3184216,-0.80889136,-1.6874812,-1.584592,-1.988645
ATGTCATCACCTATAG-1,-6.3152523,-2.1612086,-3.7565951,0.2695782,-0.7487962,-3.591958,1.1871464,-0.8123532,-2.3094685,-0.0033145978,-0.5910751,2.405391,-1.8599144,0.52357465,-2.3362408,2.0526118,-2.7147443,-1.0727668,-3.2442174,1.8563251,-5.460899,1.3877655,-0.067293346,1.7446842,2.7314098,3.809219,-0.3525209,-0.41356128,-3.4434462,3.4710078
ATGTCCACATAAGTTC-1,-7.1960926,-1.6277136,-5.057995,0.84589624,-0.15218459,-1.3745661,-1.4745963,-0.37021112,1.0666006,-2.1918344,0.74421513,-0.25908598,1.49279,-0.5194218,0.33832005,-0.25871032,-0.06530572,2.4033124,-0.041077748,0.041490026,-0.31089345,0.5683009,1.1599796,0.81243014,0.6771028,0.081859685,0.5014641,-0.6510386,1.2299743,1.0269969
ATGTTCAAGACTTATG-1,13.287489,0.01635025,0.6770424,0.54525685,2.2133393,0.39722872,3.1016486,1.8472747,3.015547,-0.39355943,-2.2064996,1.6021415,1.8982577,1.5306829,0.083321504,-0.2869471,0.070465714,-0.92627716,1.383684,-1.2544535,-1.7625953,0.80658686,-0.2570626,-0.10670687,-0.26719752,-1.0506432,0.44635314,-1.4795641,-0.58082205,-0.94057643
ATGTTGTCAGCAACAG-1,-7.5297227,-1.6635296,-2.436088,0.20392892,-0.07962486,1.2932583,-1.920841,0.96953136,0.5243391,-1.87546,-2.3733602,3.1449196,-0.14311834,-3.219824,-1.6050738,-0.9059195,-1.9922737,-0.38459533,-0.39150274,-0.39103577,2.8125386,2.167499,0.3698689,2.0109086,1.8254373,-2.8928092,-0.47220314,0.7622872,-2.63936,0.18161507
ATGTTTGAGCCGCTAA-1,11.592648,0.0011918538,0.44781074,-1.0224457,11.739225,-0.010233203,-1.3485272,-0.7289708,-2.2708485,0.028904809,-0.911383,0.76865846,-0.35439086,0.17013511,-0.2046393,-0.44402206,0.29609194,0.3534751,0.0058170767,0.09424618,0.085868284,1.1178724,0.27282482,0.10477406,-0.63274336,-0.18946287,-0.3122838,-0.07974291,0.20658158,1.11203
ATTAACCCAAACAACA-1,-8.804271,-2.4624364,-4.0882416,-0.052172635,-0.8696962,0.9814131,-2.5838983,-0.18332012,2.2067573,-2.1721947,-0.4500795,0.7729959,-0.5512205,-1.3210621,0.4241842,0.36496755,-0.9946383,-0.40150967,-0.15506,-1.8645542,-1.9716934,1.4155122,2.1421175,-0.101627305,0.053383064,0.09134434,-1.9561603,1.4368863,-1.2254044,-0.9242723
ATTAACCCACAACAGG-1,13.351898,-2.4663725,-0.46855208,-0.028748296,-0.9733034,-0.09761125,0.45553994,0.2832125,-0.20772105,-0.5285197,-0.3034276,0.030992009,0.6376615,0.41019192,0.5884796,0.9282536,-0.68642646,0.9861183,2.4443762,0.6268282,-0.16763547,-0.13552748,0.8967815,-0.64937145,-1.8100611,0.6289369,1.3140258,2.3283608,0.7066411,0.5596152
ATTAACCCATTGTCAG-1,1.9452428,24.675198,8.825906,50.85498,-1.5555904,-0.97927636,-2.987134,0.16505337,-3.8760345,-0.22664511,-0.8186082,0.48848355,-1.0772963,0.22298779,1.1682221,1.1706336,-0.44148025,1.8785225,0.671081,-1.1170532,-1.7224587,-2.9354954,1.9300781,0.6977938,-1.6197209,5.2833414,-0.9993651,-0.83573914,0.16217174,-1.700621
ATTACCCGTGGAGCAA-1,-8.3696,-3.040673,-4.8535237,0.83017313,-0.05155312,-1.7791195,-1.2019155,-0.23996434,0.7653347,-1.568858,-0.26839298,-1.3611611,0.42517218,-1.4323391,-0.9058984,1.1068071,0.041001808,0.14225502,0.46482572,0.5918017,-0.609412,0.65168184,1.1774257,-0.87197316,1.6842254,-1.504801,-0.48619688,-0.0052920613,-0.747412,1.3589239
ATTACCCGTTTACCGT-1,-2.044354,21.953959,-0.750803,-4.4809823,-0.19448477,1.8768951,-0.49199173,-10.405348,2.2025828,1.3481736,2.7568278,2.1409147,9.229007,1.4765259,-0.9344482,-1.7131332,4.1863356,-2.4194005,1.3071324,-3.0513852,-1.3072753,-2.8613498,-1.8027875,4.3215656,3.142822,-3.831785,0.67412865,6.627907,-4.384277,1.8400083
ATTACCGCATCATGTG-1,-8.325894,-2.2092671,-5.5829763,0.5480277,-0.13634063,-1.0992715,-1.1732312,-0.4544288,2.5524068,-2.0245726,-0.59493005,0.52752596,0.39565757,-2.8157117,1.2945346,-0.4185412,-0.24442807,1.1752222,3.2821798,-0.95942307,-0.6536314,0.52378404,0.8828349,-0.5344933,-0.5057546,2.511608,-0.56995606,-0.6254165,1.1208701,3.1430876
ATTACGTCATTAAAGG-1,-7.2040186,-1.2537168,-4.7181635,1.4418358,0.20617831,-0.9747894,-0.94773096,0.6947662,1.4696164,-1.0440656,0.17650226,-3.206691,0.9448619,-1.4081235,1.8021158,0.27141306,0.6437912,-0.27389908,0.036328483,-1.5378019,-0.7387475,-1.9179627,-1.1715813,-1.3311137,-1.0288401,1.4132978,0.388956,0.40990442,-0.6047281,-2.6142666
ATTAGCTCAGCAGGTA-1,13.086138,-2.1469996,-0.26344094,-0.7171414,-0.09224792,0.3008867,1.2538307,0.31468874,1.4425266,-0.3189176,-0.22113462,-0.046189673,-0.12043253,-0.51399386,1.1158798,0.9844669,0.93766755,2.6649666,4.3035345,-1.2262344,-2.7224607,-1.1650308,-0.17285816,-0.61426854,-1.4360126,0.8053313,-1.0524344,2.1425571,-0.58935505,-0.21015553
ATTAGCTCATAATCGT-1,13.067895,-2.2451785,-0.28435892,-0.36486647,-0.3610587,-0.4087028,0.90059996,-0.29192206,-0.30803534,-0.39748627,-2.1653454,-0.11216738,0.53522193,0.41481587,1.1314745,-1.247103,0.71878225,-0.071172476,1.7666736,0.19731276,-0.82673377,-0.20756164,-0.5172448,-0.54216486,-0.30493388,0.25689504,-0.76897484,0.9323105,-1.7485383,2.5158093
ATTAGGTGTCTCAGCC-1,-8.072095,-2.4314845,-1.7192222,0.5049405,-0.0836498,5.1821976,-3.0580697,0.16226967,0.902402,-0.834712,-0.9412859,0.51621056,-0.18471672,-0.78890985,1.0443897,-1.2481058,-2.3771412,-1.5172349,-0.94169116,1.2224382,-1.8974158,1.6843108,-0.95644665,1.1360273,0.13810512,-0.11625892,0.8591287,-1.3765228,-1.7791545,-1.6297619
ATTCAACCACTAGCGT-1,13.152411,-2.7031932,-1.0872184,-0.92180234,-1.8421282,-0.354443,1.3930131,0.101281315,0.82664746,0.40267125,-1.4573218,1.3269829,0.5456959,-0.13582467,-0.5672648,0.3424023,-0.30298576,0.5671757,0.48926887,-0.20279647,0.1356467,0.44047004,-0.08827249,-0.710451,-1.5261718,-0.67360955,0.16827522,0.13166873,1.1851895,0.03053116
ATTCAACCAGGAACAT-1,-7.5995436,-3.9719272,14.095453,-0.22818235,0.39568782,0.673185,4.492266,0.07710402,-3.2108653,-0.94039696,-0.28504625,-0.56781954,0.6629028,-0.7619628,0.16362828,-0.8304599,1.6618395,-0.41868737,-0.6427638,-1.6701034,-1.211082,-0.47060668,-0.67357594,-0.28439465,-0.7446911,-0.32647347,0.26127297,-0.73792875,1.4421638,1.5977165
ATTCACTTCCTAACGG-1,13.541283,-3.4510276,-0.36961988,0.46816027,-8.938173,-1.033178,-0.9033993,-0.632068,-0.38084576,-0.15219863,3.8326037,-0.9451028,-1.0616603,-0.7977728,0.45923364,-1.1512178,1.4010906,-0.7093705,-1.4629897,1.826666,-1.4095985,-0.47390336,-0.84241045,1.7352512,-0.046249833,1.7103424,-0.7492888,1.2354015,-0.39170685,-0.43706873
ATTCACTTCGGTAACT-1,-6.5692143,-2.100516,-2.7615294,0.5851455,-1.457558,4.104695,-0.9445462,1.2865335,-0.083368324,2.090211,-0.5530149,1.5030745,-1.3734547,0.29977447,-2.2927966,1.6346811,0.39977083,-2.1142821,0.0318063,0.18415917,-0.034882225,-0.8685092,-0.28243265,1.8671587,0.62797934,5.144601,-1.0721428,-0.9955948,-0.99877477,-1.1954204
ATTCCGGAGCTACTGG-1,-6.410693,-2.7923577,2.0642896,0.82890826,-0.29283017,6.005313,0.428268,2.0431993,-0.16371451,7.080855,-1.9025198,-1.3314974,0.6402975,-1.1312256,3.4957697,0.58719826,0.5324999,-0.22413777,-2.8658679,3.7178214,-1.5356418,-0.94395,1.5572104,0.7308213,0.1588952,0.8291202,0.032631893,0.8039094,-1.1701655,0.35391602
ATTCCTAGTATTGTGG-1,14.0698595,-1.9509964,-0.41354233,0.07445671,0.7972186,0.26124537,0.33800742,-0.4163927,-0.093839504,-2.0858936,-3.0806913,1.0581073,-0.061203983,1.5038015,1.7746229,1.2905782,0.061687242,-0.19262508,2.213043,1.8592155,-0.14309463,-1.0568218,0.35634628,-0.11376678,-1.0702596,1.0014805,0.12912652,4.1642265,0.08067241,0.40300572
ATTCCTAGTCATAACG-1,-5.6693077,-1.6687388,-2.7596798,-0.042293426,0.5029907,5.3365493,-0.7187591,0.24333397,-0.08936531,1.6830573,0.04586934,0.68273824,-0.5246524,0.4907615,-2.658646,1.2853783,-1.109107,0.83936054,1.6325084,-2.6802893,0.3809575,0.36650145,-0.6774549,-0.66752553,-0.11949852,-0.2021218,-0.035423715,-1.072048,-0.08867508,1.6611769
ATTCCTAGTGCTGTAA-1,14.627625,-2.1991503,-0.22964977,-0.91621333,-0.693512,-0.14303195,0.8907277,-0.8569768,0.47529727,-1.299226,-4.919367,1.3022313,0.6064066,2.9077358,-0.41249052,0.07931002,1.1978478,-2.22029,-1.1501182,-0.31386533,-0.31501058,1.4934411,0.6382844,0.9963042,0.100676626,-0.533364,0.25313163,-0.6479926,0.80071926,1.4245299
ATTCCTAGTTGTTGGA-1,-7.142679,-4.284824,11.851975,-1.5429535,0.16318731,-0.20454842,3.7779381,-0.68976474,-2.650018,-3.48501,2.409133,-3.6383743,1.0434856,-1.62604,-3.3376644,0.007560345,1.489422,-1.4821624,0.39330608,0.45002276,-1.572756,0.28924137,0.7551025,1.3741071,-1.5495791,-1.4995366,0.61069983,-1.0370353,-1.2584834,-0.7522697
ATTCCTCCAAGGTGGC-1,6.1600013,-1.9121683,-2.003379,0.17164816,0.58231646,-2.7854364,1.9186194,-0.7339849,-1.187831,0.08986659,-3.1966906,1.6137031,-0.3584874,1.8689599,-1.2176605,1.3842938,-0.5206266,-0.4634222,-1.7261997,0.037302542,-1.3618262,0.25745347,2.0642345,0.065368645,-0.39228353,0.60771465,-0.013521309,-0.924933,-0.82197106,1.0303434
ATTCGTTTCCAGGAAA-1,-6.923934,-3.6900346,10.807765,-1.15677,-0.16675836,2.5974684,2.1294162,-0.5743689,-1.4294231,-1.9422139,1.1372855,-0.61943346,-1.0179983,-1.0195785,-3.1122806,1.1841753,0.8422821,-0.19039899,1.5805359,2.6473758,-1.8930558,0.33563578,0.5356025,0.32198817,-1.1416421,-1.5565573,-1.1903329,0.1201735,1.2637426,-0.16141374
ATTGAAGCAATAATCC-1,15.150967,-2.445259,0.5478004,-0.21690059,-6.5363607,-1.1417751,0.22943437,0.61451566,0.997011,1.2329835,2.6652696,1.1327435,-0.39436173,-1.4236974,0.46053866,1.1241678,-0.6579157,1.7663682,0.3594155,-0.09745053,1.435621,-0.28140005,0.52738935,1.1604457,-1.3934733,0.2221878,1.2446477,-1.2287096,0.7625349,-0.595474
ATTGACTCAATCCTGA-1,-6.841647,-2.4822774,-1.6119521,1.6190201,-0.32778475,4.438146,0.2840641,0.11946528,-1.9202985,2.3802795,0.13297176,-0.04735611,-0.28431594,-2.2260876,-2.6928127,1.3598411,0.91725445,-1.2431641,1.520277,-0.43646306,-1.4604536,-0.24439083,-1.0705864,-0.7007267,0.004357065,-2.7954462,-0.9246304,-0.4359271,-0.751556,1.8103513
ATTGACTCACTTAGGC-1,-6.327901,-1.8824816,-2.1776552,0.5151916,-0.3860893,3.9624202,-2.0583608,-0.71782196,0.24904181,3.0619943,0.7569575,-1.9550287,1.0346189,-1.2766016,-0.3772822,2.5272872,-1.0380273,-0.04077229,-0.12500726,0.74606824,-0.14117436,-2.1101336,1.2366316,0.94631594,1.5150952,-0.96851295,-1.2170175,1.5889755,-0.6609995,-1.1494534
ATTGACTCATCAGTAT-1,-6.01539,-1.4493781,-3.0452974,-0.008398904,0.37601736,-0.40404537,0.11903066,-0.32224485,0.72662675,-1.2158155,0.30319998,-1.8251963,0.110160455,0.3262363,2.1552775,1.4194915,-1.3541746,-1.7077612,0.4501856,0.6672869,3.0526161,-0.78821516,2.1979375,1.1273624,-3.038937,0.031359337,1.6062365,-1.3885865,0.6284739,1.5208598
ATTGCACAGCCTGTTC-1,14.470136,-3.7073808,-1.156767,-0.9148827,-1.0092348,0.34488514,-1.0103583,-1.7824031,-1.9152715,-1.0642995,-3.0327055,-1.5659931,0.67023134,1.7014526,-0.8826079,-0.7800769,0.12136439,-0.009327137,0.42683095,-0.334693,0.21300173,1.1471859,0.732906,0.54379773,-0.4849118,-0.016408479,-1.1208965,-0.97284913,-0.47763276,1.2870679
ATTGCACAGTTAGAGG-1,-8.089534,-1.6923211,-4.1607294,1.5602021,-1.6419394,-4.638018,-0.2851765,-1.5586611,-1.6502445,0.6800842,-2.9099557,8.290584,-1.5060623,-0.21227926,-1.6668766,1.9908091,0.62868106,-2.628847,-1.7218974,-1.8754983,1.6542791,-1.4127253,-1.6580123,3.1687596,-2.3981757,0.042210523,-0.28148228,-2.8103032,-1.4889113,-4.91923
ATTGCAGGTACTGATG-1,-7.084784,-3.347878,11.270587,-1.0075787,0.30585223,1.1929498,4.7820473,0.26658303,-3.486735,-2.3737745,0.92795473,-0.72145367,-0.053965423,-0.45776618,-1.2280649,1.1467651,0.14796917,-0.4094893,-0.51435333,0.47978276,-1.7446833,-0.62569803,0.67311025,-1.211242,-0.30209756,-1.2357752,0.56075084,-0.790073,1.8174216,0.6253055
ATTGCGCCAAATGCCC-1,-0.9873257,26.625011,1.5994887,-6.2146254,-2.9802723,1.0073999,-0.2747413,-5.216733,-0.28777093,0.23617873,-1.0218537,3.6293206,-0.16903368,-1.6235986,-1.676113,-8.899884,2.6243901,-11.353886,8.077927,1.5471613,-6.3903756,-4.897275,0.08628756,-3.0630805,0.15477386,-0.82321924,-1.6658928,-8.117454,0.10204773,-2.2285798
ATTGCTCGTAAGGTCC-1,14.540175,-3.3691037,-0.79337585,-0.12641042,-4.8781304,0.7773121,-2.023772,-1.8002797,-3.050674,0.049520418,0.8797773,-2.315376,0.117649786,-0.6674275,-1.2634925,-0.6038691,-0.16723827,-0.25806075,-1.3258194,-0.021028176,0.9294137,0.22610776,-0.069019005,0.27360508,-0.42997125,-0.0683874,-0.71620446,0.20625392,-0.214613,0.37725952
ATTGCTCGTACGCGCA-1,-6.698726,-2.308319,-2.618592,0.45256728,-0.45428947,4.218884,-2.077405,0.7886836,1.2236011,-0.26332644,0.9048813,1.0109848,0.63917536,0.753269,-1.1378694,-0.75658154,-1.7116299,1.7487128,-0.8726309,2.8755805,-0.5525749,0.19693734,-0.17338863,1.2325248,-0.8976413,-2.4348738,-0.27912647,-1.5425826,-0.42969856,-2.2966568
ATTGGCTAGTAAGTCC-1,-7.2310953,-2.0599964,-4.743796,1.2412703,1.3219208,-4.5072446,1.0514586,-1.0867195,-1.4531723,2.1894476,1.7534367,1.0281017,-0.8421595,0.28181636,-1.7104461,-1.4874235,0.38584387,-0.001657737,0.6094152,0.7522385,0.20390128,1.0746765,0.95556176,2.0958304,-0.40426308,0.91085774,0.7859295,-1.5750054,-0.1626259,0.6410803
ATTGTGATCAATTACG-1,-8.283622,-2.1142886,-5.0671434,0.09460732,-0.13705505,-4.223541,3.4524233,-0.23463842,-1.1927708,0.04272369,-0.37980628,0.7401465,0.5205053,0.9675053,0.057254884,-0.83095235,-3.296826,1.6793565,2.833797,0.4087353,-0.7818595,-1.0232971,0.8563356,-0.10493384,-1.4886196,-1.7505975,0.48074728,-2.4263253,-0.018190555,1.2854898
ATTGTGATCATGCTCC-1,-7.249739,-2.1777759,-4.736784,0.103849955,0.27403212,-1.3266734,-2.2986183,0.221072,1.4115301,-2.4318535,0.59321374,-0.8693759,-0.18197227,-0.024983997,0.14264837,1.2537967,1.2569406,-0.055458974,-1.7582973,0.82625407,-0.32767698,-1.2617629,0.6250292,-2.3954394,-1.8405187,0.2818563,0.62252724,-2.1233895,-0.06509957,-0.38612416
ATTGTGATCGGTCATG-1,-8.179927,-2.6542656,-4.415794,0.34645498,0.04709308,-1.5159509,-1.8345869,-0.48834506,0.53768563,-0.8279296,-2.5118434,0.84426767,-0.3534337,-3.135665,1.6586688,0.66649634,3.8040302,-0.025480684,1.8348577,-2.5297828,3.4468882,0.37079713,-0.22385071,-2.56921,0.40035164,-3.2665548,2.2677147,-1.8706369,1.4869759,2.1688426
ATTTAGCCAATCCCTT-1,-8.006739,-2.083506,-3.0858173,0.6393843,0.17516583,-3.6677077,2.9813097,0.33679512,-0.83762836,1.6529824,0.27041566,-0.3353682,-0.12117508,1.8744738,1.688093,1.2102188,-0.49320722,-0.64651227,0.48120752,0.0685992,0.112605125,-0.33421972,-1.2263466,-0.2370449,-0.36237353,0.6307145,-1.131794,-0.16007066,-1.3242948,-0.004568415
ATTTAGCCAGGGAGGA-1,-7.441974,-2.3400712,-4.954384,0.44576812,0.6986463,-1.0525589,-1.0199398,-0.26167363,2.0206368,-1.3242446,-0.6752765,-1.0903329,0.30881882,-2.014408,0.66610676,0.035470013,0.70523775,0.0066239904,1.6493758,1.191228,-0.9562019,-0.9565017,-2.569077,0.7413465,-0.65617824,-0.28895658,1.9584684,1.6438634,0.10586364,-0.24779156
ATTTGCAAGAGAAGGG-1,-6.979555,-1.591364,-2.659542,0.052618843,0.28668597,3.5279727,-1.2645774,-0.65568787,-0.1798653,-0.8368709,0.8144567,-0.72019506,-0.36581123,1.5071186,-0.37738857,-0.43287873,-0.8424601,-0.22324567,-0.5610215,-0.4468148,-1.1352959,0.7385101,-0.20778431,-0.22863686,0.045257784,-0.3616485,0.7122112,0.8078747,1.6323948,0.39329755
ATTTGCAAGGATTGCT-1,12.407555,-2.396158,-1.0409715,-0.49499145,-7.6912107,0.36050925,-2.10033,-2.3436818,-1.7986782,0.19853386,2.9370487,-0.6098756,-1.4535464,0.16620809,-0.075667195,-0.11139663,-0.2558868,-0.3278696,-2.2141004,0.0471694,2.700722,-0.1356088,0.06844651,-1.3534111,1.0244787,-1.2433048,-1.2933749,-1.1329732,-0.5672419,0.69054294
ATTTGCGCAGTTTGGC-1,-8.063687,-1.4483886,-2.9723809,0.09384589,-0.18336311,5.8042088,-1.5282956,1.7647439,-0.5683648,4.640311,-0.4962338,1.8177261,-1.2449969,1.0668662,-1.1382545,2.4342732,-1.9410458,-1.2446078,1.7488451,-1.5079486,-1.482834,1.2993418,2.1833024,2.2829776,2.7768247,2.5228243,-0.09729939,0.47907382,0.54485786,-0.72731936
ATTTGTGAGTTGTCAA-1,-6.69312,-1.6103022,0.13686259,0.1985134,-0.20328565,3.2478347,0.22940229,1.2554224,-0.41982993,2.930459,-1.3376037,-1.0663239,1.9702085,-2.2207186,-0.1595244,-2.1899009,-0.28512713,-0.9976412,-0.6138258,-0.9743186,1.7135111,0.80767965,-1.118889,-0.96829855,0.15060729,-0.64265925,1.4426473,2.4293272,-0.4416086,1.6239343
CAAACACTCCACCCTG-1,-7.465763,-1.8855896,-4.657153,0.12127876,-0.025345525,-4.4306664,2.412352,-1.8610739,-0.7644106,1.6448243,-0.09707304,-2.301037,-1.1158853,0.40469614,-0.25381726,0.27083692,-1.3065095,0.5976633,0.11012886,0.15866664,-0.49542132,0.049402144,-0.3134227,-2.064862,-1.2198439,0.8024595,-0.8137059,-1.6451709,0.8634253,-0.20212889
CAAACACTCGTAACGT-1,11.220151,0.2785406,-0.3776711,0.95108885,-0.59074515,0.29512092,3.7240222,3.205794,5.188448,0.27841932,1.3787054,2.628805,0.38478512,-2.0322745,1.0304902,0.5455041,0.29982093,-1.3815835,2.1564674,0.38493103,-1.6525658,-0.358796,-0.03562319,-1.2249517,0.35955834,-1.1727326,1.3912278,1.9083527,-0.17370397,-0.008543684
CAAACATGTACTTAGG-1,7.9145947,0.69958425,0.16572402,2.5661757,0.45463225,0.4967164,5.1628103,3.665643,6.807421,-0.8678292,1.3554914,0.80840325,-0.56367725,-0.90530413,-0.13769679,-0.11972228,-2.0763774,-2.110129,0.74243605,-0.30672193,-0.19765782,0.5591018,-0.8466567,0.036064964,-1.1181695,0.844657,-0.5740977,2.6279736,-0.19260551,0.90977746
CAAACCGTCAAGTGTC-1,-7.5069385,-1.3712509,-2.4477105,2.3735063,-0.68775266,-3.2880545,1.799426,0.33183795,-1.4715011,1.9600657,1.5603057,1.07316,-1.8546748,2.2675378,0.2693351,-0.8366419,0.2562376,-0.6913203,0.692528,-0.3454984,0.60908943,3.2393088,-0.1110078,0.1697014,0.7535276,-1.293621,2.1309786,-2.332304,-0.913573,-3.314228
CAAACCGTCATGAAGG-1,-8.281753,-2.6155472,-4.235836,0.18555802,-0.15556647,-4.790897,1.7078218,-0.13832578,-1.5296057,0.36753896,-1.0027826,0.5134789,-1.1307955,-0.36230233,-1.3527509,-0.0895001,-2.1464338,0.003659742,-0.18266393,-0.30792972,-1.5506665,0.15825693,-0.010442312,0.8763637,2.0893497,0.16842577,-1.5054541,1.4859364,0.08949485,0.5214799
CAAACGCGTGGATTAT-1,-6.766156,-2.1669314,-3.5681715,-0.064522825,-0.113499716,-3.6949725,1.1230335,-1.0136236,-0.9018353,0.8856249,0.34887853,-0.7624839,1.7259692,-0.7862665,-2.0779908,0.13017179,-1.4350547,0.004186884,-0.4094362,0.5820444,0.7795249,-0.08178447,-0.48537165,1.3929831,-0.09882024,0.25901252,-1.1994182,1.389777,-0.69998866,-0.9405381
CAAACGCGTTATCGAG-1,13.5464525,-1.8136677,-0.06817868,0.34107408,-4.3222036,0.11994893,-0.1761198,-0.45168892,-1.0657437,-0.6868414,-2.9244614,2.239276,-1.2094975,1.6944617,2.128001,1.1529565,-0.7144491,0.94065255,-0.7729568,1.7581712,-0.16848794,0.1745556,-0.41579458,-3.123928,-0.74811345,1.7313038,0.9722872,0.81443727,0.027134374,1.6082664
CAAACGCGTTTGGCTT-1,13.474775,-3.1980228,-0.47653174,-1.2532101,-5.0913787,-0.55398107,-0.6187542,-1.1391866,-1.1192719,1.0566014,3.5060322,-0.50239086,-0.65801287,-1.5037755,-1.2083751,0.27119207,-1.0172632,0.9393517,-2.3112216,0.7692451,2.2817562,0.05366743,-0.44482058,2.4328845,-0.16744019,-0.1310159,-0.99792963,-1.7228162,1.1913676,-0.31925228
CAAACTGGTCCCGGAA-1,-7.139296,-2.1753201,-5.7945867,0.3314163,-0.3475784,-2.6617715,-2.6005626,0.09681869,2.2493737,-4.112863,0.11735116,-3.2602851,0.86166155,-1.4156636,0.7119412,-0.31134564,-0.38859972,1.0833166,-1.0170841,0.59803283,-1.087167,1.285068,0.4724651,-0.23823209,0.73236614,-1.5441978,0.5092232,0.663085,-0.2219034,0.4502617
CAAAGCGCAGCCAGTT-1,14.250723,-2.021207,0.6772658,1.5703198,-6.780082,0.013730665,-0.04284472,0.83057284,1.0458283,1.9147931,4.6054544,0.9813804,-1.5847129,-2.4737718,0.76063746,-0.0719834,1.2055242,-0.40351304,-1.2635518,0.46080455,0.01825282,-0.22945647,-0.36567163,0.8438355,-0.861524,-0.83117014,-0.26913756,-0.8658921,0.43638542,-0.9289389
CAAAGTGAGTAGGATG-1,-1.6785829,27.834387,0.27171364,-6.881062,-1.9186612,0.9853797,-0.46428463,-0.38933542,-0.6705087,0.50039506,-1.2762973,-3.5519028,-5.3371406,0.043541703,1.9984634,5.647033,-6.881013,0.7377911,-0.8421388,-5.068098,-5.2633524,0.20694241,4.5266585,3.2623456,-6.887387,-2.0724978,7.273903,1.1544284,2.137791,-0.6289645
CAAATCATCAGCAAGA-1,-8.3172035,-3.6523068,12.894462,-0.93920296,-0.35842165,0.93997455,5.423456,-1.9640913,-4.8306127,-3.7530127,1.5105255,-0.8484874,0.046968404,-1.3020879,-1.370631,2.2224824,2.9487882,-1.0440949,0.21221055,0.006692876,-0.28702146,2.2400723,0.68980306,0.4223187,-1.3035507,-0.7014865,1.382493,0.6711264,-0.33386937,-0.411251
CAAATCATCTATGACA-1,15.544697,-1.845482,0.89473265,0.48202187,-1.6360683,-0.7647423,0.6130815,-0.4103193,1.5617477,-1.0249333,-1.8399792,0.78118145,2.0277815,0.31082633,1.2027841,0.9899995,0.004297917,1.7138066,2.386328,-2.309599,-2.1416788,-0.951819,-1.3689696,-0.021355826,-0.7119928,-0.29185057,0.656834,0.5400904,-0.3352316,-0.5178456
CAACAATGTCATGCAA-1,14.249406,-3.778362,-0.8311467,-0.44018045,-7.128475,0.14476003,0.7673812,-0.238552,0.06567423,0.41702962,1.2621905,0.24200931,-0.26103753,-0.8827569,0.85415083,0.30387783,0.7960966,0.45697528,1.2423618,0.52797484,-1.5005178,-0.022844993,0.50245696,-0.6449481,-0.43183106,-0.71999896,1.695889,0.07472978,-0.5090285,-2.4713032
CAACAGGCAGCATGGA-1,-1.1338115,22.819033,0.03979952,-4.0054536,-0.014354936,2.4233298,-0.87384856,-2.0429184,-0.46845555,-0.8134751,0.04969141,-5.467275,-2.5970361,2.697047,2.3378897,6.4143724,-0.42198783,4.171129,-0.814915,0.38619033,-0.9496639,1.15711,0.04344409,2.755139,-2.8159328,0.21409492,-0.6238086,2.3023555,1.0104972,-1.6203142
CAACCCGCACGCAACT-1,-5.450716,13.955828,17.79155,-5.6804733,-1.1949409,-3.7455835,-3.4646194,-3.9971466,5.156993,2.8021889,-7.1205044,1.6622021,-6.661828,-1.5308974,-0.5396084,-1.9466888,0.6199648,4.913967,1.3381801,-1.0135468,3.74607,0.84644926,-2.8422656,2.667195,0.31367582,-3.0827978,1.6986116,-1.7522777,1.9140536,1.3808193
CAACCCGCATAATGTC-1,10.728272,-1.5217959,0.7078005,-0.370642,10.218059,-1.039276,-1.8255172,-1.166146,-2.0745897,0.29517156,1.0840088,1.0801615,-0.28496867,-0.11089213,0.27497265,-0.092441976,-0.28462866,-0.7476563,0.059981953,-0.011119581,0.2836719,-1.3996571,-0.5060396,0.58249575,-0.09037461,-0.092645675,0.6768275,0.87367773,0.48844802,2.0815487
CAACCCGCATTCCTCG-1,-0.028665662,23.75459,-0.3975189,-2.9476247,-0.6984494,-0.31184217,0.73106045,-6.40308,1.0268859,0.9502898,-2.8116083,0.04871906,-3.9256215,-1.1231883,-1.4221902,-3.9060931,3.1157272,-2.009858,1.7805687,0.8924108,0.49355307,0.07076191,1.7705265,-0.5871428,-0.7584493,3.4110277,-0.62446,-2.5533676,-3.4259546,0.1567109
CAACTAATCCTTCGTA-1,11.388169,-2.7555494,0.12587665,-0.8606986,2.0418072,-0.11383981,-1.3641173,-1.1943637,-2.3623528,-0.29341742,-3.5895631,0.20657898,1.2654752,2.4232702,0.21993466,0.18850535,-0.43820652,-1.2991592,-2.6467438,1.066201,0.8207606,-0.6883876,1.0602158,-0.7084936,1.3562688,-0.39886048,-0.049368408,0.28955883,-1.2064542,-0.16925056
CAACTAGGTGCTTAGA-1,-2.1870768,23.923172,0.18053652,-6.0786247,-1.12648,-1.0900894,-4.7051306,11.680718,-6.4746428,0.91671747,1.6834534,5.2494993,0.42739677,-2.264043,-3.430312,-4.006848,2.9616632,-0.22970515,-0.25357115,0.15105295,3.1001444,-5.7768493,-1.3831738,5.373122,5.7215786,0.17906791,-1.2179087,-3.9923794,5.430827,-1.7963003
CAAGAACCAGCTAACC-1,11.115528,-0.3596374,0.35666692,0.16826494,3.87817,-0.49339128,-0.5364346,0.39360544,-0.8554142,0.04066209,-2.468297,2.1842632,0.32200494,0.6099427,-1.161438,0.7586426,-0.7028824,-0.33823645,-0.15810096,-0.11071175,0.68269086,0.3143236,0.87818825,2.0176363,0.0064664013,3.1454818,-0.6651942,-1.556503,-1.8480285,1.4810704
CAAGACAAGCACAGCC-1,13.310505,-2.6326027,-0.3040475,-0.87878054,-0.07031176,-1.0858127,-1.3421929,-1.4461778,-1.7739112,-0.6616877,-4.4185686,0.4423826,0.62430686,1.2435437,-0.37202758,1.6140567,-0.24759409,3.0929103,-0.11514552,-0.06703101,0.25622588,-0.96238315,1.7535625,-0.8290224,-0.97013086,1.4282684,0.34753904,-0.39091936,-0.17113432,0.7481658
CAAGACAAGGTATTGC-1,-6.3103805,-2.1914113,-2.5026944,0.51701117,0.6085293,5.908388,-0.88599145,1.4479047,-1.7983923,2.6550436,0.03810375,3.0618787,-0.2918363,0.4900088,0.07691654,2.135019,-2.3426661,1.4772866,1.6005919,0.7407598,0.34984806,1.3498574,1.4962511,-0.7207583,-1.2025094,-0.25424907,2.267942,0.054004334,0.41261488,-0.7946772
CAAGGCTGTACCGGAT-1,-6.427346,-3.0997732,9.682517,-2.0995758,1.4604775,-0.05271531,3.4752266,-0.18081404,-2.5484006,-2.6455073,2.2178602,-2.940722,0.19496028,0.39190453,-1.669451,-0.101789355,0.298176,-0.51242065,0.3453783,1.392249,-0.8301919,1.336764,2.259454,0.5247692,1.6214608,0.33426356,-0.017484397,0.33353314,1.489612,-1.2419596
CAAGGCTGTGAACAAA-1,-6.1856794,-2.106354,0.26491392,-0.11952544,-0.2622995,7.2692184,0.1325741,0.26802665,-1.2444403,1.3725089,0.8996736,-1.2303263,-0.28117573,1.5092775,-1.447706,1.3030125,-0.3784465,-0.8978206,-0.3017677,1.3954517,-0.6196869,0.029183256,-1.4543644,-0.082374774,1.3933113,0.017813608,-0.097398944,-0.9959313,-1.4693395,-0.68157566
CAAGGGAGTAACGAGG-1,-7.648768,-1.9132401,-4.2671065,0.8151531,0.5360576,-3.8382168,1.8242617,-0.7878823,-0.171284,2.4753978,0.7175664,-1.6802565,0.9026325,1.0273817,0.5545067,-0.33199355,0.43412483,0.27588764,0.32655528,-0.22451189,0.08166584,0.15551189,-0.034838423,-0.40941238,-0.4581039,-0.67041117,0.6537255,-0.7451343,0.8739319,-1.5520796
CAAGGGAGTCTCAGCC-1,-7.1717014,-2.1264386,4.131526,-0.6185168,0.3888376,2.5956419,4.525748,0.88190293,-3.5062275,-3.0088062,-1.0767099,-0.5618093,0.5852026,-0.57018214,1.5447556,1.1595932,-2.763857,1.8912659,-2.0007677,0.409095,-1.832436,-2.7948022,-3.2850802,-0.51787496,1.3092238,0.30659336,2.2106144,-1.6358737,0.072669186,0.48537108
CAAGGGAGTGATCAGC-1,-0.7522963,18.365612,-0.06461556,-6.403952,1.2610823,-1.1623226,0.7450649,-0.622007,-0.42590913,-0.8576769,3.5780494,-2.5562947,8.118231,2.8900607,2.357185,9.1314,-4.373252,8.059024,0.43050817,-0.5425959,-0.2669142,2.2087593,0.9175499,-1.7371235,0.97612333,1.5923424,0.56897473,-2.5529213,4.664598,-2.8495808
CAAGGGAGTTGCAGTA-1,-5.0481467,-0.76237667,-2.937449,0.835262,0.9778839,4.042397,-2.2700431,0.80166,-0.42063212,-1.1536067,-1.0565994,-1.1398656,1.7741148,1.356669,0.74348426,-0.9506344,0.9703844,1.88913,-0.26448426,0.038126506,-0.01296839,2.3279827,-0.33180425,-2.157702,-0.9116931,-0.5355438,0.40887514,-1.5758799,-0.2997809,-0.5631839
CAAGGTAAGTCATTGA-1,-7.615561,-1.937617,-3.799941,0.14130166,0.5493736,-3.9858804,2.258911,-0.33703396,-0.6677411,2.314936,0.7451524,-1.7718893,-1.6177913,2.335042,0.34518832,-0.31724814,0.4378363,-1.6638054,1.1066678,0.041927498,-2.2911935,1.7804903,-0.19938707,-2.4821389,-2.3871741,-0.4440484,0.76169676,-1.7843658,1.4833508,-0.966595
CAAGGTAAGTGACCTG-1,2.0796442,2.6704588,-1.8520297,-0.60422426,1.4008594,0.6279538,0.31547856,1.8099786,0.14976612,0.7171767,-0.3997347,-4.881955,1.5261914,1.024205,-1.5820341,-2.3660405,1.5263932,2.1964214,2.2491508,-1.521812,-1.4855261,2.2260382,-2.1952934,-0.9443579,-1.7576419,1.6619345,0.77898884,0.21863501,-1.6400989,-1.3717892
CAAGGTTTCAGTTCCC-1,-1.5491664,27.628044,0.52246064,-2.0122445,-1.498064,-2.3880582,-1.2018652,7.7633457,-3.5724013,-1.5501157,-0.1329863,-1.1229601,-3.1200275,3.5462053,5.554976,4.83089,-0.788063,-2.0249767,-2.8677478,-2.6997924,2.850878,6.2860885,-1.2678884,-0.805689,-8.773309,-5.002644,-3.8542135,-0.2543963,-2.5291712,-1.8198553
CAAGGTTTCATTACAG-1,-8.3645935,-1.6929238,-6.0354958,1.3300266,-2.0487118,-8.16456,1.5487462,-0.70954955,-1.2329655,2.0889103,0.80685806,3.1829123,-1.4181402,0.86626214,-0.94960886,2.693318,2.18348,-1.6875706,-2.1889105,-1.0200043,0.45454964,-1.0415798,-1.8028463,-0.08477803,4.780873,-0.25888407,-2.3975925,4.5177507,-0.4545883,2.4767318
CAAGGTTTCCCTGACT-1,-6.4239216,-2.7860587,-4.369197,0.32835278,-0.57824856,1.9864789,-3.0711467,0.0992922,1.8370987,-2.585211,0.30808416,-0.18613923,0.10440039,-1.7822274,-1.2716354,-0.3834586,1.5573117,-0.6831732,-1.2137957,-0.36121857,1.4323554,2.0838633,1.3672576,-0.5501983,-0.94886845,0.9254487,0.31795862,-0.7644427,-0.8429599,-0.12050648
CAAGGTTTCCGCCTAT-1,12.76258,-3.4861956,-0.49035993,-1.2820737,-4.2823625,0.45266062,-0.68343085,-1.4488391,-1.3849181,0.8766276,0.9359852,-1.2084041,-1.1479229,-0.1484784,0.1047668,-0.29834077,-1.0795711,0.6150396,-0.853414,-1.0281026,0.5978642,0.11854054,1.0450058,0.8608136,-0.47055906,-0.61850274,-0.4875472,-0.3165026,-0.75488156,0.38208896
CAAGTAACAGGCGAGT-1,-6.4283795,-1.829812,-3.925024,-0.2977273,0.31208965,-0.13172922,-0.4363405,-0.49394637,1.0910981,-0.4599291,0.12403411,-2.428344,-0.07299742,-0.9586385,-0.18561645,0.25758064,0.0030828477,-0.2906222,-1.3977398,-2.171818,1.509362,-0.79213864,-1.3666563,-2.2113147,0.4596648,0.40637264,1.1738633,1.2607682,1.3161765,-2.9285407
CAAGTATGTCGTTATC-1,14.559137,-3.3388426,-0.6455,-0.08157219,-7.1809583,0.5390556,-2.4934547,-2.0792723,-2.5603967,-0.3381819,1.3776135,0.1626543,-1.0959513,0.16645591,-0.013061211,-0.24374396,-0.41058317,-1.4019738,-2.1711676,0.3983366,-0.64483297,-0.032571763,-1.1302114,0.10414164,0.38893747,0.5204886,0.3406473,0.79390407,0.40429553,3.0494251
CAAGTATGTGTTAAAC-1,-6.931288,-2.4819045,-4.2075734,0.56220055,-1.0291246,-2.1634824,-0.9204873,-0.5216059,0.98433405,-1.7116048,-0.0018647391,1.5852803,-0.986183,1.2611037,2.7029924,0.74113077,0.89416116,0.1973575,-2.480242,-0.7137454,-1.0217216,-0.7756833,0.23383866,-1.8484977,1.0714626,0.7379327,-0.73187923,1.2398747,-1.6250916,-1.1003647
CAAGTGAAGCGCAATT-1,-7.5254087,-2.4225135,-4.699327,0.2775394,-0.2270792,-2.2676673,-0.5230775,-0.009843249,0.78402334,-0.7586846,-0.004848764,-0.93558455,-0.9778582,-1.0444263,0.1861086,1.3538336,0.87426084,-0.55586314,1.212635,-1.005461,-0.0879346,-0.43009418,1.6830544,-0.79612213,-0.09339762,0.44310528,-1.1620948,-0.5952005,1.9324123,-1.3984492
CAAGTGAAGTTCCTGC-1,9.081103,0.45977956,-0.3067617,0.0733413,3.2403069,0.7986973,6.465415,5.298407,7.766122,0.036712132,2.1554012,-0.4408668,-0.7425513,-1.7223436,-0.2247319,-0.5757247,-2.0508873,-0.3075161,0.19278473,-0.62892914,0.6184533,0.28130087,0.34686884,0.7370555,0.1278126,0.21466464,-0.36008683,0.11950692,-0.063484855,-0.52031505
CAAGTTATCACCTGCT-1,2.177615,10.142319,3.715555,26.451815,1.0946445,1.3657146,2.2931879,0.59290344,0.66688454,0.5956837,-2.461898,2.6458955,0.87098736,0.87986046,-3.7082536,-0.36274025,2.2257667,1.2443594,-7.6976237,-0.0025321923,-1.7453922,8.198556,-3.234464,-1.8000408,2.3610055,-2.0072284,-8.081086,-5.5793886,-0.6911318,-7.9600067
CAAGTTATCGCTAGCA-1,13.690177,-2.666798,-0.07725009,-0.7930328,-3.9854672,0.6439415,-1.0349197,-0.81092423,-1.9865566,0.67549795,0.7721716,-0.6199816,0.20398551,-0.8019725,-0.9839667,-0.018422626,-0.17224254,-0.9732305,-0.44656053,0.40336427,1.3155173,0.5368322,-0.74098015,2.0197818,-0.78428096,1.7758487,-0.07485379,0.29697108,-0.32820553,-0.65328944
CAATAAGCAATGCCCG-1,11.388074,-2.0561395,0.9292447,-1.0806706,11.331453,-0.5165509,-3.3933592,-1.2725881,-2.9844928,0.7394619,1.9436188,-0.13582939,-0.99235106,-0.8114374,-0.30373618,0.07577668,0.06942653,-1.1510816,-0.72782385,-1.3568872,-0.011021411,0.29372048,0.048699535,1.014107,-0.3095359,-1.0864447,-0.28285927,-0.30576333,-0.57047087,0.33994672
CAATAAGCACATACTG-1,-4.9865274,-1.7312781,-1.0334365,-0.36983737,0.91578895,3.9897518,0.61962926,0.7359899,0.003798866,1.267204,1.9140826,-4.234624,0.54117006,0.81240255,-1.6296229,-1.2960305,-0.59700066,0.7367222,0.7231478,1.656601,0.25930068,0.114423186,-0.7581926,-0.22177944,-0.41065574,-0.4236586,-0.6969186,1.6122478,0.030617477,-0.9769448
CAATAAGCACTAGCGT-1,-6.3281155,-2.424276,-3.4853747,0.31440035,-0.48610708,2.298145,-0.8955874,0.61583453,0.20097569,-0.65580374,-0.5155008,-1.2996936,0.26602316,-0.5988004,-0.15242265,-0.117147386,-1.4261703,0.33115578,0.53641254,0.6418252,0.019487487,1.0900073,-0.9755037,0.32739216,-1.12595,-1.0691366,1.1113688,-1.3033012,-0.30032703,-1.4332604
CAATAAGCAGCCTTGG-1,-6.8208637,-2.7937996,-0.78195417,0.60888386,-0.32784393,8.552722,-4.901897,0.82195365,-0.10189445,6.5042577,-2.2136948,3.2471757,-0.10271681,-2.8451557,-0.46367496,2.6001723,-3.06229,-0.4968397,0.62141293,4.4883685,-1.8249258,-0.14818014,2.9102402,1.0961686,-1.874637,-3.7692735,2.2656562,1.6323745,-0.25061154,0.32539824
CAATAAGCAGGTATTT-1,-7.4075437,-1.9237099,-4.5054836,0.0031931393,-0.1006907,-2.160945,-0.72241914,-0.88821256,0.6871891,-1.1690464,-1.1497036,0.040282205,-0.51464146,-2.084152,-0.9847724,0.60257685,2.379794,0.15456294,-1.349405,-0.10394873,1.0552871,-2.415452,2.8622127,0.09551099,-0.62273145,0.45431927,-0.096400745,0.15715274,0.8098234,-0.7276891
CAATAGCTCATAGCCG-1,-6.8893223,-2.0220428,-3.9642096,1.0277259,0.0647595,-1.206809,-1.6298128,0.13937014,1.3728482,-0.47669795,0.28919473,-1.2591902,-0.0007607642,-0.5625623,0.41125655,0.0689758,-0.74660987,-0.35727036,1.1595943,-0.6327357,-0.32239032,0.038182575,-0.33815822,0.33681723,0.32952902,0.050815422,0.066088095,0.042399965,-0.5483814,-0.26006168
CAATATGTCAAACCTA-1,-7.4875274,-3.6915696,16.131727,0.27316397,-1.6707255,-1.7773203,0.5311526,-0.7169745,1.7556077,0.014855167,0.96601117,1.075966,-0.746723,1.7047349,3.158972,-3.8094144,1.8440251,-3.0377579,2.55897,-2.0454774,1.9889805,8.812312,2.9470792,0.05313448,-0.28817222,-0.5973387,1.4227829,1.3724638,1.40406,-1.6192156
CAATCCCTCACATTGA-1,12.873302,-0.6851678,0.49510884,-1.0310148,10.264721,-0.1376199,-0.24072435,-0.4713471,-1.2326212,-0.461096,-4.3589315,1.0535564,0.697172,1.182568,0.4064489,0.6347304,1.7975507,0.928357,1.3564249,-0.2036369,-2.9672399,0.045035478,1.1242052,0.36802316,0.08495312,0.5166258,0.09882056,0.0391259,-0.50996846,-0.16583143
CAATCCCTCCCGCCTA-1,13.290325,-3.3691359,-0.76451486,-0.13320844,-4.8861003,0.54187685,-0.74554044,-0.66692615,-0.63764465,0.31769413,-0.9858166,0.649451,-0.4849293,-0.8803934,0.1526051,-1.1468753,0.40165624,2.221078,0.78343284,-0.003934763,-0.34079802,1.1267028,-0.56083655,-0.18469547,-1.1993524,-0.10468986,-0.0135526825,1.3204291,-0.023309616,-0.014980847
CAATCCTGTGCTGTAA-1,13.59101,-3.4913776,-0.007982914,-1.3609602,-3.381216,-0.57523084,0.64632344,0.5270014,1.2125119,0.30945456,-0.8270386,-0.5131055,0.8303738,0.73670125,0.08629168,-0.559134,0.43693808,1.5034409,0.7683335,-1.6350913,-1.5875777,0.712441,0.49959293,0.4738809,-0.41749835,-0.16112854,-0.47741365,-0.031144138,1.2692059,-0.13182564
CAATCGCCACTTCACT-1,-6.8317313,-1.5766633,1.2273996,-0.2322688,-0.026172826,11.281795,-0.2676876,0.40490612,2.294817,-0.17499144,3.746026,5.385827,-7.3539085,14.276974,3.7035034,-5.096833,2.8265834,4.658933,-4.3240566,1.4344977,-2.6798172,-3.2452285,1.3008932,2.1553683,-0.49691278,-3.5648205,1.0526595,-0.77225655,-0.39038497,0.6837856
CAATCGCCATTGTCCT-1,14.621666,-0.7746096,-0.16996975,-1.0367733,-0.16573875,-0.6747144,1.1839132,1.6979264,0.4729856,-0.48393726,-3.9778497,1.0290887,1.2450188,1.041582,-0.10903449,0.44044,0.6852965,0.5126298,-2.0975306,0.0134453,0.014458798,-0.38448474,3.2582772,-0.68038785,-0.22800224,-1.359949,0.6904398,0.0209572,0.33260414,-0.2225858
CAATCTAAGCTTCCCG-1,-6.0748863,-1.9582669,-3.0826283,0.077174015,0.6257225,1.9706335,-0.8916792,0.1532975,1.4563407,-1.0565153,0.646247,-3.5005481,1.016693,1.1529661,0.48529357,-1.3394238,-0.1670266,0.77125496,-0.4762332,-1.6582177,0.41683057,-0.25012064,0.5780574,0.8620273,-1.2016463,-1.2154901,0.95480144,-1.2573087,0.067624085,-0.74557656
CAATCTAAGTTTGGGT-1,-7.1526985,-1.7097609,-4.89071,0.444934,-0.2563613,-1.8928909,-0.9235641,-0.59772813,1.1222304,-1.737902,0.39944953,-1.3311347,0.47132957,-1.6115392,0.0759126,0.77636033,-0.07037186,-0.480481,-0.8044514,-1.3470268,-0.6517528,-0.23991208,0.11149881,0.009656798,0.7289721,-0.08721314,-1.1803814,0.43671337,-1.461461,-1.3104947
CAATGAACAAGCTAAA-1,7.980727,-4.3877263,10.692726,-1.3211024,-0.8984178,-1.251242,1.7694409,-1.3457181,-0.37001678,-2.620814,-3.3168213,3.3061275,-0.34361568,-0.31827134,0.6179653,-1.5009638,0.60651696,1.4630564,2.9744766,-2.2267833,-0.46865788,1.5059028,1.7416551,1.3121943,0.49198452,-1.3840705,0.003934327,2.2112412,1.315722,-0.7856949
CAATGAACATAATCCG-1,-7.044648,-2.7248614,-2.7382524,0.6384422,0.29760367,4.566746,-1.9499658,1.0411991,1.3232174,-1.3885164,-0.29798457,-0.0948501,-0.44556007,-2.5666914,0.028146131,-1.1517471,-2.1494656,0.18375437,0.058251258,3.4965973,-3.7638693,-0.9999334,-1.0854892,0.049392942,-1.5724986,-0.3032855,-0.20942742,-1.4631957,-1.3562785,-1.1618071
CAATGAACATTTGCTC-1,-7.1938314,-2.875997,-2.708378,0.353746,-0.41240665,5.405811,-1.9269795,0.7600991,-0.0864038,0.6890814,-0.7808557,0.17121258,-0.36798602,-0.054864258,-1.8019476,2.08642,2.0870445,-0.672719,0.92698795,-1.9854873,-0.40319642,2.666236,-0.9080712,-1.0185249,1.1743114,0.25835553,0.71738327,-0.68317527,-0.054861777,0.7411115
CAATGACTCAAATCGC-1,-6.805684,-1.7317718,-3.4646714,-0.548696,0.65021765,-4.036684,2.723084,-0.8450841,-0.63822424,0.13692611,1.0905163,-2.1823485,2.2036805,2.5763805,0.6123994,-1.4999385,-0.13370924,0.7314336,0.335833,0.74273854,-0.6588329,0.38258818,-0.51145977,-1.1584741,-0.8688242,-0.957218,-0.67511857,0.30558217,1.4771768,-0.60231906
CAATGACTCCGGTTAG-1,-1.6849773,22.26231,0.3753779,-7.441228,0.37112403,-0.6313694,-2.6850426,6.6989346,-2.8391182,0.25890186,2.698364,-0.66640365,6.8482523,-0.75220215,-0.13370107,2.061509,2.4723468,6.331741,-1.8017737,-2.335789,-1.9117893,-0.79034925,-0.6584865,5.7209263,0.58619875,-2.9385865,1.9706832,-1.3389171,-0.58271474,-1.295976
CAATGACTCGAGCAAA-1,-6.3872986,-2.8089223,-4.11657,0.44874713,0.8084918,-0.79808944,-0.38198128,0.091597274,0.9252224,-1.0578225,1.4850147,-2.5527592,1.261311,-0.33197492,0.21690038,-0.47205,0.4966721,1.443603,-0.1437381,1.0219885,-0.44881436,-0.82414955,0.8510459,-1.2495455,-0.520506,-0.09570055,-1.7340411,-1.027051,0.13315633,-0.2634425
CAATGTCAGGAACACA-1,15.188471,-3.2403698,-0.40372762,-0.6005025,-4.21783,-0.18328418,-0.6734593,-0.6742256,-1.1860579,-0.8874701,-2.513441,0.97105527,0.40872523,0.83442116,-0.41043085,-0.45118216,0.40965953,-0.79704803,-1.3436711,0.40980008,1.263636,0.6163203,0.73905617,0.03842103,-0.023176065,0.06527974,-1.2140652,-0.03152688,1.0911597,-0.17686164
CAATGTCAGGCAACAA-1,-6.7447352,-1.836619,-5.2965784,2.1081574,-0.906993,-3.8026173,-1.7274505,-0.0048779757,1.4184142,-0.9261586,-0.08328792,1.9396073,-2.511027,-0.5718629,0.9163705,0.9951593,0.33798587,-1.6639107,-2.4992938,-1.8537627,4.2627296,1.273488,3.092399,-0.63872397,0.98816234,0.17637712,1.8175012,-4.665134,-1.5695673,-3.8702233
CAATGTCAGGGCCATC-1,14.589936,-2.8871176,-0.402009,-0.8825936,-4.6749496,-0.8878059,0.29925674,-0.09401167,0.10217406,0.20622374,4.02608,2.1045012,-1.923408,-1.2706045,2.2986155,-0.10197544,0.93562603,0.8929896,2.6435592,-1.7841221,-1.2862974,-0.86502576,-0.058388826,0.18972558,-0.6899303,-0.3885699,-1.1325613,0.7783347,0.2620539,-0.23819946
CAATGTCAGTAGGATG-1,15.943132,-1.8572313,-0.6657937,-0.01633163,-5.4684515,0.13058923,1.622264,1.4565473,1.5696237,0.4128693,2.0091355,2.6830423,-0.18613216,-0.93323976,2.1658912,1.0690612,0.8896685,2.0366614,3.4292753,0.020640776,-2.8941684,0.12873644,-0.3130429,-1.1209471,-1.2956855,-0.1180189,0.0040532136,0.5235581,0.22549908,-0.048409503
CACAAGCGTGATTACG-1,-7.574199,-1.9204637,0.12261837,0.5652547,0.05728194,6.695454,-0.38074842,1.9005713,-0.7140121,5.4824533,-0.82813925,-1.680937,0.8920531,-3.5149477,0.06432196,0.7991188,0.012695794,0.8992201,0.36056626,1.8837856,0.54667664,1.5944465,1.0677779,-0.37612364,-0.2574148,-2.0706086,0.498386,-0.6249605,-0.8880433,0.04316282
CACAAGCGTGTTCCCA-1,11.495584,-2.4504955,-0.91365474,0.73160404,-1.6623284,-0.47344473,0.34241065,0.32458776,-0.24681695,-0.7271806,-0.11119511,-2.7783089,0.642852,-0.76834595,-1.1355343,-1.7267386,-0.5140947,-0.81946635,-0.30636638,-0.5339443,1.2682639,-0.60213625,-2.0215292,-0.39123872,0.45995402,-0.1801627,-1.3836927,-0.49939215,-1.218206,-0.8644216
CACAATATCAATTACG-1,-7.015456,-2.2781045,-6.0241685,1.2169585,-0.6465431,-2.8966146,-0.3459352,-0.94081944,0.906475,-1.3242784,-1.4108748,0.13885215,0.18157414,-1.8379976,-1.5893383,0.02834627,0.63306916,0.8351033,-0.16304836,0.31162018,-0.012468204,-0.5921588,-1.1585366,0.6084416,0.85531443,0.97824425,-0.16944128,-0.3761974,1.1146015,-1.1261142
CACAGGCTCATCCACC-1,15.485579,-1.7675138,0.30232108,-0.85829467,-2.4325714,0.10344324,-2.0910394,-0.9626794,-1.4007251,-0.5828598,-2.114181,0.9890333,-0.27874517,1.4781544,-0.9076555,0.57703,0.6948769,-1.8956516,-1.6372536,1.0221424,0.604853,-1.0544801,-0.28589326,1.3973528,0.66714984,-0.6723285,1.5128231,-0.41068453,0.9770924,2.6401618
CACAGGCTCTATCGCC-1,-7.4586616,-2.5050924,-0.11545063,1.2129196,0.0148629155,7.2961197,-0.21944548,2.0130048,-1.3056071,7.8399496,-1.3525507,0.23195922,0.39535248,-1.5741266,0.04572281,2.681198,-0.58384275,-0.6417744,-0.06446172,3.4908226,-2.6563098,-1.1708176,1.8062401,0.7295304,0.5042155,-1.1970092,0.67770994,1.1509216,-0.16409269,-2.3777013
CACAGGCTCTTAGCGG-1,-8.407095,-1.8056866,-4.634659,0.8459771,0.005666156,-0.8403449,-1.3138376,0.091702305,1.0877876,-2.1031601,0.50236464,0.3567049,-0.28861976,1.3142211,0.5420472,-0.66982067,0.5476753,1.5089283,-0.31485075,-0.51926243,-0.21519327,-0.77164936,-0.8329906,-2.9709718,1.7816005,-2.6721816,-0.30702412,2.8115103,2.4005575,3.526481
CACAGGGAGGAACGGT-1,12.18275,-1.1496301,0.28334388,-1.0992262,2.4479966,-0.8524716,0.9082976,0.52920836,2.3396568,-0.38148817,-1.6333658,-0.46690166,-0.11676962,1.0527593,-0.72879916,-0.45617926,0.43251595,1.482749,2.578309,0.06406252,-1.1067834,0.027515966,0.016869113,-1.49964,-1.6866218,0.14699106,1.641238,1.4135377,-0.4155505,-0.041876942
CACAGGGAGGCAACAA-1,-8.60542,-2.3995945,-4.3392267,0.5439392,-0.72656393,-4.463022,2.4085784,-0.9751114,-1.3940692,1.7183156,0.30445218,1.6500591,0.068932444,1.3200468,-1.2777467,-1.3477036,-1.6594068,1.2553052,-1.4757708,-0.4273572,-1.6152334,-1.9865512,-0.7823113,0.12181392,0.30870634,0.31790274,-1.5162389,1.1654223,-0.48483333,0.75692403
CACAGGGAGTTATGTG-1,11.517393,-1.9456825,-0.71970165,-0.36233038,-6.5523925,-0.40296063,1.7311958,1.1792121,2.3979554,1.6307064,5.3940616,2.0217264,-0.51753974,-2.6339428,1.3291154,-0.14452569,-1.6471083,2.2760522,1.9823235,1.0138203,0.02469498,0.09573111,0.13677149,-0.7844173,-0.51695126,-1.3318528,1.233474,-0.19411536,-0.010995051,-1.7174808
CACCAACCAATTGCGC-1,11.493836,-0.6616522,0.26464796,0.6598392,6.1161127,0.13219197,-0.33847374,-0.53523993,-1.2287699,-0.68118477,-0.7172879,1.0946311,-0.35228434,0.3472349,0.79440224,0.8711676,-0.46125096,-1.2589602,-0.5087528,0.25614402,0.20667045,-0.6635451,-0.5484113,-0.17477581,0.48090744,-0.9701463,1.0293947,-0.93434894,-0.7396633,-0.54955333
CACCAACCAGCATTAT-1,-7.773879,-1.1974009,-4.007206,0.23327136,0.3046438,-6.677455,3.3407016,-0.8052952,-1.929512,2.2062142,0.31970564,0.28551814,-1.8332928,3.7379715,0.43361497,-3.0641978,-2.982823,-0.7470349,2.608799,1.3183905,1.1351787,4.169447,-1.8720597,-0.20892979,-2.9634342,-0.5185656,2.417495,0.8845774,0.60683334,0.0026832735
CACCGGTAGTGAACGA-1,-4.9897895,-2.3933566,-3.5051496,0.3492458,0.29013345,1.9704338,-2.5270193,0.20817557,2.335467,-2.737544,1.2248536,-2.9841585,0.40756088,-0.7060499,1.1943507,-0.78705984,1.9038934,2.2744954,-0.7083048,-1.2795312,2.0780997,-0.6198578,1.3472075,-1.509233,0.36201257,0.95665246,-2.3069909,1.0871725,1.331117,0.9166615
CACCTCAGTCCGGTTC-1,-0.21484873,27.154554,-0.075713836,-8.079982,-1.8009865,-0.7658092,-1.7452719,2.669797,-1.6144122,-0.3099444,0.029338095,-1.1100321,2.6074677,0.5311362,-0.21600367,2.1922219,3.8261137,5.030802,-1.637648,-3.7627087,-2.0650978,2.1843565,-0.6603809,2.014285,1.1635576,1.9372652,5.8267865,-5.001164,-4.812292,0.22812225
CACCTCAGTTTGGGCG-1,-4.385942,-1.7630308,-3.557762,0.07053816,-0.47284517,2.616776,-2.2698703,-0.061302084,1.3026599,-2.3501499,-1.4597361,1.7192732,-0.26942304,-0.9801067,3.3931193,0.7543739,-2.8668616,0.14920625,0.056341454,2.6506264,2.4188938,1.6774797,-1.9727789,-1.6606456,-0.94375926,-2.0896683,1.5657629,1.6131349,-1.2648193,1.822698
CACCTGTTCACTCGCT-1,-7.297668,-2.379634,7.3184476,-0.77237946,-0.3913177,3.3812115,4.939825,-0.83786035,-5.164579,-0.8345608,-2.0400736,2.6783726,0.021830361,-1.7396729,4.547755,-0.88827103,2.078405,0.09091653,-3.697585,-2.444892,-0.6967302,-2.5196366,-3.0175788,-2.3194811,-0.9501652,0.322311,-1.7556977,-3.7255054,0.5516564,1.829904
CACCTGTTCCAACTGG-1,-7.1432805,-0.35526708,-3.273873,1.7515163,-0.5932154,4.604101,-2.736729,0.39222515,1.5692194,-2.6890566,0.43950728,2.0386665,1.15624,-0.5502094,1.8441489,-1.7727423,-1.322014,-1.0513755,-1.5365484,2.3003144,-3.0860465,2.0345955,-2.0358238,0.12182658,-0.879468,-1.6345568,1.4182944,-0.4035775,-0.9401931,-0.5699299
CACCTGTTCTGCAACG-1,12.675417,-3.5973113,-1.4501641,-0.8685334,-4.9472246,0.46144527,-2.2270372,-2.2543054,-2.7293437,-0.66038805,0.19376501,-2.9652839,0.6280394,0.54638237,-0.5417091,-1.0647656,-1.3200142,-2.300134,-2.7011206,0.0059672096,1.1417859,1.0387933,0.57526714,1.0290523,1.5468059,-0.4965673,-1.1199335,-0.6047577,-0.1259516,-0.031384647
CACGCAATCGATATTG-1,-7.3678384,-1.2534276,-3.2309484,0.7188309,-0.10477969,3.9835553,-2.8973188,0.7991883,0.42609882,-2.7508035,-0.71873844,1.1144924,0.037533354,-0.15305752,1.4535706,-0.37701726,-2.2445657,0.5793955,-0.6694098,0.8563528,-2.1134477,0.45627847,-1.7387718,0.86951643,0.6389593,-0.20738058,0.06685125,-1.9900824,-0.51761144,0.2386431
CACGCTAAGGTCCTGA-1,-7.081216,-4.782372,15.424829,-2.2978473,-0.22890413,-1.2621033,0.22697704,-1.2366173,-1.2508773,-1.6748813,2.0273352,-0.94951546,-0.25009915,0.23093207,-2.1737263,1.0452285,0.84457964,-0.6171084,3.0490255,2.6349099,0.42786288,2.2540925,4.0426764,0.9620905,1.3023766,-0.13303731,0.11232648,3.4850426,-1.1256472,-1.6744151
CACTAAGGTGGAGCAA-1,-6.928546,-1.2509782,0.010622868,-0.25168446,0.4933729,7.2002373,3.4174714,-0.04370316,-2.0904965,0.45459527,-0.15315443,-1.0577297,-0.8865735,-0.5523123,0.33398598,0.36029768,0.023456993,-1.0463732,1.5482237,0.762053,0.051864326,1.4484932,-1.0126022,-0.49336582,0.29723445,0.37327704,-1.5504895,-0.91499686,-0.6333691,-0.03464074
CACTAGCCAATAATCC-1,7.606922,-2.8254259,-3.0000615,1.4020898,-3.2994616,-1.1824548,0.37755844,0.29855075,1.3911177,-0.8214818,1.063386,1.4946685,-1.2056109,-1.267309,0.9027702,0.64943695,2.3525462,1.7258037,-0.42570484,-0.6748528,-0.64669496,0.6430268,1.7113858,-0.86815286,0.08038694,0.048389588,-1.6180204,-1.089052,0.6075223,1.0370684
CACTAGCCATAAAGCA-1,-8.256095,-1.7236246,-6.742394,0.8409984,-0.7287231,-4.2712517,-2.2115922,-0.6707338,1.4606858,-2.7014954,-0.8269729,0.2663424,-0.30261022,-2.6255932,0.7316597,0.53205615,2.7308755,-1.0679548,-0.23108804,-0.34660116,1.2038759,-2.3950095,1.3079054,3.9166362,-1.6813647,0.5062038,-1.1570482,-0.11686872,-0.27448523,-0.30219278
CACTGACCAATTTAGC-1,11.023439,-0.9127707,-0.51618683,-0.24571729,6.883606,-0.57570493,-1.4712242,-1.3910335,-2.0446486,-0.6550363,0.2150982,0.20552911,0.47013247,0.16493368,0.56533253,-0.15133671,0.11642042,-0.37168553,-0.15989238,-0.43079773,0.8502233,0.3298571,-0.22691575,0.03002046,-0.04359001,0.16227216,-1.3116068,0.4837402,-1.0495536,0.9685169
CACTTAAAGTCATTTC-1,8.313544,-1.5968148,0.38747287,-1.0318009,0.46035925,-0.09873224,-0.2226245,0.05875784,-0.48532766,1.6809982,-0.94160545,-1.8336114,-0.58635557,0.4722682,-1.2082431,-1.7232645,-0.82946044,0.75148845,4.0542374,0.59856963,0.6889662,-0.4224698,-0.680656,-0.3068395,-0.9873064,-0.60546577,-0.17671183,0.15973678,-0.68456656,-1.8018913
CACTTTGTCAGCTAAC-1,11.094543,-1.1153857,1.8022453,-0.32373783,13.459713,-0.6808036,-5.8224063,-2.7880087,-3.933465,2.0121906,2.9870176,2.3849094,-2.631562,-1.7601596,0.8023504,0.7516864,-1.506946,-0.2752606,-1.1352118,1.1083331,-0.8258678,-0.20920205,0.07399448,-1.4084144,-0.52383137,-0.8811523,0.3161903,1.1390978,-0.15981121,-0.2918792
CAGAACCGTCACAGCG-1,-7.48359,-2.1624508,-3.5391984,0.23277567,-0.08774498,2.1787174,-1.2057831,-0.007982666,1.669659,-3.2423277,0.4576954,0.78192836,0.12680322,0.0980952,2.0050013,-0.78337896,-1.1352538,0.49012443,-0.7960135,0.2831068,-0.8761936,1.6074075,-0.11343022,-3.2020707,-0.58856374,-1.1197125,0.5889271,0.4597435,1.1960635,1.2228372
CAGAACCGTGCTTAGA-1,14.227281,-1.5470667,-0.76007336,-0.6798985,0.5614353,-1.3830158,-0.9825529,-1.0734887,-1.352487,-1.1473198,-1.9198909,1.7151006,1.2654759,0.72293526,0.884259,0.4175465,-0.5242928,-0.3948969,1.6030052,0.7280681,-1.0358361,0.062376708,-0.050918564,-0.70759404,-1.3147562,2.3876343,0.8153525,0.55866385,0.38842812,0.34503335
CAGAATCTCAAGCTTA-1,-7.52627,-1.7175465,-3.9692137,0.3342183,-0.028423687,2.4815433,-1.5846826,-0.06385453,1.0081213,-3.657261,2.5092914,1.2947302,-1.6249483,5.2498593,2.089688,-4.237796,-1.6279296,3.4287858,-1.1599494,0.9774197,-0.49843135,-0.9755627,2.017357,1.6694143,1.4981941,1.4980693,-1.4170917,3.8961995,-3.062141,-1.1915625
CAGAATCTCGCTTCTA-1,-10.468603,-1.5166185,-5.2108817,1.2764038,-1.5159414,-7.961333,2.1467533,-0.61828476,-2.8169217,3.771965,-4.518141,9.617828,-3.7209222,1.993034,-0.8750117,2.4846945,-3.658141,-0.03340802,-1.1756881,-1.7267361,0.029826595,1.7710025,-0.15030466,1.4653702,-1.3326455,-0.16932717,-0.6526853,-0.66742235,-2.6677618,1.4891208
CAGATTCAGCGGGCAA-1,-6.0846887,-0.7924631,0.9482555,0.5410022,1.2583166,6.8331923,-0.4567975,1.0272967,1.4861246,-0.07187493,4.5183635,4.561047,-4.8509245,13.559755,6.676181,-5.1464753,0.1520272,1.7665393,-5.891862,1.2169262,-4.673716,-0.07766637,0.8368602,-1.1646246,-1.9300312,0.26480657,1.553071,0.4291309,3.0418296,4.362727
CAGATTCAGGAGTAAT-1,11.739596,-1.9167475,-0.9020315,-0.07402896,-2.9490712,0.5587921,-0.31844577,-0.83038765,-0.919503,-1.163477,-1.626753,-2.9971898,1.317326,1.7631531,-0.8616163,1.0904076,-1.958704,-1.1453217,-2.8639832,0.32575032,1.2554375,1.2207508,0.12755455,1.3322006,0.5428324,-0.8795501,-1.72391,-0.9451286,0.29825792,0.11506506
CAGCAAGCACTTAGGC-1,13.911187,-2.3780096,-0.19480167,0.16653259,-4.7982554,-0.500162,0.7684304,0.8199502,0.9647934,1.0135326,2.612918,-0.117455766,0.09670939,-0.814565,1.540239,-0.8125245,1.3642614,0.8667107,2.8034577,-1.6079972,-1.6707355,-0.08142295,-0.249195,-0.085322864,-1.0214752,-0.9742735,0.37404993,-0.70721316,-0.75301474,-0.35741365
CAGCATGTCTACCTAT-1,2.5812635,-2.289713,-0.55835843,-0.31641072,-1.0690432,3.7133276,0.52033037,1.1790676,0.04012034,-1.0031137,0.58998793,3.6395586,-1.8395517,2.6283286,0.80614,0.23237182,-1.1161474,1.2762287,0.530294,2.1013908,-0.36961162,-3.3824213,-0.93476015,0.70249766,0.47421566,0.79712933,-0.42239833,1.0496672,-0.42150098,-1.8358365
CAGCATTAGTCGCTAG-1,-6.841176,-2.7546227,-3.9658093,0.4929184,0.024377277,-2.4029086,-3.0826256,-0.051572096,2.109454,-2.8012114,-0.28971624,-0.47619683,0.19427119,-2.6586654,-0.44317645,0.18417452,0.42652005,-0.43560308,0.089709066,0.6357887,0.98089206,-1.4025122,0.34296128,1.1046741,1.2998158,-1.8051331,-1.4580399,2.225295,1.2437943,0.56646776
CAGCCAATCATTGTTC-1,13.274134,-3.0313773,-0.6911154,-0.918759,-6.691912,-0.70632297,-0.601449,-0.6935023,-0.843976,-0.7307775,2.9843633,-0.37068373,-0.47198373,-0.8301179,1.2678745,-0.69647515,0.343061,0.42878985,-1.044183,-0.3636435,0.26660216,-0.6280243,-0.6829187,0.12648936,-0.7906895,-0.034711473,0.37110126,0.7863608,0.06272001,1.4762142
CAGCCAATCCTGCGAA-1,-8.071781,-1.5843627,-4.987149,0.20328583,-1.053069,0.9876457,-2.644229,0.1591912,1.2630556,-1.533604,-1.1577622,-0.35727385,-1.2328107,-1.2160417,1.9087821,2.4641519,1.8989997,-1.2433006,1.3021153,-2.4061525,0.3305817,3.2366645,-0.44949064,1.3205483,0.54297256,0.599998,-1.8865253,-1.7082889,-1.0778761,5.6047792
CAGCCTAAGCCTGTGA-1,-7.024601,-1.3415343,-1.3846401,-0.0065722303,-0.6361806,5.9009686,-1.9621004,0.54025835,-0.7267072,1.3574622,-0.3651708,2.9390552,-1.2419639,0.68058234,-2.7106495,4.5839,-2.5832267,-0.8020821,0.9044565,-2.4263587,0.5696837,0.6950194,0.33114907,-1.6953824,-2.0823479,-0.012492361,-2.7952876,2.3038878,-1.6796932,-0.22123495
CAGCCTAAGGTCCACA-1,-7.1929665,-1.663639,-4.7773805,2.6352987,-0.850336,-3.8120992,1.2217616,-0.8025436,-1.5905924,2.2611492,-0.7359598,1.9070147,0.121930756,0.6647883,-0.94423056,0.23806047,-3.2310987,0.5151268,0.9423205,-1.3328354,-0.91565746,-0.99438876,-0.91026384,-0.5079362,-1.4198277,-0.6153357,-1.2956785,-0.10217182,0.4014652,-3.0245667
CAGCCTTTCTAATCCT-1,9.369333,-1.1004275,0.26436952,-0.59090394,12.813832,0.014669011,-3.9798846,-1.9124677,-3.8229039,1.8654444,2.9936001,0.033035323,-0.7757928,-2.4941814,0.01678328,-0.54587233,-0.3182945,-2.2940245,-0.3177857,0.66091835,0.44257563,0.1941144,0.8645672,0.06246,-0.5111649,-0.8213596,-0.61364096,-0.24498944,0.4409598,0.6894066
CAGCTAAGTCCAAGAC-1,-6.1768227,-1.5051978,-3.9393566,0.24611923,-0.29821855,0.35057428,-1.7770848,-0.3974794,1.2792797,-1.1633316,1.16527,-2.0419383,-0.024423039,-0.05730414,-0.6305487,-0.28805205,-1.351733,0.15025759,1.4574732,0.46811488,1.0108695,-3.7610552,0.65694106,-1.2198392,-0.3679306,-1.9830314,-0.7129241,1.4238571,-0.3540794,-1.2268049
CAGCTAAGTTGAAGCC-1,9.756309,-0.27322453,-0.22475313,-0.28995377,3.1735435,1.2211982,4.6377845,3.4432588,6.9294505,0.3558889,0.3991008,1.3753022,-0.7580695,-0.32703,0.2876047,1.8099756,-0.4034165,-0.062039588,1.2293437,0.15349524,-0.52440596,0.451371,-1.011199,0.59333575,-0.13929532,-0.3141173,-0.8821496,0.08502898,1.2836112,-3.5353575
CAGCTCAAGAGGAGGA-1,-8.941308,-3.1312957,11.237666,-1.5787013,-1.3666518,-0.6430742,4.748629,-0.8314942,-2.6049402,0.5435817,-1.607999,2.2346272,0.9808539,-0.0031859824,2.9246526,-5.96252,0.10996598,0.36022592,0.5984216,-4.987783,4.3013535,5.56903,-0.2145203,1.4374912,2.9159067,-0.57804066,0.06989328,1.921268,1.630758,-2.5818686
CAGCTCAAGCTCGCTT-1,12.475667,-2.4312584,-0.16151096,-0.9903202,-6.7135262,1.3242315,0.887411,-0.99943006,-0.3069977,0.40616983,2.2667458,-1.1650774,0.6249589,-0.334199,0.404096,-0.6102458,-1.181327,-1.253951,-1.8865339,0.9531531,0.7496435,-0.58541614,0.42607394,1.3061233,0.39798918,0.81363535,0.81512994,0.9798427,0.42217448,2.3815632
CAGGAAGGTCCTTCTC-1,13.745452,-3.6897545,-0.5152097,-0.34858793,-8.040631,0.045789637,-0.844896,-1.4332387,-0.4942361,0.82558703,3.8482018,0.85394007,-1.7618655,-1.7421403,1.5619762,-1.468864,1.2094388,-1.0105762,-1.6977555,-0.5680656,-1.2182468,1.717877,-0.912069,0.931,0.32984444,0.9531246,0.30729762,1.8333467,0.97530943,-0.022958543
CAGGAAGGTCGAAGTC-1,-6.5111737,-0.86617166,6.2701077,-1.100986,-1.4029423,2.248801,2.6417935,2.8764296,-2.9182298,2.4533942,-3.4032497,-1.8584405,3.8234751,-2.5212975,5.594516,-0.77351713,0.019730214,-1.4036644,-0.70247287,-2.4591267,2.966887,-2.5796175,-1.4055502,-1.27643,-1.5893927,-0.54958177,-2.118089,-0.112377204,1.0423679,1.9244363
CAGGAAGGTTCAAGCA-1,-1.1866665,19.916828,-0.98807645,-4.7116323,-1.2326657,-2.686938,-1.9052,7.547536,-3.3900812,-0.43689913,2.3279402,1.193999,8.000796,2.2143233,1.6003019,3.2062266,-2.8834305,-2.4130514,0.42427596,-0.6337288,-4.491377,0.6531003,4.1135483,-1.8128055,-6.9122357,0.6817029,3.5724847,0.8255568,1.4515213,-0.36694205
CAGGACACAAAGGCCA-1,12.556091,-3.2414913,-0.9237347,-0.8232456,-6.7217193,-0.69288385,-0.685553,0.30005452,-0.99205047,1.270712,2.913454,0.01236818,-1.1587906,-2.1531217,0.5434256,-0.3265837,-0.60941464,0.24588536,-0.6209909,0.015821565,-1.1036212,0.2072101,-0.6996474,0.78067523,-0.44982862,1.037691,0.40360162,-0.067550965,0.38796276,1.6749996
CAGGACACATTTAAGC-1,-7.839314,-3.0054474,16.63486,-1.9511305,0.3323391,0.23651178,2.5323005,-3.0430958,-2.7799957,-7.703773,1.2288136,2.358718,-2.814212,1.3600608,2.0756075,-1.2952616,-1.4804907,0.18920852,2.5710502,-0.42325446,4.1895247,3.5352871,5.616344,1.2123305,3.3537652,0.24204925,-1.5745702,4.232373,0.94104695,-3.854495
CAGGACCTCCGTCCAT-1,13.729,-1.8032856,-0.5460986,0.18981399,-2.8355305,0.9675725,1.8923687,1.3658456,2.9332423,0.4676535,-0.29701146,2.8405316,-1.1072316,-1.5811002,0.09259456,1.3618749,0.8410213,1.328064,0.7560932,-0.48516256,1.0201405,-0.5173349,0.26523006,-1.1894008,0.20291696,-1.0988926,-0.13035047,-0.9283627,1.0621436,-2.2885687
CAGGCTATCCGCAAGC-1,-5.3717074,-0.34982187,-3.083033,-0.6766271,-0.30235606,5.6011424,-1.3255446,0.59047145,0.316381,-0.7079276,1.7457604,1.4354818,-0.19388647,2.7387981,-2.107631,0.56799054,0.157899,-0.095755674,1.0457604,-1.6911981,0.3961286,0.8623617,-0.006185,-0.3612408,0.93544817,3.8067648,0.9012802,-1.5051875,-0.087175675,0.2802846
CAGGGTGAGCATGTCG-1,-7.041036,-2.6126235,21.428183,-0.5351434,0.041660577,-6.255911,-5.7990146,0.7440253,6.1084447,2.6593578,1.5949194,1.8521913,0.53055793,4.7239065,0.18373345,0.6232871,4.9531345,0.97317576,-2.8844473,0.6108409,-6.3650985,3.7440047,-2.3128223,2.113138,1.1210186,-4.088724,1.4229261,-0.12472417,5.9902534,1.2802092
CAGGGTGAGTGAGAGC-1,12.082562,-2.2258155,-0.83812183,-0.9049975,0.5315925,-0.28368005,1.1187992,0.5083817,-0.5292179,-1.6188751,-5.5523114,-1.0306927,0.60781837,3.3540866,0.60966843,0.09628431,1.3815733,-0.93548274,-0.2542024,-0.36270118,0.7874504,1.7115035,0.9829198,1.6608329,-1.235859,1.6594961,-0.2591923,-1.4050807,-0.89342284,0.54569906
CAGGTCCAGAGAGCCG-1,-4.225028,12.790184,-1.1042228,-0.9603128,-0.07391122,1.2436148,-2.134335,4.958187,-2.9970963,1.065607,-0.15768005,-1.3296162,0.8625743,2.2619617,1.4785213,4.023999,-1.2822354,-0.34911507,1.798761,-4.668542,1.0925047,-0.9872026,0.56454027,3.8427117,-2.236393,-1.0164644,2.529333,0.8023244,-0.41077024,-1.0264348
CAGGTCCAGGTCGAGG-1,13.176566,-2.8071058,-0.8110728,-1.160169,-1.0108824,0.4363917,-0.3586262,-0.59771794,-1.0222771,-2.56831,-5.5520473,-2.3499498,2.1640694,3.3388996,-2.468176,0.6694514,0.361253,-0.89242893,-1.9000839,0.40767,-0.014162,0.91654813,1.6875002,0.13270138,0.69850254,-1.0073922,-0.51126486,-1.010132,-0.5086812,1.7539798
CAGGTGGAGCAGCTCA-1,-6.3679185,-2.0523992,-3.9928126,-0.049883477,0.8781002,-0.6590126,-0.7601703,0.78157157,0.06827514,-0.41082612,1.3747989,-1.6920782,2.0500958,-0.32412034,-1.0677447,0.24330564,-0.06742887,-1.315945,-1.2525713,-0.23474683,1.7989291,-0.9739473,0.5461052,-1.5365171,0.41638768,-0.4213812,1.5756668,0.9742271,1.5244553,-1.0194037
CAGGTGGAGGATTTGC-1,-6.972274,-4.2300186,20.365438,-1.8599344,-0.51058125,-3.9110596,-5.778207,-0.7166653,4.38562,1.845282,0.2299184,-1.2901043,-0.28571734,1.4035889,-1.9835489,0.51522225,0.057435013,-0.4486901,-0.46908358,1.9901707,-1.4069209,-1.4994398,0.090080544,2.5070772,0.7733447,3.1956086,-1.1475092,-1.9492278,-0.36306477,-0.5030496
CAGGTTTAGTATTGTG-1,-6.9066496,-1.6150761,-3.8889794,-0.13317229,0.58305234,-3.3505101,1.3695675,-0.020046793,-1.2819818,1.1903394,1.1852139,-0.13095978,0.6111184,0.93255526,-0.7101472,0.77448887,-1.6154516,-0.3573231,-0.4911648,0.51895154,-1.15773,-1.0633119,-0.6192023,-1.4335351,0.9884896,0.37140757,-2.5570843,-0.22371638,0.2629055,-0.21677114
CATAACGGTTGCAATG-1,12.786638,-1.3837562,-0.21471602,-0.6811399,-4.2771864,-0.029668914,-1.7876184,-2.1532655,-1.548543,-0.3489252,-3.2251759,-1.4246072,1.1482613,2.0322692,-1.4040698,-0.030953312,-0.47979778,2.0599842,-2.8856213,1.0534775,1.7101057,0.648289,3.1931074,-3.1865697,0.052531697,-0.049283743,-0.04070763,-1.7950014,0.12157977,-0.48917326
CATAAGCTCATTACAG-1,-0.08599716,28.085411,0.8108261,-7.313053,-3.1175718,-1.7381177,-1.8557922,5.9422574,-3.845904,-0.9768926,1.1614264,1.7477353,4.8832107,-0.014308512,-5.3343625,0.039728057,-2.1352007,3.3374195,-1.8782579,-7.0305896,-8.453962,3.1834319,8.401304,-9.108515,2.165216,-1.6597651,2.912328,-0.3595321,-1.8506739,-1.4516013
CATAAGCTCTACTAAG-1,-7.2619047,-1.3338015,-3.6859457,1.130506,-0.110528484,-4.3939476,2.4743965,-0.9838085,-1.038544,1.5559466,-0.42241022,1.1399611,-0.57624054,1.2793655,-1.8929423,-1.0894488,0.13912669,-0.32548833,0.54838306,-0.43766496,1.6390078,-2.4644487,-1.1538192,-0.11543198,1.6625333,-0.32737643,-0.2741536,2.241724,-0.46374425,0.08762145
CATAGACTCATGAGCT-1,-7.2379756,-4.2972894,11.4621725,-1.4777828,-1.9730499,0.7313232,4.3329644,-0.122968234,-2.3078868,-1.9602473,-2.36606,0.56317854,-0.314206,-2.4997807,1.3614067,-2.9995728,-0.39194363,-1.3330678,1.3306919,-3.1289916,6.0183506,1.821267,0.9939077,0.743333,-0.90790385,0.95957917,0.039289504,-0.7738192,-1.1640317,-2.9660282
CATAGACTCCATTACT-1,-6.985552,-2.886456,10.289566,-1.1104589,-0.79641324,0.91905946,5.91748,-1.1897578,-5.693616,-5.9081407,1.522908,3.5045707,-1.5783464,-1.8382269,-3.147088,3.7872343,1.2919469,-4.2509103,-0.7995335,4.6024485,2.333744,-3.593064,0.5272488,-0.79252255,-2.3466253,-1.0210139,0.7228365,-0.107037626,-4.612056,-2.251656
CATAGACTCCTACCTA-1,-9.222807,-1.7534559,-6.6288757,1.3136567,-1.0744488,-3.8475094,-2.8902924,0.8791129,2.4501507,-2.4576766,0.63431454,2.8411238,-0.36379585,-2.710773,1.086196,3.0169365,5.6534476,-1.402707,0.35281178,-1.3318553,2.5153844,-2.909369,2.7244349,-0.43067908,0.48037323,-1.233207,-0.4062988,-0.21180081,0.16154474,1.2146286
CATAGCTAGCTATTAG-1,12.763316,-2.318974,-0.94249314,-0.37796876,-5.5169244,-0.26659277,-0.08510984,0.8658688,0.22040091,1.0369357,2.0661585,-0.32524222,-0.17596827,-1.7050252,0.82670355,-0.24653682,-0.053673342,0.61378974,-0.40416828,-1.1151353,-0.86674607,0.574055,-0.7503588,0.5822455,0.5278538,-0.084346846,0.2609807,0.5709239,0.5959582,0.5653021
CATAGCTAGGAGGACT-1,15.307177,-3.5323412,-0.16284801,-0.08826141,-6.0312295,-0.9940952,0.03564502,-0.08682179,0.1114323,0.61672974,1.7620213,1.315362,-0.17573881,-0.8488681,0.35408115,0.24249163,2.0055213,2.170545,0.14053452,-1.6857308,-1.495254,-0.16754416,-1.077712,1.2397655,-0.7364249,-0.15947717,0.2564078,-2.2065933,0.08750279,-1.1468097
CATAGGCGTCATCCTG-1,12.241991,-3.8982637,-0.43415236,-1.1026981,-5.4959154,-0.37779844,-1.6714011,-0.90384847,-2.3703966,0.3902632,-0.9022008,-2.5983074,0.7053878,1.0513575,-0.5205231,-0.70028245,-0.74299645,0.34350458,-1.0098133,-0.35879713,1.5411153,0.87660074,-0.16360977,-0.11779425,1.3778222,-0.81296647,0.4210679,-0.16436565,-0.45013836,0.5973461
CATAGGCGTCCGGTTC-1,-6.8777504,-3.829308,11.724732,-1.3011537,-0.017923992,-0.03317834,3.9754343,-1.3210272,-2.0419376,-3.7279913,0.8859281,-3.3598871,1.374424,-0.25418818,-0.030670384,-0.8899106,-1.3863149,-0.1393789,-0.70876235,0.8322637,-2.157734,-0.85429883,-0.12324513,2.0599196,-3.0065613,-0.541803,0.5412079,-2.4969776,0.21686217,-2.1019034
CATAGGCGTCCGTGAG-1,9.908814,-2.7808313,-0.5574639,0.3217505,-6.0612187,1.6106223,1.4772342,1.0039026,0.5864961,0.93914163,3.8649077,-1.4276226,-1.0021386,-1.6390142,0.7585324,-1.6144178,0.4113729,0.51492786,0.74005246,-1.3811208,0.18132195,-0.7974101,-0.587965,1.6857685,0.03894355,0.30905232,-0.54966456,-2.403896,0.07887179,-0.83516747
CATAGGCGTTACTTCA-1,-6.963597,-0.5580533,-0.9674971,0.5439783,0.95299834,6.110725,-1.0835482,0.79319465,0.41688746,2.016771,2.6533175,-0.69430566,-0.59225076,2.5953531,-2.712952,-1.273231,-1.745552,-0.5234564,1.4569275,-0.8199075,1.0980576,0.66595596,-0.3242284,0.7842488,0.57052785,1.1784501,-0.6040032,0.06254976,1.0245622,0.087352045
CATAGGTTCTGTTGCC-1,-7.487236,-1.7780695,-4.8570595,0.31078774,0.1963731,-0.7459732,-2.0820956,-0.2918101,0.88550586,-1.4385779,0.16036189,-1.467005,0.71631426,-0.8942481,0.32824302,-0.016512463,-0.53223825,-0.7183013,1.0982928,-0.37482354,1.3760234,-0.03212785,-0.22247857,-0.9367929,0.8112885,1.6020817,0.6778951,1.6329333,2.2487788,0.8250943
CATAGTCAGCTCAAAC-1,9.145782,-1.1066911,1.3240211,-0.9892977,16.303541,0.048376296,-5.315078,-2.601928,-5.234834,2.602735,5.8022256,2.3537989,-2.9481568,-3.518834,1.0752987,-0.30270904,-0.46484482,-1.1537343,-2.968453,1.6516756,0.55241674,0.41382533,-0.1834515,-1.1790301,1.0551828,-1.3545656,-0.5273778,-1.3213611,0.36369482,-0.92623675
CATAGTCAGGAGGTTA-1,9.716266,-1.100929,1.3513224,-0.63635087,14.104436,-1.0786552,-3.4388382,-1.4828631,-3.528149,1.3069146,1.9386146,0.26437053,-1.1504338,-1.0460304,-0.3099863,0.05431958,0.029280521,-1.1681869,-1.3975527,-0.59560394,0.3638445,0.5775293,0.20788488,0.3614733,0.58111805,-0.64895487,-0.031824637,-1.0593704,-0.13542986,-1.2741526
CATATCGCAAATTCGT-1,7.1315427,-3.296459,-2.4726064,-0.17047594,-0.7767092,-2.072533,-0.04600804,-1.0065552,-1.7636867,-0.3127207,-5.1786723,2.9889772,-0.0040727956,2.8653982,-0.09526278,0.5446629,0.67411065,-1.0423539,-0.53200173,0.1614387,-0.57056457,1.5842614,-0.61647224,-0.45348915,0.344764,-1.7121551,0.60651034,-2.6270292,0.88917994,-0.7261733
CATATCGCACTAAGTT-1,7.462487,-2.9390242,2.4837775,-0.1604254,-4.585708,0.76785207,3.822233,0.4415686,0.027631365,0.59102255,-0.041537326,3.5167432,-0.71655494,-1.2348939,0.7403131,1.0620022,0.42766383,-0.14470986,2.149173,-1.4531075,-0.44602436,0.9287254,0.40622163,0.12674588,0.23759218,-0.2740743,1.0151247,-0.6657264,0.7575703,-0.08626942
CATATCGCACTTCATC-1,-7.817935,-4.2166786,22.140451,-2.5113401,0.5540473,-3.626207,-7.6566205,1.2563472,5.2534337,2.8755105,0.00247654,1.5592834,-1.1811829,3.8710706,-0.48351514,2.709315,1.3130643,0.915738,-2.9089856,-1.2617027,-0.9703084,-0.70123774,-2.5233796,-0.58268774,0.010310471,-2.1947188,0.7419754,0.48067108,1.4287797,0.6829374
CATATCGCAGTAATAG-1,-9.546972,-2.0719297,-5.486249,0.70290303,-0.97212416,-6.9752173,1.6143813,-0.82490516,-1.6185528,1.4944707,-0.52453995,4.384809,-2.5252905,-0.27967685,0.12896009,1.4665815,0.8508788,0.60958314,-0.531335,-2.9166105,-0.1291678,0.0528464,-1.062402,1.3696933,1.8716016,-1.3484952,0.30200595,-1.4871383,-0.30186623,0.62558824
CATCAATCAGCCTTGG-1,-7.9230924,-2.103203,-5.3116155,0.62933916,-0.37464756,-4.8683085,2.0415595,-0.569042,-2.805873,1.137732,-0.16050848,1.9757378,-0.99323714,1.875643,-0.5135558,0.14726987,-1.5563734,0.80170554,-1.167207,0.2713139,-1.6379347,0.4095249,1.6968615,0.030756433,-0.66181743,2.5130768,-0.8221257,-0.6152491,0.9187856,-0.90627205
CATCACACAACAGGAT-1,10.325526,1.3412484,0.4277245,1.7552277,2.0862396,-0.7172367,6.8780093,5.5983253,8.846295,0.25839552,0.48175368,2.0807028,-1.0298133,-0.45848924,-2.011053,1.2898668,-1.2481802,-1.5180503,-2.0002003,-0.24157387,1.1521975,-0.50807935,-0.6390822,1.5655962,2.6133854,-0.36636204,-0.47978425,-0.44078043,-0.28197753,-0.8367725
CATCACACATGCTCCC-1,-6.382867,-5.001312,19.728733,-2.9869578,-1.0713995,-6.661641,-9.227969,1.9546103,6.1631713,4.051702,-2.9212554,-0.7907516,0.41967586,0.1549762,-1.2732052,0.2613832,-1.750182,-0.088381216,-1.1025985,-0.73104453,2.582348,-0.5516194,-2.315748,0.09639904,0.90661514,1.5617509,-2.3301346,1.1927736,-2.4471152,-0.55226135
CATCAGCCAACAGGAT-1,8.672161,-0.8859304,0.612987,-0.4687577,9.6838,-0.5708583,-3.791361,-0.7909352,-2.3970852,1.1575943,4.013193,0.23631398,-1.2990633,-1.9217876,0.3675478,0.11420956,0.3045994,-0.54854155,-0.74369234,0.6737794,0.30610415,-0.10097716,0.17756815,1.1824226,0.10154054,0.02942537,0.41546294,-0.45720458,0.30241662,-0.95635843
CATCATAAGTACTGGT-1,-0.79456985,21.060535,0.075796455,-4.1812487,0.081992984,2.3765128,2.818275,-11.97832,4.3782983,1.6189182,1.8246317,0.4305476,5.754507,-0.7544471,-2.7740986,0.5881311,-2.0972424,1.7167115,-1.1773088,0.53418255,0.2776056,1.3783112,1.9106989,0.6376228,0.63144284,2.4987528,-1.0208385,-0.909408,-1.7180997,-2.1859152
CATCATAAGTAGCCAT-1,12.518168,-0.27923653,-0.21351449,-0.6861815,7.4659476,0.30776784,0.94977593,1.3669382,0.6764649,-1.4828979,-2.9454165,0.121736564,1.8279419,0.30289403,-0.2887216,0.5718657,1.6317825,1.0148178,1.5403726,-0.32107398,-1.7142807,-0.010046409,0.23621635,-0.07549519,-0.53217137,-0.46046716,-0.40236372,0.15421797,-0.21195056,0.11634691
CATCATGCACTGACCG-1,12.984323,-1.6967967,-0.0008532132,-1.3560864,3.8822515,-0.4159025,-0.8798201,-0.944226,-1.6565226,-1.390098,-3.4145653,0.15602897,1.1779975,1.7641618,-0.6993659,0.9111273,0.29549557,-0.07693879,0.70745355,0.9305707,0.14519478,0.73719877,1.0899028,-0.52841777,0.88808894,-0.036684528,0.85473555,-1.2914464,1.1979016,0.32375523
CATCATGCACTTCATC-1,-6.1559677,-0.49676168,0.08592575,-0.055963546,0.21123211,7.1509113,-3.2769055,0.090832956,1.7264518,-2.8523567,3.384212,6.1382375,-3.9728615,10.357438,6.998475,-6.5829563,-1.4684741,1.6327837,-4.590713,1.3698733,-3.4778733,1.695889,0.1511603,2.8219843,0.47039422,-0.102961905,-0.4155072,1.5649248,2.745416,1.6022367
CATCATGCATGCTCCC-1,-7.8592463,-3.3117793,15.339305,-2.3767335,-2.650432,-3.5311508,-3.5239565,0.16030073,2.218522,4.1126614,-2.7587578,-1.5696669,1.1071824,0.5134371,1.2434624,-1.1743705,-1.0074364,-3.8204095,0.87882984,-4.428238,7.764353,-2.3941145,0.59139663,-1.1232665,-1.7617826,1.6103694,-1.3890615,2.4778113,-1.7430813,-1.0319966
CATCCTCAGACTTATG-1,-7.9313927,-2.4038866,-2.24806,1.2233047,-0.5167041,5.1208143,-3.7885983,0.11968546,0.45925984,1.4009261,-1.676493,1.2402256,-0.2733025,-2.9650147,-0.7006929,2.3319252,-1.5229049,-1.1990838,0.88898474,1.781811,-2.2922933,2.1421423,0.6340709,2.3573377,0.71114486,-2.1280766,0.020481143,-1.4150147,-0.6867076,-2.5259132
CATCCTCAGAGCCGGA-1,14.628791,-3.511863,-0.46729833,-0.69063693,-2.4656038,-0.63489556,-1.1159934,-1.3562007,-2.187606,0.15493318,-1.263178,-0.5095426,0.4704761,-0.28308955,1.2617872,-0.92690086,0.056031436,0.09806181,-2.3132474,0.25978315,1.2183108,0.12410501,0.9758246,-0.07960793,0.9512182,-0.64622927,-0.6753971,-1.2292415,-0.8728728,1.2351214
CATCCTGGTACGGGTT-1,14.266811,-2.3824315,-0.61219764,-0.7401187,2.7210236,0.82105905,0.30213854,0.7802077,-0.2923693,-0.38529077,-0.43003464,0.14252597,0.742086,-0.81951404,-0.5941151,-0.4377003,0.0792319,-0.21807617,1.4296361,-0.47770783,0.19004804,-0.90107864,-0.7369145,0.7657505,-1.2703772,-1.1317601,0.2804968,-1.2979584,0.66843295,-1.4447354
CATCCTGGTATTCGCT-1,13.886476,-2.5693736,-0.4154798,0.15016358,-6.506514,-0.13808739,-0.42106515,-0.7760559,-0.7393847,0.9576718,1.6472583,0.87242186,-1.0976983,-0.81519717,0.7459437,0.90862733,0.0650014,0.65272254,0.70202225,-0.6659861,0.37572566,0.30245408,-0.97144866,0.32702616,-0.10907655,0.02487968,0.5726441,1.882829,-0.5049945,-1.6910299
CATCCTGGTCACGAAC-1,-6.6151314,-1.9621912,-1.0871135,1.0403235,-0.435741,3.491287,0.2399449,-0.3225317,-0.9094344,0.5717056,-1.8272578,-0.54397297,0.24950407,-2.9048564,1.378539,-1.1745288,-0.3768211,1.490397,-0.4662732,1.8674498,-0.9114395,0.73808223,-0.13975328,-0.6357747,-0.40715113,0.60785085,1.8115962,-1.371571,0.15494068,0.7858294
CATCCTGGTTACTTGC-1,-8.214081,-2.6930132,-4.5803275,0.5914076,-0.3691947,-5.177993,3.3788497,-0.20613082,-2.686327,1.2675333,-0.6077663,2.7497988,-1.3883117,3.332925,0.8096666,-2.670172,0.15204777,-0.33131784,0.67292446,-1.5075512,1.3679706,1.1024715,-1.8159869,-0.7855156,0.250026,1.1231669,-0.6901461,0.6078299,2.8335643,1.2829734
CATCCTTCAAGCCAGA-1,-9.041409,-3.1598744,-5.7807374,0.2843689,0.0955163,-7.016772,1.4494021,-0.43282396,-1.372278,0.04552621,-0.50060827,1.7062589,-1.047257,1.3207365,-1.9166743,0.6235195,0.8127918,-0.0876718,-0.17494117,0.20323229,0.08825745,0.24984193,1.8323385,1.702341,2.0006135,1.9605412,0.9375861,0.55580455,-1.2414144,-0.37980786
CATCCTTCACCCACAG-1,16.311811,-1.4681702,-0.53202236,0.19158183,-0.6534733,0.16920857,0.6967201,1.4267305,1.4068186,-0.17062561,-1.7922254,2.4924183,-1.1237835,-0.32002518,0.5621928,-0.06928758,1.1804079,1.4350693,1.578896,-0.9268152,-2.0620022,-0.14121746,0.6960574,-0.6650714,-0.4099898,0.5629411,-0.2877253,-1.0998288,0.92021257,-0.149214
CATCGCTTCTTAGTCT-1,11.121071,0.042283524,-0.30625755,-1.1588624,7.2965226,-0.19393547,-0.3730118,0.073691875,0.26794404,-1.2665749,-2.7107499,1.2133287,-0.3007855,0.79788923,-0.33478191,0.7456627,-0.18924683,0.7885771,0.5151278,0.5929309,-1.0238217,0.38641125,-0.35638487,-0.54617095,-0.5457881,0.040067453,0.54509926,1.7758939,0.8554343,0.06166914
CATGCAAGTAGGTGTC-1,-3.4450831,20.158583,-0.40417835,-5.43849,0.9415395,1.3440282,1.8077276,-5.8489366,2.1451848,1.5199282,-1.6107341,-1.5860035,-5.7955046,-1.1671252,-1.7840048,1.4891441,1.341246,2.3046255,-1.2928851,-0.3034007,1.3749237,-0.10835735,0.07306043,1.0282563,-1.8238335,1.9397664,4.0857043,1.3293991,1.1077225,-0.40119085
CATGCATAGGGTGGAT-1,-7.674274,-1.7605246,-3.9809337,0.70887345,0.33139375,-4.93409,1.8984361,-1.7478379,0.27634102,2.1813676,-0.024885599,0.54087734,-0.015871204,-1.0942621,-2.5278032,-0.9465611,0.42993116,-1.6324353,1.4025514,2.8260598,-0.7737696,-1.9750708,-1.5104858,1.39265,0.29819024,-1.9283581,-0.15579556,0.7349121,-0.76304376,-0.90673894
CATGCGCAGGAGTCGG-1,10.003874,-1.0212581,0.8257882,-0.12674686,12.90877,0.1655508,-0.38905597,-0.22060846,-0.9436321,0.20971897,-0.11050827,-0.4748229,0.409758,-0.46199855,0.11876324,-0.700925,1.1121638,0.42222494,-0.17166719,-0.37853625,-0.093001164,-0.0069308067,-0.36307257,-0.55777717,-0.22031902,0.1243155,-0.3896634,-0.15505502,-1.2776096,-0.12939793
CATGCGCAGGCGCTTA-1,13.1815195,-2.7398148,-0.9833186,-0.69776314,-3.8124022,-0.5299199,0.16306935,0.65686655,1.0006666,0.56014425,2.902353,-0.31062436,-1.3653034,-2.0835636,1.4337292,-0.08878933,0.6736943,1.8495266,1.6807938,-1.7647289,-2.6046157,0.14065102,-1.7576412,-0.26138547,-0.017725721,-0.6051106,-2.046531,0.9439818,-1.4942561,-0.17534965
CATGGATTCAAGCTTA-1,-0.12754352,22.25159,1.2375424,-6.2449408,0.50796103,1.5193267,1.4700687,-7.6684875,2.5210793,-1.3801271,1.7712222,-1.5058469,3.244143,2.2625403,5.759158,10.5338745,-0.9547675,3.1529326,2.3269892,1.5038428,3.4305727,-2.0123508,-3.1553378,3.3830965,3.907291,-3.6764195,-3.7201002,4.319993,4.1365404,1.4403828
CATGGATTCATAACCA-1,-5.9975677,-1.6956189,-4.410674,-0.14800188,-0.43848154,-3.9166453,0.99514073,-1.369671,-2.2901027,1.4744084,-0.4750954,0.3221876,-0.50203276,0.66586065,0.47698784,0.8797207,0.060035694,-0.14281511,-1.6995747,-0.028780397,1.1426717,-0.8867205,-0.85102713,1.1438587,0.62086564,-1.3755435,-3.382027,1.5508113,0.46027806,0.2686979
CATGGATTCCCTCATA-1,-6.431797,-2.104863,-3.50855,0.5497603,-0.99085534,2.426997,-1.8918273,0.71690494,0.61570543,-0.54872173,-2.8785887,2.511305,0.4508674,-2.1996903,0.32847732,-1.2219648,-2.508597,0.37537798,-0.89318347,0.7842794,-0.5362409,2.4256396,-0.5615068,-0.8416314,-1.1362308,2.9033759,-0.008439774,1.7785177,1.7235665,2.129935
CATTATCTCAATCTCT-1,-0.84271157,22.404816,0.4457065,-6.4966674,-0.7088676,1.0712973,2.868103,-7.507561,3.8088377,0.21430418,-0.16774236,-1.7873855,-1.6077304,-0.87170714,0.42084858,3.7292333,-0.9093461,4.373918,-1.1011047,-1.1099938,3.019638,0.9001053,0.034725502,2.4658284,1.7338333,-0.6492042,-3.657366,3.8545222,1.2128253,-0.18380614
CATTATCTCAGTTCCC-1,-8.683894,-2.4476423,-3.1528497,-0.16210034,-0.97277236,-0.2874813,-1.4809365,0.4864332,0.8903561,-0.66674906,-1.2034162,1.113126,0.99332255,-2.3958673,2.0881674,0.38669583,0.402281,-0.19468772,0.33821306,-3.784903,0.6941175,2.6586804,2.5484428,0.60801464,1.2151699,-2.6383142,0.15378313,-2.8727682,0.28022957,0.17628881
CATTATCTCGTTAGCG-1,-5.980668,-1.6494669,-2.1029868,0.4034089,0.30687368,4.1998634,-0.36586213,-0.19589977,0.42699948,-1.0430855,1.4665753,-1.4459958,-0.70888996,2.591803,-1.6942289,-0.121983014,1.2348193,1.0803516,0.38196173,-0.98666567,-0.33259946,1.40216,-1.19765,-1.5409118,-2.6776352,0.68033904,0.54806095,-0.5807703,0.5248996,-0.2997947
CATTCATTCGCATTAA-1,9.166245,-3.0960355,-1.3045083,-0.5059612,-3.3016882,2.1590853,-1.5130441,0.1351017,-1.2745739,1.4229875,-2.7892604,3.1052928,-1.1223274,-0.3016519,-1.2479212,2.4145238,0.6115865,0.67240155,3.1441443,-3.2635436,-1.5592593,0.43682572,0.046941448,1.1583589,0.16743077,-0.52356136,0.67738205,0.052578177,0.014715379,0.9555705
CATTCCTCACACAATT-1,-8.254476,-2.635979,-5.220111,1.9016308,-1.0935192,-1.3975955,-2.2156758,-0.3295585,1.6457925,-0.28601593,-0.11300166,-0.47133985,0.33924273,-1.0529102,1.7349427,3.9294982,2.3464708,0.19618183,-1.799255,-0.31597888,-1.4231308,-1.8191724,0.4331388,-0.74806887,0.21980971,-0.44554722,-1.3138158,-2.6707828,0.34367844,0.8622533
CATTGCGAGCATGTCG-1,12.563423,-1.7469684,-0.34255373,-0.6991128,6.5428786,-0.9080996,0.4619974,0.43936032,0.5274047,-1.2480756,-1.6297061,0.31372714,1.9274671,0.97200984,-0.19705074,-0.71954924,1.3504312,1.7160434,1.7125078,0.06330764,-1.2261778,-0.15499347,0.13414669,-0.09266716,-0.2276211,-0.21723908,0.4832945,0.6794739,-0.30973724,0.55542415
CATTGCGAGTAACGGA-1,12.319209,-2.2714326,-0.87429035,-0.34973416,-2.0320783,0.7034489,0.16818024,-0.8563323,-2.1136663,-0.14690156,-1.4845704,-1.1674421,1.020896,1.8635643,0.25425163,-1.4649945,0.15721595,-1.7594756,-1.1471937,1.4116454,1.56995,-1.2861986,-1.153218,0.7111848,2.1209564,0.1357066,-1.5649288,-0.84788257,1.4467133,1.1453303
CATTGTAAGGACCGCT-1,-5.4229836,-2.1344056,-1.4722234,0.8457505,0.37417758,6.2873244,-1.1701425,0.60759056,-0.06447574,1.36389,2.8258533,-0.9958514,-1.8380674,3.353504,-1.9612839,-0.28078806,2.2395587,-0.29648998,-0.255885,-0.28237778,0.2473485,0.7460825,-0.9020693,-0.9197531,-0.28260848,-0.30227545,-0.77411133,-1.6079662,-1.3532681,-0.8092034
CATTGTAAGGCAGGTG-1,13.318115,-1.4510704,-0.11295624,-0.4948549,1.2540848,0.45044333,2.4284422,1.1027082,2.673024,-0.5596046,-0.93376845,1.083357,0.28635034,1.0186801,0.39568093,-0.10861777,-0.021767415,1.3902011,0.5791895,0.4456079,-1.0086089,0.32142404,-0.040305503,-0.28192064,0.10016561,0.4404908,-0.6131537,1.1304724,0.07216451,-1.3174176
CATTGTAAGTAACGGA-1,-8.752189,-4.556114,15.181664,-1.0088423,-0.39465886,0.5466295,5.422763,-0.25135183,-2.9182613,-2.9003491,2.756466,-0.57841724,0.07748407,-1.5800872,-0.638818,2.2947738,2.759535,0.28645745,-0.0038959098,-2.2425556,-0.1921185,-0.23190317,0.659896,-1.3764414,0.28363273,-1.4300641,0.39151695,0.7018044,1.4746888,0.23752691
CATTTGTTCTAAGTGC-1,-8.329221,-4.277796,20.071232,-1.7238346,-0.58134526,-2.1365569,-2.6367347,-1.2462304,2.1594515,-3.7663596,2.1797142,2.0939558,-1.4347577,2.1660602,-3.8698294,-1.3679593,-2.1178403,-0.38580796,0.54944706,-0.78555775,-3.4738133,0.77687633,-5.0019646,0.1465622,3.5429096,0.54026747,3.8968027,0.35336447,2.125654,-6.2015667
CCAAACCCAAACGCGA-1,-6.848768,-1.6820908,2.1167748,0.19300556,-0.21665262,5.8580394,1.8533392,0.7835817,-0.32906398,6.1247005,-1.4486618,-2.5463297,-0.037446786,-1.3690727,0.6908563,0.6445352,1.9744946,1.2734083,-0.0625962,3.1689816,-1.8917832,-1.8516277,2.7921712,-0.6016487,0.0765944,-0.37237912,-2.203663,0.01451272,2.1478744,0.23596263
CCAAACCCAATATACC-1,-7.8022733,-1.9808013,-4.9530926,0.2664479,-0.46029344,-4.1193867,0.5321165,0.07968127,-0.53023124,-0.31540552,-0.9910828,0.7871257,-0.108991265,-0.28427193,-0.87336385,1.1785116,0.85147536,-0.61629504,-0.9446716,-0.542982,1.2183896,-0.5577089,1.2005262,-0.29083982,-0.09425279,-1.9247606,0.52775455,-0.027985023,0.5395175,1.7082652
CCAAACCCACCTGTAA-1,-7.192492,-2.3379672,-3.6345885,0.5925945,0.10288146,1.7686505,-1.2141489,-0.068022676,2.1974,-1.8101251,-0.697497,1.4190543,-0.69991004,-0.7831843,-0.104613185,-0.08271829,-0.006269425,-0.81680214,-0.006875051,-0.09432744,-0.7081736,-0.009449236,-0.6311319,0.94704705,-0.34080404,0.34157416,1.1990726,-0.3829769,0.45403782,-0.9540233
CCAAACCCATAGACTT-1,-8.935659,-2.5630155,-3.6025898,0.19488521,-0.86500156,5.284029,-2.278632,1.516418,1.0658647,0.77026236,-1.3415564,1.0590668,-1.3994634,-1.6335342,-2.2322385,1.8442643,1.6845039,1.1505325,1.3336174,0.109406695,-0.48320857,0.7304088,0.24566491,0.15978646,1.3811313,-1.2848959,0.5719702,0.806591,-0.0055892495,0.05142741
CCAAACTAGACAAGTG-1,12.178824,-3.11564,-0.51880723,0.28466827,-3.884605,0.57033783,0.011362123,-0.5638364,0.029098336,-0.4383157,4.74061,-1.4563494,-0.6637293,-2.0162807,0.3282991,-1.3982656,-0.26709086,-0.10194324,-0.24290398,-0.9155204,1.0930889,0.8128534,-1.5586872,0.6339201,-0.47560093,0.47845295,0.7675111,2.0808876,0.45135522,0.49604362
CCAAACTAGGGTTAGA-1,-6.973464,-4.3673706,12.63478,-2.3382883,-0.8086279,4.654001,3.857631,-0.9342965,-4.126527,-4.001829,3.0930362,-1.0019003,-1.8985112,-0.39060584,-3.78617,4.806569,2.3227642,-1.1002223,2.4851477,2.5124497,-0.6682767,-0.1446546,4.008397,-1.980226,0.23120129,-1.5672772,-0.072220296,-0.11551492,-0.9422005,1.7609034
CCAAATCAGGTCCGTA-1,-7.768711,-2.938551,9.070849,-1.5074371,0.29003873,1.4203821,2.9020605,0.19878592,-2.9102113,0.16386057,-0.38477802,-1.61152,1.1396903,-2.7756317,-0.96824914,0.058859866,-0.0047014877,-0.10595097,0.28072575,1.5605798,1.5995548,0.44357026,0.8516035,0.40605757,-1.7442874,1.2313646,-0.13105755,1.2552884,-0.9359487,1.6348358
CCAACATAGCACCACA-1,5.8716793,0.20919983,0.7652153,-1.9891312,2.527644,0.39572516,-0.34751898,-2.2064464,-0.07597228,0.0074958256,-3.0670469,-1.9481777,-0.20723456,1.11182,-2.4762275,-1.6179831,0.50041133,-0.59992164,-0.62131727,-1.9967841,-0.11106703,1.2529575,0.23302642,-1.7733666,0.15425289,-1.5906584,-1.3599122,-1.3833321,-1.1193014,-1.7953475
CCAACATAGGCCCAGT-1,-6.958465,-1.6082363,-4.2299943,0.32385483,0.5712147,-0.76968884,-1.0970347,0.38773575,0.81442773,-1.52402,0.4574619,-0.44962886,0.4739155,-0.38984087,-1.0557182,0.26178652,1.020436,-0.1211679,1.4603812,-1.9775391,2.0923595,-1.133714,0.7729261,1.8614184,0.3345261,1.0264573,-0.028837873,-0.21804224,-1.2031083,0.40212917
CCAACCAAGCGCTAAT-1,13.522549,-1.4863677,-0.15505207,-0.8854047,4.937702,-0.29872647,1.1162274,0.51528376,0.54251134,-1.5910292,-3.4649768,0.84541965,0.85249406,0.6189077,0.63153404,0.7612281,0.53746194,0.8767126,1.0176787,-0.65466034,-1.6197224,0.25181526,0.33334297,0.42810717,-0.57139176,0.64562935,0.10714535,1.6752527,-0.41869777,0.01552092
CCAACCAAGTCGCTAG-1,11.762252,-1.4378527,-0.2801131,-0.11829222,0.64124286,0.23819898,1.0946506,0.7839138,0.6618781,-0.9233705,-2.1178849,-2.0411186,0.8721048,1.8207308,-0.14331056,-0.5360804,-0.13353303,-0.26157263,1.8965106,0.028056711,0.50714,-0.46523765,-0.77266824,0.49294907,0.8875385,-0.67092943,2.173984,-0.9627238,-0.4098841,0.13020268
CCAACCCGTGCAATGC-1,-6.7424912,-1.1573063,-3.1832204,0.41174513,0.5282667,-0.4628354,-0.6122442,0.61081487,0.909981,-1.6917125,0.92223716,-1.0023478,0.9288186,-1.3464172,0.9709732,0.90500563,-1.5798037,-0.5998232,-0.20556343,-0.2558466,0.8331143,0.26156005,-1.5495168,-1.8242208,0.33538392,-0.28113893,0.28398764,1.5787572,0.8998754,1.3662579
CCAAGGCTCCATTACT-1,11.82537,-2.0561194,-0.6063953,-1.1926621,-1.2986422,0.090681866,0.36104342,0.32811552,0.39549473,0.041183583,0.8595318,-0.14061886,0.44065136,-1.0982263,-0.4423475,0.42510074,0.3473195,1.6108481,1.5740386,-0.4710529,-0.039840344,0.15629682,-0.5534482,-0.47108346,-0.37175038,-0.027703067,0.29170233,1.3640068,-0.854309,-1.2130687
CCAAGGCTCGCGCTAA-1,-5.7527947,-1.9660012,-1.5866773,0.26058686,0.8281292,3.3137722,0.15004525,0.47531548,-0.02174155,-3.0725389,1.4201491,-1.1877218,0.8429338,-0.58017564,0.7801285,0.99018717,0.27688238,-1.2185032,-1.1566666,2.5946813,-3.0625303,0.84759885,-1.6047744,-0.28625968,-1.2124327,2.4309216,-0.3372098,-0.6546747,-1.026795,-1.831776
CCAAGTTAGTAACCAC-1,12.519211,-1.6636649,-0.77575475,0.03340555,-1.1154265,0.15983178,1.0978248,0.64418256,1.3138518,0.0929151,-1.1688243,0.02889429,-0.089968726,0.67232895,0.4791119,0.267566,0.29440728,0.54045707,1.3380715,-0.1027015,-0.193337,-1.6144698,1.5333598,1.4797368,0.4843772,-1.256626,-0.1545986,-1.548535,1.7172527,-0.44032577
CCACAATAGCCTGAGC-1,6.388525,-3.2158537,6.5107102,-1.9461843,-1.1032002,-1.122407,1.7900217,0.13376456,0.2427622,-1.7821764,0.7859204,1.8027637,-0.14475903,-0.14261234,0.5727724,-0.21197924,0.40150145,2.2654703,3.5053682,-1.5052328,0.5153995,1.250572,1.8719432,0.0681674,-1.1651715,0.059528492,-1.2196722,0.5915357,0.5676166,-0.56628793
CCACACAAGAGGCTAA-1,-6.777138,-3.033246,-4.335996,0.35029432,0.07087604,1.8749855,-1.5420778,-0.5580474,0.49157277,-2.0899117,0.7971123,-0.9831426,-0.7713512,0.83700603,-0.20629945,0.50982714,-0.7583662,0.76211065,0.37889412,-0.26620072,-0.27754855,0.032791223,0.9081727,1.1860399,-0.27322122,0.0134482,-1.0340121,-1.7487284,-0.97074795,-0.24989292
CCACAGGGTTAGCGTA-1,-5.035475,14.655943,-1.9893949,-3.1414335,-0.29617727,-3.0398242,3.867093,-4.379652,0.45058697,2.245584,-4.3736095,1.2226189,-7.7951055,-3.8134527,-6.906278,-7.9288554,1.4105974,6.7814574,-1.2561009,2.0240493,0.5694058,2.2052891,2.0752776,-0.5853145,-0.2752467,4.3258176,5.305136,-1.2995245,-0.59480923,2.8243992
CCACATTGTATGTGGC-1,12.62823,-1.687674,-0.40791667,0.008180289,-0.66105086,-0.52411723,1.7831134,-0.37488765,0.63454133,-2.3351488,-3.4653172,-1.4876424,1.0039481,1.7864023,-1.1408733,-0.06640439,-0.6575688,0.0821367,1.2850082,-0.32645595,0.7780171,-0.9758465,1.2300091,0.549177,-0.6491543,-0.6654304,0.98375344,-0.9553415,-0.044341624,-0.38116992
CCACATTGTCAATAGT-1,12.943161,-3.1209118,-1.1683687,-0.6048771,-5.7153406,-0.247127,-1.0054448,-0.69357663,-0.30568483,-0.10772657,0.10089414,-1.302785,0.078909315,-0.24825738,-0.44619918,-0.5371588,-0.56356263,1.4640645,0.3652966,0.5542377,0.2315355,0.23183146,-0.03234047,0.996655,0.5365788,0.37413725,0.33066803,-0.6670726,-0.98910356,0.22311331
CCACTTGGTGGTTCTT-1,-8.212424,-2.05612,-0.99837625,-0.21826941,-0.6249715,6.141159,-0.45680237,1.3846503,-0.2510337,2.2479799,-1.9256183,0.40627667,-0.19169582,-1.5567814,-0.10109286,0.34365132,-0.8345182,-1.6605872,0.6296711,-3.3037782,0.15218699,2.9848459,-1.5794001,-2.1423573,0.85995996,-0.3815407,-0.32065836,0.35446966,2.8287976,1.2825713
CCACTTGGTTTACCGT-1,-5.514473,-2.75,-4.6638317,0.14705926,-0.14451802,-2.6208475,-1.2684622,-0.36165854,1.1933742,-1.9389235,0.9086741,-1.9575233,1.1143715,0.18610533,-1.2610877,-0.78407943,0.01335101,0.5138098,-0.031308293,1.2398401,3.4450164,-0.091996595,0.21005021,-1.1252313,-0.30277362,-2.7475455,1.5234936,-0.056325752,0.65895855,1.2354954
CCAGACTCAGTAGGTG-1,-7.077703,-0.37132227,-3.2185092,-0.9837086,-0.742272,4.7010064,-4.2819514,1.0190402,-0.041825157,-4.924015,1.4413354,7.5227966,-1.347048,2.3082268,1.3404181,-2.5968761,-1.128777,1.481561,-2.2891984,4.8541813,-5.2317076,-1.9089724,-0.82933336,3.2696996,2.302064,-1.035205,1.0555838,-0.44299942,-1.8560377,-2.9903693
CCAGACTCAGTTATCG-1,-8.90764,-2.535428,-5.326996,0.7055731,0.08109193,-0.5616147,-4.119613,-0.04590975,1.6921402,-2.2337933,-0.29820067,1.3672216,-1.2803615,-2.1636796,-1.0395564,0.4814583,0.7824633,0.49234685,0.03949268,-2.608916,2.3660448,-0.7188992,1.6474364,0.029148577,0.8751824,-1.0368068,-0.18402056,-2.7655234,0.22031845,0.20383331
CCAGACTCATAGCGGA-1,-6.759988,-2.2205036,-4.4450893,0.7657754,0.44377342,0.35989925,-1.007619,-0.59173536,1.6140832,-1.3642746,0.71169215,-0.93506455,-0.42309707,1.106397,1.443955,-0.6221877,1.1389674,0.49115342,0.17499706,-1.2190162,2.325293,-1.0142581,1.111353,-1.0910789,-1.709597,0.6217185,0.44943097,-1.2113979,-1.4935571,-0.32828826
CCAGACTCATTGCGAC-1,15.6918335,-1.6471694,-0.2270324,0.015798759,0.10202443,-0.24477158,0.23662485,-0.14636824,-0.16031286,-1.4033482,-3.526863,1.0157635,0.7821958,1.4855515,-0.20404725,1.2192026,0.74706686,0.5987797,0.56389654,0.5298092,-0.68979734,1.042511,-0.119835235,-0.79009444,0.5854139,0.2203928,1.4079086,-0.30147323,0.6084566,-0.6119045
CCAGCCTGTAGGTTGC-1,-5.5639243,-2.6613877,-3.3726354,0.2340029,-0.43790516,1.259484,-1.073412,0.2818211,1.1249065,-0.7648979,-0.6209639,-1.8597076,0.9393971,-0.5083327,-0.8470017,1.079974,0.4769871,-0.56370246,0.6416778,0.040214606,0.950223,-0.47296375,0.21223705,-0.18833366,-2.221991,0.43215227,-0.21816616,-0.56899995,1.0672632,-0.5233694
CCAGCCTGTTCACCCA-1,-6.6146636,-0.96060294,-2.1435645,-0.25667816,-0.23159723,-3.3197808,1.3174075,-0.21831499,-1.8857273,1.9613904,-0.36854666,-0.28710556,0.89616203,1.7894795,0.19313619,-0.8848152,-0.87854004,-0.65969014,0.65318125,-0.50138813,-1.19355,-1.3026587,0.5188785,0.6030523,-1.1416088,-1.0332644,0.49458164,1.22764,0.27331144,0.97944146
CCAGCCTGTTTAGCGA-1,7.5819197,3.4557343,0.69458264,2.0311804,5.7980556,0.9672545,8.467963,4.803784,9.594035,0.556318,2.2258286,-1.4470094,0.04730376,-1.5355254,-0.7040625,0.3240094,-1.3523439,-2.4789956,-5.1254168,1.163059,1.650768,1.4934639,1.2278622,1.4331651,0.13802563,0.50576353,-0.32299846,-0.8658519,-0.5692406,2.7673542
CCAGCTAAGAGGAAGG-1,5.720144,3.8327985,0.63801986,2.581589,6.1445293,0.91730076,5.8912177,5.612746,6.786388,0.50143266,1.1370106,-0.6861973,0.52866083,-1.3791236,-1.708379,-1.02722,-0.90921897,-1.3282887,-4.216586,0.09198394,0.68082917,0.14120503,0.49650705,1.2400585,1.9852575,0.9768875,-0.55541724,-1.2838578,0.20186585,1.8726497
CCAGCTAAGCCGCTTT-1,-0.31731164,23.55426,0.6030856,-5.2781887,-1.9510916,-0.5547936,1.1704975,-6.1749277,1.7575481,2.0774097,-2.5438366,-2.425075,-1.1241958,-3.3087277,-3.9449914,-4.643422,0.94439876,-3.1833382,-0.03595811,-3.4807498,1.366541,-6.5839095,-1.7179961,10.187199,-1.8251346,-7.0561857,9.613885,4.3987255,0.24378571,7.4733157
CCAGCTGCAAAGCTAA-1,-8.0188465,-4.3081346,23.637503,-1.5121342,-0.675552,-4.1863723,-3.459122,-0.028076034,3.0494149,0.71977603,-1.4646679,1.1781781,-0.18265341,2.0220597,0.586374,-3.4194684,-0.2268888,1.2435361,0.9246792,-3.5321324,0.7759583,-1.3175607,0.93889374,1.280404,1.1197779,0.07070952,-1.0747479,-0.59060717,-0.07462819,0.4189505
CCAGCTGCACCAACCG-1,-7.154434,-3.1945705,-4.4699135,0.3153009,0.65984756,-5.437707,3.5883203,-0.6998332,-1.3086241,1.8733428,-0.27226695,0.20827018,-0.42053288,0.2897126,-1.2452233,0.35705286,-0.287558,0.24032757,0.124633946,0.8923365,-1.7752801,-0.07935412,-1.6062932,0.5594096,-0.26708525,-0.4522797,0.55842835,-0.058495004,-0.07816005,-0.8533903
CCAGGAACAAACTAAG-1,14.311729,-2.9709072,-0.75883067,0.26463977,-4.9382615,-0.66668254,-1.7935336,-0.8672546,-1.5368831,-1.1048275,0.21949573,-1.4999459,-1.1337639,-0.44370222,-0.13641675,0.36176527,0.58900774,0.54679215,0.66468453,-1.8462952,-0.7298226,-0.7988687,-0.92940235,-0.56655544,-0.05000383,-0.36717045,-0.039597098,-1.5880625,0.5253906,-1.7208911
CCAGGAACATAATCAC-1,-6.8921804,-1.6809363,-3.3567226,0.80937093,0.0021680272,1.466109,-0.59551156,0.34893167,1.5006901,-1.5899944,0.34174505,-0.85726535,0.10534365,0.23386233,1.4889753,-1.9416565,-1.1978496,-0.118544355,0.06882649,0.49306455,1.0626538,1.3301169,0.90053564,-0.4800428,0.97670984,-1.2432222,0.19917634,-2.9667885,-1.0014403,-1.6246015
CCAGGAACATTGTGCA-1,-8.634691,-2.5083592,-3.5190136,0.18175256,-0.14536634,-3.4390562,2.3711383,0.1667587,-0.8099612,0.8332352,-1.0091769,1.6327622,-2.584918,0.39014357,2.3519316,0.32601,0.31783596,-1.3966911,0.5338624,0.14045599,-0.19301715,1.1480532,2.1167178,2.1473672,-1.1086746,-2.1622727,0.25261682,-3.1979604,-1.760512,-1.1088048
CCAGGATGTGGTGAGA-1,-7.055939,-1.5747122,-4.461563,0.15561518,0.16038567,1.0594554,-3.952708,0.24380758,2.3819013,-5.0814247,0.45687824,-2.3506448,0.8154229,-1.7799053,-0.47184744,1.2422571,0.48407903,-0.071370654,-0.8204348,-1.1423715,0.0025706377,-0.084392756,1.0276958,0.2326053,-1.8425876,0.94661003,-1.021916,-1.6516738,-0.0524194,1.350065
CCAGGATGTTGGTTAG-1,11.09813,-1.2294766,0.57871205,-0.26397383,9.2886,-0.2788914,-1.290617,-0.1383172,-1.3511417,-1.3412746,0.12864597,0.41250414,0.1465772,-0.41770852,0.81071913,0.26778305,1.8262287,0.77737194,0.8057734,0.24054623,0.969724,0.47321847,0.063154995,1.2960544,0.10729321,-0.16216797,-0.23321727,-0.64446664,-0.15390128,0.46858546
CCAGTTTGTAGTCAAT-1,15.012483,-2.3900633,-0.8064833,-0.39117467,-3.509735,-0.6918423,0.74992657,0.45536372,1.3323485,0.025908938,1.4426732,-0.13599606,0.14264153,-0.013340894,0.35089388,0.02205274,0.010733275,0.5749785,2.3315656,-2.0829647,-8.9820576e-05,0.43612167,-0.4289755,0.49686044,0.27753234,0.13023253,-0.27090508,-1.5068734,-0.4474772,-0.8900036
CCATAAATCACGCATG-1,1.4183022,19.400122,6.548766,41.207813,0.75970227,0.7920778,-1.7205968,-0.8147426,-4.72605,-0.849747,0.37285802,-1.2406075,2.5467925,0.16732247,0.60157776,2.8219874,0.5500339,0.62106186,1.8864267,-0.5300116,0.947621,0.3022561,-2.4606864,-0.28775477,1.4075608,-3.7386498,-0.3832862,4.2659936,1.3627938,1.5439008
CCATAAATCCCTCATA-1,-0.8688207,19.485603,-0.44513267,-2.487371,-0.19770707,-0.019466097,0.44566947,-2.898676,0.40742365,-0.030770646,2.1182985,-4.0244455,-0.43313032,0.146046,1.1293226,-0.30714843,-1.1885853,-1.4791245,2.1622941,-2.8192234,-0.36834905,-3.8945463,2.975623,1.9602112,-1.3513719,0.82249665,2.3577662,-1.0470498,2.5103488,4.19952
CCATAAGGTCTAACCT-1,-6.91364,-1.6364709,-3.6092422,-0.17177972,-0.05304134,-3.7967887,2.248168,0.89702386,-0.8155807,1.3073622,-0.7944109,-0.8162293,-0.55497193,-0.69509375,-0.7822169,0.364768,-0.02667068,-0.13185868,1.2748563,-0.5409157,-0.74599445,0.7362139,-1.005583,-1.0666665,0.9353292,1.1328955,-0.8356116,0.52686936,0.77891153,1.1985682
CCATAAGGTTTGTCTA-1,-7.129734,-2.1857247,4.8241124,-0.94076693,-0.2626634,2.2968504,4.6441774,0.42736346,-3.7429368,-3.0139,0.23605506,1.5921271,1.7658527,-2.7234035,2.703849,-0.67208725,0.7287404,0.64023894,-1.8441547,-2.0856068,2.1411192,-2.3018162,-0.5831719,0.21452202,0.034362823,0.5204507,0.98618895,-0.36420563,-2.0064406,-1.3001221
CCATAATCAGCGCTTG-1,-6.3859534,-1.2237455,-3.9257169,0.45606515,-1.5712391,2.5219533,-3.4711092,-0.3529863,0.92436373,-1.9150324,-1.6361935,6.2991476,-0.9749993,-2.0363376,0.30616996,0.8510496,-1.5485388,-0.67573595,-0.23740317,1.218323,0.9153454,0.34760815,-0.46865293,0.7722573,-2.5895834,-2.1719992,0.02026429,0.0067531425,-0.23382282,0.90834713
CCATAGCCAATAAGCA-1,-7.8245635,-3.4235983,13.766973,-0.96720904,0.053478513,-0.12200536,5.7913375,-0.31725615,-3.2140455,-2.224763,1.2994996,-0.43716204,1.0753146,0.090507306,1.5900029,-0.12211654,3.1598835,1.210048,-0.10270572,-0.80419326,-2.5918498,-0.22608376,0.1669276,-0.7695623,-0.7822325,-1.2639738,-0.92493373,-0.16007093,3.2110772,1.8193179
CCATAGCCAATATGGA-1,-8.163003,-3.4598036,13.245764,-1.2112141,-0.6309009,1.9099385,6.0839553,-0.84866464,-5.7182183,-5.9191256,1.6083648,-0.031660944,-0.08478396,-1.9455767,-0.27946156,0.71399146,-1.938494,0.7686077,1.1773144,0.11237623,-2.19062,0.15114026,2.698161,2.9706514,0.042470027,0.7266025,-0.5069581,-1.6904972,1.4550211,-0.5672964
CCATAGCCAATTGACT-1,12.695601,-2.819734,-0.3590791,-0.88041204,-6.3259983,1.0533726,-1.2327849,-0.43439436,-2.1685174,0.98330253,1.4688869,-1.3641958,0.4717986,-0.22868465,-1.7954113,-0.79029036,-1.3027794,-1.3009202,-3.6138678,1.1732337,1.6934657,0.13287926,0.053338293,-0.5171174,2.0363698,0.011155555,-1.5540853,0.09650846,0.972648,0.15405704
CCATATTTCCTCCTAA-1,13.223711,-1.7437673,-0.19200125,-0.46487665,7.0758576,-0.45490178,0.38809684,0.48664036,-0.8489766,-1.3319525,-2.6154177,0.9457719,1.4586632,1.0501093,0.11743948,0.21835282,2.222535,0.45344177,2.0783725,0.52282894,-1.9532292,0.2587573,0.8180324,0.0029056957,-2.1891274,1.8739841,0.59039855,2.4965076,-1.2021455,2.0696592
CCATCACTCGGTTTGG-1,-5.8298483,-2.0758255,-0.70483375,-0.08930952,0.09502179,8.368563,0.3515933,2.497443,-0.7511932,10.395798,-0.4831275,-0.6541692,-1.4200183,-1.5989838,1.6542771,2.3764448,2.6633108,-0.2639388,0.9489461,4.675221,-1.5261644,-0.61821365,3.6805134,0.5618013,0.11679977,-1.6004189,1.6086264,1.1638675,-2.4063587,-0.5268967
CCATCACTCTTCAATC-1,-5.8126364,-1.7737733,1.9908104,0.0055450574,0.6830169,3.4587617,2.143198,-0.2131536,-0.14664498,-3.3583472,2.717139,2.7767882,-1.1725168,5.949136,6.7673345,-5.6500187,-1.6012592,-0.7665112,-5.76294,-0.16216262,-3.5674627,-0.9630652,-4.627003,-2.8651814,-2.5789976,2.1474,2.7028084,0.41856426,0.5293563,4.190569
CCATCATGTAACCACA-1,-6.485588,-1.7948291,-5.3766947,-0.055627223,0.6512142,-2.701194,-2.753677,-0.78085417,1.6327055,-2.025793,-0.4373128,-0.7209739,-0.73735094,-3.7633984,0.118992575,-0.67155176,0.7769047,0.32771474,-0.6219674,-0.14061213,0.11611223,1.567953,1.189844,-0.23664445,0.3410174,-1.1803833,-1.2346278,-2.7327492,0.9122812,1.7161376
CCATCATGTGCTTAGA-1,12.340867,-1.5389807,0.46818444,0.56536096,3.666473,-0.6206761,0.87322617,1.3304487,-0.027595753,-0.6392176,-1.8526648,-0.019591091,0.7033262,0.479545,-0.7550728,-0.6879319,1.0207628,-0.36642015,0.5698827,0.52290493,-0.5790077,-0.5847863,0.50761044,-1.2966701,-1.7689369,0.89840746,0.8051445,0.052763,1.2541552,0.6926334
CCATTATTCTAACTGA-1,-7.754102,-2.6836932,-3.3464694,1.6052837,0.41780517,-4.0195236,3.8821592,-0.41721684,-2.327816,2.6160116,0.84683377,-0.050444722,-0.17414875,2.2327776,-0.47584122,1.320102,1.5598317,0.47599918,0.63362056,-1.621831,-0.20965663,0.92699397,-0.031662304,-0.6596943,-0.2310114,0.31745735,0.25166497,-0.5436586,-0.21545139,0.044849597
CCCAAACCAGAAATGC-1,13.104903,-2.5109477,0.3754298,0.58961016,-2.3295872,-0.37312245,-0.13831376,0.15523674,0.7600401,0.78549635,3.8776019,-1.0623101,-1.496604,-1.2084786,0.4307333,-0.40822095,1.8029697,1.1250745,0.21553749,-1.3204924,-0.013986208,0.8493482,-1.0855371,0.63881487,-0.49652305,-1.2962565,-0.1318115,-1.2074357,-1.8743696,-0.35822687
CCCAAACCAGGACCTT-1,11.63075,-0.23551355,-0.1545971,0.76094896,6.173157,0.18202138,2.9940066,2.0902798,2.8643336,-1.0694609,-0.8770736,0.9062611,0.5569621,0.2186457,-0.5607276,0.55694276,0.5269993,2.2923303,0.6738879,-0.9901081,-0.058732465,-0.14567046,0.07953414,-0.22960134,-0.60065556,-1.1393231,1.1359364,-0.705831,-1.5124781,-2.2129955
CCCAAACCAGGATTAA-1,8.679931,-1.6298385,1.1164004,-0.85154366,14.63953,-0.88475734,-4.2580123,-2.2258167,-3.0444517,2.983397,3.9121647,0.264041,-1.4243177,-1.9129382,1.5180417,-0.63831884,-0.4238435,-0.16666493,0.30164838,0.39468655,0.355003,0.8156401,-1.0385681,0.41948688,-1.0117527,-0.66945875,0.3140291,0.17757754,-0.56045514,0.48279622
CCCAAATAGTGAGCGG-1,-7.1343327,-2.2144287,-3.6963518,-0.0983411,0.5725606,-4.764109,2.5002434,-0.5772425,-0.89587027,0.867623,0.9512028,-0.8097475,0.7252074,0.79722553,-1.0987741,-1.5546588,-1.8837655,-0.78649503,-0.6934015,1.4856216,-1.5124949,1.2774534,-1.2120702,-1.59168,-0.61382675,0.30550084,-0.66383994,-0.26993346,0.12551107,-0.23831049
CCCAACCGTCCTAAGA-1,-7.706492,-2.5022643,-3.954597,1.8452429,-0.34252733,-0.39580595,-2.4507608,-0.74546474,0.9326612,-1.8062133,-0.26843125,0.037653245,-0.92411745,-2.3505714,-0.18916473,0.8917677,-0.86619455,-1.9309609,0.6465819,1.5862647,0.31354725,0.6465764,1.9549679,2.90494,0.25272173,0.35923818,-0.7688122,0.610206,0.5501662,1.8115543
CCCAGCACAATCATGT-1,10.711387,-1.6471791,-0.8775565,-0.50213045,1.304692,0.77335435,0.5758785,0.45245886,0.25238925,-2.0005531,-1.3703804,0.16812825,-0.035457388,2.4703846,-0.80453056,-0.60989225,-0.71673864,-1.249076,-1.0694408,0.21121314,1.4072571,0.65397114,1.1427214,0.31906542,1.2136917,1.0861703,0.29841223,0.63571185,0.54462254,2.2348084
CCCAGTTTCCTCATCA-1,-6.2751846,-3.0380921,19.476774,0.6214414,0.32331586,-3.7104855,-5.3989196,-0.19253112,3.2648518,1.4462005,0.053979933,-0.011510148,-0.8093357,0.69769233,-1.2130941,2.8865612,-1.6218467,0.22424392,-0.92934036,-0.27787527,-2.9560108,-4.623146,-0.38590446,0.34919563,-1.8962762,0.316257,-2.3932219,0.30376223,-0.10382736,3.3950756
CCCAGTTTCTGTTGCC-1,-7.905209,-2.566141,5.9538536,-0.58851874,-0.92274475,3.746884,4.0253305,0.16663563,-3.741783,-1.045678,-4.053934,1.0294421,0.39938527,-3.2930155,3.8603508,1.2110403,1.7017204,-1.5224209,-2.7008092,-0.45419133,-0.34829804,-2.4516392,-2.990483,-1.1440774,2.1278203,-0.5227396,0.20291151,-2.7182815,-1.0583992,-2.3778281
CCCAGTTTCTTGGACG-1,-5.6842046,-2.1459928,-0.39533156,-0.6568862,0.38686633,7.282256,-1.1417255,-0.116162434,-0.2635429,-1.327458,3.7973182,2.884611,-4.540945,12.529414,2.5791569,-4.210765,-0.9554104,3.7255607,-3.1500478,1.6112254,-2.5543187,-3.1074965,2.9014852,0.22948475,2.7326174,-2.7716746,-2.1419888,-0.25205794,1.1979058,0.7075894
CCCATAACAGGAACCA-1,-7.7579565,-2.819946,6.180993,-0.073988974,-0.88731456,5.1628795,2.8414838,2.362827,-3.0829632,10.512708,-3.425137,1.4771745,-0.25951168,-1.2838235,8.678185,0.7144257,2.5229583,2.7930775,-3.4835534,3.9361033,-1.3371761,-4.859819,7.474016,0.3313771,-0.5178756,-1.9517967,-0.8375795,0.7146393,1.0474899,1.6736065
CCCGCAACAGTTGCGT-1,-8.724697,-2.6425438,-5.4975257,0.11121825,-0.57293385,-4.817019,0.4880844,-0.80590427,-0.7126327,-0.0030855946,-0.98272073,2.251529,-0.3348015,-0.62065375,-0.41061834,0.36164302,-0.67795104,-0.6581364,-1.0406024,0.4105693,1.2543052,-0.9954163,-0.79254156,0.14315933,-0.82802767,-1.1912055,-0.48676088,0.81413084,-1.4601823,-0.10936265
CCCGTAAAGTTAGAGG-1,-7.090247,-1.5712477,-3.6975584,0.7211766,0.27672744,5.628723,-0.52211934,-0.94052696,0.7973545,-0.041289624,1.0118638,0.25770745,-1.101276,2.3220916,-1.9063193,-0.2732794,1.4966719,-0.91949666,0.24415286,-0.8634298,-0.5203872,0.38056776,-0.21427079,0.12794124,-0.2838693,1.6566037,-0.5773022,-1.4766058,-1.3429561,-1.5307109
CCCGTTGTCAACAAGG-1,10.457907,-1.1563107,-0.4321095,-0.67496586,5.379963,0.20431963,1.7486813,0.50271386,-0.1111402,-1.3066223,-3.8982174,-0.28548658,2.0647166,2.1924706,-0.89856404,0.19383341,0.050727766,-0.911301,-1.3248001,0.93032956,0.2799347,0.3493587,0.4332319,0.1989562,0.474979,0.18443592,-0.22028176,0.38416573,-0.28147388,-0.22135335
CCCTCACCAACACCTA-1,-5.8040814,-0.92872745,-1.5338953,2.0303042,-0.34911433,7.9666896,-2.728949,0.82832974,-0.56807125,7.774981,-1.8288993,-0.86854535,1.748983,0.2553491,-1.240731,0.64497226,0.12316433,-2.0033207,0.99846506,0.722826,-0.4592792,0.2677194,1.7389264,1.7892053,0.9862095,-0.28706744,1.2128716,-0.7393737,-0.5701093,-3.9806814
CCCTCACCAAGACTCC-1,-1.7982174,20.450813,0.29715133,-6.1580343,-0.9797649,2.3124557,-0.0076137544,-6.8065534,1.3384862,2.2012966,3.4664125,5.6777315,15.189704,1.8623598,-1.4480433,1.567,-1.8654569,2.4544802,-1.6170604,-1.1097677,-0.23958397,2.372839,0.76051396,-0.3620258,-2.527064,-1.4254555,-2.0373027,1.7882116,-0.98683286,-1.3053292
CCCTCACCAATAACCT-1,10.534393,-1.9292071,0.9410851,-1.5125557,8.8919325,-0.7259771,-2.3887846,-1.6118261,-2.4591846,0.53183615,1.4908972,0.26856077,-0.6360733,-0.31315336,-0.123769745,-0.5252662,0.008979067,-0.7071383,0.24811752,-1.1721916,0.9311136,0.7525394,-0.6034251,-1.0105318,1.0623746,-0.08124004,0.6716984,0.5242633,-0.3732803,0.343489
CCCTCACCACTAAGTT-1,-7.3528314,-1.9780998,-5.5937796,1.3756809,-0.11965879,-0.85476136,-2.6178632,0.55489194,2.3646207,-2.8196495,0.055168707,-0.39691633,0.12696512,-1.4455249,1.806666,0.7062572,1.3939579,-0.32074687,-0.012790382,0.26002997,-1.0846716,-0.6993781,0.46521965,0.6985363,0.54217976,-0.3428542,-1.5693021,1.073241,1.2076308,1.7965773
CCCTCACCAGGCTAGA-1,-7.071118,-2.6517768,11.201875,0.06709519,0.096161895,1.4311801,1.8460658,0.6554134,-3.160921,1.0436531,-1.7397225,-0.8496398,0.7332984,-2.3396516,3.4749017,-1.6332259,0.88332325,-0.19071576,-1.603661,-1.2080711,2.4653358,-0.79999316,-0.17964216,-2.7691405,-1.3309605,1.8431225,-2.1851194,1.6800611,0.1839898,0.4371576
CCCTCAGTCATTTGTC-1,-9.06039,-1.8781952,-4.1220512,0.12829503,-0.67449266,4.8788924,-2.7608333,0.6582633,1.2461736,-0.09289064,-0.9555098,0.5977303,0.67056113,-1.2906766,0.42638177,0.84870154,0.3416836,0.34330747,0.5189453,-0.041945826,-1.178942,3.5335515,1.280524,2.3473742,-0.7936349,-2.2521548,-0.37937188,-0.4312873,-0.8592836,-0.53701544
CCCTCAGTCGGTTTGG-1,-7.311385,-2.1603436,-3.0366576,-0.46800655,-0.12411685,3.9405408,-0.3847911,0.48239094,-0.56396896,-2.4164913,0.13206038,-0.43817192,0.39888862,-0.7389828,0.46994448,-0.3890576,-0.94667333,-0.31414026,-0.04064969,-1.066995,-0.7164056,2.0181935,-0.58504,0.8793445,0.17993613,0.53207964,-0.5736531,0.21942167,-0.15588585,-0.785724
CCCTCATAGCTATTAG-1,15.30419,-3.5421128,-1.0576544,-0.6775094,-9.644621,0.12726286,-0.8828489,-1.101269,-2.2390714,1.4278829,5.090964,0.63715976,-1.2405962,-1.3661059,0.5868471,0.64492565,-0.36261246,-1.3000209,-0.69929796,0.40671697,0.5967402,0.3850053,0.1579184,1.382779,-2.5013633,-1.0131658,-1.3515403,-0.4878246,-0.109865844,-0.70758903
CCCTCATAGTGACCTG-1,-0.98139673,26.622982,0.16700883,-8.113249,-3.2203088,-1.8020713,-2.481305,8.988115,-2.9459217,-1.2936311,-1.2259338,0.039962515,-3.132798,-0.5597165,4.6957717,-2.7186625,1.0384673,-9.94856,4.327159,6.0201025,-4.186194,-1.1509444,-3.0532937,1.0997919,-8.852349,2.0269525,-2.2713482,-6.8985076,2.9362407,0.15202624
CCCTGTTAGCTGTCAG-1,-8.520569,-2.543046,-5.0849376,0.3699382,-0.19022802,-6.451293,2.246276,0.8781773,-0.08392537,1.7773936,-0.74772185,1.767303,-0.1478662,0.71629405,-0.80064255,1.517013,2.3270063,-1.0746535,0.42301214,0.313758,0.23716475,0.5110068,0.28796062,-0.56588984,1.3149824,-1.5177199,-1.2120663,1.3585588,0.89420736,1.465059
CCCTGTTAGTCGCAAT-1,-6.7909884,-1.766192,-3.6355028,-0.8187158,-0.25513384,-0.27312097,-1.2838551,-0.7696621,0.27792302,-0.765451,0.87335515,-1.34871,0.22569962,0.027548952,-0.90533614,0.03300267,-0.24833304,-0.80289125,-0.49341068,-1.708492,1.089059,-1.6109716,-0.34933892,0.0036665953,-0.281795,-1.6967095,0.65632856,-0.09341056,0.7609804,1.3112174
CCCTTAATCGATCAGT-1,-7.5525765,-4.2020936,19.543074,-1.7466987,-0.76195556,-4.5317073,-4.164866,1.0971419,4.8751965,2.5830572,-0.4157866,-0.2705759,-0.7455693,0.5413706,0.7820994,1.3641081,-2.053227,0.18590619,-1.5282081,1.048128,-4.063257,0.14014043,-2.3529847,-0.84134275,1.1238399,0.22587375,-2.2107472,-0.41428325,2.1067986,2.6021423
CCGATGCAGCGAGTAA-1,-1.1237433,22.555582,0.4756677,-4.808544,-0.0042047347,2.1865485,2.367111,-8.649724,2.955441,0.8239835,-1.0741539,4.2549157,-0.6808936,1.1061065,0.42392406,-0.676768,1.727059,-2.4031546,1.4501565,1.9177179,-1.6682945,-0.8700589,-1.0374781,-2.3384728,-2.5588303,-1.9085913,-3.263186,0.25673234,2.3145306,0.60053575
CCGCAAATCATGCAAC-1,3.8108127,5.1715574,1.5495903,-1.7571238,3.7001219,-0.15069045,2.3061068,-1.462727,3.2376177,-0.10810119,-0.7908052,-3.6014247,-1.0142375,0.5980108,-1.2181697,-0.81348574,-2.279854,0.8527233,-3.579355,0.7605236,1.4530141,-2.8917255,-0.8369294,4.029699,-3.998128,-1.1557708,0.36242366,-4.1209307,2.1632502,1.749339
CCGCAAATCTCGCCCA-1,5.88316,4.142245,-0.41811,-0.7562138,1.7556808,2.0946457,1.0920767,-0.4894567,0.9211379,0.6908365,2.195,-1.5827789,0.5910943,-2.292006,1.0749872,-4.1786556,1.1594377,-0.5863348,0.7612305,-1.5111831,-1.2298784,-2.579553,0.6010475,-2.031382,-1.9909675,-0.33282706,2.3750174,0.2615863,2.573263,0.13667159
CCGCAAGGTAATCCCT-1,-0.8885953,19.411238,0.06774991,-3.7599938,0.4705161,-0.18531714,-0.31261584,-1.7453532,0.1750733,-0.9379107,-0.38915154,-4.713237,-3.8418758,-0.8573286,0.16176756,-1.7467284,1.2690179,-2.4213595,0.7110565,0.64313793,-0.36611962,0.36273932,-0.74058354,-1.0086789,-1.6304607,-3.4886355,-2.3988323,1.0156919,-2.1862798,-0.45430708
CCGCAAGGTTCAAGCA-1,-7.0429583,-2.452045,-5.137942,0.6086914,0.5113897,-2.8832748,-0.82657653,0.41747007,0.28094396,-0.19946468,-0.104868,-0.45121083,0.019118473,0.2206767,0.2820773,-0.120849594,3.6893933,-3.072378,-0.8433516,1.1620144,1.2414615,-0.42787483,1.3343452,-0.9972228,1.6342127,1.9767832,0.7255174,1.9038163,1.6051964,-0.89533865
CCGCACACACTTCACT-1,13.04063,-0.96029276,-0.50759083,0.29222193,-2.016316,-0.37015468,-0.07158368,0.0068191714,0.6413736,-1.3748143,-4.164727,1.2637398,0.9615989,3.1396618,-1.5859486,1.3978362,-1.3144952,-1.4169601,-1.5792305,1.6325505,1.1838865,0.71168417,0.471959,-0.65295637,1.2755897,0.47625822,-0.13082078,0.96208036,1.2416048,1.1262704
CCGCACACAGTTTCTC-1,-6.618384,-1.8709463,-1.5529292,1.3928388,-0.3255141,5.5888033,-0.75473267,1.4200703,-0.3710722,3.4621773,0.08362286,1.4616978,-1.5061693,-0.40472072,-2.2924755,1.8626299,-0.918729,1.5182003,3.021955,-2.010517,2.566857,1.5386081,-1.7160826,0.6413048,1.1030593,0.7912793,-0.78518844,-2.3312392,1.2675624,0.07565087
CCGCACACATGAGCAG-1,13.181943,-2.7802525,0.0034380325,-0.58193016,-2.7343051,-1.083256,-0.027233329,0.34707066,2.2772725,1.5252612,-0.5227899,-0.7568543,0.62866366,-0.070521586,0.12685885,0.08589914,1.6699184,1.3951236,2.212117,-1.1425954,0.06539899,-0.42571867,-0.78977436,0.1739099,-0.4149411,-1.299787,0.15747361,0.43297294,-0.90531427,-2.3987947
CCGCACACATGTTTGG-1,-3.002819,24.641396,-0.041331403,-5.953294,-2.5979002,0.7741143,0.56461865,-14.309459,3.052597,2.6141133,-0.8723292,10.438039,6.5164113,-1.1164397,-2.4518495,-2.2388825,-1.3913196,-1.4968795,-3.8634908,-1.6405094,1.2984924,-5.9864736,2.9323297,-2.1551332,-2.8353302,-7.8596997,1.8573971,5.1122885,0.9809483,-3.7993553
CCGCCAACAACCCTCC-1,-7.8805423,-2.243852,-2.0614107,0.035250757,-0.33702108,2.6106207,-0.13748488,-0.015435272,-0.7546651,0.18840134,-1.4641149,0.4797354,0.11313532,0.18222445,-0.5034688,1.03447,-0.035082374,0.7905102,-0.12513395,-0.99826694,0.34565502,1.3284122,0.36501673,0.047958665,-0.062144097,-0.4046529,-1.0638547,0.85923016,1.4796206,0.2812275
CCGCTAAAGCTGGAAA-1,-1.3688965,17.352375,-0.101887286,-5.423814,0.521252,1.9823002,2.1115668,-9.44228,3.0960765,1.8436613,5.180771,3.8914616,15.52003,2.8957536,1.3999169,-0.3099838,0.38195837,1.7832365,-2.9934967,-2.4032924,-0.87834626,2.3392873,-1.1429026,-1.8074315,-4.8581057,-0.0798091,-1.9682355,-1.2269568,-4.871942,-0.09050226
CCGCTAGCATGCTATG-1,-7.9563985,-2.404039,-4.4946303,1.5814143,-0.26678023,-4.195384,1.5886375,-1.4400175,-1.5919957,0.7738035,0.46681228,2.3048594,-0.8134472,-0.5666883,0.57033074,0.47664803,-1.6812656,-1.5987829,1.828897,0.11059119,0.36812273,0.45129216,0.36385697,1.9734915,1.2314637,2.697792,2.480339,-3.0999403,-0.88626385,-2.5402212
CCGCTTAGTATCTGGA-1,-8.075596,-1.5806926,-3.0837479,0.2558701,-0.27810583,2.798366,-1.6855295,1.1695565,-0.28193954,-1.1214296,-2.4787402,1.6451666,0.4931944,-1.2502443,1.5612406,0.91812146,-2.3241122,-0.19502722,-0.7576243,-0.23735696,-1.6221688,-0.37238666,-2.0621126,0.61499935,0.63092786,1.5918045,0.0018034691,-0.025427062,0.5844052,3.0995436
CCGGTAGGTAATGACT-1,-7.775808,-1.7402561,-4.7049155,0.25093883,-0.7610737,-3.0952487,-1.1043284,0.5905382,-0.11289652,-0.27475312,0.8413805,1.5664669,0.38184318,-1.3823096,0.54232705,0.8120157,2.463902,-1.065795,-0.2191366,-0.9157851,2.9477959,-1.2308123,0.53006345,-0.65301895,1.4027102,-3.6959512,0.38964915,-3.306101,-1.296297,0.1689738
CCGGTAGGTACTAAAC-1,-8.656278,-2.7884822,-5.2739944,0.632683,-0.43695813,-6.0912137,2.695106,-0.6774191,-2.0935326,3.2696795,-0.05263114,1.539243,-1.6649638,0.20057254,-0.507098,1.3885342,-0.15436818,-0.16449565,1.0126958,-0.4865575,-0.6073257,0.7025457,-1.0717058,2.2208376,0.27903384,-0.9265429,-0.27091515,-0.5423851,1.3979387,0.4432006
CCGGTAGGTCGTTACT-1,-6.492469,-0.9403298,-2.5714748,0.812019,0.3067756,-0.6098977,-0.9690767,-0.36720607,0.649984,-1.525962,0.76738816,-0.9983609,-1.0106505,2.3110514,1.5671537,0.42212042,-1.761435,-1.1469353,0.2701602,2.0633209,2.6500547,-1.0937204,0.6740051,-0.39265975,-2.2381096,-1.3457048,0.1826128,0.44016078,-0.26907185,-4.072298
CCGGTTAAGGAAGTAT-1,-9.440509,-2.1767054,-5.3523393,1.2918943,-1.1811323,4.4298153,-3.6512015,0.55419225,-0.2194855,-0.70117205,-2.6531227,5.634614,0.049808737,-3.0098395,1.5336097,0.8553495,-3.861211,0.22673509,-2.332856,2.9186392,-2.117641,1.5173161,-0.34346494,1.0538077,1.572861,-0.69951385,1.9254926,-0.32338732,-0.28251842,-1.2870917
CCGGTTAAGGCCTAAT-1,9.255865,-2.619777,-1.4950452,-0.3673366,2.028581,-2.211105,1.1170607,-0.6389045,0.4858859,0.31020322,-3.5878143,1.3170191,0.39884818,0.99346167,-0.6391431,1.0307065,0.20762381,2.1726534,2.4147365,-1.7934325,-1.4635094,0.83383775,0.84136164,0.7569517,-0.41659662,-0.8113703,-1.5406728,-1.2946829,0.19786301,0.68955994
CCGGTTAAGTCAGGCC-1,-7.3359528,-2.369943,1.337133,-0.4447438,-0.45032263,7.397098,-1.1915087,1.1441903,-1.919322,9.294897,-2.7109888,0.81974804,0.5429966,-2.7788844,1.1588283,2.412801,0.7813297,-1.5761247,-0.102256216,3.715954,0.0010672571,-0.95020664,4.3911867,1.7435519,-0.07329116,-0.6261757,0.94882363,1.8690375,1.5565319,-1.8772436
CCGGTTAAGTTTGGTA-1,-7.8146644,-1.296862,-4.121327,0.28396028,0.48209447,-1.2856642,-1.6172822,0.52047324,1.1750187,-1.2781624,1.3906461,-1.1076195,0.4243503,-0.36048272,-0.35233396,-1.4221616,2.3650692,-0.47973877,0.19105932,0.71101266,0.66247445,-3.2897685,-0.741859,0.831158,-1.1394955,2.8750653,2.424075,1.3594921,0.24449283,-0.66831446
CCGTTACTCATCCTGC-1,-9.064851,-2.7620063,-4.3878255,1.1745884,-0.47996563,-6.0504827,4.172387,0.20017223,-1.3846143,2.542172,-1.2047925,2.977996,-0.54654855,2.7075088,-0.055144995,0.614457,-1.2076441,-0.107591465,-0.46833247,0.7356018,1.218534,-2.3506334,1.0268897,0.42889333,-0.67211646,-1.0105338,1.2022808,-2.9568973,-0.62163043,4.859168
CCGTTACTCTAGCGAT-1,-7.4160414,-2.180146,-5.3318763,0.31040075,0.60683304,-1.381169,-1.9074147,-0.06778901,1.624139,-3.0061898,-1.159805,-1.8032742,-0.03394629,-2.3558316,1.4585954,0.13784526,0.5671413,0.41061747,0.90548474,-0.015770502,1.6305946,-0.38927826,1.0860941,-1.7594979,-0.17366089,-0.6444012,-0.2306335,0.98236233,1.1088958,2.2970629
CCGTTATGTGCTTAGA-1,5.4861207,-0.089812994,-1.8461481,-0.48999608,-2.7470748,-0.15680917,-0.808373,-0.48754683,-2.3544216,-1.1122047,-2.1555383,-2.8938394,1.7404342,0.7016875,-2.2110407,-3.7260115,-0.44238117,-3.3172953,-1.1192375,-0.38702253,2.5512807,-2.05886,1.8943741,-2.3033848,5.5180106,3.4519424,1.4834936,5.9140897,1.6913171,0.24835771
CCGTTGCGTTAGAGCC-1,-7.2020607,-2.7231503,-2.1218076,0.70088977,0.08650176,5.607515,-0.3181373,-0.34274384,0.4655692,1.9645834,0.6289917,-1.6577685,-0.5804007,1.1056014,-1.0008272,1.3878314,1.9965353,-1.2101958,0.8329545,-1.8637584,0.11229581,0.49282494,-0.17652906,0.028398927,2.8825214,-0.10164875,-0.33352748,-1.5543613,2.1613185,-0.3667585
CCGTTGCGTTTGTCTA-1,-6.8753796,-3.5407743,10.519819,-1.7406286,-1.0830467,0.46947312,1.1091083,0.23218663,0.25647974,0.8332369,-0.56899846,-2.3158607,0.28968045,-2.4078143,-0.2450566,0.96119034,2.0428715,-0.46662828,0.977929,0.5668968,0.978984,-0.955151,1.3000795,-0.781295,-1.5589318,-1.9750625,-1.1906025,0.8232637,0.9139993,1.578787
CCGTTTGGTCCTTAGT-1,10.649237,-0.22957528,0.07839894,-1.5180786,10.490426,-0.09446594,-0.49434784,-0.38641998,-1.3151878,-0.8577126,0.27158445,1.5520735,-0.17367297,-0.8736649,0.10459286,0.73779565,1.0894653,1.1504986,0.09182417,0.17884485,0.025502903,-0.0068460484,0.15660352,0.70394576,-0.7796613,1.55302,0.0401412,-0.015020302,-0.8856046,-0.12677251
CCGTTTGGTGCTTTAC-1,-7.37862,-1.7510033,-3.5614276,0.38102803,0.22997919,3.567587,-2.3721886,1.198239,1.1598516,-0.13659492,0.39339224,0.10061793,0.0056566685,-0.7517705,-1.157244,-1.6541378,-1.9260713,2.5197246,-0.8516209,2.536344,-2.5526047,1.9522774,1.634063,1.0820557,1.3895549,-0.64064294,0.7269512,0.70903116,-0.7401301,-2.102435
CCTAAAGGTACGGGTT-1,-7.351157,-2.061091,-5.216401,0.40734535,0.9794651,-5.3947983,1.3728933,-0.92106307,-0.5385363,1.3983135,-0.1626487,-0.39928916,-1.0192019,1.1031988,-0.44519916,0.2387043,-0.47425762,-0.31258282,-1.2406306,-0.2405067,-3.704786,0.4969538,-1.3091524,1.1773145,0.16141681,1.9898111,-1.0665338,2.2496397,0.12934913,-1.7595998
CCTAAGCCAGTAGGTG-1,-5.9767857,-2.26929,-3.186295,0.45554048,0.37525824,-2.3348207,1.9180373,0.059543923,-0.44011852,0.4969749,1.5364945,-2.9589648,0.18806219,1.1479248,0.96584666,-1.8262676,1.7437626,0.3322924,0.55132586,-0.39540654,0.6023542,1.1288694,-0.8839205,-0.892794,0.45484227,-0.3113883,0.8913847,0.13259311,-0.14296025,-2.100293
CCTAAGCCATAAGTTC-1,-7.5098567,-2.722058,-3.684359,1.1742942,-1.0177255,-3.9696815,1.7310585,-0.21778993,-0.9077586,1.9143285,-0.77908534,0.18179792,0.82827246,-0.99513274,1.5077258,0.15866484,1.2836564,0.35056147,1.7101259,0.59847695,-0.97788197,0.551478,-2.2616427,-1.3777957,-0.71173245,-1.079584,-0.32434586,0.56404406,0.8575968,-0.84405696
CCTAAGCCATTGTGCA-1,-7.509401,-2.7977145,-4.3549495,1.3734418,0.04960464,-3.69207,1.3348755,-1.0532968,-0.52356255,0.4122178,-1.6706579,1.3410454,-1.9928081,1.5480448,-0.0935111,-0.04772455,-1.2040457,0.030783096,-0.4431185,-1.408886,0.87220395,-0.49785167,-1.7994936,0.67912114,0.11932602,-0.8743735,-0.6428658,-1.6477181,-0.84627855,-1.5966456
CCTAAGGTCCTGGCTT-1,-8.478595,-2.7401714,-5.359003,0.25046065,-0.08936484,0.97121745,-3.4773383,0.21206982,2.8982291,-4.538819,0.77434236,2.003359,-1.6335971,2.319055,3.9502985,-4.350147,-2.0502782,2.880741,-0.76465124,1.0393596,-1.498582,1.6710843,3.922646,3.6177578,1.279928,0.42459735,-2.2730603,-0.12756622,-2.348602,-0.75036967
CCTAATCGTGTAACCA-1,9.69382,-0.7316241,1.0820794,-1.2832212,14.241392,-0.18395756,-3.8910782,-1.3180143,-3.8291795,0.33248943,1.644795,0.47310024,-1.3896365,-1.3539597,-0.37675935,-0.45073906,0.12192392,0.18922992,0.16567191,0.027403122,-0.45674738,0.050571203,-0.1970346,-0.23674522,-1.3493177,-0.5595023,-1.0839821,-0.48487118,-0.9682221,-1.1878154
CCTAATCGTTAGGCTA-1,-7.6204596,-2.3214064,-4.247428,1.3666009,0.7497599,-5.0172477,3.0552795,-1.1741772,-2.270068,3.3807993,-0.12054373,-0.337409,-0.21970056,0.500381,-1.391975,0.09307782,-0.6994067,0.2536499,0.052479517,0.86220515,-1.2828575,0.3777676,-0.56708854,-1.2197349,2.3913007,0.58614445,0.40497744,-0.49690285,0.5849697,-1.5682684
CCTACTGGTCAAGTGC-1,-7.911084,-3.2898726,-4.0192657,0.29751337,0.6794286,-4.4288807,2.8742363,0.06869361,-1.9963478,3.732008,-1.2079618,-0.73432505,-0.7941103,1.2119988,-2.800892,0.10000671,-1.6176044,0.2277067,0.7122229,0.4198755,-2.276811,-1.6523681,0.8922919,0.050829165,0.15497176,-1.4701835,-0.70111346,0.87426746,0.43061262,-0.25400382
CCTACTGGTTAATGCG-1,12.876239,-2.7056603,-0.5798657,-0.20191741,-2.778987,-0.71501225,-0.060055953,-0.6351206,-0.7015604,-0.680599,0.08353046,0.5527526,-0.3505774,0.21573882,0.16942443,0.30600893,-1.8476244,1.7072542,0.57649463,0.016784701,-0.05981699,-1.2753462,-0.701194,-0.7310296,-0.18413112,0.50598544,0.9946854,0.9255685,0.47511986,0.088502355
CCTACTTCACAAGCCT-1,-6.727303,-1.4081964,-5.124105,0.44537693,-0.36958903,-1.9632305,-2.2599928,1.1161934,0.26553366,-1.7049396,1.1414722,0.5769484,0.96591836,-1.9571408,-0.8799895,1.0199988,1.7732558,0.4907112,-0.24728034,0.12555306,3.4674072,-2.9535358,1.0716866,0.60791206,-0.25682312,0.8482223,-1.4864838,-0.44688746,0.5296788,-0.07646447
CCTACTTCACAGAAAC-1,12.568173,-0.6150695,0.48550794,-0.14412507,6.5612993,0.31748652,1.0421314,1.2586805,0.76514995,-0.20134397,-2.2794306,0.27615264,0.8003317,0.86179316,-0.28000075,0.45934683,0.0020823812,-0.1794314,-0.05065824,0.54573894,-1.0944313,-0.45964342,0.5643373,1.1165082,-0.63706917,-0.898239,-0.99193984,0.28499126,-0.19111514,1.5172954
CCTACTTCAGGAACCA-1,-7.5264025,-2.6848068,-4.444385,0.30479354,-0.0394073,-0.43529955,-1.7160761,0.5778608,1.2138467,-0.8017584,-0.8506161,0.41227597,0.9953698,-2.1677716,-0.10260642,1.3159539,-0.09664069,0.465043,0.065343484,2.2256873,0.9604786,-1.1081918,0.8718276,-1.5729699,-1.53889,1.8139024,-0.7562435,-1.2326493,0.15853307,-0.23725758
CCTACTTCATAAGCAA-1,-7.6313148,-1.8935405,-4.570679,1.4110985,0.71185005,-0.14247645,-2.5506632,-0.23897743,1.4929295,-2.250456,-2.519141,1.3370181,0.092720926,-0.8460559,0.2466299,-0.9848897,1.1390214,0.6800904,-2.1395636,0.6455156,-4.5085983,1.4600707,2.0270576,0.6963099,0.59801424,1.4760525,0.9612792,-1.2834549,2.5868218,-0.82821506
CCTAGTTGTGGGAACA-1,-6.2375183,-1.9262397,-0.6827871,-0.3652534,0.15548648,7.7439437,-0.7892441,-0.7560707,-1.2637384,4.1229496,2.2688282,0.09651248,-1.3044488,4.2739506,-0.90043133,0.59585583,-0.0967247,-1.2727232,0.4487374,3.8293068,-1.7194228,-2.9608579,1.8922664,0.35216373,1.3766606,-3.20955,0.830819,1.9772612,-1.6765292,-2.6716468
CCTATAGCAATTAGCT-1,9.728471,-1.6768905,0.08388511,-0.16609108,5.045309,0.45286667,0.56828195,0.6984671,1.0012097,0.39611763,0.9879144,-0.7537444,0.8711175,0.8740422,-0.18330474,0.2663425,0.59667194,-0.21159182,0.25423217,-0.35543445,-0.521254,-0.42326748,0.2596134,-1.2360586,0.8737526,0.6717934,0.54899424,-0.63773215,1.0768632,-0.18153994
CCTATATTCCTCACAC-1,-2.165086,16.741772,0.6733748,-4.001138,-2.1163137,-0.0783749,-0.9808798,-2.5719066,-0.07416209,-1.254256,-1.6384426,-1.9853113,-5.293443,2.2574701,-2.7384562,0.031549532,-6.6708574,-4.4512672,-0.32083833,6.539974,9.145052,-5.237656,1.8935573,0.9899948,-7.748744,-7.9180493,1.9090563,10.857278,1.0517061,-5.2863197
CCTATATTCTAACCAA-1,-6.5845532,-1.714375,-2.488083,0.10090181,0.1204141,6.0711575,-1.30096,1.4642134,0.5988261,1.8940858,0.91209614,1.1175576,-0.93009,0.35258067,-2.9931157,1.9022131,1.330023,-0.33353084,3.7715814,-1.3808836,0.3205937,-0.9772565,-1.6153103,-1.5347483,0.12870607,3.936382,-1.7300524,1.4288003,-0.76917756,2.7780774
CCTATTGTCCCTCAAC-1,-6.7514167,-2.3144472,-1.4308817,0.6450474,-0.24607798,-0.46096838,0.5605113,0.48437878,-0.26857594,-1.1117157,0.5375927,0.71949977,-0.44655272,0.7479341,2.0147133,-0.7130845,1.239714,0.0078924,0.39418954,0.2356366,2.3907905,-0.8837988,2.112157,-0.07635797,0.123009026,-1.315868,0.33408785,-0.08770684,-0.3079287,-1.21463
CCTATTTAGCTTCTCA-1,-7.6105824,-0.927322,-5.3191767,1.6654999,-0.917089,-2.4487555,-1.1726044,0.5274393,1.4964803,-0.5315861,0.79730403,2.8185108,0.7809981,0.75812036,-1.0082281,0.8296523,0.95115966,4.0359807,0.24825639,1.0423106,0.81998426,1.4562496,2.4749668,-0.15459687,2.2740953,-0.85230726,-3.2010975,1.6058849,5.8084807,2.5615718
CCTATTTAGTTACTTC-1,10.782998,-0.78388184,1.1166613,0.67950267,9.806769,-0.44357005,-2.8045006,-1.3263932,-1.8408806,1.5245867,1.8175318,1.0586278,-0.91822255,-0.8063226,0.028569886,0.2640382,-0.6213107,-0.39363948,0.14483888,-0.5409285,0.88757735,0.19263646,0.20678064,-1.106602,0.06563725,0.011206197,0.38892218,-0.8017962,-0.86355966,0.3046513
CCTCAAACATCGTTCT-1,-7.2786613,-3.0878272,7.3607116,-1.4809674,-0.97304094,1.4790626,1.7242569,1.0047983,-2.6353102,0.623691,-1.6842921,0.39528418,2.1067305,-1.5732288,1.2980671,0.74599123,-0.7109308,0.17174622,1.6528746,-0.4288012,4.3817945,-1.2936344,-1.1300479,-0.6813739,-0.49806365,1.0413905,-0.9526401,2.260152,0.06381845,0.75622237
CCTCAATGTTGGATAT-1,-7.5010247,-2.3371885,-4.4066715,-0.10501177,-0.44092765,2.4600012,-0.72304165,-0.07831065,-0.6486961,-3.1461732,-0.5557193,2.3039312,0.052203327,-1.8559573,-0.33709243,0.89078265,-0.20231701,-1.1756074,0.27631682,0.67683893,-0.46485186,2.7727427,-1.9249325,-2.6605809,0.35264245,-0.10382535,-1.628031,-3.2641392,-0.37786293,0.11424667
CCTCAGTTCCGGAACC-1,-7.2388926,-3.0476692,-2.340511,0.7226925,0.38554913,-4.518929,3.5446537,-0.7308319,-2.2211602,2.3889737,0.45405155,-0.100877605,-0.58022547,1.8423098,-1.0951893,-0.2934749,-0.9530779,-0.7739265,0.201478,0.289388,-1.4041771,0.13554393,-1.3182641,-0.384568,0.57553154,-1.6721318,-1.9513665,1.6821651,-0.90514636,-0.62459785
CCTCCTCTCGTGCTAG-1,-7.830502,-1.6132861,-5.431357,0.75368476,-0.74680907,-1.004375,-2.9130137,-0.36448547,2.0637534,-2.3147335,0.15493417,0.6351445,0.3161537,-0.9935377,0.13775462,0.279014,4.212804,0.83482426,0.6074309,-0.49395582,1.6384858,-2.1083913,0.51654804,0.15953629,-0.43602732,-1.3412129,1.8369879,0.90927285,2.5085783,2.4409542
CCTCCTGAGGCGAATA-1,10.948029,0.9402237,-0.26970986,1.0976648,4.318328,1.2387958,8.933372,6.148033,10.678152,0.20556474,1.9445132,1.276758,-0.5312975,-2.4236453,0.12679982,-0.17101486,-0.8235214,0.69417256,0.4678578,-0.2442158,-0.327839,-0.32838294,0.4699606,0.10987972,-0.11784278,0.31235534,0.09063468,-0.44093275,-0.353702,-0.96503395
CCTCCTGAGTTCCTCA-1,-7.6477537,-2.660578,16.055538,-1.7722548,-1.1861097,-3.1334927,-3.2352586,0.16720301,1.4482621,0.8276676,-0.8594806,0.98025376,-0.06284357,-2.2213776,-1.5452002,2.61485,-2.2686234,-0.8198547,-1.4583583,3.749991,-1.0796117,-1.5778946,-0.19202067,-0.5704961,2.0041888,0.40020442,-0.6443902,2.294365,-3.2238011,-2.6645713
CCTCCTGAGTTGGCCA-1,14.771054,-2.31189,-0.40171513,-0.56034344,-3.8703988,0.18876447,0.2577596,-0.6950736,-0.7217686,0.23134404,-2.7157736,-0.6513106,0.41639924,0.81736994,-1.1810361,-0.05955765,-1.9931531,-2.8169682,-2.6435728,1.6505817,2.4487302,0.15900475,1.2748502,0.37439486,-1.1834935,-1.1629771,-0.7518587,0.49792784,0.61331654,2.168287
CCTGAATAGGGTGAAC-1,14.529588,-1.9789922,-0.12563482,-0.1665171,-1.700514,0.263322,2.0138807,2.0438886,3.2885065,0.47994158,-1.7880439,2.0162241,-0.40735772,-0.35547826,0.1452305,0.783241,0.7263621,1.6757932,1.1357745,-0.4421076,0.56408304,0.99922264,0.0070020803,-1.101174,0.8288142,-0.33774084,0.14656556,0.8586548,1.3353462,-1.0228771
CCTGACTTCCAGGTCA-1,-7.947033,-2.4803703,-1.9458524,1.1560956,-1.0355983,0.804685,1.2992114,1.8838915,-2.377459,6.1320043,-1.6912963,1.8303307,-0.59849805,0.47180316,-0.42694384,1.1064134,0.55997056,-0.651866,0.37919176,1.5780028,1.1934611,-0.025647638,2.5834842,1.335388,0.7631419,-1.1508036,-0.8335293,-2.2942662,1.0618143,0.109694734
CCTGAGTCAGGCCAAA-1,-7.9066343,-2.3914459,5.333058,-0.9806971,0.016464554,3.5258784,5.385267,-0.3039725,-4.169881,0.06957731,-0.16923721,-0.4080059,1.3935263,-0.97164106,-0.08684409,-0.64045936,1.5450274,-1.4077773,0.4088184,0.37675795,-0.83761895,2.8844151,-1.483123,-1.9577106,-1.6075958,1.1313667,-0.4013007,0.47938955,0.74440604,2.7829478
CCTGATGAGGGACGCA-1,13.098273,-1.1269397,0.558777,0.21681401,2.9192526,-0.51718503,2.2136946,1.0162686,1.8106201,-0.6554537,-0.19000758,0.46693644,2.0773385,-0.2496396,-0.28879046,-0.3312449,-0.05087071,1.8383987,-0.0039165504,0.4216901,1.7559874,-0.61706024,0.9440762,1.0057681,1.4268655,-0.5882092,-0.311859,0.95372564,-1.1157485,0.81825125
CCTGCTCCAGTTATCG-1,12.3400135,-2.5223184,-0.57105404,-0.5569261,-3.4710863,1.4313725,-1.351429,-0.6818498,-2.176621,-0.5765937,-0.17531133,-1.5344117,-0.3569542,0.5144508,-1.1876005,-1.7568527,-0.4722925,-0.5483619,-1.0843394,0.8436858,-0.6883983,-0.12366962,-0.5642331,0.79104495,1.8966614,-0.2883352,-2.3500385,-0.77604836,-0.05576891,0.5947296
CCTGCTCCATAGCGGA-1,-7.2558756,-3.3952491,19.51214,-0.5356485,-0.20752467,-3.0368211,-4.8594303,0.9074467,4.397969,5.9302564,-2.8791468,0.10528813,1.3404292,0.4288799,4.246475,-3.2739632,-0.4158213,1.6797327,-0.7851704,-4.2543907,1.1229473,1.0628654,-0.6632728,-1.0579104,-0.21089561,-1.336462,0.20490432,2.0224934,2.445252,2.0868702
CCTGGATCACAACCTA-1,-6.0765834,-3.5257015,15.730932,-2.01877,-0.7833314,-2.7689679,-3.6838322,-1.2623464,2.5714138,-2.944755,-0.38671002,0.2934637,-0.88673514,0.0325779,-1.9088348,4.4117136,-3.8968644,-0.19653799,-2.0611606,-0.34134546,-2.403471,-4.7079277,-5.847444,-1.2290415,-3.7173984,-0.047055993,4.2338715,-3.5272913,-4.525318,-2.2720697
CCTGGATCAGTAGGTG-1,-6.891364,-1.7479541,-3.9643934,1.3992639,0.12244504,-4.388012,2.0255206,-1.1863554,-0.58479446,0.53971857,0.9012136,-1.6767875,-0.62695724,1.6893935,0.3445721,-0.18159138,-0.072473146,0.21332839,-0.21078733,1.7483127,-1.4915572,0.6136758,-1.1987324,-0.7131422,1.0525846,-0.48912397,-0.26641572,1.7901455,-0.15748993,-0.36507642
CCTGGATCAGTTTACG-1,-7.423322,-1.5713074,-4.391615,0.90242034,-0.22852415,-3.871289,1.4064349,-0.54526263,0.002057009,1.0986432,-0.04022533,0.8106486,-1.8941288,2.1729572,-0.25671747,0.17285123,0.70685196,-0.4580704,0.84946597,-0.8391133,0.18628845,0.009213772,-1.4434065,-0.22446208,0.0907126,-2.5891757,-1.2708855,-2.72992,0.12075318,-2.0180304
CCTGTAACAATTAACC-1,-7.999511,-4.3035808,15.237943,-1.7146705,-0.27393368,0.115035616,6.967652,-0.8498073,-4.8964167,-5.752243,2.8962693,-0.0049691307,-0.29085186,-2.275699,-4.2731185,4.5035324,2.3536048,-0.18344454,1.994188,3.059318,-3.5989518,1.2839401,4.229895,-0.30998817,-1.0955025,-0.6853887,-0.3856375,-2.929016,1.7848736,0.9085515
CCTGTAACAGGTTAAA-1,-6.316867,-1.7101043,-2.0170956,-0.10325016,0.22538178,6.505386,-1.0084718,0.6725449,-0.5236312,0.78679675,0.46792433,0.03499277,-0.67663854,2.0624175,-3.5002387,1.2267778,-1.0508903,-1.5785788,2.8271763,-0.94009644,1.640775,-0.9404952,-2.6882038,-0.11524108,1.0262283,0.64154786,-0.59160423,0.9181034,-0.88719565,0.9388787
CCTGTTGGTCACAGCG-1,-0.99482,18.912779,-0.79765016,-4.1473603,0.27382156,2.7596714,3.8526802,-13.374221,5.013248,1.0339435,2.9847918,0.87151563,5.171457,0.951196,-0.4831059,1.4559519,0.13528657,-0.45779055,-0.93654245,2.117137,0.9117288,0.58861715,0.41472948,-3.908248,-0.19653879,0.30629402,-2.9949775,-0.7825164,-0.10448132,-0.3769864
CCTTAACGTGTTGCTT-1,-7.6143665,-5.08758,23.01388,-1.874399,-0.8779233,-4.2841907,-3.904177,-0.5526319,3.3803346,1.3419285,0.47722992,0.4076572,-0.76666313,1.994529,-2.3354523,1.4113581,1.4449449,1.196525,-1.6314925,-0.87230736,-3.3145998,-1.8046552,-0.11027241,3.4399529,-0.58503085,-1.6433685,0.09789175,-1.7630767,2.749527,0.91720283
CCTTAACGTTACAACG-1,-0.22429213,2.3823898,0.9289932,3.0174382,-0.5530979,-1.2868623,0.12964556,3.4963565,3.3250558,2.1385002,0.33584565,4.1373806,-0.69709617,5.3486013,4.7337885,-0.88568944,-0.34572747,-1.6822201,7.576221,6.559032,6.6937947,1.8904922,0.428578,-5.2251,0.877394,-0.50460124,15.801209,-4.5333357,1.4934032,1.4316446
CCTTAGTGTCACTCGC-1,1.9098563,15.546965,5.5352345,29.91699,1.1122063,0.078755096,-0.9563288,-0.16441819,-0.8376191,-0.63997996,0.6214865,-2.1701558,1.5496066,0.84179246,-0.86767334,0.15964793,-1.0830435,0.11696426,-3.7309337,0.0123881055,0.18881015,0.74610543,-0.28960282,-0.49234357,2.4276552,-2.896288,-1.2631577,0.5593885,0.9417234,1.919851
CCTTAGTGTCCTAGTT-1,-7.0306764,-1.8789989,-2.0023766,0.45430565,-0.43998048,5.553947,-1.9405763,1.8142617,2.0089288,2.243686,-1.7391455,0.78657115,-0.3462877,0.5547723,-0.18082948,-0.7716663,-0.914432,0.44589758,0.892611,0.9853399,-0.43570572,1.0274845,-0.26018047,2.2982976,1.5814795,-1.0260481,0.3704952,-0.5831395,0.80706125,-3.7027805
CCTTAGTGTCTATCGT-1,-8.199127,-2.6033409,-5.8802276,0.31032166,-0.16381618,-0.3664821,-3.0514886,0.1345835,0.5557458,-2.5882409,-1.3539704,1.6336536,-0.24718271,-3.4359062,0.4331911,-0.10312003,-1.0854057,1.0998881,1.7017806,1.22314,-1.3757548,0.6447676,0.41506758,-0.1716252,0.7946253,2.1660347,-0.49561438,-0.57431626,-0.241643,1.1515346
CCTTAGTGTGTGTCCC-1,-6.648106,-2.4719043,-0.85356945,0.11668979,0.46305695,6.4036694,0.42647806,1.0806645,-1.6737857,4.6669335,-0.7454279,-3.2010014,-0.06650415,-0.13083462,0.37568316,1.017312,-0.6927201,-0.1372208,0.39285627,1.1896819,-0.2521498,1.0117711,4.0696254,0.5291353,0.9942935,-0.11619323,1.3120817,0.49625129,-0.7856296,-2.0140867
CCTTATGTCACACAGT-1,-7.0578136,-4.2077165,11.8654585,-2.0468676,-0.29681858,1.4647632,4.8996844,-0.6973852,-3.905377,-4.22322,0.14082871,1.1539364,-1.4559623,-0.07174127,-0.6404855,0.9882307,0.15198553,-0.12788233,0.8375095,0.200885,-0.6415589,-0.29443473,-0.42080262,-0.47557822,0.89665073,-0.29144025,0.2504153,-0.2692441,-1.6562028,1.6981474
CCTTCGGTCACAGACT-1,11.743871,-1.5225562,-0.49430445,-0.55144846,2.76526,-0.04749727,1.3305291,0.5025988,-0.720936,-2.1365225,-1.1500515,0.26594767,0.4609896,0.8425208,0.7147077,1.5778944,-0.48114556,1.003253,3.3890169,-0.4310272,-0.53561443,-0.58169955,0.9453609,-0.64085305,0.15425839,3.681216,0.42064598,2.2596846,0.2529577,-0.6810439
CCTTCGTAGCTTACTT-1,-7.6174946,-1.5318811,-4.026905,0.17710556,-0.17464492,-2.9206884,1.303046,0.4171341,-0.77802527,-1.1396695,-0.19586307,1.7113663,-1.3871905,0.75869244,2.1051698,-1.4890757,-2.2924266,1.0863003,0.3833624,-0.6531535,-3.504855,1.5486504,-2.7388155,2.415371,-0.7503691,-0.522137,0.6882084,-1.8196248,-0.03855289,0.6526284
CCTTGCGTCACAGGAA-1,-7.045591,-1.5847412,-3.8899002,-0.28555524,-0.7464726,-2.8529968,1.6787254,-0.57679194,-0.8546313,0.65866506,0.34257075,-3.087186,-0.16820045,0.23073152,-0.2313017,0.43777996,-1.6598588,-0.54152036,1.1371968,-1.0614797,-0.15645687,1.3798194,-1.6922016,0.7452919,-1.5646921,0.9383433,-1.891578,0.20431943,0.17951883,0.63918763
CCTTTAGTCGATTATG-1,-7.559339,-4.7489815,22.94261,-3.4745343,-1.4329126,-4.573097,-5.9792714,-0.082103625,5.903833,-0.1990984,1.183906,-0.94635713,-0.108532935,0.944945,-2.5299027,1.2871649,-0.990146,-0.35511315,0.9043258,0.8643547,-0.061798934,-1.9636273,-4.0754457,-0.41112462,1.0405495,-2.087603,1.6629186,2.3525436,0.8359856,-2.1324072
CCTTTAGTCTAGCTAA-1,-7.399664,-1.7466643,-3.6310852,1.0616682,0.29670018,3.2778256,-1.3735367,0.12818067,0.5223028,-0.9693846,-1.5084559,1.6560694,-1.0492198,-0.5272205,-0.14194825,-0.73462373,-2.156231,-1.0450078,0.45847633,0.85647124,-1.6261954,-0.12037754,-0.77186745,-0.4777427,1.2361083,-0.3804774,0.027904427,1.5219179,1.1702853,2.9795187
CCTTTAGTCTGTTCAT-1,-6.6070356,-2.341399,1.4506096,0.32738557,0.0948572,5.633046,1.1068662,1.4897609,-2.564776,5.6193004,-3.3754249,-0.429683,2.1949248,-2.2107687,2.634398,-0.8287711,2.9294677,1.3109305,-1.7891613,1.3693032,-1.631962,-1.3721999,0.6631662,-0.9962964,1.350865,-1.3877031,0.7310256,0.018371379,-0.84366274,1.1986138
CGAAATGAGGGCCATC-1,-9.575843,-3.5290291,17.54781,-2.1238341,-2.6142712,-0.4917694,0.44087315,-1.0040455,-2.3626244,-6.334209,-0.6952092,10.401676,-3.2294364,0.8852161,0.2513018,0.6873682,-1.5550396,-2.442935,0.44257247,1.9020482,6.129508,2.3764293,-0.6027211,0.95674783,6.604041,0.7072557,0.7020765,2.4611654,-2.9582553,-1.8314667
CGAAATGAGGTTAGCT-1,13.470496,-2.6527312,-0.23219824,-0.73267317,-5.2078533,-0.46446204,-0.19655232,-0.38163617,-0.8271187,0.5997696,3.6357079,1.4834555,-1.9583385,-2.5883517,1.285405,-0.2819759,-0.81072766,-0.87534595,1.1126583,0.17148983,-0.23387185,-0.86306727,0.6801435,-0.13777982,-2.985206,0.104235366,0.10360539,0.6380312,0.59127873,-0.4344617
CGAAATGAGTGAACCT-1,15.382704,-3.5341268,-0.39347485,-1.2961032,0.77195644,0.67418057,-1.0835259,-0.6200005,-1.7738501,-2.4035113,-4.8900537,-1.088782,0.3075795,2.813839,0.36486945,0.12836622,1.2421614,2.2905288,1.7330179,1.2921358,-2.309495,0.7354474,0.6203495,-0.71553403,-0.49597883,-0.78008,0.45248282,0.5865402,-1.5655462,0.38263166
CGAACAAAGGAACACA-1,-6.948917,-1.6421933,-4.4714074,-0.22152282,0.18761988,-3.7698956,1.2073755,-0.36773628,-0.90746886,2.1599176,1.2006533,-0.725616,1.5380507,0.5281398,0.94432074,-1.2716548,1.8727043,0.16819102,0.45734087,-0.10634202,-1.3207121,-1.048276,-1.5330831,-0.7329197,2.317648,-1.0781034,-0.5253645,-1.0539706,-0.55535436,-2.3668163
CGAAGCCTCAAAGGCA-1,-6.893054,-4.917995,21.893892,-1.4613189,0.4701668,-5.280593,-5.715385,-0.29962546,5.070764,1.063941,0.9169063,-1.0113333,-0.21721648,1.8867816,0.6913488,-2.0599434,0.09609638,0.26777586,-0.15421438,-1.6867638,1.6797488,0.19055597,0.79555345,1.9780219,0.42703655,1.4602677,0.10969049,-0.8578838,0.75504327,-1.1693721
CGAAGGCCAACCTAAT-1,9.031377,0.10206313,0.8418294,-1.3878177,12.093032,-0.008471597,-2.168853,-2.2347074,-2.560365,1.380044,3.8418262,0.6506715,-1.0954673,-1.88518,0.1270533,-0.89532787,0.38646394,0.25021616,-0.06543452,0.4713566,0.95783025,-1.3230164,0.30104536,0.36666867,1.6783981,0.68117875,-0.35249338,-0.4390232,0.5289484,2.126264
CGAATATGTGTGAGGA-1,15.122074,-2.9589279,-0.5288801,-0.6930408,-3.6803844,-0.82106805,-0.01098744,-1.0400168,-0.22592464,0.059561457,-0.7846585,0.83740395,-0.3393791,0.12979832,0.004826915,1.143955,0.95105064,-0.5587945,-0.14958298,-0.39925092,-0.36515397,-0.04466032,0.3295714,0.37546304,0.4463582,0.65313625,-0.42523965,-0.42376286,1.5304666,-2.4596367
CGAATATGTTCATTTG-1,12.456456,0.25584063,-0.59320456,1.4045886,2.9075837,0.33414575,4.2584076,2.8961015,5.6919665,-0.8966462,-3.410156,5.7983418,-0.8039628,-0.16543539,-0.025197472,2.3497028,-0.16925415,-0.5619312,-0.5904823,0.40034813,-1.4879191,1.1830676,1.0645442,-1.35677,1.3214754,-1.250938,1.2042292,0.82124716,1.2223033,-0.48267502
CGAATCTAGGACCAGG-1,11.776991,-0.98112535,-0.1722635,-0.55297774,1.624712,0.55860186,2.5725653,2.0026062,1.7188202,-1.2141731,-1.1712875,-0.9545854,-0.09399293,0.95314586,-0.88275415,1.2242762,-0.55954486,-0.0671606,0.25836146,-0.8812022,-0.52905506,-0.7803109,-0.5603976,-0.41375548,-0.37515017,-0.082611896,-0.2205239,-1.2155012,-0.30605346,-0.82574046
CGAATCTAGGATGATG-1,-7.0236692,-3.7261465,17.44164,-1.0764554,-0.15986677,-5.539132,-7.906169,0.1548985,5.327873,1.3184664,-0.4596601,1.7120094,-2.0002422,6.459073,0.3082655,0.28803244,-0.5295281,1.7017608,0.95939934,3.9943113,-5.5739164,-0.9345828,-0.8695963,3.954068,-0.19919795,-3.6403024,0.859484,1.9756969,1.2478656,3.6695876
CGACAAGCATAATGTC-1,-7.8486066,-1.7254578,-0.02999061,-0.3797251,-0.800145,1.4827511,2.4389899,0.18173052,-2.676692,1.1406522,-1.7307512,1.4288751,0.040790986,-0.5557367,0.7331454,-1.1244416,0.8604878,-0.56699467,-1.594322,-0.65289795,-1.019712,0.0069002425,-3.5264173,1.6793042,0.55443245,3.0749347,-0.951628,2.432245,3.0672112,1.3099502
CGACAAGCATTAAGTC-1,-2.3034978,21.20772,0.70100886,-8.569422,0.5981772,0.18884014,0.38210386,1.612579,-0.4153426,0.054130897,0.37095526,-5.5645876,-2.109366,0.082010455,-1.7798334,-4.116199,2.6308231,5.045955,-1.0528916,-0.88083297,-0.18722181,2.345516,-3.6563451,3.0492983,2.2933965,-0.60997957,0.7478995,0.31240657,-3.0427015,-2.3809767
CGAGCGAAGAGAGGCT-1,-1.8956265,22.416769,0.8609688,-6.091716,-1.0921813,-1.7703636,-1.5921025,6.959185,-1.6679239,-1.178108,2.6721146,-4.342049,1.5049729,1.0985366,0.14587261,0.09257581,2.2456524,-0.59736925,-3.662164,-3.647908,-2.7068727,1.3677002,0.16442703,-0.8673694,0.33569184,-1.8048078,-0.44414195,4.6854606,-5.9768877,-2.375743
CGAGCGAAGTACCGCA-1,12.296328,-2.816315,-0.80522925,-1.0019721,-5.229892,0.323308,-0.8660773,-1.1400882,-0.90386164,-0.19379623,1.2215791,-2.302892,-0.40568495,0.8750714,0.032132193,-1.7251837,-0.0976287,-2.4611876,-2.0094523,0.3278192,3.028615,0.6637188,0.4835388,0.99110496,-0.3699401,-1.157246,0.7795384,0.15514843,0.35156015,0.105338015
CGAGCTGGTAACCACA-1,-7.0494285,-2.7993906,3.9460254,-0.65797925,-0.579496,3.3994627,2.0731885,1.4442484,-1.95842,7.5303307,-4.320685,-1.1114424,1.8284323,-0.730206,6.779576,1.5998311,0.9501724,2.7969432,-4.258564,1.0516971,-1.3535119,-4.6002736,2.515975,-1.610248,-0.20984232,-0.62562895,-0.813999,1.7654387,-3.2339199,-0.7521789
CGAGGCAAGTCACCAG-1,-5.921001,-0.95727205,-4.356437,0.71806127,-0.67429143,-2.4538805,-0.34077728,0.8700345,0.697219,-0.14207628,1.1244764,-1.0554967,-0.42407048,1.2322906,1.0311196,0.41470623,2.1092215,-1.328332,1.1177539,0.537345,2.6303658,0.043271516,1.0006393,-1.3533771,0.9005105,-3.5082319,2.6279068,-0.14128703,-0.99611753,-1.252732
CGAGGTGAGGTCAAAG-1,5.154635,3.614256,1.6418759,3.268809,6.181713,0.70533806,8.398866,5.6237206,10.281402,1.0102379,4.3280363,-1.1564074,-0.3461346,-1.7704923,-0.28204423,0.7210514,-3.062587,-3.3132417,-4.4700465,0.85927194,1.7265896,0.5760101,1.2368572,-0.19183032,1.4911275,1.1513985,-0.8741969,-0.80293804,-0.48276517,1.4325687
CGAGGTGAGTCACTAA-1,-7.9660673,-1.7976911,-5.004858,0.5529218,-0.057150826,-0.29942846,-3.0081635,0.8936025,1.3677531,-2.671144,0.5928905,-1.7382998,1.1856632,-0.34037495,1.7223681,0.61251056,-1.5123268,2.4293354,2.6078265,2.9199367,-2.9700346,1.4886498,2.6009638,-0.5402804,1.0430655,-2.947319,-0.3855852,-1.2055365,-0.40095854,0.5891323
CGAGTCGGTATTCGCT-1,13.918443,-1.4952762,-0.75396764,0.8822419,-3.3616695,0.6005132,1.8659075,1.6350856,2.0367014,0.3221623,-0.2095386,2.343633,-0.5169128,-0.85599667,0.8548323,1.3797008,1.2901062,0.120319076,1.9477644,0.47922307,-0.05736445,-0.61775714,-0.024438564,0.6045251,-0.43805763,-1.5007739,0.25432482,-0.56774247,1.1029681,0.111623034
CGAGTCGGTGGCTTCC-1,-8.253825,-1.8293958,-5.309656,0.3524743,0.22855829,-6.8825016,2.4785883,-0.7951351,-2.5540223,3.3748116,-1.1519189,2.4912086,-1.1099708,1.2320236,-1.4732322,-0.71746576,-3.1855574,1.8356452,-0.5639817,-0.69323605,-1.8422774,2.040879,0.84931535,2.5432005,2.1741066,-1.006951,-2.8810437,-0.91968983,-1.0692508,-0.4382143
CGATGTCCAAAGCGCA-1,-6.8579836,-2.4856288,7.7823834,-1.4383088,-0.0971042,2.9451897,2.0800204,0.54610234,-0.7846818,4.8094335,-1.229503,-3.9396675,0.79955256,-1.6641961,2.8381965,-1.0652856,2.98122,0.530941,-0.2335656,0.91652673,1.6543299,-1.9338695,3.9397922,-1.3259069,-0.88989204,1.5828738,-0.45422563,0.4753428,0.7809163,0.03515229
CGATGTCCAACTAGCC-1,-7.5716705,-3.5191963,9.788327,-1.5971887,0.5229434,2.1463294,4.983247,-0.17807429,-4.2806444,-2.844271,1.5131702,-0.46810523,1.3085028,-2.2575042,-0.259467,1.2835386,1.4563509,0.17832765,1.8142806,-0.95814246,0.43664917,1.3711553,0.38249516,-0.7463101,0.34375665,0.13406438,-0.14860247,0.7110474,1.2468526,-0.0167481
CGATGTCCAAGCTACC-1,-7.5142465,-1.8547353,-4.878097,-0.0033985623,0.30535847,-4.8504353,1.444011,-0.53172225,-1.2116785,1.8371385,-0.021424329,-0.27746975,-0.7365111,-0.34236607,-0.7510639,0.4121615,1.3949628,0.30895117,0.8720352,-1.4647787,-0.5207648,1.7933226,-0.4286872,0.7238337,-0.6349482,1.7065469,-1.2894766,2.0816634,-0.47843412,-1.2198148
CGATGTCCAATTAGCT-1,13.129301,-3.752093,-0.5785558,-0.69096375,-5.164774,-0.016946586,-0.32701832,-0.59358746,-0.39721915,-0.23047426,1.3818965,-1.031357,-0.82648003,-1.4260658,0.81667924,-0.94958186,-1.2327204,0.32659313,-0.69354767,1.469727,0.30551064,-0.061862476,0.63179487,0.6200385,0.08683549,-0.48355633,-1.9406012,-0.23589672,-0.34072775,1.5761365
CGATGTCCAGGCTTGT-1,-7.059021,-1.938688,-0.20161666,-0.26965493,-2.0839467,6.0156207,-0.8293744,2.24198,-1.8162878,3.3684394,-5.0664473,7.0321836,-0.05603697,-5.5509486,-0.31552455,1.989059,-4.8706594,1.0442824,0.88066965,1.3403273,4.1599646,0.65944797,-1.3737671,2.4011068,-0.5179329,-0.14783125,-0.7085407,3.7935493,-2.0755746,1.5932595
CGATGTCCAGGTTAAA-1,-6.7483044,-1.8792378,-1.6209122,1.1665965,0.01174721,6.1299734,-1.8016027,0.13968349,0.54358065,-2.0812743,-0.45726955,-0.09171889,-0.15499023,-0.13376556,0.054180935,-1.8383291,-1.6016697,-0.14295553,0.013479801,3.383237,-2.0582516,2.480269,-0.85300714,1.8450229,-0.83953017,-1.8825864,-0.32158995,-0.16605826,-0.19857413,-1.3239286
CGATTCCTCAGCACCA-1,13.948501,-1.6374259,0.2929952,-1.3861061,3.3207414,0.111789435,0.17616348,-0.15113857,-0.25769332,-1.0411794,-1.6162598,0.45373842,-0.8353765,0.8079,-0.7696709,0.93049,0.733808,-0.9161581,0.47770482,0.1873983,-0.38333708,-0.6564014,-0.29788795,0.11573496,0.86994314,1.9912075,-0.06328584,0.9355853,0.74048823,-0.23421319
CGATTCCTCTTGATGA-1,11.693662,-1.0556272,-0.14529732,0.6234789,1.3870167,0.5201251,3.6623933,3.0256536,3.1310003,0.018571166,-1.4295446,1.9495063,-0.55780244,-0.48796517,-0.08500794,0.19942057,1.2292807,0.49416924,3.4296417,-0.48897466,-0.6544002,-1.1838303,-0.96128064,-0.47191998,-1.1197153,-0.62322843,-0.28917703,-0.4337974,-0.5980975,-2.1167693
CGATTTGCATAGACTT-1,-7.295278,-1.9819273,-4.107074,0.21521465,0.093312085,6.4614882,-2.041322,0.4418746,0.40576223,0.2779186,-1.503829,1.1660231,0.1335475,-3.230338,-0.006192218,-0.42796865,-3.255126,1.0738524,1.3749418,2.4709463,-2.6514287,1.7721683,-0.34686548,1.501777,0.19492932,0.65188,-0.38731885,1.4783999,-1.0467255,-2.093245
CGCAAATTCTAATCCT-1,-6.525679,-3.2030108,9.984679,-0.6164405,0.28839144,1.2367852,6.7876163,-0.45637372,-2.9291604,-1.5055197,2.697801,-0.2604907,-0.9063186,-1.9234316,-1.2711362,-0.5750363,0.58689994,0.81800455,0.10837845,0.5617836,0.25862128,-1.3075572,0.7560839,-1.0588521,-1.5590843,-2.183316,-0.016993642,-0.78484356,-0.25626302,-0.035402983
CGCAATAGTGCCTCAC-1,-6.8865647,-3.7937317,7.476938,-0.83844745,0.30807713,1.2278806,4.272095,-0.1885967,-1.6049353,-1.8417157,0.9603006,-1.2955179,0.19355983,0.42082527,0.9669043,-1.3741663,-0.041849725,0.42709404,-0.8380022,-0.62148184,-0.13761148,0.9654272,-1.9558703,-1.4207163,-0.51035154,-1.952026,0.2078315,-1.0676498,0.38617903,0.25407135
CGCAATCCAATATACC-1,-7.0507197,-2.2923691,-0.8005355,-0.045413475,-0.41619912,6.2700515,-0.041764446,1.9529678,0.017632289,6.7564044,-0.88503027,0.10448343,-0.4143271,-1.4505054,0.87047386,1.555446,1.3315415,0.69056016,-0.42756346,1.4022694,-2.7519588,-0.487308,1.3303704,0.41057318,3.2089782,-0.2652012,-0.6973856,0.3360519,2.4826303,-0.02995334
CGCAATGTCCCATAGG-1,-6.794571,-2.2305205,-3.5941694,0.021682832,1.0079699,-3.5542593,2.1671216,-0.32862422,-0.6484517,1.778807,1.1159207,-2.8001626,-0.09202192,2.2324212,-0.1532512,-1.1967871,0.014220467,-0.7147707,-0.75540644,0.7888272,-0.55357313,0.3973319,-0.2677795,0.14617269,0.90201837,0.087346844,0.94495004,1.2692016,-0.16906066,-1.3456832
CGCAATTAGCTTAGCG-1,-8.0920105,-2.654115,-3.8594816,1.1443754,-0.46199825,-5.317331,1.4103402,-0.62380576,-0.26843172,3.123649,-1.1921346,0.7532385,-0.32396555,1.3487123,-0.31289387,0.057722215,0.42117265,-0.8986259,-1.0504906,-0.39191654,-0.51618606,0.5138812,-1.2349361,-0.1503444,0.5371286,-2.5510309,0.96908665,-1.5954517,0.5230746,-0.5081454
CGCACAATCCCTCAGT-1,-8.553222,-2.0143063,-3.2051933,0.7708894,-1.3880644,2.3464048,-1.4783711,0.55695087,-1.1188881,-2.0671668,-3.8644006,8.052095,-1.298038,-2.9238274,1.126775,0.8508263,-2.9391005,-1.1328001,-0.55669117,-1.7894315,-1.0579797,2.0994792,-1.2777122,1.726536,-0.78010696,-0.086070836,-2.0790637,0.8475478,1.5384485,1.0956074
CGCACCACACCTGGTG-1,-4.8509502,11.574856,17.26247,-4.784341,-1.8420618,-4.006895,-7.875692,4.8108387,-1.0107893,1.4705023,-0.47394094,6.031018,0.5183137,0.55311745,-5.96183,3.2981675,-2.8623567,1.2680541,0.1357832,3.082245,0.25220218,-3.0790021,-0.6755947,4.591935,-2.6324704,4.369287,0.87037665,-3.8251393,0.5603461,1.1537875
CGCACCACATCGTTCT-1,12.188419,-1.1355026,-0.7353812,-1.3127257,-4.0221143,0.14247794,-2.2563198,0.09420561,-1.4856178,0.17456794,0.5661038,-0.49540484,1.4243646,0.12575273,-1.2609046,-0.6974622,-0.92922777,-0.13221821,-3.867301,0.59408617,0.32921693,0.8121594,1.3370314,-0.93906957,-0.094437905,-0.49855936,-1.6035526,1.4329103,-1.471205,1.9249207
CGCATATAGTTATGTG-1,-6.7259865,-2.2615452,0.49308428,0.36898556,-0.22267279,1.8134023,2.2646394,0.9318679,-1.1266526,1.1022797,-0.29450175,-0.18918592,-0.08052706,0.5990252,-0.50651103,-3.5792692,-1.6907468,0.21704257,-0.25980696,-2.3198783,0.4312099,3.0159762,-2.1784778,-0.14689656,-1.2309054,1.3758234,0.50694615,0.5191912,3.550922,1.7836176
CGCATGATCCCTGGTT-1,-7.577237,-3.5018225,12.922117,-1.6722645,-0.8417306,0.3975875,1.6047293,-1.1649646,-1.6761729,-2.993651,0.7345219,0.9846458,-0.06708972,-1.1975971,2.2801802,-2.932579,-1.8853728,-0.06374003,1.6239195,-1.1026845,4.421603,1.4799037,2.305396,0.31435126,0.37791905,1.0403466,0.34595987,0.85215425,-0.5857395,-2.4182916
CGCATGATCGTTATCT-1,9.479194,0.91264886,-0.088170454,0.30178425,7.105714,0.36400697,7.404261,4.756165,9.184441,0.46738973,0.56963867,0.8842557,-0.25264418,-0.9540787,-0.14369963,-0.38669822,0.3447291,-0.67866,-1.5124655,-0.23438099,-0.09203459,-0.2738792,0.050185595,2.271197,0.38738534,0.50762343,0.23648836,-0.2917348,-0.37226072,2.562767
CGCATGATCTTAGTGA-1,-6.541938,-2.0607126,-0.54713345,-0.23884791,-0.48966298,8.787704,0.6971152,1.4301088,-0.53836787,0.42111278,0.06652295,0.29131076,-1.725218,2.079995,-1.330986,-1.3683125,0.5329363,0.61458534,-0.66243786,-0.08340738,-0.7975714,-3.7605731,-1.6787426,0.08452118,0.22896585,1.72031,-0.13773589,-0.21730031,-0.84127057,-0.82713944
CGCATTACAGCCAGAA-1,13.756192,-1.1252156,-0.21701656,0.18220174,-0.24429068,-1.1701133,0.20843285,0.3126554,-0.3897182,-0.16413498,-1.1908671,1.2146024,-0.05865914,0.45075092,0.6225822,-1.1557966,1.6929996,0.10094751,1.0560443,0.49204612,-1.2965981,-0.60960287,-0.83695054,0.9145797,0.20843698,-0.6344029,0.32077673,-1.2610551,0.63847953,-1.9826435
CGCATTACAGGTCCTG-1,9.909503,-1.5774087,0.1419108,0.58405113,4.380725,0.9995143,3.4087224,2.7353635,3.3558526,-0.30554482,-1.28639,-1.4974486,0.66556096,0.122631036,-0.2470307,0.42746407,-0.40817538,0.8982747,2.5852916,-0.68721783,-0.27302262,-0.17017178,-0.81289494,0.3313559,0.35914958,-0.52375895,-0.23958853,-0.41361353,-0.3374279,-0.71312827
CGCATTACAGTTGCGT-1,13.964055,-3.8119817,0.8727647,-0.6066649,-6.3468437,-0.96373874,-1.8940994,0.4527983,0.13832736,1.141954,0.08147229,-1.0594748,1.3906922,0.38678724,-0.23008849,-0.4926669,0.40141413,-0.17324628,-0.28964406,-0.5360414,-1.6410315,-0.44701737,-0.5875808,0.7088233,0.59548837,-0.54785186,-0.78765917,-0.8065862,-0.6513546,-0.51288867
CGCATTACATCTAGCA-1,-7.5604973,-3.5353613,9.602878,-1.4293404,-0.07088769,2.9545221,6.3245273,-1.0072138,-4.2079244,-4.887748,-0.005061235,-1.0230148,-0.092083745,-0.675722,-0.07947939,-0.30787414,-0.6302542,0.7738033,0.061807062,-0.585022,-1.780331,-0.7143241,-0.123336405,-1.9537446,-1.1992668,-1.0987453,0.5084145,-2.396203,0.2523739,-0.7369121
CGCATTACATTGTGAT-1,-7.5106316,-3.1392503,7.216036,-1.0881823,-1.3393418,6.300207,1.0030195,1.8079383,-1.1849949,7.9290986,-2.5725703,-2.2939668,0.5907706,-0.89738303,2.7067533,1.0513513,1.7553433,-0.113405704,-0.66916186,2.4919364,1.1242735,-3.2954617,4.016261,1.1555467,0.04244599,-0.5909394,-1.3461132,0.9161347,-1.1247116,-1.1056445
CGCCAAATCATGACCG-1,-0.7826227,21.987211,0.41102108,-4.178512,-1.8616337,0.30366242,1.3513026,-8.868708,3.1483955,0.6850181,-3.152339,-2.6739984,-6.0872993,-1.3951001,0.03533923,-1.5158744,-0.66811544,-6.2780323,1.5843837,-0.7062359,-0.43013975,-2.196674,1.3151301,-1.7284046,1.639434,-1.8339764,1.6959864,0.76458716,0.10948696,-2.8975258
CGCCACACAACTAGAA-1,-7.122833,-1.8600706,-4.2655206,1.2952548,-0.022560585,-4.786538,1.376108,-0.78019446,-0.6442773,0.89725596,-0.22285464,-2.5254958,0.6305706,-0.8971073,-0.85189414,-0.0067664543,-0.07224947,-0.34877202,0.8011573,2.2217612,0.8016802,-0.28418276,-1.0616949,-1.011072,-0.884118,-0.1987287,2.8180208,0.13780178,1.6108192,0.053324677
CGCCACACACAATGTT-1,-6.844824,-1.7317005,-3.5349276,1.0379517,1.440267,-2.9500644,2.1466045,-0.5889314,-1.0880996,2.8686283,0.51073027,-2.0900025,-0.2611184,1.5757391,-0.08466407,-1.8065423,0.026223663,-0.60813946,0.6086265,-1.0404832,1.0943384,-0.041435562,-0.18486068,-1.1358286,0.8596601,-0.46135634,-0.4432086,-0.25119507,0.55053455,-2.025914
CGCCTGTGTGCTAGAC-1,-7.9115543,-4.4843135,15.634765,-2.038107,0.5313273,-0.30245203,2.836338,-0.22906053,-1.5547295,-3.7668476,1.2175363,-0.34829465,-0.27342826,1.2407584,-4.295548,1.1360464,-0.19681919,0.87764966,0.020923367,-0.15943098,-0.79586506,0.6992374,0.43522272,3.1144547,-1.4393412,0.53402865,-1.9093342,-0.64370763,1.7083088,-0.65963167
CGCCTGTGTGGTTCTT-1,14.091562,-2.5188708,1.1200942,-0.9160731,1.033015,-0.99750113,-0.73241323,-0.30253148,-0.4723039,-0.0048161694,-1.6805964,0.75582516,-0.40065977,0.12461042,0.28809595,1.0351944,0.68105024,-0.8532204,0.6994081,0.3636684,0.2646582,-0.058834255,-0.30143017,0.8651011,-0.5231618,0.27102903,-0.2594482,-1.6417005,-0.11416616,-0.62099284
CGCGATTCAGGCTTGT-1,11.757778,-2.1186588,-0.62872785,1.3791381,1.1711177,1.0504643,0.2281531,1.1621901,-0.82013136,-0.8318701,-3.7787316,-2.7727628,2.509913,2.8206952,-1.9295055,-0.059092928,-1.1111864,-0.9761458,-1.0867759,0.017767416,1.8486114,0.83982295,1.3269495,0.7842449,1.8298872,-0.7403707,-0.09736469,-1.6106912,1.3561661,0.21212907
CGCGGATTCGTTTCGC-1,-8.521206,-1.543445,-4.0974174,0.7719771,-0.8511812,4.1278014,-1.1673884,0.8785465,0.12920895,1.721113,-2.8050315,2.2096472,-0.7896879,-2.7235472,-3.4727666,1.1370636,-1.1816472,-0.24440804,1.7084441,-3.829608,-1.1153293,0.45046517,-0.87859464,0.86629194,1.51252,1.7952566,0.014998995,0.9504811,0.9205617,-0.21528257
CGCTAACCAATTGCGC-1,12.993514,-1.8507096,0.15347902,-0.78586805,0.083602324,-0.48852834,-0.61739147,-0.24492538,-1.0633316,-0.86816084,-3.444125,-1.3821422,0.5481307,0.70027673,-0.36787257,0.26804197,0.14555453,0.71213305,1.28459,-1.0092652,-1.3775698,0.027992284,-0.050679237,-0.58870584,-0.5771989,-0.11039357,-0.76283675,-0.0025191738,-0.88061965,-1.2100252
CGCTAACCATAACGGG-1,-5.9562554,-2.5330524,-2.6188507,0.10001801,-0.40171114,6.962809,-2.2655804,0.5199228,0.5531397,0.009635872,1.5727136,1.212207,-3.2862244,6.6317368,-2.6234076,1.0339689,1.7256838,-0.3622821,1.0150284,-4.201287,2.6656168,-0.43076226,-0.50755924,-1.4828733,0.048833545,0.5463772,-4.575335,-0.29410833,0.90572006,0.4332627
CGCTAACCATAATGTC-1,13.607076,-2.2547271,0.18601966,0.8103973,-6.1208806,1.4226873,0.8583488,-0.6473124,2.3520184,1.6411633,2.1803107,-0.27373156,-1.0604914,-0.03990731,-0.024744712,-0.6765708,0.7520464,0.19686483,0.04419535,-1.064454,-0.9713894,-0.056091327,-1.1418729,-0.4657001,1.4293463,0.36376044,-0.3025062,-3.379311,-0.4491876,-1.8944318
CGCTAATAGCGCTAAT-1,-2.0284743,24.51391,0.26942775,-6.881995,-1.7470299,-1.8537337,-2.9097922,10.064522,-5.4882812,0.8725504,2.5942464,2.9828827,1.8361683,-3.3521762,-7.6806455,-8.292194,2.6777215,2.058036,-3.5544999,-2.6096246,0.22754645,-1.2798222,2.44125,-1.5048462,4.123064,-0.61537105,-5.048635,3.5922601,-5.41075,-2.073931
CGCTAATAGTGAGGTA-1,-6.7584944,-1.7041467,-3.3592207,0.13826247,0.2077633,3.0357041,-2.8486588,1.1914649,0.7244646,-0.617284,-0.4267256,-1.4880567,1.363238,0.21918093,-0.25057206,-0.85065943,-2.1875353,0.22705689,0.9435582,3.5335698,-1.7821301,0.47668037,0.7164083,0.886751,-1.2461475,-0.6861645,-1.2916188,0.8742194,-1.6824609,-0.958515
CGCTACTTCGTTACAA-1,-7.0571265,-3.472399,10.013532,-1.72797,0.752572,0.18035117,3.444725,-0.7801012,-1.9926056,-2.4645352,0.777234,-3.032818,-0.65727824,-1.5137409,-0.737059,-0.088012576,1.518741,-0.022684423,1.6772119,0.6306942,-1.1444353,0.9874336,0.15108074,-1.3945593,-0.62584096,-1.2179936,0.71256584,-0.06833583,1.5096991,-2.666189
CGCTACTTCTAAGTCA-1,-7.58824,-2.0832834,-4.4628973,0.047032498,-0.6179906,-5.128882,2.2172735,-0.2513571,-1.8387074,1.9310735,1.2053334,0.3151015,-0.32679838,1.8174397,-0.78270775,0.9657934,-0.5799802,0.24697065,-0.030641971,0.9875416,-0.9253366,1.0226316,-0.42881018,0.8687512,1.1380361,-2.4760194,0.0028517696,0.5566052,-0.5962995,-0.7529691
CGCTCAGCACAAAGCG-1,-6.846754,-2.064672,-3.362434,1.016117,0.40459594,-3.2118516,2.801208,-0.38856536,-1.3191398,1.3915156,0.5231035,-0.5561273,-0.43183833,1.7209461,0.081391,0.31699243,-2.264298,-0.9282152,-1.0077014,0.8061048,-1.5072961,-1.3764392,0.5833287,-0.84154004,0.16060682,-0.4746411,0.17839013,-1.1722493,-0.5811416,0.023738828
CGCTCAGCATAAGCAA-1,13.800431,-1.4910129,-0.20032114,0.13084917,-3.572096,-0.32199818,1.5622448,0.3423448,1.0999942,0.8785537,0.34492508,0.7259331,-0.5313037,-0.70659137,0.8094937,0.39988828,0.14410417,2.3210711,1.6299038,-0.5127212,-0.45916823,-0.578781,-1.0408548,-0.71942115,-0.44720554,-1.0879319,-0.923806,0.971334,0.77860767,-1.6156975
CGCTCCATCACCGGTA-1,-8.399861,-5.0771127,25.747955,-1.3800358,-0.78709745,-6.222789,-6.890535,0.36055005,5.0798535,0.73458236,-2.1842275,1.4107963,0.5519331,0.3187129,0.7837954,0.96771896,-1.611793,1.3708714,-1.7129742,-2.292104,-1.1260898,-1.4778154,-2.0630774,-1.7247096,0.24627472,2.7061114,-1.0652665,-5.359113,-0.87895834,-1.8766047
CGCTGTGCAATCGCAC-1,14.637661,-3.3642673,-0.044952806,0.26875252,-3.2679963,0.52954245,1.3846936,0.3035884,1.2080929,0.9009853,-0.19163059,-0.034743648,0.05237404,-1.0771173,0.8463334,-0.22177078,1.082409,1.7116686,2.5129852,-1.6083368,-0.86927205,-1.172982,0.06343077,0.07908839,0.440595,-0.64496475,-0.07161891,-0.2137151,0.3392406,-1.1664258
CGCTTAACACTTGTTC-1,11.319863,-0.7663566,0.78403026,-1.1408901,13.551949,-1.0916022,-3.1299877,-1.56043,-2.7539194,1.8425229,3.83734,1.587323,-0.7465651,-1.572026,0.3647853,-0.29250643,1.1213548,0.20839354,-0.57495296,-1.4383745,0.22019462,0.54672414,-1.0248946,1.5006245,1.02522,0.26777458,-1.975692,-1.0638369,-0.92746556,0.15936007
CGCTTACTCCTGAGTG-1,-7.2006774,-1.8058717,-4.253829,0.6122049,-0.33036572,-3.5035326,1.9477983,-0.2930481,-1.0312135,0.25978768,-1.0079637,1.0850055,-1.3144064,0.5383154,-1.4788219,-0.15438141,0.2037433,1.1769872,0.3944901,-0.95521235,0.009119645,-3.3472598,-0.049078282,0.45420632,-1.4715493,1.4233505,-1.2680961,-0.55744463,-0.26324263,-0.044621047
CGCTTCTAGGCTATGT-1,-5.2128034,-1.0900271,-3.2687297,0.4001351,-0.3747303,-1.4589257,-1.0565473,-0.7017631,1.3801616,-0.5390403,-0.08074189,-0.6739412,1.1913996,-0.34249103,-0.6947838,0.16817345,0.7351145,0.33028513,-1.0477757,0.6910203,3.714862,-2.5588953,2.5129917,0.113349445,1.2230622,-0.4630953,-0.6015302,2.2029614,0.013218031,-0.12314468
CGCTTCTAGTCATTGA-1,13.228535,-2.144434,-0.15744863,0.3577328,-5.749261,0.5188925,-0.6267798,0.42544937,-0.94938767,-0.67531,-0.9521635,-0.88552815,-1.2662961,0.53981066,-0.9416383,-0.19020024,-1.4879891,-3.9497776,-1.236338,1.5240852,-0.2669289,0.8062032,1.5601813,-0.39789027,0.4461697,-0.36163968,-2.0696118,-1.2446717,-0.023438392,1.7368985
CGGAATCGTGAGCAAG-1,-8.469839,-2.685937,15.913313,-1.8398346,-0.74105066,0.5567881,3.4316337,-0.18109922,-2.843957,-5.8217,0.18612084,1.3049475,-0.36184725,-4.452553,-0.13629568,0.20626381,0.04582535,-0.35209414,0.86212206,1.5729188,0.9078134,-0.5316471,-0.13723323,-0.8305055,1.0864751,-1.6746373,-0.28375491,-0.64552706,-0.20750871,-0.66644
CGGACAACACCCTCAC-1,-0.7907008,23.263844,0.76379406,-4.504295,0.6482152,0.34167424,2.7459958,-8.089193,4.100089,0.81752944,-0.098911904,-1.5037055,-4.1950116,0.20640981,4.203104,4.3256316,-1.6753064,-2.0815034,-0.9697419,-1.3218644,0.28072014,2.2512443,-1.9411186,0.24398555,0.4995904,-1.3120722,-0.23785633,-0.90905744,0.41244426,-1.2251573
CGGACCTAGCTAATTG-1,-0.40457213,21.69608,0.014133397,-3.730408,-0.20933568,0.70579743,2.5187356,-6.1809955,3.5960248,0.6196151,0.9680757,8.1905365,12.44372,-1.2784956,-4.7482758,-7.829305,2.0516279,1.6482062,-2.4065764,-2.3368206,-2.7205138,1.3041495,4.128581,0.49629202,0.0071235034,3.3153908,0.3173802,-1.433812,1.2161022,-2.27302
CGGACCTAGCTTACTT-1,13.326174,-3.567277,-1.5129194,0.21596923,-5.502651,-0.028394226,-0.915449,-0.19727108,-0.9852921,-0.13337862,-1.1115957,-1.0700973,0.3572835,0.4087132,0.7418131,-0.45152035,-0.46431816,-0.8776329,-1.467043,-1.2034733,0.72905385,0.54535407,-0.81257313,-0.37778366,-0.18193461,-0.38098082,-0.02083875,-1.7886075,-0.89811,0.25367373
CGGACCTAGGATGATG-1,3.4015849,19.368801,7.595976,42.585342,-0.6548419,-0.37677503,-0.68591136,0.83329165,-0.86673445,0.111366265,0.5389719,0.9143301,0.14408496,0.26829904,0.009200659,-0.86010426,0.47919664,0.114025675,1.7647114,0.21247742,1.111072,-2.4383507,-0.19660388,1.2280792,-2.875804,1.815362,1.1551392,-4.383777,-1.4634233,-1.7861102
CGGAGCAAGAGAGCCG-1,-6.755863,-2.4591384,-3.21173,-0.24260357,-0.447479,-0.07262904,-1.425162,-0.32522213,1.9172063,-2.9271047,-0.13512117,-0.2511672,-1.0836524,0.47514427,-0.63343984,-1.4468565,1.5690067,-0.18017039,-0.98894066,-0.57511026,0.73014075,0.44059864,0.32081503,1.95055,-0.86552036,1.4857565,0.16253537,2.5533347,0.6485533,0.33584902
CGGATAAAGCCATCAG-1,-6.6783304,-2.0221715,-3.8527324,0.28475624,0.38142374,-1.7171365,-0.6705961,0.7130247,0.45720473,-0.53685886,-0.68801045,-0.66342247,-0.06843247,-0.0097557325,0.44853303,0.9542239,1.8311769,-1.2601024,-0.49214986,0.72678816,0.9356565,-0.9999561,-0.596044,0.44249976,-0.22381237,-0.8923077,-0.33474812,-0.60590345,1.9366518,-0.40352252
CGGATAAAGTTGGATC-1,8.083421,-0.98536456,0.6474047,-1.4395099,13.7548065,-0.07350212,-2.6783156,-1.9906845,-2.9888723,1.5391104,3.7570941,-0.3884901,-1.3838148,-1.7989553,1.3644768,-0.8171436,-0.89707446,-0.16093604,-1.5995322,-0.25819635,2.0829453,0.46587488,-0.10303674,-1.7753693,-0.76213056,0.9108674,0.0967825,-0.30350634,0.040007845,0.2070986
CGGATTAGTTTCCTCC-1,13.202259,-1.322397,-1.1030607,-0.4932262,-6.214809,-0.20796828,0.16401282,-0.1863845,0.70994216,0.23087889,2.7721448,0.5965323,-1.1843613,-1.6988962,1.2644224,1.7464961,-1.1425536,-0.8584816,0.25582582,-0.5473921,-0.06921798,-0.112663925,-0.6476768,-0.31275305,-0.21312955,1.2017773,0.18471648,0.8178407,-0.14442708,-1.7969284
CGGCAATGTCCACAAA-1,-6.7505283,-2.063961,-2.6840568,-0.2635728,0.46592358,4.4969707,-0.9744772,0.9859281,0.28831235,1.4370831,0.4842813,-0.9701036,-0.5804495,-2.051709,0.26882553,0.32865638,0.63303596,-0.16218285,0.015786488,-0.038056497,-3.9335773,-0.04459092,-1.0541333,-0.82270175,1.5579932,-0.072257295,3.3824072,1.483112,1.8296165,-1.4862475
CGGCAATGTGTGCAAC-1,-6.6352468,-1.4470443,-3.134102,-0.43339518,-0.07268784,3.8874617,-2.9490595,1.1034868,-0.25621316,1.716457,-2.0310206,1.37336,-0.98012674,-2.6831338,-0.9392168,-0.39167005,-1.8201431,-0.5641384,-2.8627384,0.43744093,-0.668614,0.87167794,-1.9492081,-1.6496379,-2.8030152,-0.4677511,1.9467965,0.26308772,-1.3894103,-2.3459935
CGGCCATAGGCAGGTG-1,-6.7708755,-1.3573108,-2.2064734,0.9204693,0.47670025,6.296453,-0.41619933,-0.02457129,0.8215054,2.9757931,-1.0183691,-0.2501564,-0.28016293,-1.2905085,-1.2623293,1.9655355,-2.1855967,0.031537533,1.3737842,-0.48450437,0.108253345,-0.09566233,-0.9575504,0.7339112,-0.17899327,0.4536081,-1.1997757,-0.4778373,1.2092048,-1.1354264
CGGCTCACATGAATCT-1,0.059104074,30.147163,1.3193457,-5.915492,-3.1033125,0.3746661,0.46333522,-11.416875,2.4381323,-0.7870257,-3.8012533,8.498044,-9.303716,-4.7777295,-3.2134817,-2.9521039,-4.0124283,0.7991028,-2.018776,2.8274677,-0.45446518,-6.606668,12.243044,-16.425241,-3.7501755,2.1190755,1.4880674,1.7231888,17.950785,-7.4009056
CGGGACAAGACAGGTA-1,-8.477027,-2.0438151,-4.897931,0.23095614,-0.30293685,-5.799131,2.4856927,0.67776465,-3.635718,3.5144553,0.19078177,3.4923666,-0.34304553,0.62582314,-1.7083273,0.5286924,-0.8693959,-0.4285997,0.36047518,1.121005,-1.3308853,0.47202748,-3.6499398,2.250421,0.6017419,6.203454,0.48819816,2.685406,1.436447,-0.80139095
CGGGACAAGCCTAACG-1,-1.563422,24.326824,0.8526708,-8.338437,-2.0375333,-2.6488748,-1.0980802,11.189671,-2.3143396,-0.9027689,-1.1974108,0.3655855,-1.2807895,-3.1468244,1.8907603,-5.743156,1.0171739,-7.3910756,10.737537,8.14673,-0.009645717,-1.3400457,1.310069,-1.6932046,-1.0186837,-1.0173758,-7.7033787,-4.9447317,0.78453815,0.43032283
CGGGACAAGCTCGCTT-1,12.190253,-2.8584604,-0.66994107,-1.1946718,-5.5277743,0.1268698,-1.8363451,-1.3591524,-2.18927,0.71713185,2.3284805,-2.1900442,-0.68143994,-0.78364724,0.7388871,-0.88483423,0.5699171,-0.6902667,-1.0364554,-0.23954342,0.16308305,1.3790107,0.9284693,1.5836496,-0.5026187,0.44308782,-1.8041807,-0.6072507,-1.0947965,0.8857621
CGGGCTTAGCGATAAG-1,11.085747,-1.2969455,-0.16831039,0.966779,0.5576615,0.8235095,4.504091,3.159821,5.898936,0.32081875,0.60885906,0.8655551,0.30889365,-1.853359,0.9177026,0.1307326,-0.9242965,2.4555535,1.855311,-0.13846433,-0.21563387,-0.002479705,0.35440484,0.07660487,-0.4490929,-0.72714263,-2.036207,0.35400176,-1.2223465,0.46138817
CGGGCTTAGCTCATAA-1,-7.782305,-2.4014132,-5.748164,-0.1374527,-0.84228575,-1.7139136,-1.9169707,-0.87726235,2.3941507,-2.2753122,-1.5506907,1.8499546,-0.70035696,-3.204376,0.33532393,1.0992771,0.26644498,-0.3803437,-2.174836,-0.71772003,0.20511347,1.4266796,-1.8891336,-1.0746895,0.19783534,2.3281376,-1.1476095,1.8368663,3.3347206,1.6815556
CGGGCTTAGTAGCGGG-1,-6.7324743,-2.3043773,-1.7140931,-0.29050636,-0.36055008,2.5158865,-1.0801703,-0.11377531,0.40378729,-2.5941842,-0.11094578,-0.5437438,-0.6733261,1.5816509,2.0675058,-2.6186078,-3.8062747,1.4822888,-0.13367493,2.33266,-2.062935,1.3652971,-1.033368,-0.4120368,-0.15362933,-0.2559052,3.021733,0.5119551,-0.13026783,-0.43524078
CGGGTATGTATTCGCT-1,11.64422,-2.5151832,0.11975008,-0.85130626,0.88233674,-0.0598603,0.44900694,0.3582712,-0.88745457,-1.3571475,-1.2408797,-1.4157599,0.41977707,0.71453506,-0.25347695,-1.3111782,0.10626407,0.21965031,0.7943305,-1.9797733,0.81178623,0.06061608,-0.2388474,0.4342298,-0.27949566,-0.6096254,0.3966384,-0.4293158,-0.2807734,1.3681145
CGGGTATGTCTTTGAC-1,-6.4925237,-1.4337151,-0.5684509,0.6679799,0.36085153,3.3450139,0.46529126,-0.8547074,0.63421506,1.523427,0.47632375,-1.514345,1.4811647,-0.24867506,-0.88684225,0.5503818,-0.82852143,0.582464,-0.27837098,-1.1415023,-0.51794267,0.43696526,0.024372049,-0.5287296,0.9812815,0.02606516,-0.541151,-1.0083845,-1.8387424,-0.8156284
CGGGTATGTTACTTCA-1,-6.878775,-3.7962363,16.652584,-1.1974077,0.8940644,-2.852518,-2.0569434,1.2169055,2.9431107,0.76020473,2.8871462,-4.6612,-0.67458177,1.8673805,0.5057574,-1.0006014,-0.40412304,0.8449846,-0.72488344,0.29824436,-5.1370864,-1.3278173,-0.87356114,2.0125117,0.93936205,-0.90720934,-0.2125098,-0.5585009,3.4551895,2.8971753
CGGGTCTAGCAACATC-1,-5.9729524,-2.0172,-4.4518085,0.1605439,0.6310931,-1.4971867,-0.80540365,0.07385894,1.0157523,-2.2127216,0.43448812,-2.1841643,-0.06121519,0.9382836,-0.16683733,-0.22103369,1.9208431,-0.5535122,-0.811466,0.8346194,1.058643,-1.1671721,0.2901537,-0.090051755,0.23833682,-0.30836034,0.9645644,1.1701035,-2.3341646,0.31608528
CGGGTCTAGGCAAGTA-1,9.469283,-1.2146399,-0.6275416,-0.48581108,4.69039,0.78506273,0.7618452,0.7112844,0.99508214,0.014177015,-0.708509,-1.7288877,-0.18121772,0.48421666,-0.5653322,-0.27718517,-0.721148,-0.45861176,-0.6835774,0.3573693,0.6449424,0.817055,0.3135572,0.81101555,0.95366395,0.06835828,-1.6318015,-0.6062851,0.72018087,-0.46919447
CGGGTCTAGGTCTTGG-1,-6.996878,-3.396066,13.310667,-1.6162413,-0.26268095,-0.3048901,2.2978408,-1.0382187,-2.703321,-2.9289575,2.7669668,-0.74755716,-0.7280159,1.5375241,0.68201387,-3.1900153,-0.29185566,1.0971208,1.4401803,-1.3675137,0.49741903,4.077953,-0.60603803,2.773465,2.416667,-1.7385117,0.74844706,0.5755331,3.3945487,-2.3889997
CGGTAACGTGATTTGG-1,-8.208953,-2.238917,-4.4686384,-0.1292836,0.4824434,-3.689901,0.07819133,0.41507325,-2.02805,0.91993415,-2.3505735,2.9290574,-0.0074602184,-1.8044709,-0.027235141,1.1407346,-0.37381205,-0.6237796,-1.5412939,-0.57199425,1.800134,-1.1671523,-0.49561962,1.429134,-0.01985238,-2.9487202,0.13677074,1.7876775,-0.95888025,0.7434133
CGGTAACGTTCCTCCT-1,-8.054744,-1.8240422,5.5113926,0.23301367,-0.9215435,8.829981,3.8060791,-0.030248504,-2.69326,-0.0049235215,1.2795793,4.1211934,-3.6738122,0.9080044,-3.9570804,3.67031,3.6638753,-2.5518985,3.061852,0.95776784,0.37112257,2.3237867,0.077757,-0.28131256,-3.0442607,0.64682955,-1.349458,-2.8682525,-1.8180029,2.0866184
CGGTAACGTTTAGCGA-1,10.433109,-1.2846909,0.87601554,-1.7233626,10.957782,-1.1236236,-2.7675362,-1.099098,-2.6790185,0.13123101,1.60861,0.6020699,-0.27527863,-0.74392194,-0.084751666,-0.32267898,-0.28832296,-0.3805885,-0.41181466,-0.45912078,-1.289203,0.5207593,-0.7346813,-0.07192571,-0.6990695,0.49763182,-0.48559237,0.68982637,-1.3914351,0.46942362
CGGTGAACAAGTTATC-1,-6.610721,-2.4007113,-1.2134205,0.45726883,0.6834563,5.508629,0.023970218,-0.12242067,0.29237077,0.451067,1.0123147,-0.29150802,-0.59620005,2.296552,-1.3663563,-0.4672085,1.8191502,-1.0150446,1.0165799,-1.1042863,0.025891183,-1.2789944,-1.6402903,1.1732035,0.37268758,-1.6017747,-0.5938656,1.1430973,1.9412308,2.0004535
CGGTGAACACCGGTAT-1,13.975667,-1.4858549,-0.28547361,-0.70732975,3.376419,-0.64139557,-0.40427268,-0.5998098,-1.1127764,-1.1415929,-2.6348279,-0.26503342,0.4837346,0.9588037,0.8185091,-0.56350017,1.05924,-0.18624923,-1.7237747,0.6033588,-0.48993945,-0.06941708,-0.11910734,-0.3969555,0.46556696,1.287496,-0.038703382,0.10532812,0.7667836,0.77252334
CGGTGAGAGCGAAGTA-1,15.487339,-2.4110315,-1.0279789,0.20222643,-8.16655,-0.9301783,-0.5771404,0.19875202,0.6213869,1.3135989,5.6314325,2.3799386,-1.0414371,-3.3115895,1.7352476,0.92039055,0.9991403,0.91602457,-2.8274426,0.6322351,0.22336768,0.71380824,-0.87886834,1.5705642,-1.1885943,1.2109622,-0.6214956,-0.80666494,0.14801684,1.4504224
CGGTGAGAGCTAAAGG-1,6.715976,-1.119571,0.731144,-0.9450163,12.2252655,-1.0791147,-3.5054164,-0.8355616,-2.1682134,1.8972793,3.9993556,-1.1121664,-0.75591546,-1.9759438,0.26643887,-1.2964959,-1.264971,-0.042845033,-0.59581053,-0.32497266,-0.24481963,0.055996023,-0.5124617,0.75069356,-0.3130876,1.3977267,-0.45287308,0.17275469,0.26680136,0.19587587
CGGTTATAGGACAACA-1,13.989115,-2.3666708,-0.2679029,-0.12069405,-5.2682343,0.8893933,0.20053704,1.0754569,0.59099483,1.0621779,2.9037802,1.0137093,-0.3893099,-0.6319109,0.7959772,0.5555184,0.3685289,-0.78706616,2.077325,1.5259447,-0.0021547119,-2.2282557,0.0029888407,0.820624,-0.009582693,-1.3151026,1.6431779,-0.67338544,0.26515058,-0.95151925
CGGTTCCGTATTGCAG-1,-5.253342,13.558425,11.961174,-4.978292,-0.87590116,-2.2221527,-3.084111,4.1885514,-0.84722257,-0.35138023,-0.34494886,-1.0524491,-0.7643858,-0.35210854,-1.4209082,1.5039245,-1.3482758,2.7700152,2.174919,-0.3430797,2.225251,-1.5762385,1.6264452,4.002048,0.7180872,0.67516565,4.565029,0.014105673,1.6999106,0.89518946
CGGTTCCGTGCTTACT-1,-8.098389,-2.7984252,-5.9012036,0.70900273,-0.030206285,-0.4446693,-2.5671744,-0.3140466,2.2168472,-1.3833452,-0.28333437,0.15941064,0.13591884,-1.6633493,-2.6121848,0.14075679,1.3303963,1.3922194,1.5746115,0.13265054,1.197716,-0.69224024,1.2799363,2.011424,-2.1167247,0.008984386,-2.6161914,-1.9382534,1.020679,-0.49291807
CGGTTGGGTCACCAAA-1,12.6543,-2.6606274,-0.7499042,-0.29968798,-1.6209611,0.058733817,-0.9604403,0.17852576,-1.3960638,0.4894472,-1.2114459,-1.6817067,1.4081485,0.8392629,-0.36779436,-0.57436955,0.26045975,0.975952,0.6087899,0.33851174,0.04686998,-0.097999126,0.9041632,0.75288105,-0.4216882,-0.54909354,0.8494957,0.6322462,-0.40442988,0.19351058
CGGTTTCTCCTAATAG-1,-0.7984073,25.461395,0.12720254,-6.806353,-1.1261,-0.28750446,-3.195282,7.9867578,-3.018968,-0.45018074,-0.884189,-1.928275,-1.4807862,0.8894084,0.3380384,0.46494597,4.4609632,-3.552073,2.9382894,0.20831093,-4.7867427,-0.21066049,-0.06849403,0.4691601,-5.1492996,-1.638403,3.7192922,-0.8176607,-2.8096383,3.7781503
CGGTTTGAGCATCCAG-1,-7.2591343,-0.83543336,-3.8256416,1.8103412,-0.577332,3.0345867,-2.4381452,1.2182833,2.233034,-2.4434557,0.39461127,3.345317,-3.3761685,1.3362352,1.3213898,-3.8379698,-0.5839167,3.3668463,0.47796318,2.5303853,1.5925269,-3.3660018,3.6929576,0.8733215,-0.63061404,-3.6005423,-2.4890034,2.9809892,-1.1079013,-0.21135917
CGGTTTGAGGCTCATG-1,-5.9697804,-1.4848809,-1.5007824,0.48374227,0.34159216,8.969026,-1.0706354,0.85805154,-0.0577005,1.1251583,2.643295,-0.06653739,-2.9328632,4.7373066,-4.323126,3.2683153,5.161356,-0.49309456,0.03364594,-5.474985,1.9604518,-1.3862556,-1.1506741,-1.0807298,-0.4834669,1.0577581,-0.9916585,-2.8920536,-2.595518,2.5255537
CGTAACCCAAGGAATC-1,-1.1060148,22.63256,-0.61836255,-7.1890917,-0.57061934,0.43829197,-1.8244696,6.7128105,-2.930826,0.16414304,1.9532318,-1.2393919,2.868267,2.2382686,1.5258822,2.365614,0.58920425,0.37704715,-2.571588,-1.6720883,2.0874038,2.9189217,-3.7836738,2.9208193,0.024739815,-1.661637,-1.3131248,1.2540445,2.845138,-2.1359699
CGTAACCCAAGGTGCA-1,0.8068445,20.957026,0.40165403,-3.8993075,1.5694996,2.7679443,3.603783,-8.787496,5.5630274,-0.37021366,0.9467806,-1.5183989,0.18379736,0.091108814,3.8802574,6.081225,-2.694139,2.4298291,-2.512346,-1.7760723,2.9250374,-0.0761551,-1.7725092,3.1576746,1.8059484,2.2780042,0.10166057,-1.3027958,3.2505934,0.6904784
CGTAACCCAAGTAAGC-1,-6.988659,-2.4224162,-3.1014254,0.25699535,0.06544726,3.4612854,-2.998914,-0.3951167,1.7242231,-0.762373,-2.442562,-1.2236084,-1.8007293,-2.1518757,2.448972,-1.493457,-1.7190847,0.070251934,-0.24962305,3.774285,-3.2088768,1.5270188,-2.0621893,0.21966328,-3.7599697,0.8637441,3.09364,2.103827,1.4410043,0.7981259
CGTAATGGTCTCACTG-1,-7.0343213,-0.932504,-2.3753335,1.11414,-0.554094,4.7653775,-0.24984509,-2.2268443,-0.77066416,1.0872377,1.8483702,1.3877356,-1.2070723,3.58699,-3.4830358,0.56948584,-0.021131625,-1.845711,1.2762017,-2.3116426,1.6473124,0.2624479,-1.2671108,0.11003631,0.020474745,-0.56388676,0.5099364,1.1782377,-0.41050443,-1.4397258
CGTAATGGTGGTTAGC-1,-7.1401367,-2.590187,-4.119763,0.28876016,0.40938964,-0.74430346,-0.81723666,-0.3966799,1.0899919,-0.6547343,0.6715857,-0.5616671,-0.08159041,-0.78738004,-0.3324786,0.97909147,0.70014906,-0.29498687,-0.29767227,0.11862858,1.5377107,-1.8219762,-0.28313187,0.62303597,1.3593409,0.37728712,-0.2399326,1.2499901,0.45466205,0.06054519
CGTACGGGTAGTAAGA-1,-7.0425944,-2.0534499,-2.5315123,0.54855305,-0.08600701,-2.2522974,3.2845933,-0.0043139695,-1.823896,1.6224724,-0.9586221,-1.185635,0.77031845,0.33671117,0.85455394,-1.4993346,-0.29297894,0.9328379,-0.07669355,-0.91042143,-0.31906986,-1.4113945,-0.15892877,-0.09159693,1.1167517,1.7780595,-0.49719936,1.133152,-0.68008375,1.1977872
CGTACGGGTTCCGCAC-1,-7.0442424,-1.3279117,-2.6552765,1.0679642,0.46015587,4.2320533,-2.1026099,-0.33936325,0.8401625,-1.2311008,0.8653207,-1.882883,2.6981514,-0.6651878,-0.5429559,-0.6519631,-1.8033804,0.4711459,1.3597084,1.1146177,-1.3831089,1.9275364,0.58374894,-1.0423774,-1.2532654,-1.2194433,0.6890696,-0.4296546,2.0103717,-0.95841706
CGTAGCGGTAATGGAA-1,-1.3730344,18.050112,-1.5123556,-5.675461,0.7081287,1.1640264,2.1778696,-6.119802,0.60693955,2.3391132,1.1865848,5.414165,13.076169,0.6767346,-6.841907,-6.4624734,0.06436259,2.9734643,1.0250819,2.936213,-0.12400859,5.0748825,-0.38985166,1.7872978,-5.477261,0.3652228,-1.8715916,0.13615562,-2.2789555,0.8192672
CGTATTGCACTGACCG-1,9.812127,-1.8521062,1.4940883,-1.3762283,16.175238,0.61044043,-4.2383943,-1.8232218,-4.387574,2.6284184,3.384837,0.4771245,-1.7175213,-2.2627707,-0.05533264,0.628939,-0.57786214,-0.05475754,-0.0759749,0.054094702,0.62523025,1.0129155,0.7947035,1.1632606,-0.33626363,-0.87156564,-0.3538176,-0.8100674,-0.32902396,-0.107980296
CGTATTGCAGGCGATA-1,-4.6900725,14.76898,-2.0228686,-3.407758,-0.95865893,-1.2040019,-0.6581915,-1.9129428,-0.22121054,2.3342335,1.9062498,4.1891212,2.7297394,0.11850954,1.5183102,-0.8984046,3.7392435,0.113814846,-0.43070427,-0.5144579,-2.7730083,-0.36756137,1.0575141,4.233538,-2.0808482,0.8106888,0.23291522,0.05506477,-0.6273977,0.83370817
CGTCAATAGTCCTTCA-1,12.489642,-1.3680644,-0.50395286,-0.99675906,7.1986694,-0.53365034,0.1886045,0.47470334,0.67889255,-0.5600858,-1.1507398,1.2499251,-0.34642705,-0.57460606,-0.6695673,0.02722458,-0.18023363,-0.7235392,-1.331008,0.59103024,1.933983,-0.20995034,0.7827944,0.46727532,-0.22739466,-0.43604013,-0.4946697,0.22272527,0.716108,0.074613236
CGTGCACAGTCCTGAG-1,12.665743,-1.6604053,-0.2675021,-0.41337228,-0.7259199,-1.1055418,-0.90754366,-0.8927497,1.1120799,-1.88867,-2.2448502,-1.0155563,0.120438024,1.2235038,-0.14686826,-0.6862572,0.14192152,1.0310956,2.5014045,-1.0310321,-1.0603793,1.4046726,0.095560946,-1.0788034,0.7624696,2.121535,-0.11521276,0.5474994,2.2126548,0.27866274
CGTGCTGCAACACCTA-1,12.278634,-3.0339239,-0.9679898,-1.5752382,-4.628559,-0.123374656,-0.7485051,-1.4632249,-2.186143,-0.22968149,1.0881286,-2.4243147,1.4741446,0.46383867,-0.9145575,-0.67976624,0.030527845,-0.5710957,-2.9518561,0.86589116,1.0566427,0.8808548,0.38549158,0.5074723,0.15871823,-0.75050825,0.92907584,0.582553,-0.8369889,1.3322318
CGTGCTGCAACGTGCT-1,8.129726,-1.0696412,1.1399218,-0.5925177,12.816987,-0.7755316,-2.0816276,-0.67453337,-2.1976368,1.038728,1.9450091,-0.91201496,-0.3215341,-0.3518374,1.1300561,-1.2797378,-0.08177954,-0.48898432,1.9006695,-0.4606794,-0.90507245,0.37157473,-1.5853086,-0.09857574,-0.27312428,-0.26196566,-0.210139,0.3638485,-0.39135987,-0.40470508
CGTGCTGCAAGCCACT-1,-7.6253533,-2.5655048,-4.0934987,0.32299563,0.26527745,-2.8338876,2.2428489,-0.25339985,-0.66470253,1.5310518,0.26249418,-1.5128167,0.18654492,1.3771209,0.1939754,0.8576801,1.2908955,-0.10770197,-0.4729719,-0.35932148,-0.4635203,1.0111307,-0.27473736,-1.4458086,-0.42666507,-1.3634312,0.63732386,-0.33618078,0.64788955,-0.622574
CGTGCTGCAGGATTAA-1,-0.9518409,22.65627,0.98542166,-8.219048,-1.0539887,0.31389442,1.6860062,0.16546708,1.9595811,-0.8603383,1.1305292,-4.953027,-0.49285078,-2.5578206,-3.8507643,-2.1869004,-0.51230216,-2.4389212,-0.21537678,-2.6527975,-0.018178575,-2.5507746,2.45644,0.63492304,-1.8360904,-0.74495095,3.45529,0.7981279,-0.83515525,0.92863923
CGTGCTGCATCCGTAA-1,-5.530943,-1.8644323,-2.1594067,0.7112418,0.52373683,5.6206408,0.81725407,0.5296692,0.37838823,3.028266,1.3028376,-1.6387142,-1.6624259,3.5517602,-2.3997622,0.2237249,0.5373517,0.17404582,1.1750324,-3.1058393,2.1177058,1.9359744,0.5388096,0.44028908,-0.8440082,2.3632019,-1.0666322,-1.6466832,-0.24818477,-0.25828472
CGTGCTGCATGTGGGA-1,-6.906789,-2.6468434,-5.493189,1.9867109,1.0447642,-3.810712,-2.899346,-0.5534573,2.3369608,-2.1292908,1.4421581,-0.29215562,-0.2931966,0.2854981,2.1641564,1.0328557,4.416715,1.5907415,1.3199661,-2.4509676,0.67864996,-1.868722,2.4793787,0.1839167,0.1574005,0.1872723,2.3454657,0.17596294,-0.25613818,2.3347952
CGTGCTTTCCACAATA-1,-6.5567856,-2.5375495,-3.1661577,0.5942299,1.4256419,-2.5852675,3.835492,0.68655574,0.9374539,0.6786826,2.0866792,-3.7485,0.5448456,1.3108268,-0.13213655,-0.41873667,-0.21165547,-0.37560672,-0.09508965,0.19060509,-0.6223848,-0.9045827,-1.4974484,-0.83455664,1.3343643,1.3568563,-1.3073362,-0.87872714,-0.03194402,-1.1219636
CGTGCTTTCGGTAACT-1,-7.5905094,-1.9597583,-5.5500283,0.35944423,-0.0951165,-3.4168673,-0.22898301,0.92863035,1.6175653,-0.95116746,-0.11524729,-0.31113037,0.21186863,-1.5789161,-0.18603313,2.523156,1.5229617,0.5654987,1.1493913,-2.403711,0.11784753,-0.2912626,1.2371154,-1.394461,-1.0379139,-0.4610347,-0.86587125,-0.60834163,0.69412553,1.5023518
CGTTAAATCACAGACT-1,10.663587,-1.0937536,0.7180027,-1.1303355,12.960893,-0.29822052,-1.7778307,-1.5906329,-2.193094,0.9480196,2.0548344,1.4781687,-0.9785978,-1.7355987,0.563693,-0.22574627,0.13873713,0.62293214,0.10973008,0.4871261,-0.6858147,-0.6145796,0.7125642,-0.3422752,-1.492654,1.0399721,0.76258856,0.3664985,-0.69985485,0.5466173
CGTTAAATCCACCTGT-1,-5.981451,-2.723591,-4.832238,0.75431484,0.036123604,-5.224094,0.60459286,-0.42491138,0.648449,0.13489696,-0.12580158,-1.3058068,0.5032387,0.2420671,-0.07752611,0.9498252,0.30221042,-0.3609536,0.84279704,1.9452808,-0.4592456,-0.004352976,1.7741325,-0.29168767,-2.455305,1.1853895,0.61517584,-1.043728,-0.17153874,-0.19845968
CGTTAACAGCTTAGCG-1,-7.4537635,-1.4201463,-3.5931501,0.42895716,0.69172955,-3.813455,2.956218,-0.4027138,-1.9816418,1.1305611,-0.7256955,-0.013578165,0.07342038,0.27140775,0.54549795,0.04002789,-2.1519191,0.86186844,0.061438672,-0.036688067,-0.31129,-1.2456495,-3.670882,-1.276179,0.92626715,-0.03755448,0.8531388,2.6524642,0.6859608,0.85960394
CGTTAGGTCATTAGTG-1,-5.642091,-0.56057197,2.5654607,-0.33663124,0.28298965,2.5934455,2.0875483,-0.49082294,0.2429655,-2.7589638,-0.37725827,1.7008291,-0.30663133,1.6897393,2.0266516,-2.1336505,-1.7667017,0.36650336,-3.5980587,0.89149827,-0.08504393,-1.2384037,-3.7845006,-1.7750008,-0.020873267,-1.3802487,0.513929,0.5652993,0.9790568,-0.7197547
CGTTAGGTCCCTCGCA-1,-6.294361,-1.8442696,-0.30885148,0.5837262,-0.6211438,5.513244,1.4534507,1.2962264,0.17196837,5.4214945,-2.3746145,-1.931417,1.4517347,-1.0113957,0.7651292,1.5260252,2.2426963,-1.8553275,-0.31732103,0.28672364,0.15629858,-1.6034614,0.80145794,1.1613951,-0.36208183,-1.0029367,0.28074998,-1.0499345,1.2823927,-1.7336314
CGTTAGTAGGCCCAGT-1,-7.926364,-1.7126547,-1.8888602,0.8535483,-0.58495843,4.029158,1.2009952,0.5316688,-1.707894,4.596862,-4.573791,4.277477,0.030789232,-1.8952078,-3.0616074,1.3354168,-0.60316443,-1.5875504,1.3591617,-2.8628209,0.8692805,1.6808968,-2.3082395,3.7443645,-0.10428418,-0.0010020145,-0.08311621,-2.2253778,-0.73623663,-1.2583638
CGTTGCGCAAGTCGCT-1,-7.018488,-1.9653113,-2.114112,2.3699057,0.70093626,8.260571,-0.9462961,1.468903,-0.34735632,1.6183208,1.4835371,-1.3404791,-1.8847111,4.001425,-2.7738793,0.7543432,0.84698886,-0.35386068,1.8308867,-4.015981,2.3496022,0.57954556,0.61054134,0.45201853,1.5633357,3.2775564,-0.5084114,-1.6195952,1.0155747,1.1904446
CGTTTCTCAGCTAACC-1,11.179654,-0.43786365,0.45734754,1.6980267,-1.6190801,0.76544905,5.1470814,4.102958,6.54085,1.2062359,3.6129625,2.22186,-1.2159011,-1.5948836,-1.3205384,0.43552312,0.097702004,0.91836256,0.85501087,-1.1010419,0.37162957,-0.7746747,-0.22412993,-0.1742495,0.6431025,-1.1966839,-0.3835543,-0.17906174,0.62995577,-0.6122563
CGTTTCTCATACTCCT-1,-6.582959,-3.5186138,10.065522,-1.5399866,-0.9060886,2.0338442,1.5343702,0.4201588,-1.1285139,-0.65695715,-0.6599052,-0.89345354,-0.26246423,-1.599145,0.09085123,-0.18069461,0.499926,-0.22045845,0.32075655,-0.3563574,2.1475985,-1.3332793,1.1429441,-0.5998398,-0.6829096,1.8209605,0.24297959,-0.26191014,-0.8224328,1.2756007
CGTTTGGAGTCATCCC-1,4.477728,1.5358465,1.9597503,-2.2995555,-0.2596414,0.30045035,0.7009585,-0.58361334,-0.2257798,1.2220343,-0.91163933,-2.739508,-0.22184195,1.8248656,-1.2420381,1.9595157,-2.566071,-1.1373118,-1.1024979,0.62146485,2.0935235,-3.3395953,-0.6137261,-3.871211,-0.3235329,1.8921638,1.1999208,0.36940768,-3.5586379,-3.5156894
CGTTTGTGTCAATGTG-1,5.9379315,3.7371433,0.47115624,1.1009645,6.435857,0.98371327,5.7706127,5.081863,7.1242137,0.38923436,1.4997907,-0.17775923,0.235919,-1.0473732,-0.8926216,-0.7666863,-1.5857499,-2.1604595,-2.4095228,0.8609695,1.0019213,0.66755086,0.27701718,0.53400254,1.3370647,-0.7658434,-1.4683304,-1.8336028,0.47919008,1.2742176
CGTTTGTGTTTGCAGA-1,-2.179985,25.9659,1.6055787,-3.3986547,-2.5524979,-0.88467664,2.8699982,-5.763022,1.7728071,2.599272,-3.4237041,-4.2584753,-8.361224,-5.6336603,-5.723648,-1.9241861,2.4025104,13.654877,0.35573134,5.1898723,2.2675362,2.055534,2.15963,1.2338732,0.33720738,7.918766,-0.97158706,-1.1064485,-2.065352,3.4247134
CTAAAGCTCAATGAGG-1,-6.574071,-5.4761066,20.411308,-1.5376753,-1.0468714,-4.6656303,-3.9378629,0.6258198,4.728877,1.5211198,-1.1427629,-0.43675205,1.1066782,-0.27228484,-2.1253784,0.72208226,-0.21652283,0.78477794,0.15283296,-1.8115715,-1.510513,-0.9595147,-2.1302269,-0.24744472,-1.7882236,-0.3922427,-0.2960074,-2.5758507,-0.33955854,2.0122187
CTAAAGCTCCTCCCTC-1,-7.041645,-1.7183584,-0.3942643,1.0165896,-0.53901786,7.4135575,-1.0821551,-0.055279117,-0.94469357,2.3966851,-2.1678689,2.3937438,-0.13592839,-0.02156632,-0.4629867,-0.96528333,-2.6869302,-0.38307798,1.3684919,2.9226055,0.28999305,-1.3004779,1.925664,1.0307612,0.25511548,0.9966855,-0.9856766,1.7190247,-2.7288437,-0.8423915
CTAAAGCTCGGTTAGT-1,12.715473,-1.3186374,0.03402405,0.0049629775,6.548351,0.2907601,0.73959136,0.16160254,0.4216906,-1.065264,-2.9119353,0.29322565,0.4626872,1.1655229,-0.136615,0.056261465,1.105867,0.7666635,0.077931516,-0.29967442,-0.926218,-0.049067527,-0.7238333,-0.3004391,-0.46505916,-0.75826913,-0.42756853,-0.22635992,-0.13978414,-0.50621945
CTAAATGTCAATCATG-1,-7.7277904,-2.9603443,-4.5185046,0.40520012,0.010991772,-4.091442,0.8268492,0.11807624,-0.9477094,0.3866751,1.6479992,-1.0676296,-0.11263614,2.2201717,1.5795574,-0.52440804,0.6321721,0.631684,1.4316814,0.5987909,-0.29262158,-1.6306993,2.3939292,1.3282645,0.113836,1.8171034,0.6958175,0.32356536,-2.282969,0.35064504
CTAAATGTCTATTGTC-1,-7.0546126,-2.0700948,-3.8339183,-0.094803125,-0.29090545,-2.1215727,-1.717286,0.3861161,1.5644562,-1.2129327,-0.20215315,-2.1532373,1.219695,-0.39348444,-1.083902,0.40262625,0.13105956,0.24401921,0.039227653,0.82079875,1.6672872,-1.1578852,-0.3627648,-1.9229068,1.1552093,1.0955614,-1.2697208,-0.36160922,0.13186702,1.5619434
CTAACCACAGCTTAAT-1,-7.241258,-1.6432065,-4.4869742,1.1231432,-0.45391697,-4.4778323,2.6862855,-1.4175173,-1.2898718,0.98903716,0.8397973,-0.9085866,-0.24705303,1.7000434,-0.9609999,1.1045674,-0.9440455,-0.25294837,0.9201902,0.09222563,0.5481543,-1.6594366,-1.6644938,-0.3396896,0.18366833,-1.9252532,0.8917778,-1.4037508,-0.4236587,-0.8102293
CTAACCTGTTCCGCAC-1,12.891116,-1.618297,-0.4324974,0.4242662,-2.944668,0.9887404,0.8762623,-0.32514766,2.0643177,0.6230586,-0.4013982,1.5205437,1.033313,0.11552848,-0.42292947,0.3283898,0.1910796,1.6727703,4.970818,-0.6957682,-0.9757565,-0.2973758,0.6255127,-1.700692,1.114639,0.5485743,0.98706216,0.6532059,0.3870867,-1.5872201
CTAACCTGTTGGTGAC-1,-6.7755666,-1.9610366,-4.0154195,1.3263934,0.22813892,-0.646349,-1.3197964,0.049873676,0.24845377,-1.6651188,0.19472839,-0.09754896,0.7367007,-0.39863184,1.1007506,-0.497892,2.592878,-0.1675631,0.5694304,-0.60673195,1.9381487,-0.6747161,1.0144725,-1.0419344,1.6545795,-1.8164417,1.7590588,-1.8724996,-0.07806927,-1.6710905
CTAAGGTTCCCATAGG-1,-5.0488057,-0.48169652,-2.0204573,0.54416543,0.47731894,3.3782241,1.4813958,0.70498353,-0.9046761,-3.1073878,2.0736003,4.377025,-2.227901,4.767671,-3.8543928,-5.6573834,-8.987847,-1.4453038,10.524167,2.181255,6.771393,-9.271661,-4.2149158,13.201103,-7.685577,20.158691,0.33254215,2.8760219,-0.021678405,-8.331825
CTAAGGTTCCTGCGAA-1,12.944472,-3.00399,-0.62058085,0.22712258,-7.460681,-0.23244873,0.95705134,1.1136726,0.9621607,1.4172739,4.908173,-0.42817104,-1.3291491,-2.5106485,1.2979206,-0.4091865,-0.7566005,0.7484809,1.7713058,-0.6462421,-0.7979427,0.6344197,-0.6946624,-0.3445536,-1.3039374,-0.037687466,1.6200999,0.02538825,-1.228281,-0.72050303
CTAAGGTTCGGCCATA-1,-6.3942714,-2.2518973,6.526537,-1.5744499,-0.3506727,2.808269,3.9070728,0.5389206,-3.2841606,-2.3106325,-0.98950034,-0.450785,0.335766,-3.1981668,2.4537208,-2.0740528,-1.3263148,1.8993657,-2.7364693,-2.039502,-0.044708565,-0.5782322,-1.379105,-2.387824,-0.8318706,0.38497087,4.094834,-2.4414005,-0.57370037,1.6579539
CTAAGGTTCTATTGTC-1,-8.048496,-1.4347557,-4.769964,1.45515,-0.9435918,-1.0669316,-2.1227005,0.31854486,1.0536157,-2.6975265,0.60418993,-1.0571107,1.9769144,-2.2039475,0.7724372,1.7580893,0.15314353,0.55745494,-0.52138156,-0.43141863,-0.39045316,-1.9112449,1.3831073,-2.0864327,-2.4109855,0.5588224,-1.4656504,-1.1775694,0.19386248,1.474045
CTAAGTCAGGCTTAAC-1,12.656873,-2.6191475,-0.47399828,-0.39721945,-4.8237624,-1.215369,-0.8592451,-0.3850312,-0.048105557,0.40996063,1.1101302,-0.19981836,0.21036921,1.1759117,0.5539596,0.28145316,-0.34019777,-1.8882505,-0.91488004,1.2414594,1.433713,0.99273986,-0.15763469,1.7576588,2.0219367,-0.65152144,1.932483,-0.8185977,-0.43810505,-0.85829747
CTAAGTCAGGTCATTA-1,-7.9015126,-2.9195006,-3.7205567,-0.1244584,0.31963575,-5.039687,2.654953,0.51327956,-2.1001194,2.0764976,-0.090378225,-0.48148382,-0.6087955,1.1807456,-2.1501417,0.02942878,-1.4490464,0.27044988,0.10732915,-0.36194813,-0.9029024,-0.21410975,-1.0240442,0.6692405,1.9513298,2.39614,-0.6080024,1.7768348,-1.6091591,-0.37161136
CTAAGTCAGTCTATGA-1,-7.780916,-2.0729191,-4.6655526,0.5623679,0.43888867,-5.1340346,2.858714,-1.9519172,-1.9077462,2.315501,0.9279289,-0.78909004,0.98164666,2.941788,-0.5158268,-0.4319783,-1.1779555,0.41967794,1.3068578,1.0573909,0.5593356,0.45640722,0.44036627,0.3429041,-1.992923,-0.027596833,-1.0419182,0.54384553,-1.8513618,0.3428175
CTAATCCGTCATAGAT-1,-7.263017,-2.1827974,-4.8529444,0.042363174,-0.06986079,-6.023797,2.0808923,-0.2922148,-2.0971096,2.6617894,0.8096855,-1.2884203,-0.033184767,2.2267148,-1.1239866,0.65004814,-1.473545,0.97827667,-0.2727811,0.42573395,-1.342948,0.3984575,0.73244226,-0.25734738,0.875917,-0.5495402,1.5844414,-0.38494402,-2.1825676,0.24934511
CTAATCCGTCGTAATG-1,-7.74153,-2.2166252,-2.7491343,1.0086612,-1.7460277,8.565406,-3.7935176,1.0016716,0.11666634,1.3201797,-1.84448,6.030679,-2.7026978,-2.373852,-0.5172792,3.3095775,-0.275759,-2.4301684,0.8901238,6.202217,-0.9611177,0.797773,1.6352304,2.9203556,-3.2672555,-2.056899,1.7197387,-3.1678185,-2.0069447,-3.952171
CTAATCGCAGCTAACC-1,13.087098,-2.0496385,-0.9239302,-0.39608628,-2.556547,-0.15124889,-1.0668695,0.4621384,-0.6371333,1.8378251,2.4024053,1.8457494,-0.84839743,-1.7454317,1.4117464,-0.85384184,-0.450719,0.7597781,1.5927507,-0.7470526,-0.16190478,-1.3930569,0.0052636554,0.2917483,-1.60134,0.8731981,0.06167098,-1.1376722,0.036907163,-1.6435782
CTAATCTTCGTTAAGC-1,-7.398157,-4.038635,13.87578,-0.9263996,0.3173969,-0.1679206,3.5103858,-1.1404701,-2.3413408,-4.144618,-0.75687647,-1.0142812,-0.2281469,-1.6866112,1.4013596,-1.2951807,1.1822774,2.5240018,-0.30998802,-2.0668023,0.05116907,0.24459687,0.011876868,1.7075319,2.0272133,-0.78539693,0.014342245,-2.951027,2.1657546,-0.10928041
CTAATGTCAAGGTAAC-1,12.252982,-2.228424,-0.38637787,-0.034118704,-3.4088304,-0.62754136,-0.25565788,-0.5519961,-1.2674917,-0.4580954,-1.9719318,-2.034413,1.9277369,1.4339943,-1.0007328,1.1127812,-1.1757115,-0.6672605,-2.9906266,0.08317301,2.0513778,1.1014806,1.6804774,-0.04894429,1.4583476,-1.3127048,0.42073017,-3.1258426,-0.06945756,-1.3364224
CTAATGTCAGTGAACG-1,13.663554,-2.9719102,-0.36956975,-0.1929494,-6.680108,0.4818171,0.0017214578,-1.069635,0.71185124,0.020551596,1.4638793,1.4769517,-3.1705837,-2.6785614,0.04488124,-1.3452561,1.103667,0.11791705,-2.4875474,0.67799455,-0.68350816,0.31292388,1.1349614,0.7220196,-0.3997593,0.85710627,2.2279017,-0.5067809,-0.36461362,2.382039
CTAATTGAGCTTTGGG-1,-5.6193156,-1.4734237,-3.9095907,-0.6000032,0.09986889,-4.4623084,1.9492447,-0.08701723,-1.0220271,0.58104205,0.052901708,-0.21906048,-0.6629068,2.0130527,-1.1200771,0.473465,3.338485,-1.6341676,-1.6834091,0.31298572,0.20553046,0.7905131,-0.32181135,-0.71596044,-2.5449896,0.43292797,0.3212618,0.6517853,0.2093197,-0.6166009
CTAATTGAGTATGTGC-1,-6.8503466,-2.198595,-3.1731415,0.4915245,-0.015697056,-1.9183036,2.8204093,0.7932064,-0.5247997,2.9193866,1.2165824,-0.71535546,0.44425762,1.68055,0.9773745,1.0413805,0.45263776,-0.17768772,-0.5397015,0.2270703,-1.7461133,1.0862734,-1.0548532,0.19969366,-1.3733839,1.6397526,1.4586376,-2.317078,0.27970362,-1.6223625
CTACCTCAGGTAAGGC-1,-0.8281674,7.483453,1.1644073,3.5796342,0.32709914,-1.2423971,2.2032769,5.2061067,3.4887662,3.4630108,2.6021059,4.1564326,1.471661,2.8171499,3.324485,-1.6364547,2.4981105,0.38461593,3.9734542,8.392806,7.531548,3.0531173,-1.9602088,-8.733078,-1.7491826,-1.1221455,8.049492,-4.4515452,3.1894417,1.811058
CTACGAAGTGTGAGAG-1,12.623041,-1.3759624,-0.29466066,-0.08537041,-4.4239583,0.4779259,-1.2141924,-2.079441,-1.6161288,-0.29172522,1.3535138,-3.0857022,1.7209891,0.7875729,-0.1542887,1.1805943,-1.0841774,-0.9217395,-0.5150582,0.33858114,1.7005411,0.19481958,0.08449149,0.30457067,1.4296207,0.063858114,-0.41426066,-1.0376952,0.65079176,0.38009614
CTACTTAGTTATTGCC-1,-7.7151356,-1.8347244,-4.4727473,1.4665103,-0.10857249,-1.1794698,-0.28383985,0.04045618,0.21423021,-0.07141153,0.026959363,1.7989663,-0.33420095,2.3198,1.96164,-2.178245,1.5729994,0.1835928,1.7067326,-1.1949074,2.851258,-0.97679085,2.158298,1.6955503,0.053342655,-0.8470852,0.7582307,-0.53839755,-3.7181704,-1.1114976
CTACTTAGTTTATGGG-1,1.1239791,22.130192,6.877844,42.698883,-0.41582158,-0.8206017,-0.025798725,-1.3237344,-2.248456,-0.33951512,-1.6234248,-0.5805373,-1.3610051,-0.9786639,0.6315868,3.5761592,2.1468441,0.1061694,-0.23084947,-2.99751,0.34319454,-1.2597306,0.56187385,-2.2721317,1.1037599,0.7230272,2.140629,1.1974002,2.3384376,-0.8556971
CTAGCTGAGTTTGGGT-1,-7.4363213,-1.2129843,-4.4036713,-0.53166056,0.13624822,2.270602,-3.2678816,0.86369264,1.581367,-2.94087,-0.39692232,-1.8343259,1.1157134,-1.6778069,-0.73290104,-1.4371488,-0.64789844,-0.10215158,0.57555366,-0.17392454,-0.026970277,2.1355917,-1.007618,0.11786322,-1.0935186,1.7337079,0.2635058,-0.102632046,-1.017393,-0.81901693
CTAGCTTGTATTTGGG-1,-7.1730146,-2.3055172,-3.5707014,0.034654487,-0.4027492,1.6316352,-1.1378133,-0.580736,0.57968825,-0.96478826,0.043053675,-1.9466306,1.0806334,-1.8281031,1.0395936,0.3919317,1.574884,-1.0556887,-0.14386865,-1.4861194,-0.66171277,2.1240306,0.1082248,-0.67515856,-2.1998534,0.39076382,-1.2925836,0.14226344,0.36101273,0.32983947
CTAGCTTGTCTTGCTG-1,12.720246,-3.1239974,0.18751241,-0.8999271,-3.606891,-0.52497566,-1.3481603,-1.346886,-0.2696564,-0.5140377,-1.1989746,-1.0044742,0.08020573,0.6975773,0.02155883,-0.10396401,-1.1466537,-1.4188112,-1.6117218,0.71756953,1.5638655,0.78434706,1.7881957,-1.3903867,3.0046468,-0.31959978,2.646478,-0.5951244,2.2456057,2.1619234
CTAGGACGTCATCATC-1,-7.0717225,-1.9725369,-4.428098,0.4068899,-0.015297648,-2.296444,-0.99529856,0.058569845,0.36828518,-1.6459383,0.8621528,-2.6830957,0.24372256,-2.1786125,0.31104454,-0.37197846,-0.65493417,0.26370555,1.1342014,0.8961299,-0.43074033,-2.2018597,-0.6386706,1.0402464,-0.8243668,2.4695115,-0.4541291,0.19447422,2.1493196,0.5224973
CTAGGCGGTTACCGGG-1,10.890417,-1.1366047,-0.8278648,-1.1562682,1.6695136,0.051519778,0.4568277,0.31782228,-1.1215216,-1.430431,-1.7134169,-0.8677541,0.7631733,1.3066955,-0.26616058,-0.26979792,-0.49619126,-0.972912,-0.22303072,0.430225,1.0526026,-0.32426926,0.87800056,0.47780678,-0.893124,1.1697452,-0.31388953,-0.15769441,1.0497909,0.109352395
CTAGTAATCAATACGC-1,13.804941,-2.8113298,-0.81968814,-0.6959377,-1.9793156,0.6944109,0.22520497,-0.14092606,-0.5911802,-0.79516584,-0.2257489,-2.0080054,0.19796382,-0.012187167,-0.56682456,-0.17213655,-0.94201857,-0.7398752,-0.6306445,-0.19738583,0.6370575,-0.15025358,0.6649924,1.1146047,0.4774826,-1.0892204,-1.2121013,0.2744554,-0.5821466,-0.116530016
CTAGTAATCGGTTAGT-1,13.668281,-3.2418604,-0.85323083,-1.3325514,-7.015276,-0.42513168,-2.7627008,-2.565318,-2.5195916,2.1197844,4.972444,-0.79925084,-1.7439024,-2.2650802,0.7973193,-1.9165621,0.620029,-1.5407952,-0.121586755,0.87033635,1.2061261,-0.38897258,0.4709857,0.0012740172,-1.3325058,1.6344471,-0.20518158,-1.815633,-0.6679633,0.9986707
CTAGTAATCGTTTCGC-1,-7.4854875,-1.6015757,-1.1280376,-0.4544779,1.5004095,1.1536849,0.70195633,0.2025455,-0.6399265,-1.2938052,-0.9410193,2.9751067,-0.23061435,-0.9913694,0.55768055,1.8667519,-2.8273945,1.7581549,-2.356445,1.5180116,0.78081095,-3.047646,-0.819354,-1.0842143,0.9033357,0.6978444,2.0565085,3.144262,-1.6209059,4.2846475
CTAGTAGGTCAGGAAG-1,-6.318702,-2.0656304,-4.064673,0.7201936,0.7110657,-1.5381244,0.16273001,-0.2755579,0.7375061,-0.4039285,0.5331814,-3.4453177,0.97062737,0.19493684,0.2313073,-0.11748744,-0.1469734,-0.22306433,0.0040196804,-0.7641929,-0.42980528,-0.9110354,0.45998004,-0.2442148,1.1117923,-1.104646,0.018521685,0.15557218,-1.0507628,0.08878795
CTAGTCGAGCAAGATG-1,-6.26283,-1.7497678,-1.182311,0.118555136,-0.5610173,1.7362518,0.39816782,-0.98998636,0.6385875,-2.4890199,0.70421815,-0.06459147,-0.07861971,0.77708805,2.7133808,-1.2983341,2.3776207,0.15618157,-1.5449637,-1.7201678,-1.4745333,0.6883796,-0.6562528,-0.048073255,0.9536038,-0.6052381,0.46125856,1.0089538,0.7027813,0.75721836
CTAGTGAGTCCACAAA-1,13.092837,-0.80067325,0.04047903,-0.5858651,0.40669104,-0.7242449,0.902637,1.8440343,1.8672544,0.15678023,-2.5187967,1.405226,0.41352966,0.3520589,0.21321502,0.7805533,0.6880001,-0.22158578,-0.5484456,0.21927883,-0.6948876,-0.47914332,0.2658351,1.3620065,1.114926,0.2789064,1.3161837,-1.8037591,-0.5626388,-1.1206518
CTAGTGAGTGATGATT-1,14.763393,-1.9430447,0.13684714,-1.4556803,5.121424,-0.95829695,-1.714908,-1.439043,-2.9170432,-0.46116778,-1.9720099,0.9214676,-0.48129815,0.18575276,0.645359,0.93831336,0.085742846,-1.0853333,-1.0412914,-0.005666296,2.1526618,0.7426422,-0.45325086,1.1380489,1.0701644,0.68248945,0.49658757,-0.8621411,0.10990384,-0.55911905
CTAGTGAGTTTGTGGA-1,-6.7596674,-2.592311,-2.949958,0.13927728,0.47644845,4.52442,-1.9958235,-0.5571146,1.5222,-1.4291815,0.41856542,0.043197054,0.21238907,3.033658,-0.44086313,-2.200675,-1.5159743,2.006256,0.07987028,1.6822224,0.41887462,-2.252953,0.8016573,0.29181668,-2.0267653,0.60729706,-0.56531996,1.6309053,0.2644468,-0.8944877
CTAGTTGCAAACTGTT-1,-7.5933013,-1.689048,-2.753177,0.59357345,0.06208403,5.8622856,-1.2762805,0.26408476,0.19775657,-0.5516804,1.1232419,1.3732394,-1.4634252,3.4854994,-1.8386682,-0.46585283,-1.829174,-0.46605435,0.47480074,-3.9964454,-0.16977124,0.68822217,-2.2144625,-0.88761365,-2.9923446,-0.5939444,0.15190731,-0.16729769,0.49437025,1.9591035
CTATGATCAGTAGGTG-1,9.971476,-2.3345594,-0.92090046,-0.06180578,0.20856825,0.7665478,-0.767594,-0.8514044,-1.0517944,-1.3039309,-2.0518456,-2.0604393,1.6529074,1.8771862,-1.5386494,0.39048854,-1.0359399,-1.1705794,-1.6305902,0.68085086,0.46163535,0.6877822,-0.0059543485,1.4140502,0.6605752,0.28739175,-1.4281794,-1.4216527,1.02495,0.812555
CTATGGCCAGATTCAT-1,6.730369,0.13520814,2.6144028,-1.3249507,2.81155,0.21950886,-2.826288,-1.5769806,0.36863604,1.6070036,-3.0862606,-0.64705825,-2.6387038,2.6753008,5.550223,-3.105365,-0.89359576,-2.9656382,1.8759714,-0.20384718,3.2436652,1.2698873,-0.9496254,-7.5381165,-6.2451334,-0.34502482,0.35267133,-1.0230957,-1.2504795,2.0242765
CTATTCAGTCGTAATG-1,13.506867,-2.8157883,-0.9170119,-0.79465073,-1.8840921,0.60484785,0.088372566,-0.3241906,-1.4330851,-0.8898632,-3.5680296,-0.6479498,0.24729706,1.5772347,-1.3378478,0.30065492,-1.2355461,-1.6344105,-1.8017701,0.7418524,1.4449353,0.31069806,1.0947086,0.40004295,0.3141524,0.37520307,-0.34969458,-0.2656697,0.75724083,-0.8758479
CTATTGAAGTCACTAA-1,-6.1090117,-3.549729,8.228456,-1.2495836,-0.36936346,3.0569804,5.422329,-0.6583561,-4.6393166,-4.1660895,1.4592701,0.94997305,-1.1475314,0.8435531,0.52571964,1.5123854,-0.72205937,2.1145852,-3.7425876,-1.3921292,-1.3067436,-3.3487046,-2.451598,-1.0079107,-0.6928186,1.9047589,-2.084865,-1.8031573,-1.2287337,2.3643866
CTATTGAAGTTATGTG-1,-7.935339,-2.0533981,-5.389728,0.4522614,0.5409612,-1.5361111,-0.64966106,0.05809899,1.4012489,0.4875317,0.49162406,-0.5256849,1.1884378,-0.96783847,-0.12663779,0.01961182,0.1511651,-0.75525373,0.8386734,-0.79332256,0.7230296,0.16347735,-0.33334756,-0.30177423,-0.22634749,0.10615845,-0.8137541,-0.3059347,-0.91353744,-0.14423566
CTCAATAAGCATTATG-1,-0.53077066,18.119514,-0.43992227,-4.1251426,-1.9516422,1.2983192,2.0928793,-10.22456,2.1964679,3.6233573,1.21488,4.9099774,5.4113626,0.3128279,-5.0417457,-3.685894,-0.650819,2.4489512,1.1550865,5.2972817,3.0617235,1.7859051,-0.088403955,-0.65462327,-5.535392,-0.37648883,0.25991303,1.2564921,-0.875256,2.6029427
CTCACAACATTATGAC-1,-7.992386,-1.91549,-4.9511795,0.23911229,0.04624296,-5.5009093,2.7619529,-0.52326936,-2.0745707,2.4447834,-1.731071,1.1803459,-0.31418976,1.2260605,-0.3830996,-1.9045899,-2.4045286,0.36916575,-0.33971557,-0.7959107,-0.62827545,-0.5474138,-0.5145637,-0.29429153,0.83130836,0.5919683,0.37332764,-0.69528407,-1.2692355,1.0261214
CTCACTCAGCGAGCGA-1,15.258804,-3.2410727,-0.37828246,0.00024186449,-5.1714168,0.3272148,-0.9225381,-1.3115898,-2.2156167,-1.5631411,0.6211703,-1.2745743,-0.1253998,-0.30198696,-0.082318835,0.5183046,-0.83117807,0.70201063,-1.1287398,0.6684416,-1.5386729,0.21468283,0.3840308,-0.21324143,-1.3949127,-0.37488937,-0.5742992,3.1997752,-0.5811855,4.0607677
CTCAGGATCAGGTCCA-1,-7.541958,-1.6039592,2.9512649,-1.711136,-0.5454571,2.438456,4.1734066,-0.23289326,-4.241764,-3.0139859,-1.457181,0.14567289,0.21045054,-0.45977396,4.1056547,-0.9756303,1.0427505,2.0062506,-1.6555356,-1.31301,0.6965644,-3.711154,-2.3518395,0.013820514,0.69498044,-2.2990828,-0.042452697,-1.1596038,-0.9108983,2.1050203
CTCAGGATCGAGGTGG-1,13.224226,-2.8016431,-0.46458262,-1.6819271,-1.9698488,0.051589463,-1.3456781,-0.99306417,-0.82365215,0.34916216,1.7874233,-0.70994234,-0.034960534,-0.2987116,-0.33188725,0.05718559,1.060193,-0.4601128,0.38519374,-1.2645591,-0.6554884,0.39775375,-1.2453755,1.1216277,-1.4769796,0.32169983,-0.45190793,1.824352,-2.0751781,1.571255
CTCATGACAAATTGCT-1,13.522253,-3.1580925,-0.8529797,-0.5527558,-2.7498996,0.0063039116,-0.89319414,-0.9680277,-0.83641016,-0.5301191,-0.93523353,0.8082917,-0.058290977,0.2928123,1.0402284,0.4119442,0.119235866,0.8566031,3.6117299,-0.95622134,-1.83539,1.1563292,-0.30645618,-2.2931113,-0.92781,0.84499353,0.5552877,1.7334566,0.44593635,-0.49452743
CTCATTAGTCGACTAA-1,-8.133538,-1.6705512,-3.7457938,1.7592107,-0.68515897,1.2857476,-4.034746,0.5626865,1.0184225,-2.1270988,-1.3488088,0.82150465,1.0101466,-1.2562304,1.7576206,0.08412108,0.19892772,1.3395491,-0.56608325,1.536498,-4.0929394,1.8438524,1.7327291,0.38961768,1.0697277,-2.0020814,-0.82977945,1.5857828,0.6059093,0.74583936
CTCATTAGTGGGTACT-1,-7.4906173,-1.4068528,-4.3316054,0.50364125,-0.080027774,0.88641435,-3.0696561,-0.9572958,1.3417681,-4.0028195,2.678846,1.6681303,-1.582466,3.1191387,2.8754992,-4.5990763,-1.2252954,3.8832805,-2.184914,-0.72163785,1.9383229,-2.5428262,3.0954964,1.2721653,2.8251204,0.51469004,-2.3218315,2.5588887,-3.2325664,-0.8422541
CTCCAAACAATAGTCT-1,12.176924,-1.2054429,0.4162401,0.6761654,6.5349154,-0.14653485,-1.5996884,-0.35685405,-1.9568727,-0.5826632,-1.2971362,-0.15944049,0.18384233,-0.15231347,-0.4455398,-0.028439283,-0.11875565,0.3824672,-0.1342943,-0.2469678,-1.4056951,0.6972712,-0.40628833,0.70392895,0.1190136,-0.3823767,-0.40862638,-0.8609689,-0.08891205,0.3738106
CTCCAAACATTGTGAT-1,-2.1268141,24.868383,0.75142777,-7.969779,-0.018717894,-1.4129261,-0.3725344,5.2422366,-2.449277,-0.12119512,1.1847583,-2.1285062,-2.8159204,2.4667726,3.6950502,9.368812,0.093509674,4.706932,-2.2343411,-3.98017,-0.5497713,8.352478,-0.04117766,-2.251519,-4.7131143,0.40431982,4.940506,6.638626,-3.2497377,-0.004040102
CTCCCTGAGCGAAGTA-1,-7.635434,-4.6236186,19.440031,-2.8838606,-0.20766926,-3.6743276,-4.656207,-0.0075144363,4.506001,0.24297392,-0.30389497,-1.4222256,0.31231487,1.0058795,0.6002577,-3.2613285,-1.4442973,0.6108476,3.2780929,0.12684369,0.48355764,-2.4006228,-1.1107962,-1.0866959,0.47790703,0.33580002,2.7861443,-2.4848824,-2.4933696,-5.0413847
CTCCCTGAGGCGGATG-1,-8.430772,-3.300776,16.853273,-2.6814303,-0.59127414,-0.62992316,3.9976666,-0.059440874,-1.922166,-4.321075,1.4888229,0.7347585,0.38015,0.76722205,1.4829423,-2.8210673,1.1105264,0.5306392,1.0564502,-3.9258194,2.1333134,3.4789138,1.3498863,-0.20595652,2.339598,-3.819812,0.88039696,3.1909647,1.5725771,0.73062205
CTCCGGACACAACCTA-1,-7.974694,-2.1871367,-4.545283,0.083537586,-0.49655592,-5.7169843,2.6567557,-0.23699412,-1.0208421,1.1632726,0.73889536,1.3136493,-1.210888,3.3976996,0.023970464,-0.32013434,1.7904847,-1.9560468,0.6987187,0.49771965,0.2578199,-0.4231088,0.6871886,0.38069758,1.1197153,-0.76430273,0.18662892,-0.01526003,-0.014022671,0.17848042
CTCCGTCCAAACCCTA-1,-2.184071,22.592356,-0.3479104,-6.1446624,-1.6767107,-2.122214,-2.3610733,9.354017,-5.1564097,1.2604799,1.4850876,1.9476424,5.957151,2.3580287,1.1069566,2.7945082,0.6076676,-3.2799966,-1.7710605,-3.9954093,-1.0841085,-3.3141854,7.0762796,-5.370051,-2.5241194,5.9226837,-0.78586614,0.9634431,-3.3079185,2.1463423
CTCCGTCCAATTAGCT-1,13.035662,-1.8682851,-0.66820097,-0.19532782,0.91310024,-1.293917,0.1095786,-0.20326248,-0.62494427,-0.0365574,-3.372461,0.25745362,1.6368678,0.9834984,-1.4723371,1.0069846,-0.47784445,-0.047835995,-0.81823874,0.015448818,0.09277072,0.3563453,-0.3702844,0.44635177,0.99971545,0.93970746,-0.82314646,0.039466094,0.06819074,-0.18648976
CTCCGTCCAGTGAACG-1,10.816685,-3.4106097,-0.9945132,-0.6214052,-6.2873144,0.9753182,-0.17588767,-0.5145782,-0.9988185,-1.2286615,-0.28065395,-1.5044569,1.2658312,2.1451774,-1.1770974,-0.16652313,-1.3029608,-1.2423389,-0.510285,0.73315185,0.93333274,-0.033232193,2.1930914,-0.05491575,1.7001199,0.30363363,-0.1707086,0.4571617,0.71636194,0.16911384
CTCCTAATCGAGGAGT-1,10.751592,-1.8105371,-0.09908017,0.7746401,-1.2728771,0.52954227,3.3394225,2.6583517,5.0308623,0.6485986,1.076544,0.25486228,-0.6395554,-0.4009684,-0.09504399,1.03158,0.318412,1.9461838,2.5756874,-1.28486,-0.4350205,-1.3734868,-0.93872666,-0.7482987,0.016887365,0.2283445,-0.52309674,-0.2631818,-0.71725005,0.12576404
CTCCTAATCTAAGTGC-1,15.516842,-2.377201,-0.35777253,-1.6978147,-6.0603533,-0.7715795,-3.0600405,-1.2336323,-2.3948123,0.916273,0.24760008,0.34277222,-1.4763974,-1.0376629,0.6497199,-0.29886633,-0.28945434,-0.24429768,0.029372862,-0.42653805,-0.41744354,-0.008809419,0.11029147,1.5192096,-1.1790472,0.09592895,1.31268,-0.34167317,-0.24042392,0.9953481
CTCCTCACACATACTG-1,10.666423,-0.67026013,0.59427816,-1.2658424,14.121259,-0.826698,-3.9212668,-2.6762347,-4.497855,1.2533072,2.8721805,1.8158314,-1.8557009,-1.7433033,1.358027,-0.02884236,-0.7356763,0.38410327,-1.329611,0.3678803,1.4232652,-0.5761189,-0.20148037,-0.55427563,-1.9456775,0.06634976,-0.30251008,-1.3094876,-0.00787347,-1.0668232
CTCCTGAGTGTTCCCA-1,-6.8538194,-1.7804097,-2.4722981,0.81420445,-0.5566306,4.4350147,-1.693013,1.1571634,0.8704847,-1.8111644,0.8394717,0.2248666,-0.8664948,2.5562606,0.5742378,-1.8115036,-0.0065786815,-0.07981178,-0.12749074,-0.87560976,-0.09387756,1.1253484,0.18333864,0.79577136,0.78511006,-1.145731,0.51232785,-1.0346972,-1.1471752,-0.43147188
CTCGACAAGACTCGCA-1,-5.613218,-2.7828674,5.8581166,-0.52658296,-0.009742608,1.7126484,4.231247,-0.20291084,-2.5991223,-4.140164,2.4379518,-1.8908391,0.008786895,0.23977385,-2.8236783,3.3208797,-2.980645,-1.1657519,-3.1595094,3.1183507,-0.6999608,-1.9334903,-2.891225,-2.3554885,-2.0145109,-1.5791025,1.6734676,1.7746364,-2.4329355,-0.19353877
CTCGACAAGATGGACA-1,11.55525,-1.2343508,-0.19211456,-0.33835825,6.096617,-0.6147635,1.6065505,1.2923824,0.83099896,-1.3167269,-2.2254684,-0.46232033,1.2102374,0.95597994,0.26227498,0.8408003,-0.074890204,-0.023141492,1.2545832,0.5661235,-0.60055995,0.05081217,-0.06281753,-1.1596245,0.020229828,0.1715285,0.89275914,-0.31231475,0.36843058,-1.4792862
CTCGCTAGTACAATGT-1,-7.4613295,-1.8524284,-3.1555243,-0.079695106,0.28058136,2.8831253,-2.2399452,1.0416394,0.94452524,0.16920365,0.010030375,-0.5990282,-0.55182856,0.10584073,-0.53166264,-2.068952,-2.7648728,1.0387292,0.65138286,2.0995858,-0.36955446,1.8572689,-0.52767575,-1.9337664,-1.2251209,0.24592699,-0.34601578,1.0564774,0.27960995,-0.8211794
CTCGCTCCACCAGCAT-1,-5.039106,-1.1914144,-0.65934664,-0.2067514,0.15206619,7.1601863,0.88355744,-0.11866134,0.35385376,0.67989516,1.5758535,0.37403902,-2.4719465,2.8860781,-3.4856524,0.3838967,1.6210719,-0.46279305,0.9516882,-1.519351,2.9490328,-0.41243768,-0.13945043,-1.7227198,-2.0853312,0.63941604,-0.055802498,-1.1785444,1.733561,0.95620084
CTCGCTCCATCGCTTT-1,-8.517871,-1.9083071,-6.0014567,1.1219918,-0.6486411,-0.86918914,-2.23561,-1.0190597,1.4219323,-2.2882628,0.25418788,-0.4019787,-1.0263293,-2.69042,-0.39002177,-0.74377465,-0.0467732,-0.4710829,2.3024082,2.5773928,2.5574827,0.079015,0.15936449,0.5859668,3.5830817,-1.2304741,1.4271257,0.4506963,-1.9744081,2.8441627
CTCGTTATCAAATCGC-1,-5.189812,-1.3179199,-1.8445979,0.2160896,0.5604039,7.9877195,-0.24007492,0.8586449,-0.5888115,3.0320477,3.801885,-0.66217154,-2.9538333,7.3405037,-3.753792,1.0729458,1.5027828,-0.060188092,0.7604269,-4.2423344,0.7871945,-1.262543,-0.22001006,-0.042699702,-0.28426123,-0.35633767,-1.7616477,0.03396826,1.166217,0.78020227
CTCTAGCTCAATGTGC-1,-6.3703833,-4.5931234,21.091433,-1.4975852,-0.4356696,-4.1695333,-4.6184425,0.22428362,5.7718115,1.6161593,-0.67190665,0.45662925,0.12759914,1.4847935,-0.9808321,-1.4277207,0.44070315,0.07345618,-0.031385306,-1.8417151,-1.0427043,3.6083696,-1.239346,-0.54539216,-1.1962994,1.329993,-1.2194144,-1.8469216,1.0842404,1.2234133
CTCTATGTCAACAAGG-1,-6.75837,-2.0794241,-6.501875,0.58171964,0.25242066,-2.0127227,-1.8926698,-0.8763251,2.2708778,-2.626312,-0.52581626,0.88462967,-0.88718843,-2.0671737,-0.7101056,1.7243239,3.2670295,-0.3892432,0.1864907,-1.2788792,-0.061392844,-0.763173,0.7424613,-1.1591846,-0.39145318,-2.5795329,-1.2564825,-0.54017335,-0.31184053,0.7130516
CTCTATGTCGCAACAT-1,-6.1291637,-2.16189,-0.34156042,-0.22185741,-0.18847823,6.416391,0.4484367,0.7280457,0.51245683,3.5368228,-1.0500863,-0.6553457,-0.358226,0.49161986,-0.907164,0.55174845,0.27353758,0.19823943,0.476296,-2.2944605,2.2711515,0.29929918,-1.4532925,-0.8052083,-0.3496052,-0.586555,-0.6502987,0.18180114,0.8000769,-0.66749936
CTCTATGTCGTGCTTC-1,-1.9423257,20.856092,0.27039075,-5.7154117,-0.11672793,1.3402705,2.3465543,-5.2495446,2.1288564,0.8239113,-1.8803431,-4.624139,-5.181705,-0.6603709,-1.6166884,2.493101,0.1799814,10.431282,-3.549519,-2.5611298,2.8753226,-0.57092434,0.62576205,0.1304076,1.4595803,4.021939,4.5189767,-2.4535499,0.39089096,-0.001003983
CTCTCACAGTTAGAGG-1,15.269819,-1.9195226,0.040943854,-1.5526828,-1.6593069,0.12446396,-0.713799,-1.3497041,-1.8925897,-0.30251142,-0.9912464,-1.5752116,0.53954864,0.79927766,-1.6058433,-0.3912198,-0.12633137,-2.410462,-1.9238012,1.2765613,1.4593393,-0.2792094,0.9671201,-0.087451875,0.9338676,0.29380283,0.09443178,-0.98063457,0.44191086,1.3957424
CTCTGTTCAGGCTTGT-1,-7.2337227,-1.7016406,-2.797241,0.38480043,-0.3168267,2.1060498,-1.6613729,0.3249239,0.8570029,-2.5849264,0.9008685,1.2744415,1.4449992,-0.93135655,0.0824843,-0.31248778,-2.0949552,-0.9737612,1.5835053,1.159986,0.1551728,0.42776456,-1.8579175,-2.0441723,-2.0968592,0.6592163,-0.029656636,-0.27086475,1.6781473,1.6165328
CTCTGTTCATTCCTCG-1,14.85319,-2.624176,0.16643453,-0.6229867,-6.3679214,-0.60407466,-1.1894886,-0.719264,-0.96842265,-0.19186081,1.7506663,0.26287243,-1.6679434,-1.2161087,2.0301578,-0.70491177,1.0879945,1.9201002,1.0536624,-0.69306606,-1.5881718,-0.07024937,-1.4059459,1.1505136,-0.75337046,-1.4908358,0.6446161,0.4473925,0.10554582,1.4634284
CTCTTGATCCCGTTGT-1,-8.021477,-1.357494,-5.47207,1.0954113,-0.65039647,-1.5539631,-2.5098872,-0.95193756,0.69812393,-1.6586341,-0.059313033,0.50255483,-0.5290708,-1.9139758,0.44126797,-0.19541703,1.2409366,2.6494107,0.76259464,0.35866448,-0.98810524,0.9290485,2.3928013,0.7124632,-2.0823247,1.5743225,-1.602243,0.1416251,-1.1082662,0.21546511
CTGAATATCCTCAGTC-1,-7.2995768,-2.255846,-5.212426,0.4607933,-0.054596175,-1.5527745,-2.091055,-0.39126688,1.2895126,-2.0429966,0.2246274,-2.1522696,0.34560493,-2.1937344,-0.56030995,1.4701912,2.0491998,0.60335106,-1.2180231,-1.9750965,2.4825187,-1.5647128,0.49696207,0.012677402,-0.16754305,-0.834761,-1.7334262,-0.44944823,0.25895745,-0.47845653
CTGAATATCGGCTAGC-1,12.325354,-1.4307344,-0.37516144,0.2971009,-1.2812284,-0.03167489,-0.0932959,0.73363954,0.7619487,0.9558042,1.4881042,-1.0982057,0.7811526,-0.34301987,0.76784813,0.23524602,-0.089363575,1.7771213,0.9986332,-0.36697176,-0.2788498,-0.6300549,-1.4331,0.12808082,-2.0950322,-0.86462474,0.038869552,-0.7042354,-0.8259361,-0.40108463
CTGAATATCTATCGCC-1,-7.7237434,-2.1449616,-5.184055,-0.21047843,-0.1869255,-1.9629416,-1.8293145,-0.4125144,1.5862631,-1.1363884,1.3674759,1.0276443,1.7135864,-1.5210693,-0.43770364,-0.23816244,-1.0836955,0.9521289,2.1526432,0.53424895,0.737233,-1.0303848,-2.0181708,-2.6227055,1.8449743,1.0961969,1.9632866,0.785614,-0.272395,1.1879467
CTGACCAAGGTGCGGA-1,13.976713,-2.2796943,0.12904869,-0.9910184,-3.5461588,-1.0481405,1.0121009,0.25937492,1.5820305,-0.8321239,0.29173723,-0.15077823,1.1232345,0.004010966,0.20551023,-0.20368634,-0.06969571,-0.23095767,0.30939767,-0.35011387,-0.9948199,0.289835,-0.5012416,1.5733534,-0.6459512,0.36211637,0.65167636,-0.48262057,-0.8468619,-0.20545763
CTGACCAAGTGCTGTG-1,-7.579784,-2.7117808,17.734922,-1.2667989,-0.9020406,-2.6119723,-3.5584145,0.80221593,2.851526,4.930209,-2.8517735,2.1677403,0.5036858,0.9586399,3.2865548,0.22650146,0.3544293,0.6497349,-0.5585311,-3.235905,0.7476562,-1.5243796,-2.3216374,-1.2064798,-0.31642407,-0.6890443,-0.5220673,-0.596116,0.12587069,-0.119430974
CTGATCACAACCCTCC-1,13.564556,-1.4306375,-0.43051606,0.65866774,-3.5493639,-0.3489697,0.51649094,0.25203583,-0.10235315,0.2578004,-2.1188664,0.56842905,-0.1398998,0.41024238,-1.2096872,0.93561345,-1.2551866,-0.3088571,-0.7062743,-1.2341589,0.80514896,-1.0210564,0.5261925,1.7675428,1.3540126,2.152133,0.66634464,-1.4443792,-0.33275825,-1.4302354
CTGCAATAGGCATGAA-1,12.712202,-3.1613545,-0.31100532,2.0786004,-5.77152,0.38795668,-0.40620852,0.21550246,-0.79521096,0.32859033,-1.3392636,-2.0567126,0.7633406,0.40029573,-0.62219983,-0.97338593,-0.40583226,0.18139748,-1.5409563,-0.12523875,0.988408,-0.29253605,0.36143854,-0.1253871,0.8977184,-0.91746825,-1.0393008,-0.98917747,-0.60814375,0.12802431
CTGCTACTCAGAAACG-1,-7.595161,-2.0275238,-5.1691904,-0.03258859,0.39701363,-1.385134,-0.78317183,-0.37344947,0.93755245,-1.6740388,0.27811262,-0.26817322,0.39877465,-1.0294627,1.1606317,1.9312302,2.8539839,-0.20764337,1.0882864,-0.59175795,1.3212925,-2.765754,0.042871345,0.20913887,-0.012438329,-0.22005147,-0.13954185,0.01930542,0.19170855,-1.3305622
CTGCTCCCAGGGAGCT-1,-4.930975,15.19331,-2.2730188,-5.8553715,-2.2913804,-1.8713647,-3.9404147,9.676124,-2.5565298,-1.8920829,1.0640101,1.4073361,1.033198,-3.3053515,-2.2424116,-0.60796356,1.4631313,-1.987001,0.5392861,-2.4797091,0.32162645,-2.7515469,3.3384047,-1.776607,0.78223634,1.530787,-1.2414536,0.15754886,-2.0255709,0.017051345
CTGGACCAGACAGGCG-1,10.65539,-1.5967516,0.10720622,-0.08341227,0.20873256,0.50086945,0.80871934,0.4605426,0.07478147,-0.93955106,-1.4725522,-1.5569307,0.40812042,0.5989651,0.4180567,-1.0286827,-0.7519659,-1.5248798,3.2202568,1.252129,0.45151082,-0.37278795,-0.25386083,-0.9379761,0.15145096,-1.1259938,0.38825855,-0.43554348,0.37825856,0.18163729
CTGGACCAGCATGGTT-1,11.494695,-0.26629844,0.6077928,-0.24935858,10.649041,-0.31136534,-0.93514115,-0.15546496,-1.3078415,0.089549735,0.3458718,0.91335076,-0.6751495,-1.3446277,-0.16704373,-0.45169842,-0.77883023,-0.9525098,0.5322811,-0.54645634,-0.34780574,0.7282335,0.20286022,0.39718086,-0.7324558,-0.34139678,-0.35973933,0.3812925,-0.45671257,0.83304256
CTGGCTAAGAAAGGAA-1,-6.8898983,-1.9287609,-4.232757,-0.21143733,0.61880386,1.3258466,-2.0033298,0.21626484,2.069014,-2.0675344,-0.16454887,-2.9783163,2.184171,-0.7010098,0.7570921,-1.1608644,0.29889396,0.6785753,0.061380126,1.4290451,-1.6847107,0.96493167,1.0934942,0.37535512,0.13659792,-2.932876,-1.3189017,0.75228256,-3.3115265,-1.376385
CTGGCTAAGCGCAATT-1,-1.7235891,16.182135,1.2220671,-6.287487,0.5764282,3.2518988,1.7310169,-6.596377,1.4915525,-0.81703234,2.86741,0.9108099,7.7341514,0.73246634,0.76684827,0.4820561,1.2484375,2.2481594,1.0720075,-0.2900249,0.14272016,0.5685279,0.924536,4.034346,2.542063,-5.053629,2.1838396,0.8878153,-5.3248177,0.2460673
CTGGCTAAGCTATATG-1,13.616132,-2.695568,-0.2229034,-0.29046842,-2.3064885,0.6334408,-0.42679155,-0.39892355,-0.5682961,-0.6386098,-2.0336509,-0.034903247,-0.66897255,2.7058625,-1.2254611,1.033324,-0.43736136,-0.5552631,0.79924715,0.07773521,1.7901868,-0.23623703,0.20730083,-1.6936841,0.05037081,0.19116773,1.0905817,-0.9957963,-0.6310396,0.35748988
CTGGCTTTCAGAAACG-1,-7.2492733,-2.2145517,-5.5827513,0.9595138,0.21675406,-0.56110054,-1.7724854,-0.5525715,1.6141247,-1.4606266,-0.7447412,-2.1236029,1.2789803,-0.77293414,-0.10598358,-1.3190092,-1.570639,0.47851452,0.58335495,-0.3603097,-1.1193782,0.31957617,1.1770192,1.549445,-0.31701863,0.92656356,-1.046674,0.9127063,0.5628054,0.33162415
CTGGTAAGTCAATAGT-1,-7.9163184,-2.1612284,-4.4280243,0.29904148,-1.2068905,-6.3326697,2.9609902,-1.2062196,-1.1846764,1.1410098,0.82067066,0.9765345,-1.8189633,0.8341041,0.89313465,0.018215587,0.13942213,0.6161903,-0.8227258,-0.31548774,-0.54869884,-1.6914463,-2.278806,-0.7914972,-1.8344918,0.8963895,-0.25320077,2.0203314,-0.6006868,-0.31282535
CTGGTAAGTGCTTACT-1,-7.053682,-1.5561734,-3.7379284,-0.26986176,0.2081884,1.2525675,-2.1507201,-0.058971684,2.397493,-2.4801626,1.0970392,-1.5587195,0.34867975,-0.090839915,-0.4442293,0.3128614,0.85516924,-1.0161916,-0.0077835238,0.17142747,-0.87762487,0.13654086,-0.7703721,-0.95357007,-2.2226813,0.6924893,-0.19899175,-0.9321269,1.4840271,-0.83105373
CTGGTCAAGAGGAAGG-1,-6.6669297,-2.1738386,-3.5505848,0.6043191,-0.6451032,-0.5777613,-1.2055506,-0.26138476,2.0625498,-2.1162174,0.058856808,-0.49253735,0.622887,-1.42147,-0.38411283,-0.6093712,-1.8977834,-0.41688967,0.6613375,0.16034879,-0.42163664,-0.9071982,-0.46413195,-0.05746085,0.117143236,2.0672333,-0.14006314,-0.30988562,-0.7054919,0.39687923
CTGGTCAAGGCACAGG-1,-6.0457277,-1.9128767,-2.7676086,0.2542264,0.29175934,4.480476,-0.05585011,-0.36349723,0.50106657,-1.5223628,1.7196192,-0.338355,2.1998646,0.36012825,-0.0024417052,-1.7610072,-1.5736592,1.3647295,0.8813677,0.89600486,-1.4147053,2.3568606,-0.25577608,1.1303294,1.457372,0.0341591,0.6570549,-0.8428715,0.5316251,1.8264017
CTGGTTACAACTAGCC-1,-6.085377,-1.8842947,-3.673778,0.100763805,-0.44425678,-0.8861101,-2.1194942,-0.2377338,1.559998,-1.6861548,-1.0212768,-1.7392279,0.47077024,-0.5706186,1.4521838,-0.48198098,0.49355978,-0.044782985,-1.03337,0.8107306,1.0366006,-0.18679357,-1.355332,-0.28610545,-0.76648575,-1.436461,-0.029308153,-0.8243992,-0.43134296,0.26005355
CTGGTTACAAGGTGGC-1,-6.431848,-2.490489,-3.2753124,1.3020482,0.5734703,-4.449318,2.5057878,0.5252124,-1.080229,2.7109897,1.1164143,-2.770092,-0.180502,1.8114873,-1.569168,0.05360271,-1.6261522,0.4522986,0.93897295,0.18541701,-1.871289,0.96797127,-0.112480305,0.24242121,1.5467017,0.19814938,-1.0726871,1.373692,-0.18260153,0.15759254
CTGTACCTCTCGCCCA-1,-6.800623,-4.545742,16.37303,-2.6072156,-0.7195544,-2.614774,-3.8293438,0.31694695,2.5604615,0.92706543,-0.5130891,-1.4430172,2.0871325,0.3277467,-0.17701147,-0.21671942,0.23470104,2.0850966,-0.24453992,0.4657627,-2.8101733,-0.09912878,-0.8197733,0.9406931,1.0631198,0.6812196,-0.8832522,-0.9173913,2.190166,0.4007376
CTGTATTTCACAAGCT-1,-7.851327,-1.9431976,-3.954565,0.1388414,0.12971757,2.8530352,-1.6580051,0.6591075,0.65320784,-1.9053755,-0.8178507,0.73430556,0.09784776,-1.9835106,0.71830606,-2.0000024,-2.0480494,1.1850004,-0.17503774,1.2239525,-1.4441327,0.16381206,-1.8138808,1.4813254,0.7710963,2.079759,0.5223491,3.6194568,0.19653125,0.41389954
CTGTATTTCTTGGATA-1,-7.338597,-2.073297,-3.5004764,0.09808975,-0.20943062,-3.6034195,1.9324669,-1.0516759,-1.1351632,1.3456713,0.15743434,-0.9474261,0.03675253,0.6095034,-1.2054474,-0.99553627,-1.6307186,0.2514172,-0.7637781,-0.4839975,-0.14577869,-1.0295402,-1.0836855,0.70430833,0.45304385,-0.97346765,-0.9302674,1.4014865,-0.9325586,0.039171387
CTGTGTGAGCGCCTAA-1,-5.940138,-2.1375442,-2.3008897,0.22613728,0.41292638,3.0842066,-1.1533837,-0.12633814,1.4039209,-1.780018,1.5790634,-1.7258402,0.41329736,2.66738,0.32000667,-1.8898317,-1.3515234,1.3101377,-1.2364666,2.2028973,-3.8632202,0.9150354,0.95058435,0.2575275,-0.08698283,-0.008803142,0.06083004,0.8657517,0.14830595,-1.4273334
CTGTGTGAGCTTTGGG-1,-8.899278,-4.206773,17.495327,-2.6102407,-0.04837909,1.926269,4.066407,-0.90504164,-3.0262249,-4.575918,-1.4186745,1.9020855,0.30902395,-0.686291,4.0110884,-4.3794465,-0.58225685,1.0182015,1.3436186,-1.0226256,2.965312,0.83848935,0.29172227,0.38145304,1.4279665,1.0715102,1.4107618,0.69431245,1.4507501,-2.783937
CTGTTCATCAGTTCCC-1,16.435837,-1.840968,0.32599604,1.0608962,-8.56702,-0.80281764,-1.5983266,0.32427913,-0.82379156,0.6172186,3.778408,0.7289101,-1.5329939,-1.9003441,0.13072164,-0.92021316,-0.16649278,1.4958634,1.0440383,-0.28833538,-0.53715116,0.13020846,0.005998282,1.7315387,-1.9310855,-0.26868853,0.7579035,0.18398026,-0.11796736,0.7651799
CTGTTGGAGCATGTTA-1,-0.733545,24.482853,0.3653069,-6.270908,-0.92011166,1.030751,0.9064582,-5.320342,0.3095402,-0.19379048,1.6801996,-2.3092923,4.0727954,3.4340892,1.7430881,4.6485896,-0.6994475,0.23199946,0.19055653,-1.7860152,-0.736942,2.819321,0.138207,-0.01211072,1.1916993,-2.2981138,-5.499567,0.023532579,-1.7586089,-1.3248867
CTGTTGGAGCCGCAGT-1,-1.9869878,21.113,0.9440303,-6.2268324,-0.16979119,1.5350761,0.3275984,-4.8349614,2.076571,1.4576256,2.8456686,8.479052,14.932317,0.5991075,-3.3088439,-1.8818972,1.1974868,-0.8308876,-0.5372052,-0.770245,-2.4951658,-2.358885,-1.8051766,-4.4471636,-0.70618963,-3.767953,1.0927023,2.5905807,-4.0906506,-0.7107739
CTGTTGGAGCTCGCTT-1,-7.9563093,-1.3792682,-3.9015558,1.8235952,-0.61983186,-2.7577784,-1.3661191,-0.31755832,1.6182387,-1.2851578,0.3190116,-0.09400917,-0.19930029,-0.55221677,1.5650456,0.27345604,1.0662833,0.023580944,1.0972672,0.08980594,-0.24511844,-0.10746008,0.30015424,-1.2574811,0.29780287,-2.119725,1.826443,0.16744214,-0.19674562,0.8441733
CTGTTGGAGGCTACAT-1,-0.34307432,27.484886,1.5676827,-5.128373,-1.1379902,-0.83264464,1.0423095,-6.1578264,1.1580378,-0.990276,-2.7651608,-3.1704257,-7.5334244,-1.7206192,4.6185646,-0.525224,1.5297445,-4.3967896,4.727923,-0.049874056,-3.3362148,1.0786029,-0.37279382,-2.24533,1.9166436,-0.8652515,-5.434551,-4.958832,-1.617557,-0.9502343
CTTAAGGGTTCCTGTG-1,6.1252284,4.08874,0.9635127,2.8957794,6.878421,0.37889788,5.0021033,2.8239272,5.43149,-0.119066834,2.2294974,-1.7978696,-0.5958972,-1.6278858,-0.349563,-0.9405409,-0.71119857,-0.8470858,-2.7063537,0.5019754,0.7397526,0.18785381,-0.58442664,0.270574,-0.7597788,-1.1185256,-1.0141131,0.076567285,0.3532598,1.1349021
CTTAAGGGTTGGTTCT-1,10.532058,0.75420576,1.2635008,1.5131571,10.748741,0.22934298,0.38199925,1.7187212,-0.4480418,-1.7382216,-1.6126367,0.8030638,0.64101964,-0.2665384,0.3693799,0.39641917,1.5236597,0.39902407,0.64313006,-1.5796176,0.37054724,-0.049379177,0.38101166,1.0747943,0.49241978,-1.2553686,0.48708794,0.43163985,-0.6098836,-0.77725405
CTTAATGAGAGGAAGG-1,6.901478,-2.9883869,-1.1178217,-0.2013483,0.9304202,0.59242463,-1.1540079,-0.62750167,-1.1250356,0.6751618,-3.0520113,2.5076134,-0.95725185,-0.59605235,0.05619363,0.74853003,-0.080907606,-0.45199168,1.7988645,-1.7939963,0.2639603,0.98101723,-0.20549925,0.037520796,-1.7184033,1.7291827,1.5593456,0.73280936,1.3035785,0.6410898
CTTACCGGTAAGCTCA-1,-7.0129614,-1.8711605,-3.3795114,0.79875606,-0.67496014,2.0491724,-0.9013851,0.5137653,0.6180516,-0.45159727,0.71621203,1.1857307,0.6464823,-1.2737108,-1.2532487,0.29522932,-1.943395,0.13478668,-0.035663888,3.887672,1.6679845,2.4593132,1.7305903,-1.1378614,1.4761181,-1.1939119,2.6143763,-0.82964855,0.076084584,-0.88110924
CTTACTAGTCATGCAA-1,11.357346,-0.18625054,0.0577179,0.5582969,7.809283,-0.0758265,2.592701,1.5778513,3.1701565,-0.08784612,-1.152233,0.39830962,-0.26470956,-0.8210976,-0.11240967,-0.105380274,-0.41327757,0.52802736,0.049093235,-0.2970497,-0.7734537,0.21209288,0.5960111,-0.5608826,0.1734549,-0.43725625,-0.33100095,1.3108661,-0.9542461,0.17940652
CTTACTAGTTCCGGGA-1,14.476547,-2.2727525,-0.2162258,-0.31672224,-1.7673331,-0.5564463,0.62495935,0.57247376,0.48729917,-0.75785434,-2.1133335,-1.3370906,0.0052887592,-0.51351345,1.7426661,-0.0952041,-0.88046753,2.5009546,2.1023834,-0.93211854,-2.5439346,-1.362222,0.2781224,-1.3903717,0.5160379,-0.4254719,-0.265184,0.92227936,-1.3212662,-0.16236003
CTTAGGAGTTACAAAC-1,-7.552181,-4.507397,21.302267,-2.0996976,-0.4599542,-5.5540223,-5.281506,-0.08489941,4.1568465,2.0269003,-0.25789434,-0.20711122,0.28796452,2.9207146,-0.79829085,-0.37564227,0.48599032,-0.035501733,-2.0329294,-0.38388333,-0.6313372,0.12682505,0.9712004,0.7447534,-1.4417508,1.8312628,-1.2284136,-2.3345768,-0.36271945,2.1921475
CTTAGTTTCGATTTAG-1,-8.424743,-1.8920141,-3.1916268,0.880852,0.28828856,-3.2949443,2.7324142,-1.9782544,-1.0262722,1.8424228,-0.22703832,-0.45430028,-0.4365697,2.057736,-1.0571649,0.5245707,-0.084332116,-0.14489417,-1.5628022,-1.0198189,-1.8857888,0.32490543,-0.5906626,0.18920696,0.29429224,-2.4929419,-0.37725407,-1.0607345,0.30023894,1.4896508
CTTATTGGTCGACTAA-1,13.34633,-2.465144,0.420484,-0.8399708,-3.108324,-0.62557137,-1.7381988,-1.0756129,-3.3808038,-2.5445123,-3.315959,-1.5273784,2.8555398,2.4366846,-1.0762439,-0.70263875,1.5931151,0.55913645,-1.0975114,-0.088715255,0.86502,1.2718587,0.031919967,0.9719402,0.24826105,-1.6892632,-0.7007521,-3.6412807,0.6556436,0.030768944
CTTCAATTCAGCATTA-1,12.485029,-0.9398886,-0.15667416,-0.14327239,3.0583158,0.21154083,1.9950795,0.30264363,1.2177279,-1.0490671,-4.1278543,1.4257874,1.6843411,2.2155793,-0.45368743,1.246076,0.27684993,-0.2248501,2.034782,1.4371489,0.7531605,-0.57576215,1.5570152,-0.90455467,-1.0570451,2.114532,0.71083057,0.053574298,0.12071242,-1.0689715
CTTCACTCACACTAAT-1,-7.400403,-2.1667504,-4.1694565,0.37834305,0.08761072,-1.3438623,1.6104323,-0.31520966,-0.31845778,0.55446,0.5744767,-0.4432993,-0.66624075,1.5808758,-1.2426453,-0.30969384,-0.3835445,-0.1554222,-0.19182363,-1.1494861,1.0368749,-3.1394353,-2.76684,-1.273425,1.242143,-0.11058587,-2.962829,2.1473267,0.7359067,1.4678565
CTTCATCCAACAGGTG-1,-6.975617,-1.4457867,-3.625666,0.29494977,-0.8422016,3.4638093,-1.3840853,0.5776517,-0.9263517,-0.49703345,-0.12775016,1.3822174,0.41101545,0.039133355,-1.166235,2.7081754,0.5430427,-1.1972805,2.3032126,-1.086666,0.0510665,-0.085752755,-0.5112477,-1.1857145,0.8566474,1.3307505,-1.37956,0.044824634,1.9578972,1.6045307
CTTCATCCATCACAGC-1,-8.136763,-3.4893966,11.8124485,-1.5231353,-0.3406571,2.396063,1.6908002,-1.2616746,-2.045202,-1.1136279,1.8408934,0.059776787,-0.5962715,-2.47436,-4.712816,3.7087448,1.5427803,-0.58926094,1.3723274,1.7169243,-2.8121152,0.46016768,1.7479372,0.13001327,0.6465548,-0.06347178,-1.3791254,-1.3668326,-0.024046201,0.0610858
CTTCGCGTCAGCAAGA-1,-7.035367,-1.7906927,-4.7201557,0.06319451,-0.08606106,-2.176424,-1.2174089,0.48171014,1.1593696,-0.5920469,-0.06517785,-1.2320141,0.3736845,-0.8855745,-1.4808803,-0.8639988,0.40399483,1.4435393,-0.051044382,0.28752756,2.263378,-0.1288524,-0.077881984,-0.74137217,-0.60272115,0.2258809,-0.35814923,-0.8396368,1.0375319,-0.08133485
CTTCGCGTCATGCGTG-1,-6.8018827,-1.4070293,-3.7918,0.76770097,0.5937941,-0.6538784,-0.35155424,-0.28100142,2.070125,-1.659576,2.387142,-1.6942805,3.7403858,-0.31064492,0.5584914,-0.8367101,-0.2605399,-0.45930684,-0.21761559,0.4493012,-2.7895136,-1.1312861,-1.2436509,-1.6345371,-0.7383623,0.12027183,1.5470793,1.0747142,0.23719554,-0.9823212
CTTCGCGTCCGTTATT-1,11.7449,-2.9242275,0.17078571,-0.39345568,-2.6850708,-0.03102605,0.45509487,-0.31493157,-0.41769916,0.57383716,-0.07492714,-0.5234702,-0.5814248,-1.3727211,-0.4859999,0.046776213,-0.05631432,-0.3628572,1.4316262,0.13499577,0.32791817,0.02682606,-2.0677304,1.0453175,-0.122762665,0.87563527,-0.5500833,-0.8251568,-0.91719645,-1.3829582
CTTCTAAGTTGTTGGA-1,13.11032,-2.2008739,0.4308638,-0.82372135,1.4796143,0.42463815,1.6860149,0.5739813,1.9731759,0.11630817,-1.4822946,0.11467006,0.39906338,0.4755373,0.109207764,0.6857939,1.0975775,0.5858638,1.7787184,-0.5492517,-0.26407465,-1.4628798,0.19614978,-0.28489092,-0.12674655,0.21472418,-0.13138184,1.6017654,0.40933013,-1.0132735
CTTCTCAAGGAGGACT-1,-7.111514,-2.0897715,-4.4630775,0.21333982,0.2722669,-0.83550626,-0.48483646,0.67456216,0.5649963,-0.52626204,-0.26658484,-0.991606,0.59809494,0.96290916,1.4215245,1.1822008,-1.2482111,0.8899367,0.17966096,1.1924069,-0.73022556,0.951472,0.91681314,-2.15123,-0.9285079,-0.28115526,2.085445,-1.1910877,1.0373006,0.48825654
CTTCTCAAGGATCACT-1,-6.4921474,-0.7580228,-5.111311,-0.22313161,-0.1391869,-0.42804536,-1.3611777,0.603137,0.9526027,-2.4423454,-0.28328338,-0.08632515,-0.41438845,-0.5897849,1.1224523,0.7717769,1.4419109,-1.0501032,-1.43214,-1.2831664,-0.24536398,1.4655268,-0.053199857,0.7820914,-0.29067722,-1.9620236,0.34473628,-1.2091014,-0.7458328,-0.88620275
CTTGAACAGCCACAAT-1,-7.035799,-2.300607,-2.260954,-0.55669487,-0.45495486,2.4814515,-1.1752892,0.0915325,1.0189571,-0.73519963,1.0564408,-1.2721814,-0.4644556,0.14747804,-0.70573014,1.2710639,0.13790728,0.18408306,-0.8460689,-0.49313858,0.45028734,0.66961944,-1.0392032,-1.4114609,-1.2724755,0.6118005,-0.47130623,-0.20237489,0.03463274,-0.28193283
CTTGAACAGCTAAGTC-1,-8.146268,-1.451366,-4.2950764,0.3435533,-0.38088518,-2.1526525,0.45324606,-0.016932504,-0.30174896,-0.7441948,-0.86573493,1.8441525,-0.30176753,-1.2660731,-0.46059608,0.63293594,2.7613094,1.368195,-0.20861226,-2.8372047,2.443632,-0.78539544,-2.4319441,1.6052643,0.10093263,-0.83546436,0.5748409,2.999133,1.2066662,1.086715
CTTGAACAGCTGTACG-1,5.4227095,7.0609517,1.1469991,8.466404,1.567139,-0.46403405,4.169972,3.0835652,4.3246427,0.6820005,1.393581,2.672706,1.3458397,0.0769313,-0.13097528,-1.3158566,-0.478056,-7.428573,-4.143262,1.3547523,-3.930333,1.0950202,0.6081462,0.1836384,-0.04306755,1.8090496,0.9166007,-1.4502753,2.849402,1.1099377
CTTGAACAGGCAGGTG-1,-6.5253778,-2.2941096,-4.1409564,-0.20927289,-0.098703094,2.0372043,-1.7642606,0.64021796,1.1595374,-1.5986925,0.53007966,-1.5582786,1.7549499,-1.5720004,-0.57585174,-0.41539758,-3.2778358,-0.029764889,0.067174,0.6357816,-1.5616306,3.3347905,-0.8957856,1.379806,0.7784809,0.69439644,-0.12827857,0.04923423,0.6863145,0.19341853
CTTGAATCATTCCTCG-1,-6.4829583,-2.2888145,-3.5410533,0.63979167,-0.36886206,2.8365164,-0.5720559,0.18140867,0.1576709,1.0118803,-0.32628173,0.9759983,0.1747104,-0.5703842,-2.6799026,1.6938494,-1.6915002,-1.0917209,1.6499193,0.010442904,0.10282983,1.3713421,-1.0549074,0.10177512,0.92313796,0.5986314,0.006457926,1.512957,1.5671695,0.504632
CTTGACGAGGTAAGCA-1,11.172845,-2.96523,0.19417301,-0.8954978,-2.0661447,-0.03332407,1.0877539,0.23838802,0.6395238,-0.17549333,2.0702384,-0.7301458,0.26054287,-0.7423452,0.48851264,-0.7576291,-0.6487744,-0.37116724,0.46952605,1.1383259,0.11836934,-0.4760319,-0.02543153,0.5521193,-1.4092643,-0.81279635,0.52173,1.6201673,-1.1690978,-0.7695906
CTTGACGAGTCACTCC-1,-8.114389,-1.3859448,-4.9804935,1.0668325,0.10682683,-8.592003,2.8925524,0.8066816,-0.3930621,3.28242,-0.59937525,2.2679129,-1.2214501,3.7356915,1.2324731,1.2936503,-2.9412441,1.5623555,-1.0085447,0.7474815,-2.2518964,0.08859286,2.182335,0.11696876,-2.2218134,1.4733909,-1.2001667,-3.3025818,-2.7875671,0.054992337
CTTGCAACACAACAGG-1,-7.4937844,-1.4765149,-4.786774,-0.16066349,0.11992012,-2.6412747,-0.5279923,1.2245556,-0.68790764,-0.7447815,0.11489098,-0.8235227,1.2149961,0.41608706,1.0730402,1.0635178,-1.4153057,0.39658177,0.2555454,1.4038708,0.82573515,-0.45832127,0.44108182,0.45360458,1.5323217,-1.2062993,-2.2394195,-0.50690943,0.050170027,-1.9632657
CTTGCAACACAGACTC-1,-7.9398046,-2.2118182,-4.344255,0.6241868,0.24287565,-5.36251,2.4994369,-0.88604957,-1.1159805,1.5078017,-1.5563322,0.52847314,-1.7570027,0.075224265,-0.48940948,-0.58867365,-0.7316104,1.1505287,2.0623846,-0.027173605,-0.4827509,-0.8346855,0.5053866,1.9555304,-2.189254,1.2565581,-0.48052317,-0.30273563,0.6520207,1.4690865
CTTGCATGTAGGTTGC-1,-7.580714,-3.6325645,15.7941065,-1.750332,-1.7772362,-2.990198,-3.2416685,2.7934794,4.2490444,5.128717,-3.1234357,1.44237,1.945694,-1.195926,1.9383329,-2.4431515,-0.35089707,-0.16923513,-1.2812414,-1.8090435,2.2344298,0.2920079,-4.461002,-3.506168,-1.9227672,0.49248046,0.7431512,1.2130065,-1.7459475,3.5007658
CTTGCATGTCAAGTGC-1,4.4943495,6.1481214,1.5057014,8.990914,3.592675,1.3061148,5.31145,1.796265,5.789528,0.3660594,3.0381367,-1.9132473,-0.50024605,-0.36728838,0.4624355,0.7384916,-1.2668399,-0.8534791,-1.7938831,0.23880528,0.39675486,1.3743132,-0.5278324,-0.2891187,0.27221394,-0.612712,-0.21425481,-1.0714647,0.91609025,1.7744479
CTTGCGCGTCCGGTTC-1,-7.804892,-1.5481222,-1.6413784,-0.13409871,-1.5996135,6.5463204,-1.8672811,-1.312483,0.3882347,-4.047514,1.6918981,9.289972,-5.3295813,8.740108,-4.982862,-0.3370693,-1.5496291,3.3886733,0.9689747,2.551329,3.1022718,-7.9007177,-8.261568,-4.35971,-6.758128,-8.869267,-2.4569807,3.7661645,-4.3452134,4.5227404
CTTGCGCGTTAACGGC-1,-7.6176353,-1.3014356,1.3790293,-0.9708689,-0.839047,0.24805686,0.4163557,0.53444564,-1.4805247,1.7243875,0.04125049,1.0144383,1.0271081,1.5794764,3.8316114,-6.459617,-1.7400903,-0.4186977,2.0507627,-1.5657939,5.517138,3.1530988,0.45069176,4.1691775,-0.34344423,2.0849514,-1.9006491,1.1942388,0.2779777,-4.1520553
CTTGCGCGTTCCTCCT-1,15.158694,-1.6975014,-0.6693012,0.69744873,-1.8446673,-0.9393739,-0.46790665,-1.0553929,0.41660208,-1.2404643,-1.6166835,2.343587,-1.446547,-0.011668334,2.0489,-0.44569904,1.2393303,1.2650261,5.1331434,-2.1354902,-1.0750175,0.20238511,1.421713,-1.1758562,-1.8687581,-0.07221224,1.6109802,2.1277053,0.10000649,-1.5342497
CTTGCTCAGGACACTT-1,-6.751786,-1.5451479,-2.8560596,0.70759475,-0.8816958,5.0920663,-2.4049804,1.2097814,1.0182176,0.580887,-1.1429447,0.91982085,1.4048228,-2.4991958,1.4693722,-0.31297392,-0.7885184,0.34145263,-2.4353545,0.34999728,0.03307244,1.3491733,-1.4754941,-0.41418266,-0.046721913,-1.3175951,2.3211143,-1.1169701,-2.5298598,-0.7038063
CTTGGACCAAACTGCC-1,-7.960898,-4.443974,23.933743,-3.3046455,-0.8957306,-4.821307,-5.301077,0.04452828,4.3417826,0.22118023,-1.2604077,1.6314373,0.36704108,-0.19360603,-2.8618422,-0.04732496,-1.2041144,-0.76542693,0.7348947,-0.852365,-3.5841486,-0.15360534,1.845542,0.020633375,-1.7146081,-2.645638,-0.6957581,-2.2658937,2.8158057,-0.23283756
CTTGGACCACCAACCG-1,14.105694,-2.9763331,-0.26959553,-0.80380845,-7.659398,-0.7277716,-0.43055686,-0.9256886,-0.7856021,1.2828026,3.0212965,0.16666713,-0.5151631,-1.6992617,0.7192606,-0.9568834,0.6250406,0.429296,-0.94480735,0.6399411,-0.085444845,0.48810133,1.1306078,0.3548933,-0.336806,2.6052058,-1.5108119,0.8060814,-1.9425918,1.1184833
CTTGTAAAGAGAGGAG-1,8.6443615,1.3249532,-0.08875092,1.2395772,2.6778157,0.62882924,5.539647,5.0641623,7.1061306,-0.86857074,-2.0630286,0.59924924,0.43826956,1.4785583,-1.3809652,1.0525355,0.28839228,-0.6475591,-0.15244173,-1.1954916,-0.55952317,-0.31344566,-0.4280571,0.18799613,1.61456,-0.3968908,-1.2408057,-1.2135634,-0.17584942,-0.9659773
CTTGTAAAGCGAGGTG-1,-6.7267413,-2.7507255,-2.3425794,-0.18442912,0.7848943,4.4117274,-2.5972488,0.86063796,1.1075214,1.8460962,-1.751575,0.46339282,0.067660205,-2.9155993,-3.1194618,-0.20576495,-0.27645743,2.2712688,1.3202474,0.57951397,2.6936777,0.94235885,0.9029039,1.3297037,-0.3833551,-0.56596816,0.5637271,-0.7146583,-1.5756786,-1.5328898
CTTGTCCAGACAAGTG-1,13.934867,-3.851002,-0.5551886,-0.88381565,-6.0268226,-0.13625161,-0.9192359,-0.9793392,-1.250095,1.7960105,1.476665,-0.56207955,-1.6198813,-0.9806389,0.7955595,-0.6759121,0.37696162,-0.5424009,1.3968159,-1.2232589,-1.800233,1.0102347,-1.5571173,1.4974455,-0.55112565,-0.7804083,0.008696641,-0.26625058,0.4147127,0.6111719
CTTGTTCCAAGGTGGC-1,-2.625299,21.6611,-0.29221338,-6.3098493,-2.427409,-1.4213771,-3.2142909,12.848473,-4.8178844,-1.1821103,0.7601601,0.84963626,2.713113,-0.6049028,-0.12040504,-5.7257023,3.4961302,-5.8606505,5.6008463,2.9103825,5.572979,-4.4946604,-5.19668,-3.6796513,-5.5565763,-5.087088,-13.086614,-0.10177745,1.8139219,-2.3490503
CTTGTTCCACAGCCAT-1,8.143128,4.169699,1.6259935,1.7812035,8.041408,0.35938054,9.04959,7.4007506,11.708237,0.9571298,1.5184251,2.4331682,-1.3576761,-2.3658853,-1.4529189,0.33514997,-1.0998533,-2.3200989,-3.9864795,0.451326,0.94801426,0.12258351,0.4570707,1.2603362,0.6496666,-0.8505425,-2.002191,-2.942866,-0.6472893,2.9043996
CTTTAGGCAAGGCCAA-1,-0.29057086,22.82438,-0.29193708,-5.350141,-1.3173168,-0.08461198,2.1897714,-7.1322274,4.3647504,0.3217751,-2.7044308,-1.4283378,-3.8346949,-2.7642496,-5.3280687,-7.3283567,-1.0386083,-7.7228675,0.3802934,-5.4174066,-6.0460587,-4.32616,3.602835,2.5962684,-5.594571,2.4372468,5.301855,0.7303302,-2.07589,-2.1972625
CTTTAGGCACAGGGAC-1,-6.5793285,-0.8832735,-4.4776545,0.18461953,-0.5989716,-4.9748583,1.9662392,0.8593182,-1.5469525,3.3500109,1.0452605,0.5055687,-1.2187471,2.5142603,-0.51986563,-0.53645927,-0.7864339,0.1337041,0.99323905,1.0633881,-1.1650186,-0.04658821,-0.83752984,-0.15879777,-0.3604496,-0.48349592,-1.6608132,1.1605918,-1.7752323,1.2173592
CTTTAGTTCATGCATA-1,-8.874319,-1.2763623,-5.094523,0.65078044,-0.43664914,-5.7449894,2.4845853,-2.8253987,-2.4369817,0.89301336,-0.28971374,2.779545,0.3702962,0.08141327,-1.6663375,-0.98763835,-0.22408853,2.314505,0.54984546,0.8215518,-1.0516461,1.6159267,0.41725105,-0.18659826,3.3820903,-0.5659928,0.629563,0.25353408,-1.084418,1.3032724
CTTTAGTTCATTTGTC-1,-6.90139,-2.1526282,0.85416764,-0.53845835,-0.021880595,2.6732304,2.9227297,0.71988595,-3.6085691,0.20362891,-2.2727923,0.57482624,1.510851,-1.7964069,1.1103479,-1.2814779,-2.2704315,-0.41296834,-1.2127949,-2.8500466,1.115624,-0.44618672,-2.2916968,0.25143003,-1.067045,2.7593315,-0.096492305,-1.069511,0.56379646,0.47143447
CTTTATCAGACAGGCG-1,-6.7793612,-4.1020885,14.794204,-1.8589717,0.09476851,1.8369312,6.5239477,-1.4804758,-4.4191217,-3.4246612,2.5256076,-0.84513366,-1.6299108,-3.2625754,-2.7320335,3.2216833,0.54516506,-0.1600658,-0.5624728,2.225649,-2.7203102,2.2615144,4.2614613,-0.07365171,-1.5437568,-0.16976608,0.35828474,-1.636228,0.16421068,1.160876
CTTTATCAGAGGAAGG-1,8.334601,-1.7084566,0.7321333,-0.6660836,14.275413,-0.07815051,-3.5099196,-2.8809788,-3.9259934,1.584411,3.451251,-0.5469961,0.01158936,-1.2771096,0.6949077,-1.061708,-0.20586933,2.0550263,0.2992854,-1.0578197,-0.40661797,-0.05776588,-0.7220664,-0.9666041,-0.91757375,0.48310217,-1.155281,-0.7215397,-0.42854866,-0.9493114
CTTTATCAGGGATTAG-1,-7.0102353,-1.5716184,-4.4044995,0.6178087,0.25543094,-1.3446043,-2.1365392,-0.3076963,1.9423805,-0.9746288,0.41590807,-1.1024843,1.088004,0.8380234,1.5453354,-1.7057718,0.12352351,0.069079086,-0.9292105,-0.3965896,0.8418211,2.86866,1.5116926,-1.5296535,-1.2664078,-0.27416238,-0.5279681,-0.32237232,1.4461489,-0.02880081
CTTTATGGTAAGCACC-1,-6.7188306,-2.6953237,0.39391828,-0.13047557,-0.39705753,4.552625,0.91548777,0.96077067,-1.4873235,6.280942,-2.1126137,-3.0001585,1.7977352,-0.9721013,1.1504924,1.0346226,0.5920314,0.8814877,-0.25168246,0.19043536,0.119061604,-2.3347795,3.17867,0.25863376,0.22824033,-0.3160975,-1.4905033,-0.42968458,-0.30326226,-0.89506346
CTTTATGGTGCATCGG-1,10.957608,-0.40345174,0.5129413,-0.86905265,13.011591,-1.0660124,-2.2920632,-1.1508167,-2.62122,-0.24377207,0.1199237,1.1008096,0.008696959,-0.6176024,-0.03154805,-0.1245066,0.44010162,0.19604474,-0.74169904,0.25425643,0.26123816,0.02110932,0.93396544,-1.0822861,-0.7764865,-0.68125767,0.7815916,1.0196295,-0.33660066,0.17745379
CTTTATGGTTGTCCAT-1,-6.5739627,-2.0360003,-4.066845,0.378496,0.19649175,3.9694748,-3.4663723,0.45458493,0.8510392,-0.6920576,0.8909848,0.17198624,1.4170464,-2.624035,-0.7276002,0.6114581,-0.41793883,-0.07159471,-0.12869307,3.5014293,-0.19298212,1.222383,1.0338728,-0.19579685,0.54942197,0.14214717,1.3710285,-2.6231048,0.07279176,0.776118
CTTTATGGTTTCGCCA-1,-8.413894,-3.862581,19.890268,-2.898722,-1.0827472,-2.7707589,-4.7019534,0.6523427,2.5196407,2.4055016,-1.5739142,-0.9744913,0.3846552,-0.032313563,1.3590938,-2.0329194,-1.8782206,0.77121025,1.2020694,-0.006944585,-0.9379308,1.2730432,-0.15677156,1.3612696,0.22346416,0.4764124,-1.7087977,0.500889,-0.13743709,-3.7867794
CTTTCTTGTACCGTTT-1,9.488304,-0.2354562,1.3790287,-0.22141407,12.481342,-0.5167467,-3.1235049,-0.7266118,-2.2347143,0.7201037,2.8836987,1.832792,-2.5255196,-2.1801317,0.1827858,0.05437475,-1.0729922,-0.8400466,-1.6453439,0.5387147,0.8176265,1.4507151,0.6699627,0.02668022,0.14766555,-2.0216844,0.04540485,-0.7504368,-0.49570066,-0.65852576
CTTTCTTGTCCAAATG-1,13.530063,-2.5814283,0.045811966,-0.4491214,-1.4099618,0.74166745,0.12132853,0.65377814,0.7106267,1.3463264,-0.24284136,0.22531785,0.13171376,-0.30733132,-0.85399956,-0.19747677,-0.15022144,-0.6260591,1.2910498,-0.19884072,-0.10326233,-0.93157244,-0.17518961,0.48403457,-0.1895504,-0.64510024,0.17722139,-0.08092476,0.10604124,-1.2186099
CTTTGAGCAAGTCGCT-1,10.585096,-2.9742012,-0.8708929,0.4603781,-0.37124208,0.2799465,-0.8914165,-0.75522864,-1.5639452,-0.9684226,0.34846666,-2.1363804,0.82003117,0.16320333,-0.14652696,0.6501627,-0.73991114,1.4416808,1.0315886,0.4058162,-0.58165747,-0.23007615,0.5703158,-1.1282827,-1.2536669,0.63399124,0.3158944,1.591434,-0.6107571,-0.04831207
CTTTGAGCACCTCGCT-1,7.3526735,3.0870152,1.1595049,1.9748312,7.150486,0.5679239,6.602716,4.999828,8.024901,0.34900013,2.3095999,-0.28688556,-0.24109921,-1.6409814,-0.71216667,-0.7233746,-0.39548758,-0.54409254,-2.4186618,0.7194862,1.2379297,-0.31655142,-0.13892974,1.1427292,1.2051098,-0.92799443,-1.2522013,-1.1881658,-1.0204759,1.2666911
CTTTGGTGTACCTTAC-1,12.917158,-4.084192,-0.26059464,-1.4221028,-7.0235157,0.0034925174,-1.673478,-1.729624,-1.3947905,1.3189024,2.8194847,-1.0870686,-0.39176834,-0.23353302,-0.45300436,-0.8902326,0.13827848,-0.95457304,-3.1780715,0.7302241,1.3201227,-0.30625215,-0.51474994,0.21238251,1.1576343,0.85607564,-1.7439655,-1.063422,-0.05576727,-0.80743104
CTTTGGTGTCGCATAA-1,-7.1764226,-2.190307,-1.6986531,-0.11569028,-0.34959817,3.5705554,0.68097335,0.15535802,-0.11952456,0.8423146,-1.3335615,-2.1088183,0.20380999,-1.8426893,0.14233954,0.30344486,-0.56022793,-0.70578355,0.61047703,-1.9790599,1.1891445,-0.8156183,0.030771479,1.1990621,-0.35106054,0.36293954,-0.28018495,1.3346733,0.6218697,-0.3000974
CTTTGGTGTCGTTATC-1,2.18412,17.821718,5.470514,36.949852,0.03415487,-0.12206643,-1.9488196,1.5126945,-3.7671392,-0.8587411,0.78301764,-3.814939,1.7121092,-0.033657406,-1.7474802,-1.8353337,3.5681117,-1.5862212,-1.6726265,0.067596294,1.3449348,1.8276126,-0.3352291,0.41623664,-0.120122634,-1.696348,-1.1672707,1.4599212,0.8687486,1.7336428
CTTTGTCCAAGCCAGA-1,14.484856,-3.23248,-1.186325,-0.89058816,-6.4389005,-1.2623584,-2.603254,-1.9288284,-1.8179513,0.039559353,-0.0048381398,-1.0464422,0.029287213,0.25523773,-0.5144914,-0.6330019,-0.9129904,-1.6284854,-2.565125,0.031628404,1.3054019,0.18044285,1.7423253,0.8079062,0.61981565,0.78267246,-1.0709746,-1.0256237,-0.07734589,1.8116632
GAAACCCGTATTTGGG-1,-7.5589767,-2.7582998,-3.293518,0.73558855,0.63607067,-1.4205269,-1.5521662,-0.18825312,0.6361459,-1.619429,0.53518605,-0.19245587,0.20285845,-0.8693069,0.7231616,0.019740557,3.004082,2.3850286,-0.57281756,1.5310626,1.3441927,0.31712744,1.3628157,-0.97570646,-1.378156,-1.0759552,0.2492716,-0.8625715,1.5103693,1.4204992
GAAACCCGTGACCTGG-1,-7.4424386,-1.2091309,-4.2144804,1.1753227,-1.0518368,-1.9458936,-1.697569,-0.3394737,2.1189282,-1.1727649,1.513123,2.131177,2.4954994,0.42866555,2.2863905,0.36990395,0.40374565,-1.5118884,0.81728697,-1.3499786,2.6739395,-2.2673872,-1.6428146,-5.9669476,2.446549,-0.19370614,1.4348778,-0.03378337,-2.0083656,0.63951933
GAAACTGAGCTAGAAG-1,6.138809,-2.0372553,-2.529948,0.5002145,0.3251959,-0.3793296,-0.7952873,-0.18188941,1.6873101,-1.3426123,-1.3480318,2.9739854,-0.7502766,-0.81280446,-1.3711225,1.4688396,3.0813656,1.101983,0.66987294,-2.780659,-1.4169945,-1.3225831,1.2075261,1.2677976,-0.12748139,-1.2785212,0.13132814,-0.2328916,0.4599895,-0.88888717
GAACACAAGGATCACT-1,-0.020398946,6.033846,0.23539335,-1.4522713,2.68058,0.6767528,0.9768565,0.06621609,-0.0050125807,-0.9542054,-1.1965452,-5.0206585,0.9072764,1.5861211,-0.9116132,-0.8512705,-0.43296638,3.5054352,-1.1164486,1.582271,1.8691307,0.17250143,-0.24717432,-0.717561,-1.9112217,-1.8646694,2.8142958,1.9981678,2.5594747,-1.3051944
GAACCGCTCAGCATTA-1,-2.9097748,11.580634,0.64632237,4.1629715,-0.48082137,3.9234014,0.4257629,-9.239024,2.05222,1.9844654,4.0289545,-0.27530625,8.432795,3.7588334,2.0117965,1.83893,3.6612558,1.0503938,5.5699296,5.3814473,3.6578724,-3.2102008,-5.532255,5.663543,6.001076,-1.365353,4.4615197,-0.8529917,-0.5277245,6.0760593
GAACCTGTCATGTGGT-1,15.228786,-2.5524023,-0.9363466,-0.5445655,-4.460623,-0.80588365,-3.862332,-1.1212345,-5.0651355,-0.0902332,0.30529183,-0.8001581,0.9109526,0.6297336,-0.7956893,-1.9200313,-1.5690131,-0.40901402,-3.4383707,-0.12105254,0.5388987,1.2072402,1.1807164,1.9173923,0.34586465,0.96200156,-2.113025,-1.4848547,1.2731186,3.5290337
GAACCTGTCCAAGTTA-1,-7.450354,-2.3751712,-4.9261494,0.39448768,0.3539182,0.3471252,-2.0342185,0.09427855,2.0563571,-2.139154,0.9528574,-1.0363009,1.3514365,0.41514,-0.15059607,-0.9340641,0.4871304,1.2837093,-0.45114863,-0.90070134,1.4584519,-0.05531615,1.7979851,-0.5337315,-1.1116571,0.2677758,-0.84568256,0.6520565,0.59725535,0.20760003
GAACGAATCATTGCGG-1,-5.8760715,-1.4124815,-3.910753,0.056583207,0.85856515,-3.4788578,1.2021867,0.36224383,0.067533374,0.6606425,0.6500718,-2.6348035,0.6120855,-0.3369727,0.7819977,-0.5281901,1.0801346,-1.422648,0.12075337,0.27848536,-0.3494066,-0.7042514,0.1737808,-1.6666218,0.29907697,-0.13971093,-0.77368605,-0.5541187,0.8260577,-1.7149341
GAAGCTAAGGACCGCT-1,13.244814,-2.458082,-0.61486536,-1.5442436,-7.0709047,-0.20757443,-2.0585823,-1.6120948,-2.3946369,0.9292446,2.2143986,-0.26358724,-0.323042,-0.95836127,0.21089996,-0.4042072,-0.52579373,-0.91852975,-2.7192936,0.49373955,0.5793824,0.97320104,1.3460999,0.71528935,-0.42498264,1.4024925,0.16856153,0.68604445,0.89444894,0.5543544
GAAGCTAAGTCTGGGC-1,-7.035763,-1.2430856,0.1708346,1.0192696,-0.15536764,9.118827,0.006066828,1.0155882,-1.2290728,0.11091493,3.681032,7.1039815,-5.306367,9.90083,-2.6280813,0.81521153,2.8438396,0.093370065,0.94868606,-0.800563,-1.6689422,1.9923664,2.268348,-3.4499955,-2.3055756,0.65489686,-1.7574736,1.0409167,1.1388446,5.1445837
GAAGCTAAGTTAGAGG-1,-6.863823,-3.5341601,11.907846,-1.4890672,0.84170467,0.3795003,3.5924115,-0.21826737,-2.71316,-4.109104,-0.991935,0.70108885,-0.11271508,-0.54827833,4.5980525,-4.549907,-0.07230145,1.0114921,1.135476,-2.8463533,4.7886963,3.7075212,3.311362,3.3996904,0.23202823,-0.30735493,0.16108619,-0.78707415,-0.35712683,-3.331797
GAAGGAACAGAAATTG-1,-7.7167954,-1.7174823,-3.0773284,-0.22634979,0.37048528,-4.850569,2.5366778,-0.645215,0.18405227,1.1641744,1.5467522,0.3430863,-1.3370965,2.9928596,1.2936363,-0.5529951,-0.05280452,0.2560616,1.510742,3.0059094,0.6702583,1.0215081,1.9593436,0.32248026,-2.0787826,-0.61852735,-1.1337881,-1.7815744,-0.31377017,-0.93440664
GAAGGATGTCTTGCAT-1,12.671109,-1.213452,-0.7781173,-0.86000955,4.785941,0.448844,-0.1090753,0.8205346,-0.6558849,-1.0496951,-2.8274276,-0.11611266,1.1718327,1.1679229,-0.85349,-0.14048271,0.7406706,-0.0830067,0.11045594,0.89350075,-0.15322387,-0.3314325,0.6795572,1.3531321,0.08466332,-0.24383199,0.055557538,1.7548863,-0.011996616,-0.8135059
GAAGGATGTTCCATTA-1,-7.120209,-1.7636936,-4.9961786,0.27678683,-0.5231837,0.82498235,-2.7533903,-0.40787044,1.1926824,-3.7448773,-1.8692985,1.6950072,0.09647351,-1.6545104,-0.49458644,-0.80275166,-0.26159337,1.3470386,-1.997453,1.3932673,-3.4252105,3.8080654,-2.291635,1.1817513,1.6753144,-2.9405272,-1.895754,-1.2909842,2.3263614,-3.3404572
GAAGGCTAGAACAAGT-1,-7.0491524,-2.2337332,-3.6556609,0.6684068,-0.63363326,-4.0267386,1.5225328,-0.44773418,-1.7185004,-0.05335529,-0.2358952,-0.2525581,-0.14462066,1.0329337,0.55724293,-0.51228213,-0.66125846,-0.2580644,-0.20574161,0.12598199,0.18624593,-0.8790496,-1.3926754,0.092913926,-0.13294786,-0.2630143,-0.0309885,-0.08177317,0.7719349,-0.44761318
GAAGGCTAGGCAATAG-1,-6.5146456,-1.3137124,-2.742086,0.521632,0.18073879,5.569696,-1.907985,0.07250537,1.311565,0.40372795,0.59066737,-0.08333398,-1.6825334,0.49581027,-2.7499733,1.3778304,1.0780687,-1.129203,1.1622691,-3.2438047,1.7733004,-0.43118528,-2.0708525,-1.380755,-0.58647496,0.2557527,0.038495027,-1.85917,-2.048195,0.15309344
GAAGGCTAGTGAGCAA-1,-7.6508174,-2.418565,-3.3823833,-0.13866252,0.47878155,-4.116095,1.690763,0.37811726,-1.6305908,0.7652051,-0.6758523,-0.50050676,0.47090358,2.1240475,-0.028522655,-1.2374312,-0.76824844,-0.53391224,0.18323392,0.29636914,-2.6836963,1.0678416,-0.22204943,0.48336545,-0.977669,-0.91350037,0.3940768,1.8625122,0.67833436,-0.0109580895
GAAGTAAGTCGTAATG-1,-6.8674107,-1.9902602,-3.5409944,0.7040487,-0.008233676,3.85145,-1.7672484,0.6906183,0.6135819,-0.0071879816,-0.8848675,-1.1254069,-0.1128701,0.050067823,-1.3769008,0.43598366,-1.5337752,0.42065653,0.73566085,-1.5027812,-0.8609883,0.35186234,-1.4109175,-0.8733574,-0.14272758,-0.1045781,0.32751176,0.16527744,0.43767565,-0.2757795
GAAGTAAGTCTTTGAC-1,2.5948095,0.96799785,-0.14212622,-1.7442237,0.7859886,-0.3419792,0.381718,0.20540138,1.3213774,0.85900265,-2.3465924,-2.5643232,1.4300363,2.1349611,2.1199534,0.51934195,1.3869045,0.10850911,1.7931222,1.2286983,2.091104,-1.5847208,-0.6704649,-2.047873,-1.3326849,-0.11603472,0.3229071,1.5328802,-3.4115818,-4.2586665
GAAGTATAGGAAACTG-1,-6.6367416,-2.1364243,-4.056893,0.17252465,0.73963153,-5.4106393,0.70471334,-0.68849283,-0.4721153,2.3961234,-1.0222976,0.08365358,-0.5627254,1.1467072,-0.25884542,1.2221224,-0.28158256,-1.3231701,0.22453557,1.1076058,2.4360027,-0.33805162,0.107162036,-1.9139881,-2.7190013,-1.0765052,-0.433131,0.04755168,-0.38211432,0.016929623
GAAGTCAAGACCATAC-1,-7.6645684,-3.3930168,8.930753,-1.9069488,0.3541892,1.9325235,5.0766296,-0.4201632,-3.5799854,-3.4255135,0.7601789,-1.1369467,-0.44769305,-1.5462881,2.0686693,-3.8264332,-0.80850345,1.614161,0.09996124,-1.0047061,-0.93830544,-1.2856534,-0.050807483,1.2067696,1.4451686,-1.2169596,-0.4645815,-2.7354436,0.1494434,-0.16613895
GAATTTGTCACAGCCA-1,14.083713,-2.4628103,-0.98546743,-0.94773036,-5.0739036,-0.6358469,-0.557529,0.5392564,-1.2093861,-0.8673138,-1.492126,-1.1930963,0.2220478,1.3803936,0.23338109,-0.4022839,0.20772539,0.4509221,-0.916305,1.649739,0.8640113,-0.09891508,-1.0540226,-1.4301306,0.7440218,-0.23063207,-0.3739804,-0.82414395,0.4416984,-1.6130755
GACAATACAGCAAGAT-1,7.373936,3.136324,0.47740617,3.026003,5.802083,0.5088726,6.473054,5.507083,7.6980987,-0.061162636,2.4953504,-0.5243192,-0.07760539,-2.109353,-0.9530745,-0.43626177,-1.6045209,-1.5953374,-2.2244685,1.3453109,0.7189932,-0.013083736,-0.048378546,0.4041242,1.5541123,-0.12915991,-1.773215,0.264932,0.831162,2.1969843
GACAATACAGGTTAAA-1,12.836332,-1.998835,-0.9548189,-0.63682306,-4.1504803,-0.8866849,-1.3415967,-0.21176639,-0.16410388,1.4765258,3.6235301,2.3706975,0.1830304,-2.223253,1.5124089,0.9742563,1.1411046,0.8246131,0.25101694,-1.8513159,-1.7838069,-0.38859832,-1.3965122,0.20634276,0.38569427,-0.33857515,1.1259768,-1.2026436,0.065849744,0.090362415
GACAATACATACCCGG-1,-7.9740863,-2.2215562,-3.4464407,0.66114116,-0.09256751,2.3012257,-1.7926273,0.11872018,1.0581841,-1.8403167,-0.6705775,-1.1669891,1.0007331,-1.4222267,0.5878419,1.0567006,-1.2559139,-0.25724956,-0.7409877,0.057993915,-2.705069,2.8510783,-1.1327341,-0.56527424,0.8018297,1.7901404,0.96510243,0.46387896,1.3607903,1.7840842
GACACCGGTGGGTACT-1,4.076212,-0.22957315,0.7961618,-0.84306866,2.5197783,0.65362805,1.1532464,-1.8054366,-1.4584681,1.749834,5.0614004,-0.9183141,-0.35239196,1.1839616,-4.142948,1.5043417,-2.5845742,0.26842108,-6.6709576,6.1722226,6.5298243,-4.7416334,0.18314727,-5.166168,-0.7149863,2.7476807,3.9266784,-4.344561,0.92781687,-6.8118668
GACATAGAGGCATTGT-1,-7.5490108,-2.0810397,-2.6513765,0.43744242,-0.40108708,1.8296198,-0.9034077,1.1944205,-0.23624913,1.4294674,-0.5756105,5.8309107,0.33154592,0.9343013,1.6920658,-1.9757721,-4.106774,0.1343464,0.26147923,-1.9565337,-0.0022571625,6.6742187,2.7289572,3.1272795,0.52683085,2.122087,-1.8665333,-0.5300207,-3.994971,-0.71089005
GACATTATCACGCCAA-1,13.454554,-2.4486878,-0.19328041,-0.27837932,-5.6048956,0.976083,1.2482845,1.541265,1.1527318,1.1367136,2.4735947,0.7448117,-1.1898239,-0.47891217,-0.5376581,-0.06826309,-2.1748626,0.22509383,2.6218147,-1.2140934,-1.200104,-0.8747684,0.48575857,0.38829494,-0.50958425,0.5873991,-0.4269521,-0.11240228,0.24883647,-0.9506207
GACATTATCCATAATG-1,-7.1807327,-4.4523525,8.126325,-0.7778478,-1.0128471,3.1201823,3.5791128,0.20900029,-3.1377525,-1.060817,-1.312019,-2.2253692,0.96188676,-3.0977666,0.6986419,0.2985556,2.1912165,0.19378254,0.78515905,-1.9486384,-0.7812426,0.41817862,0.96986914,-0.6589792,-0.80204296,-2.9748986,-2.3149166,-3.2350647,0.8241994,1.5807034
GACATTATCTCTAGCC-1,0.27428448,26.190851,0.66513914,-6.8119316,-2.7199492,-0.42897114,2.3677135,-12.828767,3.7205763,0.7001818,-1.3943037,-0.19210769,-2.592035,-0.095019974,1.1256771,2.3459468,-1.6512507,-1.5799359,-0.764469,-0.020212844,0.4349947,3.638653,0.6534111,-2.5380917,-1.1205872,-3.9191797,-0.6719123,-1.183319,-1.1952891,1.5562497
GACCGAACAACTCGCG-1,-6.9466815,-2.8187594,-4.141187,-0.116385184,0.17791846,-3.369949,2.0581927,0.63147956,-1.7964815,1.7492871,-0.19089444,-0.7797073,0.08725063,0.10112682,-0.5936462,0.35806724,-0.871754,-0.67515767,-0.11177157,0.8469932,-2.1185951,-0.562313,0.5240256,0.4692753,0.65539646,0.29794538,-0.8561196,0.60186887,0.8589557,1.9024131
GACCGAACAGAAACGT-1,-6.67591,-1.6996161,-3.9690294,0.16912721,-0.30880865,-1.3596128,-0.1421547,-0.53621036,0.7682016,-1.1348777,-0.09011946,-0.6257916,-0.7112835,-0.6490503,-1.3144803,-0.794167,0.9187316,1.1957878,-1.9800061,-0.4216988,0.33444256,-1.9723712,0.40687695,-0.6296999,1.5780371,0.7934093,0.32937446,0.47969568,0.5460474,-0.0464178
GACCGAACAGCCAGTT-1,-7.5872984,-2.8763494,0.6036194,-0.5627515,-0.63653016,5.2126527,-1.180709,1.0307852,-0.8980424,7.52934,-2.4558957,-1.309744,1.3354039,-2.4107893,2.2011,0.23554565,0.7735949,-0.20387137,-0.017750893,0.45314562,-0.7708477,-1.8866975,3.7016065,-1.1975989,-2.0321262,-2.5353837,-1.6275934,-1.2703046,-0.030042978,-0.15558766
GACCGAACATGTTGGC-1,-5.7365475,-1.3491964,6.236652,-0.55224943,-1.5543071,0.78459257,-2.5235624,1.4880369,2.069904,3.7548258,-1.5644338,1.4964372,1.7063415,3.9418955,2.1616344,-1.1226535,-0.9040815,0.12855968,1.7193313,3.022147,4.8448224,-0.52469313,0.78226554,0.43201882,-1.3643209,0.41770402,1.7043673,-0.5911449,-1.5684353,1.1806172
GACCTAAGTTTGTTGC-1,-8.683052,-2.2509034,-3.7718666,0.75437164,0.1822466,-3.399678,0.11542273,-1.3950801,1.3735459,-0.52732915,0.20669028,-0.95481944,-0.7685921,0.05170052,0.7246661,1.2999761,-0.9432491,-0.9537541,0.80029494,-0.607146,1.3185786,-1.3307852,0.28814676,-1.1018829,-0.42318615,-2.3776505,-0.8465428,0.28304037,1.0382187,1.2857026
GACCTAGTCCTGATGG-1,-6.305379,-2.1455142,-4.8429646,0.4792774,-0.0782033,-2.8398788,-0.5694085,-0.13986959,0.16197559,-0.39567003,1.0016657,-2.1730387,0.39049852,0.0023185168,1.12893,-0.9307253,1.1289248,-1.29276,0.10006533,-1.107278,0.62247825,0.58851856,0.69938314,0.7833259,2.444169,-0.63880646,-1.2040066,-0.24113944,0.5873236,1.1683663
GACCTCAAGGGACTAA-1,-6.269885,-2.250134,-1.4373131,0.16478828,-0.15870398,4.981151,-1.2706599,0.46483546,1.1948638,-0.95770055,2.5538294,1.0867888,-2.9339278,6.33691,2.9141338,-1.2684563,-1.5492843,0.113577075,-1.3455586,-1.0431647,0.038502064,2.088162,-0.7474267,-1.4845285,-2.4744046,0.47993135,0.69404346,-2.07494,-0.05190836,0.7145939
GACCTGATCATCCTCA-1,11.586975,-0.7835152,0.71967274,-1.2107874,12.354721,-0.24543804,-1.5743988,-1.6797054,-1.9603593,0.11790088,1.0883948,1.5744328,-0.7807348,-0.7606948,0.99870825,0.7326494,0.3573674,-0.42892113,-1.6446882,0.41933215,-0.02117586,0.12071482,-1.0921502,-0.6619277,0.6857448,-0.47801477,-0.48003197,0.9386323,1.815418,-0.1233321
GACCTGCAGCGGATAA-1,11.877991,-1.2422006,0.37477842,0.35634091,-0.057708878,0.4463251,0.55351484,0.6068092,1.4395603,-0.06853498,-0.7097769,0.72899467,0.051552974,0.26321825,-0.52234495,1.878578,-0.105766736,0.86183035,0.37376446,1.2277522,1.4831455,-0.42817828,0.7452509,0.65858686,0.060656443,-2.2651615,1.9280539,0.13351199,1.2544962,-1.045421
GACCTGCAGGAACCAA-1,-8.531085,-2.5322263,-4.807635,0.44773495,-0.17359413,-1.1668038,-1.3921549,0.03991599,1.336055,-3.524126,-0.4541929,0.75457686,0.8847587,-1.1106212,1.4113281,0.665746,-1.9701036,1.936628,-0.03244634,1.1195164,-2.2573056,-0.20532665,1.3697351,-0.285545,-1.8492488,1.6494073,-0.7604687,-0.23299085,1.0381966,1.2540847
GACCTTTGTTTCCACG-1,16.162037,-2.8067586,-0.15319264,0.6967931,-6.675703,0.48308745,0.09821436,-0.21966182,0.91885513,1.1126246,2.636907,0.8772931,-0.45484325,-0.88418293,1.058835,-0.5164407,0.83214915,1.8502288,-0.74762124,-1.50064,-2.5567777,0.42025396,-0.7656297,-0.4650942,-0.18819183,-0.6888569,-0.29897738,-0.8339485,-1.1800582,0.47161084
GACGCAACAATGCGCT-1,-8.287975,-1.0274342,-5.5308228,2.1070907,-0.6172806,-2.1051357,-1.6468065,0.8457555,1.521391,-1.7877059,1.9179732,0.14688364,-0.08879552,0.2744486,0.22024506,-1.0298572,-1.0169222,0.1311624,3.5862134,1.0672085,0.80523133,-0.857286,2.4872093,4.4862165,-1.5300717,3.2500048,0.96008724,-1.9459633,0.36101028,2.737965
GACGCAACAATTAACC-1,-7.3344316,-2.1639621,-4.875067,0.60332537,-0.68669015,-1.3772938,-1.9276453,-0.47754446,1.5481485,-1.9794964,0.7732439,-1.4032845,0.24616599,0.26410496,-0.03008123,0.06152019,0.33711433,1.2903606,-0.3744415,-1.4713132,1.6500587,-2.67858,0.7567638,-0.6105664,1.1496401,-0.17880155,-1.0254233,1.359283,-0.07160445,0.70403236
GACTAATGTTATTGCC-1,-8.572662,-2.1738365,-6.1693797,0.6364271,-0.008260261,-8.811385,5.0396385,-1.2957703,-2.0586085,3.9773533,0.33764863,0.7608943,-1.5236568,1.7168775,-1.5730988,1.551941,-0.5316315,-0.7043918,-0.054993413,2.1100109,-1.7604736,0.66711915,0.6827255,-0.95839626,-0.030360397,-0.46672025,-0.40870786,-0.14990945,-0.105999276,0.24425364
GACTATTCACGTAATT-1,13.0765,-1.6060705,0.0546837,0.035350878,-2.5144036,0.96749556,1.47024,1.2291211,1.090972,0.99735534,1.6480589,2.134718,-0.7294326,-1.100269,1.0546981,1.1200647,-1.3321675,1.5620842,1.3148559,0.6139225,0.0056800065,-0.86195505,0.5151063,-0.42299208,-0.27653617,1.4053938,0.7829013,2.111834,0.23012853,-0.13404389
GACTATTCAGTGAACG-1,-7.9142675,-3.859788,21.608103,-2.2732027,-0.16037224,-4.0987263,-4.529766,0.5287621,3.8017628,1.9679934,-1.323559,-0.63957596,-0.28325552,-1.420079,1.2579442,-1.5527169,-0.60505503,-0.28151637,1.141761,-1.2635605,-2.0546572,0.9031973,2.637352,-0.06539565,1.5326703,-0.37024683,-0.77186143,0.09398617,2.502613,-0.19211642
GACTCACCACCACAAC-1,-0.43982536,25.196682,-0.26545355,-7.253556,-1.5486611,1.1952454,2.1312437,-6.58171,2.5571313,1.7937434,-4.397459,-3.160638,-11.435734,-1.5734174,-3.651739,-3.780433,4.0510483,1.9096692,-4.5101256,-1.8285233,1.5689002,0.21640964,-1.0536752,-0.46781534,1.1080027,-1.3092645,0.86169726,2.870135,-5.329202,0.42909995
GACTCACCATTAAGTC-1,-5.969589,-3.0313144,10.25956,-0.8415957,-0.19104443,3.244506,4.7960176,-1.1846614,-5.06084,-1.2103165,4.650264,-0.23984349,0.24602427,0.11795667,-5.1036177,5.7523746,0.36008614,0.67239636,2.251803,1.8305606,-1.3528537,3.383173,5.158558,-2.381836,-0.8147908,0.03808872,1.1290381,0.2602022,-2.3061216,0.8546238
GACTTACAGCTACTGG-1,-7.8324013,-2.5912635,-4.069052,0.6663018,0.15497696,-3.525966,2.4524603,-0.1772055,-1.1614238,0.7033143,-0.365276,-1.0000925,0.19119133,1.5124938,-1.4727325,-0.3299009,-0.21296842,0.20115301,-0.8591081,-0.86738604,-1.0037086,0.74293727,0.107580215,1.0840554,1.0947533,0.31064275,1.0232362,-0.37978482,0.768936,0.056248497
GACTTACAGTGGCGGA-1,7.693927,3.869001,1.1610643,2.9415789,7.0674305,0.8902569,9.148032,6.75212,11.564783,-0.02006802,2.860021,0.23683035,-0.3108277,-1.8764714,-0.66936785,-0.70678854,-2.4863372,-2.168369,-2.8196213,0.9033598,0.8728985,-0.5302667,1.6687474,1.0943763,0.385785,0.41562057,-0.63616425,-0.3163759,-0.72991115,2.4625952
GACTTAGGTACTTCAC-1,12.786448,-1.7624819,-0.20545235,-0.46966857,4.8125834,0.07504609,1.6449316,0.47620806,0.4409417,0.09891935,-3.1192303,1.3166586,1.0414562,1.1703044,0.13472529,0.93490773,0.41053504,-0.6200476,-0.3738231,-1.1750698,0.50574666,-0.5984485,-0.33954978,-0.08269532,1.3091642,-0.3920938,0.14092998,-0.44411457,-0.72211593,-0.002636682
GACTTAGGTGCTTACT-1,-7.6022973,-1.457949,-0.55611914,0.5703712,-0.16907132,5.5315566,-0.47406104,0.073657595,-0.77033865,-0.31932673,2.3437388,4.1137133,-2.472951,6.821703,1.4792176,-1.4788667,0.22500797,0.2277109,-0.5912326,-1.0690373,0.43582198,-2.2562,3.0075545,1.817624,1.5291798,-0.6938305,-0.9367329,0.21635625,-1.99625,1.1837434
GACTTAGGTTGTTGTC-1,11.919948,-1.6030909,-0.36901048,-1.3133028,2.6071155,-0.26270196,1.0629404,0.67607397,-0.091118254,-1.6160318,-2.808275,-0.5633539,2.0304344,1.3824625,-1.1468537,-0.62103075,-0.18680413,-1.1080531,-1.150217,-0.1598029,-0.18938956,-0.045144323,0.085896544,0.9354543,-2.0456743,0.5727951,0.8826622,-0.19946466,0.8584377,-1.4489208
GACTTAGGTTTAAAGC-1,13.214524,-2.735136,0.57253593,-0.80382466,1.7763495,-0.79354525,-1.6556541,-1.1162513,-1.0598787,-0.7914616,-4.16428,-2.3621542,1.9725232,2.0058434,-1.610999,-0.39025515,0.8002752,-0.67286074,-1.4047952,-0.7060159,0.5030006,0.5684467,-0.16675417,0.43876123,0.49793348,-0.045303155,-0.47899696,-1.4533559,-0.45872867,-0.40766695
GACTTGGTCATTAGGC-1,-7.2425065,-2.3439705,-3.614462,0.73498464,-0.37622955,-5.0327315,2.922929,-1.421685,-1.9017874,0.9717143,1.8250829,-0.44110078,-0.6232518,2.3447328,-0.40798137,-1.5316283,-0.81747764,1.6187664,0.44146124,1.3344396,0.1807956,0.28079975,0.109897114,-0.2669358,0.3358574,0.47884446,1.2802414,0.45806596,-2.0413394,-0.13791688
GACTTGGTCCTGAGTG-1,-8.010011,-2.4637766,-5.359134,1.4382838,-0.16342044,-4.3380194,0.23560974,0.07705618,-0.5095034,-1.0018572,-0.49460322,0.22274356,0.17300269,0.9746011,1.1495099,0.5550917,-0.5454796,1.1535816,-1.8712878,-0.21891885,-0.83999705,0.7033072,-0.024470808,0.2686583,-1.4026809,-0.9071213,0.4499806,0.2830689,0.23207457,-0.014174679
GAGAAACGTAGCCTAA-1,-7.6139007,-1.5188683,-4.308814,-0.11826311,-0.06687026,-3.4252658,-0.9985863,-0.4370156,1.6094764,-1.7377516,-0.21593156,-0.751815,0.39558533,-1.8367335,1.6031617,0.62690395,1.0684161,-0.3981353,0.70764077,-0.2911021,-0.40504166,1.2861441,-1.857932,-0.71511734,0.40826708,-2.1369898,1.5159317,1.1219155,0.16210878,1.3705257
GAGATAAGTTCACCCA-1,14.791958,-3.1810675,-0.28301376,-1.0223601,-6.730311,-0.41869572,-0.3516422,0.4083199,0.12767263,1.1698974,2.2678812,1.2118814,-1.0753431,-1.2449445,2.2437978,-1.1924305,0.8850478,-0.14890167,2.3865552,-1.0632327,-1.0029954,-0.62516004,-1.310476,-0.08693101,-1.5068805,2.0676942,-0.5334965,0.8743444,0.17764972,0.6446129
GAGCAAATCATTGCAA-1,-6.752552,-1.8724446,-3.2153192,0.05032935,0.46165013,-3.3847318,2.2987494,-0.45200884,-1.1228033,1.1636652,1.2503061,-1.3135153,-0.051644843,0.41229632,-0.56950724,0.5502314,-0.94869435,0.6719777,0.006244205,2.1625137,0.6705913,1.3845367,-0.66871893,-0.5954775,0.041379258,0.16621265,0.97677636,1.2995932,0.73699284,-1.5514756
GAGCAAGGTAGACAAA-1,11.89826,-0.36527836,0.891013,-0.02843658,6.5052795,-0.44223624,0.27792105,-0.37074155,0.92417365,-0.42361677,-1.0400578,0.9108497,-0.10574553,0.47672838,0.882415,1.3124164,0.5233194,0.70598537,0.23472929,-0.12337807,-1.7740864,0.22443998,0.21485446,-0.052296937,0.83137417,-0.31033534,0.42810243,0.5452575,0.92394704,1.2021708
GAGCAAGGTTGTTCAC-1,-6.848911,-1.7740437,-4.700099,0.70685816,0.21355976,2.2234204,-2.164236,0.25159872,1.8583347,-1.6596073,0.44749784,-1.1042496,0.15425366,1.3502729,1.2548164,0.15924762,-0.09190924,0.2489864,-1.0338172,-0.5324859,-1.6905655,0.80483514,0.27019894,-0.030742075,-1.2811463,1.5104575,-1.000149,-0.61052626,1.8744999,-0.5413186
GAGCATGCAGATAGAC-1,-5.132558,-2.5500464,4.282039,0.1714135,-0.5916943,-0.2950859,-1.2874137,0.893089,2.5399046,6.3733115,-0.94358736,0.2657008,0.0050047217,2.621482,2.5677264,-4.149903,-0.41477758,1.2546588,0.42547196,-0.65980726,4.115551,1.9225258,-0.07956561,-2.5991461,0.05185995,2.7591794,2.261853,4.39512,0.55146116,-2.5306253
GAGCCACTCCTTGCGT-1,-5.5242076,-1.6661577,-1.5393558,1.0458175,0.06365225,4.931297,0.6494119,0.94013697,0.07354744,-1.1053635,1.1215293,-1.156292,0.28683823,0.24051325,0.80235445,-0.92088157,-2.826839,-0.34082928,0.8122872,0.8715347,-0.80391586,3.0640733,-1.5903767,-0.5690472,-0.66126555,0.53848296,2.0839303,0.06180774,-0.22566408,0.9299813
GAGCCACTCGCAACAT-1,-7.554368,-4.3423367,15.881004,-2.6318,-0.854752,1.3180146,4.32659,-0.5759139,-4.1052113,-5.093776,2.5130033,0.4882877,-1.8300964,-0.81714404,-5.752903,5.6222377,1.763921,-0.54690474,1.436629,5.98294,-3.147709,2.3337522,1.075488,0.7995525,-0.52604604,-1.0242511,0.6366328,2.0018806,2.082628,1.9415724
GAGCCTTCAATGCCCG-1,-6.07566,-1.896107,-3.469704,0.51039684,0.16037051,1.4949044,-0.80713284,0.45344067,0.63106716,-0.44678432,1.2586871,-4.1993046,2.2024372,-0.33493525,-1.0584517,-1.2393496,-0.09975254,0.1801584,-1.0359303,1.1133877,0.9491785,1.0581805,-0.7806242,-0.07629803,-0.5054816,0.22728321,-0.021899119,0.07588203,-1.0828421,-2.2477057
GAGCCTTCAGCCTGCA-1,-6.461572,-1.4567624,-0.36209676,-0.08452206,-0.6788789,5.934869,-1.2625397,1.3317325,-0.56600195,3.0399778,-0.60917073,-1.0466446,1.1912786,-0.20325613,-4.176377,1.8889594,-0.03272476,-1.0638345,0.54565346,-2.4593892,1.6531487,-1.5034539,-0.9065094,0.6763522,0.52431154,1.0811865,1.1127559,-1.4695324,0.33341536,-0.88826257
GAGCCTTCATTGTCCT-1,-8.414868,-4.6972575,16.10637,-2.127372,-0.66566324,2.8266096,5.507021,-1.370193,-5.8632183,-6.509311,3.5972028,0.9329977,-0.6166859,-0.72102195,-2.936747,1.8961908,2.4285042,-0.91980463,1.4195088,2.0247724,-0.028470987,0.95081466,1.6147022,-1.0242034,1.4019185,-2.6801064,1.5043583,2.8632777,0.9376054,2.186848
GAGCGAAGTGACATAT-1,-6.1211767,-2.3194911,-3.745352,0.65190846,0.5142518,0.2259849,-0.5659295,0.32394108,0.6182022,-1.5924733,1.179916,-2.837751,-0.06903907,0.50219333,0.9674766,0.035539117,-0.21522352,-0.43412483,0.8612412,3.0145364,0.006733289,0.15583213,0.23139687,-0.73490894,-1.1314139,-1.0045768,0.088801414,0.17427558,-1.6562665,-2.017306
GAGCGAAGTGTTGTGA-1,-7.3378797,-2.5657191,-2.117659,0.15464164,0.8859319,3.7161644,-2.4401183,0.83958787,0.45010948,0.16095632,-0.7051675,-1.0184244,-0.39861402,0.6676861,0.69651145,-1.2117968,-2.0538433,0.53087866,-0.28238806,0.4160046,-2.5730777,-0.077747315,-0.9093267,-0.4341275,0.46605635,-2.2874746,0.8763351,1.3123416,-2.0336473,0.31626198
GAGCGATAGTTATGGC-1,10.750735,-2.4133942,-0.21963848,-0.44900566,-5.5000434,-0.16555426,-0.75635934,0.15348782,0.0940912,0.33188504,2.2225459,-0.7092785,-0.4936361,-0.40960196,0.09743834,-0.23332101,-1.2273352,0.08885829,0.28261587,0.7064662,1.1607254,-1.2366077,0.052430842,-1.0144962,0.023100417,1.3911262,0.7591347,1.8123324,0.7245597,-0.40291387
GAGCGGTCAAGGGTTG-1,11.230238,-2.0828712,-1.0290374,-0.6004957,0.58280754,0.00022959255,0.0745338,0.12779824,-0.87625855,-0.84649813,-0.23026058,-2.2724047,1.5239961,0.7117859,-0.5842455,-1.1862162,-1.5411818,0.05682925,-1.2598995,0.7405961,1.4863669,-0.46483955,-0.6431674,-0.0053923675,0.20270504,-0.21747902,-1.0978053,-0.6901777,0.112300575,1.0646319
GAGCGGTCAATCCTAG-1,-5.7476892,-1.7478244,-2.071567,1.2731558,0.06158519,-1.6188723,2.579869,0.09609279,-1.1299819,0.73924595,1.1308727,-5.0176334,1.2884043,0.8341108,-0.8901438,-1.951988,-1.0586063,-0.2868221,0.48262802,-0.2099796,-0.40095046,-1.6758916,-2.7478714,0.41886887,-0.03245157,0.755153,0.2618561,0.07060059,0.381568,-0.06333164
GAGCGGTCACCCTCAC-1,-1.5254956,18.878534,0.5466149,-5.374995,-0.3488241,-1.3203614,-0.6766975,7.4791083,-3.5487597,-1.6317436,2.2393053,-2.770819,1.647513,1.0410005,0.68411314,0.48180664,1.2755849,1.9640896,0.12620151,2.8346574,0.619802,1.4775125,0.09918065,0.21015808,-0.92050457,-0.52498454,-3.2897215,1.508829,-2.394632,-0.44085065
GAGCTAGCACACCAAC-1,-0.4310059,24.79754,0.0107137915,-6.661118,-1.5268869,-1.5300665,0.6812101,4.556073,-0.14454018,-1.3945513,0.7106381,-3.302794,-4.059793,2.7701626,5.2391863,7.900194,2.2825005,-1.1600447,-5.3194413,-5.6029453,0.5253933,6.6495337,-3.7652674,2.943486,-7.5942054,-5.326438,-1.549554,4.5148315,-3.9926205,0.1909687
GAGCTAGCAGCTCATA-1,-7.238258,-3.4589236,10.193135,-1.8783695,-1.4400485,1.2583827,0.9231958,0.0655777,-0.8162438,2.332917,-1.1447194,-2.0946665,3.4983356,-2.3137052,1.8577446,-2.4260805,-0.7944534,-1.8733088,-0.26719043,-1.2042731,1.048845,-0.3135025,0.9018797,-2.112343,-1.0107542,-0.883959,-0.9586108,1.9138575,-0.13671793,0.6748655
GAGCTGCTCACGCCAA-1,-7.611727,-1.4790835,-5.7620506,1.8508508,-2.2240267,-1.744743,-1.0952133,-0.21735221,2.2811368,-2.2973127,0.689278,5.7536917,-1.0991371,-1.4713821,1.6976573,2.2538347,3.3475406,0.5427227,0.41690028,-0.5250648,2.7723606,-4.3665547,4.172029,1.7060168,-0.6720382,-1.3384209,2.5717638,-3.6326075,0.9056078,-1.0195836
GAGCTGCTCATAACTG-1,-7.2587485,-0.95878136,5.3630514,-0.90305835,-0.5328112,3.9559872,5.425643,-0.5620909,-3.0094674,-3.6137586,0.48473033,2.4290035,0.18913706,-0.65063184,1.5252692,-1.3913406,-0.42087916,1.1591195,-2.7443666,0.7750531,-1.5572752,-2.4972796,-2.873072,-0.73588425,-0.89414316,-0.54518723,1.4342386,0.18899348,0.736464,-0.41014668
GAGCTGCTCATGCCTC-1,12.263154,-3.5690231,-0.37832013,-1.4074681,-4.7921724,0.33316928,-1.8392922,-1.47082,-1.7391121,-0.44666374,-0.51102155,-2.5548043,0.3629535,1.7682683,-0.9728424,-0.83920544,-0.5114546,-1.7682891,-2.6104093,-0.29199082,1.9722787,1.0957325,1.1601061,0.69518614,-0.13494858,-0.10912741,-1.1021644,-1.6944575,-0.13112013,1.0735687
GAGCTGCTCCATAAGC-1,-6.7973733,-2.3222861,-4.1586394,0.13277209,-0.10390224,-0.5514904,-0.24633992,0.46773124,0.5748785,-0.603644,0.45922163,-2.05373,0.19373117,-0.86411077,-0.27658585,-0.07815741,0.047383275,0.75010896,0.75464016,-0.08950774,-1.2677068,-0.193267,-1.2683791,-0.33062837,-0.60286796,0.03407177,-0.7349456,-0.5172643,0.73057806,-1.873366
GAGCTGCTCCTGTTCA-1,-7.0170736,-3.6954231,16.724598,-1.3582381,-2.8978455,-1.621798,-1.1179901,0.10392758,1.5130637,0.36827686,-3.5656638,2.0173185,-0.44130847,-0.4292917,0.44140503,-1.7424766,-3.0900085,-1.9108496,-2.0175955,-2.7529418,2.4249463,1.8493683,-1.6147268,-4.250594,2.134167,0.3984017,1.3374903,3.505582,-1.2013612,1.2502525
GAGCTTGTCACGCGGT-1,-5.7880497,-1.4135394,-3.3089912,1.4689738,1.1569983,-1.3017093,-2.2670782,-0.10460526,1.0523297,-1.1031723,2.36371,-0.76760614,-1.5828133,3.134728,1.1280723,-0.62686515,1.5630752,-1.2540987,2.2050297,1.4095677,1.4387583,-0.013064582,3.4774086,1.332027,1.1098332,2.6566193,4.3059483,-1.4087068,-0.331647,1.9764246
GAGCTTGTCCCTGGTT-1,-7.9665236,-3.5323923,5.643163,-1.056698,-0.40443617,5.897765,1.5438294,1.9824446,-2.9070878,11.752951,-5.0242205,-0.27166265,0.27391922,-1.5508671,9.58548,0.9905394,3.9417233,2.1391017,-3.287111,3.3148932,-2.0524895,-6.6273527,6.734041,0.70897365,0.63509744,1.4027562,-0.7163374,1.784638,-0.7799474,2.5935302
GAGCTTGTCCTCCTAA-1,13.515308,-1.9621837,-0.5193938,-0.38967538,-3.4846208,-0.11734063,0.2134904,0.800864,-0.28580967,0.41399616,2.4075437,0.46893707,-0.62463015,-1.4912044,0.31222108,0.2572431,0.06931146,1.818813,0.85351515,0.11466429,-0.74073577,-0.47527632,-0.61573875,0.3722265,-0.13310839,-0.6672319,0.5895087,1.6459382,-0.36938107,0.26230726
GAGCTTGTCCTGAATA-1,-7.3166814,-1.702028,-3.7174263,0.2970636,0.06916092,-5.334054,2.7807117,-1.2680384,-0.84458107,1.6756302,-0.4186936,-0.2760756,-0.3959878,1.0468171,-0.16587394,0.9449313,-2.7522101,0.1030121,-0.13948761,1.5056291,-0.9875806,0.9934515,-0.14378165,-0.13678068,1.6488426,-1.5024029,-0.048212375,1.4308388,2.8112051,0.83927196
GAGCTTGTCGAGCAAA-1,-6.5477486,-2.3496606,7.1997957,-1.1693913,0.55244684,0.9967335,4.4434834,0.46862903,-2.953157,-2.399749,0.5336215,-1.3318827,2.124756,0.9786226,1.8893479,-1.2200173,-0.077609114,1.6285884,-2.9291363,-1.5334327,-1.5267209,-0.21046005,-3.610456,-1.9405844,-0.95093334,0.13940246,-0.71619284,-1.321644,-1.9933419,0.4199766
GAGGACTAGCTAAAGG-1,-6.910093,-2.7301352,-3.2950156,0.7338495,0.25429624,2.2939985,-1.8989397,-0.19120088,1.0530654,-0.20289385,0.4545814,-0.88633686,-0.8748159,0.33324987,1.1819885,-0.19963698,-2.495188,-1.2823232,1.8907144,-1.4728903,0.55429,1.2478518,-0.779336,0.18802167,0.19316764,2.730816,1.5327145,0.99813133,1.2548504,4.7450542
GAGGAGGCATGCTATG-1,11.863618,-3.118413,-0.38304308,1.0129611,-6.210596,-0.7352656,-0.6932298,0.071998686,-0.48366037,1.4659501,4.863482,-0.8960247,-0.20216912,-0.16624203,-0.9076173,-0.39311403,-1.9241087,-2.770174,-3.9687858,1.2232399,2.1171343,-0.044343945,1.2579689,-0.039658546,0.020250248,1.3375967,0.26493454,-0.3027356,-1.3921292,0.8236337
GAGGCTTGTATTGAGT-1,-6.7862296,-2.0637355,-4.2249956,1.1053095,1.0798523,4.849899,-1.7926093,0.87500787,0.62163585,1.3934478,-0.6575529,-0.61068773,-1.1192214,0.64633363,-2.303793,-0.74887353,-0.7294809,-0.5071082,1.5924473,-1.9620513,0.95688355,-0.14221403,-3.0857341,1.6711296,0.120958544,0.9929858,-1.055028,0.13476938,0.098210014,-0.28856555
GAGGGAGCAAGGGTTG-1,-6.5665827,-1.7179925,-4.474129,0.37761375,0.44986534,-1.1812515,-1.8064281,0.15522633,0.19073549,-1.2256085,1.2409296,-2.8569736,1.3153144,-1.0383836,-0.4500509,0.24028175,-0.5991348,-0.03716078,0.8899592,-0.98413354,0.8899405,-1.5219886,0.89378697,0.088751115,-0.025637116,2.073849,0.33305177,-2.5525515,-2.2645426,0.387026
GAGGGAGCAGCATGTC-1,-6.0511117,-1.2726468,-1.4260451,0.632864,0.019877605,5.1163316,0.36257416,0.10134421,-0.05315198,0.3354194,1.5187714,-1.765515,-1.0649439,1.8696511,-1.3907293,1.0336773,0.0581428,-1.1870384,0.37793025,-1.9258846,-0.095856704,2.3267694,-1.1900876,-1.9740429,0.72708595,0.5781798,-1.3401607,-0.6621458,0.6125939,1.5241048
GAGGGAGCATTATGGT-1,-4.9409266,17.031563,-1.5569535,-3.2280765,-2.162341,-4.133051,1.6032879,3.5131724,-3.4257786,0.6184948,0.32344964,2.1070945,-3.2286062,0.55203414,-0.17167056,2.6816893,4.8145366,0.7884926,-0.52833927,-1.9890867,0.66488075,3.3594983,0.23086977,-1.6636964,-4.067352,-1.1104957,0.2478798,0.6411157,-1.6426905,-0.16463451
GAGGTACAGGACCGCT-1,8.688527,0.8134562,1.7153685,-2.4328198,12.726663,-0.23153853,-2.14449,0.072852634,-1.6706222,2.0486927,2.4089537,-0.4356277,-1.1379323,-0.48050398,2.6951904,-0.7813016,1.4129944,0.81597,1.5173845,1.2561603,0.53033453,-0.09379247,0.35705054,0.66786057,-0.68992114,-0.25390783,0.3792151,0.2950068,-0.4344553,-0.031240676
GAGGTAGGTAGGTTAT-1,-7.794931,-1.6096963,-3.745295,-0.14139737,-0.4745439,-3.9262254,3.029289,-1.7758719,-1.6805389,1.2411398,0.053952716,0.5040838,-0.7874925,2.4263878,1.2428112,0.7477365,-1.7701751,-0.8578216,-0.510498,-0.6944787,-0.29031646,-0.6856136,-1.3362273,0.3305596,-1.6158822,0.9309223,0.08802057,1.083019,0.70797557,-1.119414
GAGGTGAGTAAGCACC-1,-6.736794,-3.5827157,17.721498,-1.6742133,-0.62755376,0.27765056,3.2504208,-1.5241796,-2.599647,-6.958953,2.996175,-0.8910084,-0.68505025,-2.7801342,-1.9939909,0.23654594,0.48515838,1.4431425,1.216166,1.7281308,-1.8600216,-1.4606208,3.635135,0.042952485,-1.9075785,0.7663532,-0.978056,-2.943042,-0.7528543,-0.050349835
GAGGTGAGTAGCCTAA-1,9.251575,-0.16785328,0.31530932,-1.0851401,14.963074,-0.14752145,-2.6431417,-0.49710688,-3.2602344,1.0894141,3.1722708,0.30398324,-1.0595725,-2.0538492,0.95773745,-1.0648158,-0.14666438,1.1432123,0.07771376,-0.6984714,0.486517,-0.7173377,-0.4447173,-0.3166629,-0.7651346,0.87905157,0.019676903,-0.94792384,-0.82070106,0.019266216
GAGGTGAGTAGGTTAT-1,12.8043995,-0.6213309,-0.234555,0.35142905,0.7318446,1.0923046,0.23250932,0.5392163,-0.94964665,-1.2091088,-5.9985647,-1.0226092,1.2894661,2.7730904,-1.5908382,0.30320877,-0.076856464,-1.3750955,0.46722215,0.84223974,0.3191438,-0.18049842,0.1552573,-1.3105133,-0.25972605,-0.24479234,1.2228651,0.09966575,0.46212226,0.397628
GAGGTGAGTGTGTGGT-1,-6.963051,-1.6280564,-2.0575733,1.3884419,-0.15968499,3.4579854,-1.2510805,0.23915055,0.7486577,0.9632001,-0.13931078,-1.5353452,0.9249818,-0.3217861,-0.88627666,1.62709,0.23703818,0.080761746,0.15413436,-1.1936909,1.2020051,0.4233006,-0.015448906,-0.19782281,-0.107937485,0.34731898,-0.34484947,-0.6509609,2.6230264,0.11560947
GAGGTGAGTGTTTCAC-1,-7.3774376,-1.7707443,-4.9033566,-0.002387111,0.04937534,-5.0139594,1.4829237,-0.22103515,-0.5032665,-0.818975,-0.4560559,0.2911738,-0.46748385,0.9696974,0.975116,-0.3022308,-1.841789,1.108084,1.4844431,-0.90174747,-2.2050734,-1.5607355,2.2062907,0.11309817,-1.5363964,0.24515021,-0.9979329,-1.4161673,-1.147018,1.7573327
GAGGTTAAGAGGAGTC-1,-7.9010816,-4.016194,13.299692,-1.8872889,0.017026307,0.32841834,6.6437736,0.10299056,-5.43595,-3.62524,1.0193639,-1.2318672,0.22635548,-1.2550913,0.7652851,-0.10371443,1.4565855,-0.47497213,0.391249,-2.0761576,-0.7771683,0.22875841,0.13750179,-0.85780674,-0.8558559,-0.022769364,-0.938834,-1.9795742,-0.45940357,-0.021619784
GAGTAACCAGATAGAC-1,14.968659,-2.8544383,-0.25635615,-1.2996622,-6.518134,-0.5689485,0.16616762,-0.2577442,-0.88480866,1.4466071,2.879513,0.59600204,-0.65382713,-1.0871632,0.5483527,-0.20134644,0.7048556,-0.5333466,-1.1441664,0.16753615,-0.06500231,-1.2192248,-0.48215228,1.8624943,-0.66339964,1.1190213,0.965168,1.6692832,-0.39361906,0.7067871
GAGTAACCATGAGCAG-1,13.365622,-1.6036661,-0.94389385,-1.2125642,-1.5337325,0.28095022,1.1195853,-0.5172716,0.4124147,-0.64668596,-1.2568232,0.058517125,-1.1055411,-0.067807205,-0.80673045,0.011456879,-0.17969742,0.6341239,0.8721422,-0.063921675,-0.9748162,0.5198719,-0.08170891,-0.8104303,-0.7339047,1.1219735,-0.8892486,-0.12347238,0.56522053,0.9078131
GAGTCAAAGCGGATAA-1,-7.4642644,-1.6412762,-4.9003377,0.67787665,-0.16392066,-0.5981482,-2.72378,0.409936,2.2713695,-1.121767,0.40810513,-1.1623486,1.3521315,-2.368159,1.2706952,0.12910399,-0.7894066,0.7677262,-0.5448125,-0.24038573,0.3297003,-0.1671037,1.7897438,1.3224964,-1.947272,-2.556228,-2.0257182,-1.0999233,-2.9950588,-0.46203697
GAGTGATCAATGCCTA-1,-5.6911087,-0.87004954,-3.2471685,0.031942524,-0.35666072,4.0824485,-1.3961842,0.86646485,-0.79648894,-2.1774254,0.6571872,-0.6982636,0.36961085,0.6206275,-0.9957532,-0.9760542,-0.012353703,1.2659277,-0.24186805,0.1544558,0.7283905,-0.85718197,-1.6666255,0.8643957,-0.80107653,2.671595,0.7734661,0.5324437,1.5084955,0.86946243
GAGTTACTCGCACAAT-1,-7.7702274,-1.4768206,-4.7241154,0.20821603,-0.47808033,-4.0893517,0.3394245,-0.19014344,-0.43098694,-0.4830564,0.1971843,0.927003,-0.5616944,0.15969501,1.6205372,1.3203092,0.1374848,-0.36552194,-0.58879006,-0.022498712,-2.6350334,1.7758627,-0.65643096,-0.073796496,0.35794175,-0.6413552,-0.51552707,-0.45858267,2.5965245,0.11854614
GAGTTGCGTGAGAAAC-1,5.2042527,-4.945959,11.785571,-0.9654901,-6.591731,-0.7515384,-1.5453917,-0.33757293,-1.5912753,-2.5455263,-0.54469854,2.1806488,-1.1116257,-0.22542304,-0.81088877,0.2948935,0.028467879,1.5069844,1.2537043,-1.4011796,0.9489044,0.5406515,1.9313881,2.196679,-0.7307884,-0.96346223,-1.1087765,1.3904395,-0.6594615,-0.4065591
GAGTTGCGTGTCCTGC-1,-1.9333802,24.446932,0.019252343,-4.6973596,-0.9908772,0.44758362,1.6141435,-2.761843,0.937434,1.1719514,-1.4629496,-3.2640755,-0.5108561,0.022293199,-3.9368987,-0.14120163,2.247604,5.380353,-0.6026816,0.41889828,1.9041848,4.4419484,-1.6142821,4.064944,-2.4691095,4.696848,2.7028165,-2.0648632,-4.591918,-1.584037
GATAAAGGTTTATGGG-1,11.554787,-2.2850254,0.18189172,-0.6281847,-0.97901213,0.015740536,0.40330157,1.1742413,0.8033404,0.6195315,-0.6461537,1.3193605,-0.5123765,-0.358522,-0.42620936,0.44303244,-0.5833092,0.47098684,1.3736702,-0.09928146,-0.2091571,-0.8291646,-0.37646037,0.75682455,0.67418194,1.4334307,-0.030847235,0.4028349,1.3509214,-0.13375342
GATAACGAGCTTAGCG-1,-7.8607974,-4.813207,21.988255,-2.472588,0.54579127,-5.823027,-5.3110094,-0.58166844,3.3992887,0.13698135,2.1576118,-2.0939815,1.6397473,-0.13576365,-4.052756,0.9569408,1.5032808,-0.04533531,0.46195546,1.8229699,-1.8247454,1.8150548,-0.8867848,2.7308273,-0.47326437,-1.412476,1.0308096,1.8546394,1.1202195,-0.3910838
GATAACGAGTCAATTG-1,13.706028,-2.8957174,-0.5879175,-1.2475122,0.14620717,-1.0805156,-1.8027742,-0.5905548,-1.5568798,-0.3480777,-1.0543147,-0.6580036,0.7334718,0.81423646,-0.017398242,-0.75750154,-0.77031255,0.10551964,-0.12022513,0.5117588,-0.7454536,0.4125034,-0.60141075,-0.57335144,-0.62897694,0.10375703,0.83909506,2.483844,-0.2495833,2.5017643
GATAACGAGTTAGCTA-1,-8.523311,-1.8136004,-0.36838508,-0.5257464,-0.8723833,-0.7287282,1.7355094,0.49112463,-2.8079264,4.2126975,-1.2661957,1.1372508,1.4952594,-1.7628584,-1.9253813,0.6402576,-0.3157625,-0.22762083,-0.39570725,-1.0316812,0.041295055,0.2510162,-1.0634205,1.4762251,1.4635984,0.20989232,0.07257569,1.4964797,2.5942557,1.3193799
GATAAGCCAAGACTCC-1,-8.453413,-2.6016686,-2.8495343,0.673677,-0.87304586,0.37555408,0.27643132,0.8647584,-2.5632753,0.20009564,-2.5739486,4.3416777,-0.5571288,-3.7361336,-1.313596,-2.6786637,-1.3220191,0.3320947,-1.5129758,-0.5459267,-4.791246,1.1750396,-1.8022532,1.191492,1.2911031,1.5029081,0.30592534,-2.0877554,2.5959098,-2.6555243
GATAAGCCAATGCGCT-1,11.482512,-0.033799753,0.1433639,1.3054255,2.2071152,1.2941059,1.5589919,1.6490468,1.6662838,-0.35948637,-1.7559199,0.2979955,0.2919698,0.5724674,-1.1045457,-1.1509247,0.19434585,-0.47600108,-0.16266152,1.1426903,0.34378254,1.0748317,0.14149933,0.7519903,0.5357446,-0.92015034,-0.85763127,-0.27012867,0.83989865,-0.33447206
GATAATCGTACAAAGA-1,-7.686919,-2.1653848,-4.885565,1.2422527,0.22073281,-4.947387,2.0489256,-0.6493599,-1.1918555,1.4823428,-0.8331887,1.932009,0.8324748,-0.29778013,-0.8187304,-1.743875,-1.8387108,-0.45997226,0.64465845,0.6357305,-2.0592215,-1.5611255,-0.21595399,1.3448572,1.1691879,-1.2420945,-0.88581973,2.3210096,-1.457511,2.208829
GATAGACCACTCAACA-1,8.779006,-1.2781633,-0.20248827,0.4782678,6.5610204,0.1806763,0.011953647,-0.3485992,-0.424506,-1.3965573,-2.105181,0.40438396,0.28775814,0.98588526,-0.39616144,-0.032473475,-0.5954246,-1.5259984,-2.3600445,2.328719,0.9274674,-0.30605328,0.44627377,0.1851691,-0.0699557,1.5488582,-0.046218727,-0.4200528,0.6076707,-1.6999923
GATAGACCACTTCATC-1,-6.008263,-3.6500149,16.629803,-2.451661,-1.9062881,-3.3116543,-3.6657286,0.8794002,4.000873,1.7125548,-3.6896765,0.31054306,0.99224585,1.466462,3.8804593,-2.964989,-2.1260505,0.3693806,0.12651478,2.7580535,2.7324955,-2.212567,1.8059242,-1.015984,-2.4981518,2.474345,-2.4056118,-3.6593897,-4.9572263,-0.17073393
GATCAAGAGCTTACTT-1,-8.511202,-2.7235115,-5.6304116,0.7002996,-0.43593785,-2.5093968,-3.293487,-0.18603542,1.2836658,-2.7123017,0.5124879,0.824665,0.8654456,-1.170576,2.0253506,0.89433146,2.6644614,0.19096261,-1.530854,0.69777244,1.6041803,-1.6419283,3.4372392,1.605736,-0.62436444,0.6465622,0.18885754,-0.704787,-0.69577074,3.320993
GATCACTAGGACCTCA-1,-1.9709257,24.082611,-0.5456893,-6.953983,-1.0016383,-1.7057012,-3.6033285,8.512184,-2.3599486,-3.0590312,0.33612105,1.0159817,-0.40329352,-0.89367914,1.7375021,-1.7004147,-4.856926,-7.8226995,-3.1257312,-6.758636,-2.2301211,0.2526227,5.841505,-0.4031924,-3.2661846,-2.7759442,1.1303074,7.8180265,-0.23968509,-2.0001092
GATCAGGCAAGTTATC-1,-7.1113067,-1.2585838,-4.7203326,0.77624655,-0.050613116,-0.2455479,-1.5840747,-0.56011283,1.6703243,-3.0538938,-0.96738565,0.28035977,0.17595796,-1.6385847,-0.43169448,1.1990077,-0.3070541,-0.6749299,-1.7920363,-0.73322177,-1.7909089,-0.53578615,-0.40924463,1.663428,-0.740922,-1.476322,-0.33737558,-0.72897565,3.3117461,1.5354525
GATCAGTTCAATCATG-1,13.656791,-3.5639894,-0.39575055,0.17945443,-10.539377,-1.136223,-2.9555402,-2.074212,-2.5155654,0.6297921,2.6809757,-2.045062,-0.45512086,-0.6487924,0.1414019,-0.80985767,-0.3411686,-1.5979596,-4.714871,1.419206,0.29588595,0.6577792,-0.74811244,0.3344666,1.4741695,0.82815355,-0.84997284,-1.0779146,-0.19634733,1.5530198
GATCAGTTCGGTCAAT-1,-0.8421531,20.543266,0.25059587,-6.1587634,0.18794999,0.5778904,2.0539036,-7.925181,3.759728,0.6438968,0.48294201,1.2542539,-0.71766883,0.34908342,-0.8313651,-3.7445679,2.853498,-4.2284684,1.7908525,0.78718305,-1.5510983,-3.1873152,0.4577605,-3.4462934,5.326963,-0.44109994,-2.6524584,-1.5750469,-1.9163163,4.2355494
GATCAGTTCTCTAGCC-1,-7.101661,-1.7072747,-5.0218134,-0.24414729,1.1492517,-4.406596,2.7253573,-1.964542,-0.9515385,3.1923711,0.307785,0.19043647,-0.90844727,-0.1871042,-1.2016666,0.17896783,0.51416767,-1.5104163,2.1455035,-0.13328977,-0.18685341,0.9587022,0.58283156,0.6728752,0.6871893,0.45540988,1.3701934,0.39425445,1.397939,-0.82076037
GATCCGTCAGTTAAAG-1,-7.168192,-2.7319944,-3.1049945,0.43539748,-0.09374858,-3.7973595,2.2967017,-0.395526,-1.5928296,1.4054724,0.037708763,-0.3080934,-0.116181344,1.9683082,0.11005435,-0.03086135,-1.254744,0.46696195,-0.8732464,0.79411095,-1.397779,-1.0361413,-0.15875876,-0.8176037,-0.6303692,0.5394432,0.08006475,-1.0462242,0.16191593,-0.29916155
GATCGAGCAATTTAGC-1,13.104838,-2.2816455,-0.4969306,0.15037902,-1.7631128,0.2654065,0.44936216,-0.27350447,-0.60879135,-1.703748,-2.5087392,-0.99039924,0.20912196,1.3881758,0.8583487,0.5865631,0.25379515,-1.8098261,-0.06775309,2.3896184,0.33055004,-1.0662328,0.74155414,-0.35566753,-0.66838205,1.9223498,-0.18605761,2.078233,-0.13709514,2.9474523
GATCGCTCATTAGCCA-1,-7.5187078,-2.7447088,-3.1813436,0.02240672,-0.4365794,-5.1849017,0.8993609,-0.22496697,0.17966633,0.9331836,-0.3322775,0.09711732,-0.32534602,0.4159134,-0.075242236,1.2826335,-0.21736968,-0.15094395,1.7285167,-0.3410583,0.5781938,0.5211524,1.5258607,-0.66963696,-0.7207153,-0.9422073,-0.5325727,0.1393498,-0.61372995,0.09993288
GATGCAGCAAGGATTA-1,13.863732,-2.6192157,-0.8244072,-0.5906489,-2.6400561,0.34127802,-0.6927948,0.25599217,-0.9228994,-0.7199788,-2.1247928,0.07909495,0.1399217,-0.21400665,-0.18333437,-0.7271561,-0.8681849,0.007291083,0.042912986,-1.4175066,0.06187258,0.860645,0.3936171,-0.13195305,0.57229173,-0.78592163,0.0421415,0.015329112,-0.3459558,0.41584104
GATGCAGCACGTTACA-1,11.112495,-2.6564677,-0.42396623,-0.5703925,-5.667484,-0.5407724,-0.41813838,-0.27374652,-0.7511428,0.85815877,1.4389029,-0.37640923,0.72127765,-0.6514852,0.099498205,-1.1283032,1.3273659,-1.0275832,-1.1338018,2.269884,0.90074503,0.14850484,0.8429249,-0.23572768,0.22656946,0.8194196,1.1489182,0.8678738,0.38346657,1.5493157
GATGCATTCCTGATTT-1,-6.4055104,-1.6045448,-2.6983197,0.6791891,0.43242097,3.3431683,-1.5771177,0.082249396,0.7854052,-4.2151027,0.8564222,-1.7165259,0.64764005,0.61748487,0.7236803,-1.3494704,-2.0284395,-0.18863676,-0.41539183,1.7987063,-0.5460881,0.5416906,-1.5106114,0.22684892,-1.0538206,-1.5152385,1.7485057,-0.093917765,-0.6592234,-0.41304177
GATGCTTAGGAGCACG-1,-6.9345784,-2.0225394,-3.0549529,0.13706048,0.44870552,1.5229536,-0.4606199,0.32507133,0.117554374,-0.50953317,-1.0745366,-0.73150253,1.046941,-1.5758474,0.054262444,-1.184402,-0.10846704,-1.6324935,0.25023398,1.2244908,-1.245299,-1.8303704,-3.082997,1.9863039,-1.0708456,1.4618422,-1.660005,2.0291443,-1.5293955,-2.3944123
GATGGCTGTACGATTG-1,12.651687,-3.6322834,-1.0208173,-0.6461655,-3.0874321,-0.8335842,-0.44936892,-0.62253565,-1.4901158,-0.7550426,-4.2301216,-0.99225914,1.1651129,2.5506933,-0.8428437,0.6917595,-1.1500666,-1.2226635,-0.7178429,0.36749843,0.7310222,1.3027543,1.6005642,-0.9775766,0.49232325,1.1335584,0.89771235,-1.1144259,0.6600157,0.27738607
GATGGCTGTAGCTGGT-1,-6.9487677,-2.1403651,-3.9038491,0.49317995,0.20811635,-1.2643955,0.13557872,0.5110665,1.0730449,-1.6300677,0.7395592,-0.28102484,-0.15998927,-0.30049375,-0.17399402,0.21257636,1.8607019,-2.0286932,0.24715923,-0.81243545,1.2787244,-2.4118643,-0.3763222,-0.24221317,0.041418333,2.2775068,-0.49093798,1.975252,0.23013271,-1.1568031
GATGGCTGTCCGCTGT-1,13.349195,-2.7599792,-0.073443726,-0.78664184,-3.7940114,0.62876517,0.81895417,0.38012135,0.2342963,1.0942976,3.72272,-0.19373941,-1.3935716,-2.2059276,2.0729613,-0.58361274,0.6598443,2.010485,1.5592527,-0.9462687,-1.6070361,-0.5603316,-1.3697374,0.20250678,-1.0292358,0.5441582,1.2356104,1.762781,-0.48465046,0.49348226
GATGGCTGTGCTAGAC-1,13.212537,-3.2787619,-0.8720956,-0.5265296,-5.8139043,-0.5168757,-1.9333997,-0.6783679,-2.1566496,1.6266599,5.7082806,0.90982306,-1.0877668,-2.6633506,1.4589769,-0.3085729,-0.062159363,0.729407,-0.28348777,-0.5211067,-0.102878705,0.49797794,0.36556682,-0.918793,-0.8727848,1.8901441,0.6334923,1.452461,-0.033354014,0.9535521
GATTAAGCAATGAATG-1,-0.94418615,21.759258,1.2850106,-4.4391565,-0.15574042,1.7257575,2.4979105,-4.9336915,1.3905646,-0.61152816,1.0731139,-1.5078969,0.5042557,0.17272456,6.371758,10.142473,-5.9620957,1.7596289,-0.31800565,-0.8187432,-1.0744287,-0.386104,-0.023655476,-2.356088,4.6189127,-0.00059792266,0.12720819,-4.132662,4.3155427,-4.5285835
GATTACGGTTGGATCA-1,-7.56421,-2.5527508,-2.4970405,0.6097052,0.18046191,2.0398946,0.95089746,0.27820933,-0.016530687,0.59644383,-1.4169592,2.3721542,-0.44375253,-2.6010098,1.4816221,0.9081572,2.2191486,-0.78443986,0.5054612,-2.8677435,0.51136965,2.0145102,-4.1981964,2.7430277,0.2992645,3.004009,0.013823078,1.9380482,-1.3151617,1.6940032
GATTACTCAATATGGA-1,15.3811865,-2.4598868,-0.38000032,-1.4392623,-6.0134864,0.09577707,-1.7696588,-1.7194687,-0.76535976,1.3528695,1.7936963,1.0878909,-0.81874526,-2.2804117,1.0577531,-0.4770329,0.72764766,1.2039113,-0.37780753,1.1774735,-0.47411153,0.52771837,-1.3523747,1.0423673,-0.8415331,0.40623048,0.17386773,0.6686219,2.6783524,3.008911
GATTACTCAATTGAAG-1,-7.4852285,-2.14453,-1.836691,1.0265504,-0.15697305,5.381084,-0.69694144,0.13563178,-0.3750827,1.1696924,-1.9391129,-2.2650728,0.77182716,-1.6597852,0.061795127,0.011000139,-0.8879843,1.7135267,1.0339855,-0.17262025,-1.309936,0.26104894,1.8127573,-0.11797695,-0.76178235,-0.7495233,0.20720318,-2.0879712,-0.4237453,-0.72245216
GATTACTCAGGAACTG-1,-0.11253257,22.89732,0.18523869,-4.980006,0.70212734,0.2554907,0.65533024,-5.802073,0.9302134,-0.993042,-0.8934,-4.946979,-2.16453,-0.08336319,2.785851,-0.42569256,-0.5768635,-2.3653936,2.8675048,-1.9614623,-1.4614984,-2.9013338,0.6545303,-0.9047205,0.10539959,1.5054265,1.1684674,-2.0056028,3.9408638,-1.8360668
GATTACTCAGTTAAAG-1,-7.713544,-4.1403885,18.558697,-2.4694824,-1.6213461,-3.3887823,-4.029246,0.13188888,3.471216,2.614558,-3.0109813,-1.4066049,-1.437252,0.055219468,1.1973429,-2.436723,-1.1249058,0.87142235,-0.041414,-1.1930026,-0.2035368,1.8409463,0.51370865,1.0076948,1.03224,-0.8170974,-4.499721,-1.9401845,2.0694044,2.3501868
GATTAGCTCCTTAATC-1,5.348322,-0.5017418,-1.3997691,1.8200262,0.036113314,1.0903207,2.9441378,3.3843799,5.5373116,-0.41492254,-0.6950607,4.3225775,-1.1498387,-2.260673,0.815946,2.1669877,0.5049671,0.7180876,2.6178377,0.19055007,-1.0261428,0.5135479,0.20675473,-0.40646243,-0.17720704,0.31145763,-0.6607983,-0.28543112,-1.8524653,-0.368199
GATTAGCTCTAAGTGC-1,-8.425237,-0.82658696,-3.0992603,0.40129757,-1.2173706,6.258042,0.32521743,1.9940308,-0.91891223,1.0143594,-3.9274583,4.4625454,0.70318884,-5.036472,-0.823077,-0.89077777,-3.2268379,0.25028205,1.2057106,-3.8311129,-0.11443479,5.578246,-0.091998465,2.4227178,-0.57604337,0.40195525,2.9637742,-2.737275,2.3826566,3.662257
GATTATGTCAAACACC-1,-1.4573951,26.738644,1.5431856,-4.5515423,-3.6271346,1.6769365,-0.12095301,-13.005989,3.4986184,0.17695302,-5.25761,0.22243725,-13.620692,-2.2721078,4.2150583,-4.1125045,-0.80669326,-11.438111,5.1931505,1.6821234,-2.9635813,2.6629739,4.0374427,0.5638744,0.8792385,4.057527,1.3875209,-2.830867,1.6794482,1.405096
GATTATGTCAGCACCA-1,10.937713,-1.814826,0.060601827,-1.5607773,-0.05753515,0.12524933,1.0077087,0.18655388,1.4576465,-0.05337321,1.5568461,-1.1620262,-0.56863517,-0.7879265,0.19854575,0.2975717,-2.535592,0.0333696,-1.0295573,0.5255035,0.34238026,-0.820052,0.10027771,-0.8482361,-0.3464426,1.3578755,-0.16661434,0.377811,-1.6997508,2.0364141
GATTATGTCCTAGTCC-1,-7.2838855,-3.2067525,0.35900977,-0.36326957,-0.17287533,3.0505025,1.2281452,0.39514983,-2.4654381,2.3429043,-1.9484987,0.99310577,-0.17153797,0.2831166,-0.60462624,0.04373719,-0.46331367,-1.4874017,0.012275736,-3.9845176,-0.9625102,-0.21217346,-1.4145885,1.369128,2.1843605,3.1900747,-0.8707129,-0.30855098,1.1460959,-0.42284477
GATTATGTCCTCACTA-1,-7.6787915,-1.7039229,-4.117517,-0.14957137,0.40350777,1.1701014,-1.6947079,0.6719646,1.5912358,-1.6936059,-1.3166214,-0.3426021,-0.30644834,-1.7882348,-0.784139,-0.8935918,-1.9874618,-0.17337488,-0.87586796,1.3611721,-1.4045935,1.1127476,0.59626955,0.7103511,0.5005504,-0.63953865,1.0123788,-0.91246104,-1.278672,-0.3173708
GATTATGTCCTGAGTG-1,-6.634612,-1.3523905,-4.490289,0.0014508738,0.002300889,2.2461154,-2.0849955,0.7614954,1.2528039,-0.29919183,0.25052422,-0.45873788,0.4313744,0.22698903,-1.4083085,0.7216601,-0.9725683,0.28608114,0.21323897,0.53086805,0.059267316,0.90175533,-0.4815388,-0.9232671,0.37059253,1.1600999,-2.9569998,0.7426567,-0.77882487,-0.3646407
GATTATGTCGGCCAGT-1,12.038865,-0.74280614,-0.17534015,0.36853075,2.8180242,0.43797547,5.2014112,3.0766144,5.226028,-0.5540095,0.28516412,2.0089123,-0.54182124,-0.28726456,0.78260887,1.5227573,-1.0539937,0.81619215,2.3706439,0.10333566,-0.39453042,-0.6748122,0.5920276,0.20305598,-1.0870486,-0.101186804,-0.08994996,1.5437704,-0.70582366,-1.7511798
GATTCAATCGCTTCTA-1,-8.374443,-2.0175207,-3.962189,1.540748,-0.31164482,-2.6414998,0.5475697,-0.6949873,-0.9341946,0.79915977,-0.22535394,1.0079633,-1.1902462,0.0947254,-2.0502388,-0.17669655,2.083602,-0.9694638,0.19906195,-0.7649782,0.58579195,-2.701493,0.62088764,0.995221,0.122640945,1.1279862,0.9192272,-1.2182568,-0.22873929,-1.5912935
GATTCAATCTGTAATG-1,-5.8960996,-2.0719025,-1.7250031,0.22611517,-0.3825579,6.8099985,-0.4839928,0.07744327,0.49251565,1.1477855,2.2677445,0.2610293,-0.6519356,4.0796566,-3.083771,0.94852304,1.9407376,0.39356124,0.3009347,-2.59025,0.029742021,0.011173804,-0.7523152,-1.6290444,-1.0075291,-1.7464615,-0.7644233,-0.21906617,-0.6210146,1.2963843
GATTCATCAATTTAGC-1,-8.480542,-1.7370229,-4.8188024,0.43829358,-1.1903745,-4.9724207,-0.13903576,1.5962762,-1.3313024,2.3380895,-1.1683177,2.0335054,0.32412317,-0.09633876,-1.541392,1.5229521,-0.47216198,-0.95915943,-3.161093,-2.9845881,-2.148843,-0.063621916,1.0242202,-0.7600374,1.6332471,0.5402118,0.12732184,-0.113538854,1.2277856,3.5282173
GATTCATCAGCAAGTG-1,12.575372,-2.0490897,-0.38104692,-0.6805666,-3.1355407,-0.031919956,-0.7100796,-1.1903105,-0.21787116,-0.85296035,-2.1580288,1.1787025,1.1216124,1.6047882,-0.7037333,0.11328206,0.23488154,-2.1078796,-3.1070106,3.0802345,0.9539919,0.6782641,-0.6262687,-1.2723558,1.6809931,0.53621405,2.121278,3.5464635,1.575739,1.130074
GATTCATCATAATCGT-1,-8.402395,-2.4240909,-3.9617712,1.4428961,-0.21727364,-3.022496,1.7919843,-0.77459013,-0.937797,-1.1085995,1.1247089,1.129848,-1.1208997,0.6028395,1.4888817,0.43231812,-0.854053,-0.3061646,-0.5226353,-1.3993517,1.1425198,0.49573526,0.3889007,-0.5142994,0.14227207,-2.7248318,0.29174787,-2.9985201,-0.6169387,1.2318085
GATTGATGTGCGCATG-1,-5.3134212,-1.530658,-1.9817984,1.0717894,-0.0038884308,6.9572816,0.3192738,0.17065442,1.0370637,1.8133773,1.8463985,-1.159291,-1.1583092,4.973636,-1.7511401,-0.45199046,2.0708034,1.1728859,1.9938699,-4.1205626,1.7482836,0.45569986,-0.5224895,-1.4870468,-0.9312023,0.15312426,-1.1221968,-1.69229,-0.7927733,-1.0753962
GATTGCAGTGAGGTGA-1,9.091524,-2.6640563,-1.2182505,-1.0823935,0.7469664,-0.4431707,-0.99237823,-0.4191362,-0.64380264,-1.4069984,-3.1725023,-1.9075114,1.8173696,0.9697163,-1.2179956,-0.9725063,-0.42240798,-2.4138124,-0.63959336,-1.1872708,1.8618098,-0.12330413,0.13933009,1.5750818,0.24749708,0.87084854,2.0987036,-0.06393285,-0.07435459,-0.89070374
GATTGGCGTACCAGGT-1,-7.4376283,-2.384023,-3.505442,0.47446114,0.3695762,2.900883,-1.4619122,0.017644498,0.9805861,-1.7623323,-0.4405835,-1.2575678,0.69820154,-0.94640577,0.49245015,-1.1548613,-1.3349558,-0.40209922,-0.52605224,0.2178643,-1.233825,2.3433459,-0.7027343,0.8209323,-0.058620874,-0.24509516,-0.2528545,0.89490104,0.28226176,0.5735045
GATTGGCGTGTTAGCA-1,-5.8648643,-1.8810039,-2.1157362,0.20012791,0.7891383,6.3299417,0.42144474,1.3744671,1.3669121,1.2933792,2.4594257,-2.1674933,-0.4383819,2.6047814,-2.7455838,0.31179884,0.5263845,0.15900517,1.192391,-2.3896751,0.11716509,-0.20774005,-1.3032523,-0.8048436,-0.14535275,-0.44858843,-0.90090203,0.100351624,1.1022737,0.08084962
GATTGGTTCATGCTCC-1,-7.4402394,-1.534061,-5.09717,0.50946116,-0.54374766,-1.8072704,-2.2192836,0.97608495,0.0971853,-0.84547114,0.26573774,-0.044865385,-0.106131166,-1.8000051,-2.2552185,-0.11867517,1.4130155,0.53674763,0.1809101,-0.9029644,2.9064157,-1.1327217,0.89316314,-0.04278764,0.42530075,-2.0948308,0.66209507,1.0530765,1.3007551,0.49744132
GATTGGTTCCATCAGG-1,13.101921,-2.1737714,-0.5198143,-0.712686,-5.92122,2.2542834,-0.09006395,0.089763895,0.08984959,2.4329839,0.8553688,-0.17987666,-1.2102505,0.50750977,-1.2522087,-0.73210126,1.7084192,0.9993588,-0.61684704,0.14635623,1.373726,-1.36541,0.42292005,-2.5080676,0.82054543,-0.48815694,-0.456025,-1.622511,-0.78300214,1.1017069
GATTGGTTCCCGAAGC-1,-2.231706,22.912672,-0.210668,-5.6500354,-0.7430191,1.1798503,1.0846165,-3.932501,1.7450947,0.08383439,0.7194819,0.85074544,4.583251,-0.9859018,-3.0110774,-2.9737194,-0.925703,0.49782032,-3.651279,-1.5374533,2.6257434,-2.6523087,3.2996182,1.820381,-4.327566,0.07310265,-0.50743836,-3.813022,1.7253428,-1.6562718
GATTGTTCAGGCATGA-1,-7.197481,-2.322287,-1.281059,0.25651267,0.08469621,0.302804,1.8340609,0.99496526,-1.9266834,1.5195484,0.3032493,-0.95287544,2.2031782,-0.9820909,-0.29477763,-1.7054136,-1.1759508,0.012878007,-0.5046452,-0.169376,-0.18833886,0.7537253,-2.5322833,-0.36396843,0.0033117298,-0.5580064,0.14839521,0.5641938,-0.10539236,-0.71080446
GATTGTTCATTGCGTA-1,-7.5813336,-2.3504224,0.9257998,0.2844564,-1.5685471,0.59233904,2.4433627,0.009889934,-2.063454,2.1246595,-1.0220248,-0.3427285,0.72642523,-1.5144608,1.680986,0.17479514,2.0147667,0.15484408,0.9892124,-1.8462844,1.3645971,0.07920722,-0.8977929,0.5930837,-0.22116393,0.41905856,1.204751,3.215677,0.6319669,2.4488044
GCAAACAAGCAAACCT-1,13.829484,-2.7999675,-1.1455141,-0.69120765,-7.153327,0.4538128,-1.1929692,-0.20363525,-1.7907697,0.54214376,3.1462471,-1.4875697,-0.32739204,-0.98517966,-1.2042861,-3.3197796,-0.016681287,-2.047491,0.48221877,-0.77890986,-2.8286731,-1.5876976,-1.2987671,1.4777116,-0.47101974,0.22566734,0.9563598,-0.20463791,1.2758081,1.2895333
GCAAACAAGGCGTAAA-1,13.994794,-2.5850067,-0.9526933,-1.1992457,-6.4473033,-0.06351207,-0.61062044,-0.96758354,-0.80723155,-0.31895885,1.5243301,-2.7875383,0.119661875,-0.9647336,0.22228317,-0.3586629,-0.92721945,0.5258819,0.6906416,-0.07392266,-0.5072347,-0.294691,-0.17847091,2.2601092,0.54053694,-0.5855289,1.2733544,-0.9793142,-2.1985548,0.1939268
GCAAACAAGGCTACAT-1,-8.910935,-2.4828157,-5.968444,0.5180327,0.48828924,0.0042982246,-3.713449,0.36209974,1.5343412,-1.8646291,-0.96691555,1.3167932,-0.12320416,-2.1402419,-1.0572962,0.53526515,0.33475322,0.40938714,1.0851643,0.28538957,0.7864307,-0.26828498,3.0194974,0.68026906,0.21448565,-1.4916263,-0.3074838,-1.478355,1.0620799,-0.60609674
GCAAACTTCACTCAAA-1,11.222345,-0.51639044,0.5395788,-0.9975777,5.8377542,-1.552613,-0.15317273,1.5202259,0.7606383,-1.7351128,-3.22257,0.24243428,1.8953712,1.4390639,-0.09481944,0.77241284,0.999143,0.3010749,0.8096882,0.24755344,-1.1727526,-0.208523,-0.069703765,0.42073765,-0.9366893,0.7586359,1.7212484,0.7436568,-0.60660505,0.94757557
GCAAACTTCAGGATGA-1,11.797623,-3.875483,-0.08913096,-0.0036868823,-7.2641234,0.8672961,-1.2013226,-0.31095666,-1.4025881,2.2697375,6.1604395,-0.5569865,-1.1443233,-2.1591089,-0.24434833,-1.3098007,-1.2801529,-0.340919,0.41888914,0.116113454,0.33282667,0.6535242,-0.6645589,-0.47912934,0.40495762,0.8844968,0.14394635,-0.7748858,-0.17399172,0.59250057
GCAACAGCAGCATGTC-1,-6.9016604,-3.167532,-0.0017015589,-0.3158261,-0.57593983,1.1187057,3.9640045,0.2172381,-2.624769,-0.07234374,-1.0313169,-0.5957587,0.6831163,-0.24242207,2.9280434,-2.5385573,-1.9513534,0.10505141,-2.6555521,-0.27239516,-1.0097036,-0.32038584,-2.3128703,-0.14081652,0.46985534,0.7997405,-0.519569,-0.07247733,0.9076406,0.07700531
GCAAGCCTCTAATCAG-1,-8.303119,-3.1768286,7.4393315,-1.0742211,-1.3149194,3.310188,2.0844932,1.7149376,-1.8249977,8.447832,-2.8779113,-0.49491683,2.1285365,-0.1558318,6.8230505,-0.56489795,1.8219725,0.953178,-1.5597389,1.3230405,1.0876981,-4.1650987,2.6755311,-1.423594,-0.6021063,-1.7060878,-0.14578938,1.6377815,-1.3558912,1.964119
GCAAGCCTCTCGCCTG-1,-6.207104,-1.4048753,0.57550967,0.15850866,0.8358277,7.9667153,0.91477835,-0.09084387,0.5887873,-1.5870742,3.461867,1.7768133,-5.6735215,12.141247,-0.7847824,-1.7498144,0.9783403,2.272747,-2.251149,-3.7097278,-1.4980301,-5.004578,-0.37443653,0.18328136,1.2467816,0.21684499,-2.4162762,-0.3413419,1.216894,1.2331767
GCAAGCCTCTGTAAGC-1,-7.2662997,-2.8471236,-4.1396284,1.1102141,-0.28909436,-1.2708273,-0.6562184,-1.0011809,0.3669744,-3.609322,-0.15266134,1.0012451,-1.0709397,-2.6511688,-0.19272953,3.5452855,1.8552244,1.055728,-0.96528625,-2.3116057,2.5107954,-0.9296575,1.2723757,0.551943,-1.4558415,-1.017246,-0.5447313,0.21500583,-1.0369338,0.03453041
GCAAGTGCAAAGGCCA-1,-6.998081,-2.0785797,-3.8813841,0.21808502,-0.086866155,-0.3556252,-0.39180225,-0.16021006,1.2350303,-0.36938477,1.5828029,-2.3963163,0.31091678,0.46685308,-0.5752914,-0.17582797,0.07595925,-1.6947368,1.3949013,-1.2142113,2.0213618,-0.012705769,0.16017288,-1.2311343,0.9159812,0.066746466,0.414053,-0.57533574,-0.18501365,-1.0884589
GCAAGTGCAGGAACTG-1,-6.505606,-2.0097651,0.33040118,0.4514141,-0.020455109,5.628981,-1.1642864,1.4695587,0.98090434,5.332253,-1.6080074,-2.0131617,1.1641598,-1.0605189,-1.3660268,0.3585995,-0.65641624,0.4600478,1.013451,1.2430388,-0.15462083,-1.6156803,0.07126721,1.9340104,0.4028275,-0.46868774,2.1817596,-0.9490066,-1.074453,-1.8499945
GCAATAGAGATTGAGG-1,15.571417,-2.874325,-0.07040178,0.09758036,-5.386987,-0.121504,-0.28096768,-0.439978,0.33278176,0.04886496,0.5756017,1.6676407,-1.2953252,-0.50527555,1.0123538,0.39944273,2.6451955,0.97540426,1.4301661,-0.6994278,-0.74777234,-0.69093,-1.5699916,0.09483156,-0.18837179,-1.3608745,0.97999716,-0.7089806,-1.040813,-2.1106932
GCAATATGTAGGTTGC-1,10.689618,-0.71037894,0.40656933,-0.55366105,5.2759266,0.1820015,1.2076719,1.3425786,0.40056017,-1.7883406,-1.5247328,-0.7327665,0.62600076,1.7445443,-0.37333927,-0.731959,0.8930404,1.5496299,-0.6343289,-0.40707043,0.43801177,-0.7254157,0.47351635,0.8137953,-0.88133186,-0.60709655,-0.041205034,1.3624252,-1.7353169,0.8555978
GCAATATGTCTTGCTG-1,15.347851,-3.372805,-0.41713893,0.73409903,-4.7563314,0.052371617,0.7908456,1.3991885,1.9126798,0.37104717,2.245753,2.6081696,-0.8974071,-2.248044,0.99315846,1.5199984,0.07392518,2.3272038,1.5289402,-1.0982128,-0.7395629,0.14843346,-0.88309807,1.256171,-0.26086763,-1.6813103,1.3739555,-0.14429113,-0.20663932,-0.5535149
GCAATATGTGATGAGG-1,12.147588,-0.98186237,0.65923846,-1.2476491,8.04964,-0.009970858,-0.6858985,0.0920261,-2.0248313,-0.8810487,-2.3729239,-0.87308466,1.0996382,2.1178102,-0.6520824,-0.57875067,1.8735899,1.530332,-0.30699864,-0.841488,-1.0596166,1.2604359,0.08161483,0.5383018,-0.70131797,-0.33704746,0.44907337,1.2227573,-0.42729235,0.6149032
GCAATATGTTGGCGTG-1,-5.4047875,-2.3347132,1.3643054,-0.29868218,1.0830064,1.5743442,0.89577776,0.4507181,-1.8527633,-1.7839694,0.8933166,2.1191814,0.31562325,-2.6476345,0.6213805,-0.9284216,-4.971765,-2.397701,-0.89952266,0.731693,-0.09265027,-3.0959074,-5.87941,-0.2459656,-1.1032188,6.658846,3.171945,1.543585,-1.8877528,-1.6293628
GCAATCTAGGAAACTG-1,-8.335998,-1.8996755,-4.0434747,0.013612944,-0.017884597,-3.8449168,2.8698986,0.45285383,-1.7900364,0.47734752,0.39851826,-1.504346,1.0208732,0.48305827,-0.8102462,-0.3010192,-1.0616473,1.1828811,-0.36382088,-0.4085976,0.05263623,1.6864208,-0.3834687,0.90669256,-0.55785584,-0.3943349,-1.3910154,0.43539035,-0.59597427,-0.057590812
GCAATCTAGTCGCTAG-1,6.1732006,-3.767357,13.831635,-1.4161445,-4.2737384,-3.1651475,-4.493177,-1.1622515,1.3276383,1.6866581,-0.50051904,3.0149846,-1.0914041,-2.4903533,0.07184965,0.6216336,0.16088215,1.3741702,0.8796752,-1.732218,-1.8192433,0.2290035,0.7182027,-0.1715126,-0.5688152,1.4919052,-2.3795083,-0.5525677,2.4509308,2.2504945
GCAATCTAGTGTGATC-1,-6.547615,-2.1578739,-3.7726362,0.2073345,0.650416,-4.2276487,2.5791016,-0.29888803,-1.2192472,1.8913409,0.16387606,0.024780165,0.15767488,1.0752963,0.17693587,-0.10871315,-0.6747944,0.30895033,-0.75736403,-0.4878134,-0.25394198,1.8463589,-2.38349,-1.1375033,1.2665406,2.4465177,-1.060181,1.2244781,1.388032,-0.56507415
GCAATCTAGTTAGGCT-1,-6.1976395,-3.009555,8.67865,-1.1538088,0.07564058,1.9360824,5.8697515,0.60681134,-3.3259847,-2.373731,0.29880247,-1.4144101,1.1933289,-0.6544211,0.31335458,-1.142588,-0.08639964,-0.08403835,0.31645188,-1.3565196,0.16849278,-1.4966601,-0.55093527,-0.7861426,1.6325443,-2.3597019,2.2522068,0.65234315,-0.30048704,-0.8153835
GCAATGAAGTAGCGGG-1,-7.761496,-4.1197095,17.614668,-1.7608316,0.43168914,-3.4189253,-4.6112766,0.74465287,3.3427107,3.931734,-1.72482,-2.0565398,0.84449774,0.9058704,0.038116414,-0.04136647,-1.681164,1.5481441,-0.76151437,2.069265,-2.2829123,-1.6479387,-0.63010496,0.23322868,-0.33376288,-1.7079057,0.24917236,-1.1092681,0.24361698,-0.15044816
GCAATGTTCATGACCG-1,11.496665,-2.5369573,-0.3959565,-0.681709,4.8093777,0.2693714,0.82971954,0.5149106,-0.20571004,-0.83534414,-0.71181905,-0.5564723,0.7106755,0.7711962,0.6248338,-0.36958092,0.514361,1.8650057,2.5150046,-0.9479022,-1.1917223,-0.18238905,-0.6318681,0.07051653,-0.7470122,-0.081476465,-0.30917138,1.4665788,-1.545181,0.014991732
GCAATGTTCCTGGTCT-1,11.28719,-2.6754327,-0.9760881,0.10488563,-2.269642,0.21457599,-0.87795,-0.93343437,-1.8488028,0.13713844,-2.1948135,-1.1317323,1.06107,2.2045062,-1.5839621,0.23961625,-1.9308418,-1.7602245,-2.6731517,0.14007741,1.244204,0.36251453,0.99190104,0.20429598,0.8303881,-0.71241504,-0.16261157,-0.9299162,-0.56459963,1.0583231
GCAATGTTCGCTATAA-1,-1.5434161,25.672142,0.2903222,-8.90343,-3.231038,-2.3074665,-2.2333267,13.335831,-5.8201866,-1.4280094,3.4367163,2.080823,3.701332,1.6170051,1.9925545,4.425248,-5.0065994,-3.187995,-2.312025,-5.6118526,-0.09926313,-0.8215128,6.9701734,-5.8701234,3.857968,8.297615,3.987234,2.587636,-1.4347533,1.6255037
GCACCTAAGGTGAAAT-1,12.916974,-2.804962,0.16395374,1.076725,-1.7602347,-0.6417032,-1.8150128,-0.5904174,-2.3309073,-0.9393256,-0.2724541,-1.6977059,0.7581969,0.72355187,0.01125629,0.16193503,-0.790088,0.2691747,-1.3802027,0.6233748,0.13245519,-0.45952964,0.45689228,0.6080217,-1.0697349,-0.50227845,0.4117234,0.26475918,-1.7545854,0.53435147
GCACGAACAGACAAAC-1,-7.4625926,-1.9251887,-3.9665456,0.33920383,0.4910829,-2.9143822,1.8585889,0.05808337,-0.2963813,1.5141258,1.0165455,-2.9785595,0.053230815,0.84882003,-1.4038383,-0.24969822,-0.9379494,0.6340846,1.3257767,-0.160427,-0.61396,0.062006686,0.41626152,0.21788196,-0.2887915,-0.2425798,-0.4019989,-0.86957806,0.010534738,0.3641439
GCACGAACAGGAACCA-1,-6.86832,-2.3899424,-4.4961114,0.96005285,0.5343832,0.3606242,-1.4681591,0.60344774,1.7606838,-2.150174,-0.07939776,-2.1733866,0.62754387,-0.37485394,-1.0043914,-0.46380103,-0.62955475,0.49977827,1.8732417,-1.3696767,1.9544884,0.4425069,1.1290191,-0.5730927,-0.59919876,-3.2922826,0.98212934,-0.25495383,-0.45244807,-0.8272925
GCACGCTAGGAAACTG-1,14.973745,-2.2535913,-0.45722756,0.0024276492,-7.3346725,0.6783023,-0.26409978,0.311847,0.23002617,-0.16151871,1.7901876,1.9992769,-0.96531385,-2.3148131,1.8271239,-0.08718782,0.75729054,2.8135006,-0.48970196,-1.2438732,-2.028015,-0.56793594,-2.139282,0.5216278,-0.76499724,0.29501742,-0.69318914,-0.5697106,-0.48096192,-0.78696924
GCACGGTTCCTTAAGA-1,-7.22642,-1.899255,-4.2411923,1.7432781,0.29977843,-1.5334839,-1.4327855,0.530636,0.0740331,-1.4104892,1.2374954,-0.6052506,0.75693744,-0.33336943,-1.2542391,1.0445051,-0.5712549,0.39958438,0.43165228,0.05404767,0.8992651,-1.9187955,0.8733817,-0.8703567,-1.2841011,-0.17443912,-1.1791505,0.29210085,1.0693747,0.75976753
GCACTAAGTAACCAGC-1,-6.919138,-1.7631706,-3.3269088,0.7175789,-0.06206454,4.1575027,-1.8964876,0.7292353,-0.052245114,-1.0520096,-0.6390306,-0.116214685,1.4280158,-0.81919235,-0.32176432,0.18904103,-1.6673067,-0.5417466,-1.4914017,0.053749904,-0.50903684,3.580335,-0.57392186,0.23350585,1.035173,-0.10889312,-0.8070622,0.58816373,-1.1057341,-0.61872953
GCACTAAGTTCATCTA-1,-7.28554,-2.1971183,-4.3844967,0.6812985,0.6367551,-3.0160737,0.46761936,-0.40262243,-1.1835967,1.8956274,-0.7545693,0.13385603,-0.53986174,-1.2783954,-1.2429074,0.25223923,-0.48265943,1.0464072,1.8013115,-2.4489195,0.4467301,1.7954998,0.5040395,0.4142296,2.2491198,-1.4750837,0.5282871,0.26877603,0.19985574,0.3955116
GCACTTACAGCAGGTA-1,-2.6959414,24.923208,-0.75070137,-8.508989,-1.60473,-3.421623,-3.3864603,13.3064995,-5.6157565,0.29705235,1.8989264,2.0160048,4.4147687,1.9886072,-1.9650843,5.2122555,-1.8135105,-0.15786423,1.5389144,-0.5483687,2.8502116,-2.1354601,1.007797,6.7457447,-1.959232,-1.7543571,0.56188405,-1.2719887,1.1551397,0.15546283
GCAGCTATCTGTTGCC-1,13.100723,-2.9715772,-0.7203416,-0.9065593,0.46589088,0.48035225,-0.68153334,-0.14991486,-0.8044721,0.13519885,0.38171688,-0.5074694,0.097658955,-0.98663133,0.07168147,-0.12826028,0.41687927,1.5377232,1.4190366,-0.2798309,-1.6824552,0.08761097,0.2665036,-0.38751695,-0.7718273,0.019377088,-0.8664047,1.3929359,-1.1706105,-0.6768269
GCAGGAAGTCCCGAAG-1,-7.7618833,-4.4117928,15.932991,-0.9867775,-0.2816117,-0.89749265,0.88145745,-2.462969,-1.4880147,-7.08116,3.4490323,0.86679435,-1.020191,1.319758,-3.0127382,0.22199698,1.4121255,-0.90776134,0.34108773,1.4863855,0.01372952,1.4724821,-0.41708785,0.94115573,0.59265053,0.34122622,0.21166809,3.1750052,0.3367634,-6.5482597
GCAGGATAGAAAGGAA-1,-8.238927,-3.042629,-3.3460221,0.31885582,-0.06274247,-6.3131604,4.1303587,-0.56468576,-0.81337434,2.1687794,0.2442395,-0.16317679,-0.48747113,1.1036568,-0.11569161,-1.6331601,1.5358962,-1.0943995,0.17297767,1.4623404,-0.5031628,1.5459648,-1.145581,1.241287,-0.48113227,-0.30010325,0.22676279,0.56310326,2.37152,0.38571972
GCAGGATAGTTAGGCT-1,-6.368305,-3.2761729,12.538735,-1.7605952,-0.55374277,1.0317531,6.9017997,-0.43230453,-5.1737614,-5.5723414,3.6442227,-1.1332,0.908063,0.06288379,-1.9830062,1.769487,0.80443347,-0.44782674,0.32601106,1.6801071,-0.60547745,-1.0638528,0.30384704,-1.6960077,-2.2897131,-0.7538144,0.5329383,-1.1308948,-2.9227264,3.0385318
GCAGGCAAGCAGGTTT-1,11.626667,-1.2359924,-0.21999228,-0.056358874,-0.35762084,1.5730313,4.0595713,2.9159884,3.8682857,-0.971872,-0.28672317,-0.23552679,0.39480463,-0.016698703,0.16939032,-0.50013137,0.6062437,0.67460775,0.5370202,-0.8051857,-0.3727104,-0.12239989,-1.311541,0.6065072,0.665164,-1.3295083,-0.30835593,0.33116665,0.61927307,-1.0550793
GCAGGCAAGGACCTGC-1,-7.4187427,-2.1754944,-4.0517306,0.29477072,-0.22801103,-0.97794795,-0.6293551,-0.5342101,-0.16334252,0.07079852,-0.3610225,1.8410836,0.5126867,0.028786317,0.7894631,-3.2862017,-1.6933806,0.8004894,0.6902114,-0.19807844,0.8570555,3.3397322,4.2648997,1.3005106,-0.07383919,-0.02503473,-1.8771876,2.679011,0.48468256,0.3617975
GCAGGCTTCCCTCAAC-1,-8.286533,-3.8632946,19.511665,-2.6354406,-1.2646122,-4.586614,-3.7929108,0.7885116,3.8021917,2.082935,-2.1713974,3.665911,-0.7068733,1.9777732,3.0699117,-3.9499555,-0.66904235,1.1737031,0.34675127,-2.9571702,3.0522783,1.8827862,-0.2171551,0.34598652,-0.04414951,-0.61089444,0.98831314,2.34519,-1.1707035,1.0996087
GCAGGCTTCTTAAGTG-1,-6.22526,-3.9291687,18.59976,-1.6222627,-0.46930903,-4.517143,-8.0441885,-0.072759435,6.725819,6.084777,-0.51489073,0.08504802,0.4435496,2.1898632,1.4691556,1.6358057,-2.8218956,2.5976691,-1.8551394,-0.78887594,-3.2642226,-1.6152102,-4.7312226,-1.3974178,-1.2007853,-0.080134094,1.983442,-2.7372553,1.2865242,2.6501071
GCAGGTGAGGAATAAC-1,-6.96799,-1.1085043,-4.1608624,1.0368912,-0.30227405,1.2958242,-3.3951778,-0.9897162,2.4711378,-2.6607933,0.16568811,-0.26042625,0.011976743,-1.6183074,-0.845789,0.9571324,-0.13613254,0.8273434,-1.8090867,0.20963247,-0.12206482,-0.5238403,0.45687622,0.65761673,1.1961906,-1.0585138,-0.46751627,-0.8117223,-0.35145634,1.1336277
GCAGGTTGTGACATGC-1,8.746681,1.4265167,0.488164,1.1797645,6.1976967,0.28224948,8.023951,4.9473925,9.704512,-0.09672448,1.2729897,-0.81476396,0.22639002,-1.3233384,-1.6736457,-0.6548303,-1.8803741,-0.8631748,-2.5035472,0.83662486,1.3824683,-0.36744547,1.0876789,1.0633769,0.99909234,0.08423299,-1.6612892,-0.52771425,-1.0718256,1.8543527
GCATATATCGCTAGTG-1,12.214213,-2.4880438,-0.040642377,-1.1898472,-0.34094518,-0.16166599,-1.044021,-1.260082,-0.35395548,-0.53857934,-2.0451176,-0.4063284,0.40229723,1.0735561,-0.48073503,1.034239,0.14861552,0.017680088,1.2698344,-0.20636748,-0.34580958,-0.5287652,-0.3880443,0.03428917,-1.621021,2.2190843,-0.44963974,0.5633588,0.27983394,-0.784073
GCATGAAAGCGAGGTG-1,-6.967899,-0.81432474,-1.379133,0.4100086,-0.5004846,3.8365774,1.0742339,-0.68623155,-0.22233824,-0.065813445,-1.1755263,-2.019636,-0.9550676,-0.84061676,0.4461051,0.18631667,-1.7828276,-1.2670363,0.8783265,-1.8519952,1.9182425,-0.29854196,-2.1977596,0.9577805,-0.73836815,0.19751465,-1.1445149,1.1548003,0.8942666,-1.4340439
GCATGAAAGCGCCTTT-1,-7.1221023,-1.7782403,-4.255924,-0.17022921,-0.44914076,-3.942238,3.2968566,0.048842836,-2.8820083,2.1699018,-0.021848917,-0.66216063,-0.018547809,1.5770458,-1.4473925,0.058417983,-1.8506756,0.89500433,0.9186239,-0.9363178,-1.9137324,3.282362,-0.87776715,0.06501768,-0.3458321,0.009455102,1.9710665,-0.9107905,-0.037690688,0.7019125
GCATGAAAGGCAATAG-1,-7.0156965,-1.714093,-1.9788235,0.5421294,-0.110387534,5.1267834,-1.1309464,1.0068138,-0.56929314,2.849376,0.3302377,0.6502529,0.4817642,1.1313024,1.0626495,0.43545306,-1.6935004,-1.3043641,-0.51694506,0.61661935,0.052292958,-0.55083126,-0.6556501,0.5674367,0.73744917,0.047291867,2.283261,1.0689633,-0.39700955,-0.014058469
GCATTAGGTATGGTGC-1,9.419073,-1.1459503,0.544672,-1.2754095,12.691095,-1.4527963,-5.015816,-2.457335,-5.01868,0.69106305,3.4381897,-0.57865405,-0.079696685,-0.9781997,0.4538928,-0.91343886,-1.8198676,-1.1906312,-0.6605812,-0.32279542,0.96241236,0.15257382,-0.37745818,0.020216715,1.8029666,-0.013612836,-0.013402882,-1.4818631,0.22968848,-0.24277523
GCATTAGGTATTCGTC-1,-6.3204207,-1.8078859,-2.6546497,0.1592476,0.00012818466,2.4435363,-0.9891157,0.87182015,0.88716406,-4.7343917,0.27695885,-0.6975255,0.0103562465,-0.95251286,2.676482,0.34346676,-1.5798438,0.59769803,-0.803344,0.10540899,0.36899576,-1.2937317,-1.4858679,-1.765488,-0.3788551,-1.698957,-0.5674725,0.047731802,-0.84077024,0.3658535
GCATTAGGTTAGCCAA-1,-7.093932,-2.512866,-4.9734144,0.62975717,0.02578913,-0.9989485,-1.8264318,0.8181379,2.2136698,-2.3149428,-0.4736403,0.051057924,0.23168874,-1.5834394,0.084327534,-0.43754146,0.6996901,-0.08205482,-2.2087264,0.39317253,0.2905681,-1.0701264,-0.73758966,0.240745,0.0768017,-0.6857687,-0.293173,0.59230304,0.8463192,0.14184858
GCCAACATCCGGCTAA-1,14.05845,-0.5066904,-0.49300376,0.57076675,-3.8998215,0.2587615,1.5142192,1.6403108,1.9693894,1.2180836,0.7799412,2.5676644,-0.20986956,-2.1897376,0.59362924,-0.83833444,1.3087468,1.7425845,2.3971946,-1.8041164,-1.393037,0.4069348,-1.6898807,-1.5125076,1.9233322,0.42362803,-1.4753034,-1.0713929,-1.0926996,-0.85376334
GCCAACATCTCGCCCA-1,-7.8889647,-1.6759652,-3.395353,0.39012495,-0.2331027,2.1662815,-3.0443382,-1.0082759,2.2445521,-1.4506122,0.038876858,1.0069485,0.59682965,-1.4991734,-0.34209725,-1.1282222,0.3007447,0.52412975,0.7716874,-1.9223648,0.11721056,-0.12752244,0.76109976,-1.3009039,4.465171,1.4846184,1.7521195,0.5073882,-0.8900105,0.22250058
GCCAATAGTGGTTAGC-1,-8.127674,-4.2085853,15.896936,-2.1143785,-1.4053577,-2.338017,-0.8182349,0.37526163,1.7914572,2.523139,-1.0452373,1.2589457,0.84079045,2.2408552,2.449659,-2.9160864,3.6314778,-0.042229716,-1.2655638,-1.1928931,-3.7611046,-0.67977077,1.2754816,-0.41694567,-0.028360536,-0.7596286,1.466578,-0.090319745,5.8999386,3.7501493
GCCAATTAGGCAAGTA-1,-6.7781205,-2.1215074,-5.7699575,0.39780918,0.6917722,-0.09635198,-1.9792275,-0.8042251,1.8362385,-3.005284,-0.06255449,-0.38099018,0.10720632,-2.998267,-0.09168187,1.4417027,0.8144048,-0.113784835,0.5371565,-0.77196884,0.8367937,0.4999812,0.6111553,-0.23284726,-1.0364912,0.83415276,-1.3234062,-0.13319173,1.5231115,1.18387
GCCACAATCCGGTATG-1,13.856133,-3.7220755,0.017977398,-0.96490604,-7.696789,0.17458038,-2.0774086,-1.8780324,-3.010984,1.6817447,2.2848165,-1.8394822,0.19674599,-1.2787701,0.09548861,-0.56698835,0.36319828,-0.25006315,-1.4980549,0.9702004,-0.28869724,0.82297045,-1.6170204,0.8564481,-0.23413147,-0.9865053,-2.9055479,-0.56799614,-0.29389128,1.0674995
GCCACACAGGTCCTGA-1,-7.629186,-1.4977221,-4.621113,0.26521814,-0.8460497,-5.358639,1.6727295,-0.47586986,-2.5356257,-0.79050434,-0.37763613,2.706064,-1.3804829,1.5604129,-1.2539904,2.3751626,-3.210591,0.15809195,-2.3621812,2.578175,-1.2559469,1.2197007,0.83402133,-1.8935696,1.1589675,1.2587312,1.618656,-1.5486224,-0.24262162,0.77082604
GCCACACAGTCAGGCC-1,0.05810746,22.218754,1.5845528,-4.426666,-1.2062377,0.08892026,0.5387813,-3.1323085,-0.34406573,0.6452972,-4.418734,0.12695229,-6.2553606,-2.174218,-5.8942504,-4.032539,2.9131606,7.241966,-4.2790246,1.6151856,0.5515855,0.8916684,-1.5159703,-4.787125,1.6165013,-3.716868,3.6445248,-0.11361782,1.3042912,0.21327607
GCCACTAAGGAACCGG-1,-6.3223567,-1.7068679,-3.4694514,0.6183401,0.10407343,-4.072194,3.2725859,-0.8560578,-0.16208258,1.6288077,0.5010289,0.083220206,-0.35906178,2.7798862,-0.33514205,-0.29293966,-0.3735737,0.2701089,0.45984066,2.1417322,0.23550127,1.0749154,-1.7827355,-0.80981654,-0.31159174,-0.47517014,1.7665504,0.029632369,-0.6595589,0.76835364
GCCAGGAAGGAACCGG-1,14.129332,-2.3818874,0.2759644,-1.3701609,4.2103753,-0.6075417,-0.17673628,0.08582325,-0.067907505,-1.01348,-3.0241952,-0.76153207,1.0508657,1.3910948,-0.4327023,0.11083977,2.4142718,1.6316235,1.3247141,-0.6109806,-1.7004757,-0.26729172,-0.29382563,1.3360893,-0.76068443,0.4114108,-0.05937882,-0.82289875,0.46416363,-0.51732135
GCCAGGTTCCAAACAC-1,13.485624,-2.2282965,-0.92312914,-0.9064145,-4.477311,0.3932691,0.37771016,0.11425592,-0.13891755,-1.4525446,-2.6747692,-0.084845684,0.82889974,1.2368456,-0.059844315,0.88177145,-1.4701321,0.030466618,-0.6361458,0.55138993,-0.06999376,-0.3574721,-0.32409602,-0.9252438,1.0207912,-0.105600834,-0.2236557,-0.21538004,1.3296913,-0.87702256
GCCAGGTTCCTAGTTT-1,-7.2825603,-5.107976,19.104654,-1.6531687,-2.5599933,-2.82255,-2.523176,-0.7359087,1.7127423,-0.036341876,-1.8846655,1.6022723,0.6730221,0.013454816,2.9593923,-3.1167686,1.4907117,-0.56036556,1.4658314,-2.3191051,4.548795,3.9464958,2.0819104,1.7196031,2.7001438,0.9869177,3.8686888,0.49379703,0.111889474,-3.6328995
GCCAGGTTCGAGGAAC-1,-8.223149,-2.117252,-3.7479389,0.723782,-0.3202195,-0.60009664,-1.0632871,0.45368287,0.75684464,-0.7762992,-0.23176344,1.189912,0.9703845,-0.510349,0.42795855,-0.2845532,3.0675633,0.7458486,-0.23089437,-2.358493,2.24662,1.3937787,2.7520702,-1.0675762,-2.1477976,-0.6019632,0.7339339,-3.4362347,1.3731383,-0.25441372
GCCAGGTTCGTCAAGT-1,12.163483,-2.9092426,-0.14682911,-0.06539523,-2.774354,-0.4032967,0.76110667,1.1450032,2.0701313,0.72624546,3.5296383,0.12135911,-0.8714677,-1.1908559,1.6655383,-0.11155958,0.8847997,2.5296946,3.7628489,-1.9166938,-2.6407902,-0.6094162,-1.4566149,-1.6408303,-0.31935865,-2.0458295,-1.2357794,0.15679552,-0.9468411,-0.57063615
GCCATTACAGCCTAAC-1,-8.613045,-1.8896197,-0.2665243,-0.58259034,-0.37817284,-0.5795752,1.7363935,-0.21207781,-2.5451293,0.91560316,-2.3741865,0.6520072,0.9581941,-2.360075,0.3139171,-1.6402876,-1.3858104,0.25244343,1.1406428,-4.395474,0.72446793,3.171778,0.43402925,2.10495,1.0323389,-1.657717,-0.49148667,0.94500375,0.70574325,-0.64952284
GCCCAAATCCTTGTTG-1,-7.6010876,-2.8846502,-5.6717134,0.4135481,0.22512613,-1.9867425,-1.3780617,-0.54894084,1.8940666,-1.9891231,-0.36597222,-0.39945087,-0.4481565,-0.351179,0.66719896,0.73176175,2.320561,-0.16213013,0.6489697,-0.22789234,-0.015739301,0.19728288,0.02796924,-0.71882206,-0.7395609,-0.9610674,1.5300984,-0.91102463,1.0028784,0.7129323
GCCCAAATCGTGCTAG-1,-7.426817,-2.9221456,10.267555,2.590364,-1.9548272,1.0552341,0.95132035,-1.4333861,-1.8338423,-1.2813871,0.9089347,5.7868676,-1.201191,-0.6438298,-3.667635,5.2023935,1.4792796,-1.8252988,-4.0755315,3.303005,-0.60888773,-0.19115564,-1.6493353,0.27824393,-1.8541242,-0.19764875,0.685859,0.8906687,-3.1426349,-0.66748106
GCCCATAAGCCGCAGT-1,-6.705588,-1.7107196,-0.5374534,-0.31371704,-1.0140604,0.44054663,0.8657082,0.14972861,-1.1259348,-0.8848381,-0.10096093,1.3013062,1.1832178,1.3498904,2.3018358,-2.2433882,-1.7023752,-1.1146201,0.51262784,-1.2138366,3.3306746,0.92349595,0.5966291,0.51332015,1.1807113,1.6879486,-1.4704683,0.5447107,0.25412473,-0.69615084
GCCCGTTGTTCGGGAT-1,-5.251227,-1.7308149,-2.7264547,-0.08239962,0.49070233,3.557652,-1.4313568,-0.10540194,2.151703,-1.782464,1.6427019,-1.9205877,-0.8857392,4.3243895,0.4369211,-3.0596619,-1.248149,1.9656864,-0.8427785,1.3268934,-1.5863198,-1.6159432,0.72281164,0.23301916,-2.4516494,0.92226994,-0.57909435,0.3136839,2.2437713,-1.6422741
GCCCTCATCCGCCTCA-1,-8.588946,-3.1722834,-5.2403235,0.22152795,-0.2010664,-6.925881,2.0531662,-0.033675734,-2.0971248,2.2944613,-0.8463293,2.495936,-1.5650194,1.7735543,-0.65774703,1.7216183,-2.7837589,2.5942252,-0.8177015,-1.097957,-2.5467277,-0.12455693,1.3168792,1.0397774,-0.2871617,-0.12607463,0.5749267,-0.018034687,-0.8242324,1.3612596
GCCGTGAGTAGTTACG-1,8.3071375,3.2029912,0.7716621,2.1242526,6.5057364,1.555102,9.147017,7.367258,10.848828,0.0155935,2.0334504,0.23803504,0.3881232,-0.96860445,-1.4276127,-1.0758874,-0.94688797,-1.1785989,-2.1727018,0.54863995,0.3488259,-0.80846536,0.5932323,1.5520127,1.3476682,1.3652034,-0.7724516,-0.91610193,0.59546465,1.6712987
GCCTAATAGTGGCGGA-1,9.635781,-2.30408,-0.68991536,-0.49889582,0.41068858,0.3066842,0.66481984,-1.2386999,-0.27584022,0.2781348,-0.06421973,-1.4336017,0.8038363,0.47406402,0.87072027,-0.7949696,0.09921572,0.15391813,-0.9571055,0.04955524,1.2911073,-0.7988347,-0.07903168,0.021889884,-0.5965948,0.60508126,-0.8466221,-0.27888095,0.55476844,-0.65139455
GCCTATTGTCATTGTC-1,12.293401,-3.415591,0.13286889,-0.6671245,-5.167062,0.55867916,-1.2061386,-1.2061354,-1.2344277,1.4590615,-1.250601,-1.7287126,-0.20704088,2.4586842,-1.4741483,-0.036158923,-0.13859296,-1.7500502,-2.5149374,0.6398219,0.50002587,0.78346574,0.018560573,0.25233862,0.43648645,1.66747,0.03653974,0.6585117,-0.32279155,0.28664678
GCCTATTGTTATCCGT-1,-6.421078,-1.0700617,-1.8266685,0.5551875,-0.30186713,4.7837353,-1.8183692,0.71013916,-0.020128625,5.07768,-1.0304283,0.7077566,-0.22410582,-0.9147034,-1.6016316,1.2393897,-2.5664618,-1.0854825,2.0436685,1.1428977,1.2835833,2.7826471,1.1370418,1.4226626,1.5092221,1.5226924,0.0070458106,2.5610416,0.89296216,-1.9116809
GCCTCGACACGAATCC-1,-9.672413,-2.485029,-5.738833,1.3450726,-1.2491742,-6.194659,1.7386591,-1.1688098,-2.2810946,2.9694333,-2.425682,4.409763,-0.29245055,-0.30294275,-0.7282678,0.9239973,0.12109628,1.2268339,1.7008597,2.1319048,0.44086143,0.85274154,1.167198,1.1923932,-0.29352248,0.08262412,0.3948247,-0.24931662,0.9701757,4.2731256
GCCTCGACAGTGAACG-1,10.720752,-1.7900586,-0.1984402,-0.45423284,2.6270363,-0.4658283,-0.36057672,0.3822435,-0.1128386,-0.16191378,-1.6973478,0.2558533,1.4890813,0.93325686,0.15222423,-0.3042048,-0.35337394,0.92486644,2.227956,0.13994388,-0.4968874,-1.1067857,-0.4176102,-2.3144069,0.34413913,1.448403,-0.37647897,1.1617858,-1.102902,0.49278387
GCCTGACAGTTTCCTG-1,-7.311657,-2.5056312,-1.9434485,0.62849784,0.13664858,0.67184466,1.801326,0.62633467,-2.585835,1.1436144,-2.7527459,3.4032965,0.51591605,-2.24778,-0.96281934,0.44040602,-0.93081856,1.5375426,-2.3672535,0.12454861,-1.8117534,-0.54332405,-2.6997788,1.6871163,0.78270805,-0.74798614,0.6906936,0.23173787,-4.8353405,0.49184874
GCCTGTGCAGGCGAGT-1,14.279179,-1.7956672,-0.5651839,1.0508305,-2.878848,-0.39667156,-0.2979608,-0.23588634,-1.8297693,0.041155078,-1.9683808,-0.10066326,1.374566,1.028367,-0.5718294,0.18210085,1.1470171,1.0694553,0.42064333,-0.062215462,-0.86722964,0.58856803,0.36516094,-0.6046211,0.5191025,-0.7603784,-0.5176233,1.5846384,-0.049360663,0.632174
GCCTTAACACAATGTT-1,13.489073,-3.436505,-1.0250007,-0.08972389,-5.5999627,-0.37989017,-0.48036602,0.3663539,0.6144815,1.8095983,5.066679,2.011814,-1.3881365,-2.7516856,1.2748351,0.2555163,1.4348723,1.1338043,0.8880566,-1.6641732,-1.2707012,-0.5009298,-1.2840707,0.34575936,0.5670547,-0.74378735,1.0802679,2.4159508,0.6416912,-0.24426877
GCCTTAACACTTAGGC-1,-6.522466,-1.5765295,-3.3197918,0.88039607,0.19668293,5.638178,-0.63985866,-0.15590154,0.22478327,0.98288184,2.09565,-0.69718677,-0.8632307,3.0763788,-0.095717244,-0.5774682,2.2833035,-0.30799344,0.95983326,-1.9049772,2.0486298,1.4551003,1.5645858,0.71729356,-0.002030721,1.2073643,0.3299184,-2.1802135,0.6722437,1.3837527
GCCTTAACAGCATGAG-1,-0.16342042,25.235641,0.519828,-5.9422774,-1.059769,1.1294526,0.5462544,-6.9838853,1.7975439,-2.3008125,-3.7751102,1.4798268,-1.3533018,-0.9883458,7.4460874,0.8164789,-1.5042727,-3.3942704,15.945606,13.855563,0.13194403,4.4776883,-5.394523,-6.4585714,8.73368,-1.772906,-12.829564,-6.899618,-7.8611255,10.277186
GCCTTAACAGGCGAGT-1,12.041661,-0.5092838,0.90779465,-0.91405743,12.690944,-0.22862339,-2.270681,-1.2720574,-2.2149782,0.79585636,-0.7188884,0.68511045,-0.3709534,-0.6792772,0.17499855,0.7233562,1.039002,0.22163673,-1.5384216,0.22985265,0.07510319,-0.05474946,-0.57957983,-0.5275401,-0.3043242,-0.85833234,0.35910726,-0.3226732,-0.20834692,-0.13749051
GCCTTACTCACTAAGC-1,-6.9902935,-1.34035,-3.5232167,0.69720674,-0.44175944,4.1790643,-2.558227,0.5281969,-0.5242702,-0.1183214,-0.6247778,1.8308,-0.052557245,2.2913227,-0.45595515,0.16468927,0.52641606,0.24009031,-2.546476,0.98841417,-2.1411905,-4.9994717,-0.81401527,-2.756694,1.2291324,1.0502187,-2.4616463,2.8606992,1.7902149,-1.8673786
GCCTTACTCTTGCTAT-1,-7.5731997,-3.713762,19.16972,-1.6311895,-0.7829734,-2.3282049,-3.204177,-0.14879873,2.085523,1.5178722,-0.27378306,-2.5756464,1.2363682,-0.19042471,-0.62435603,-0.7751782,-0.38738832,0.17853883,-0.5660225,0.26833272,-1.6253952,0.27478385,1.8657242,1.8218682,0.38789818,0.43025523,-1.2205642,-0.28522336,2.6390207,1.0287303
GCCTTAGAGCTGCACA-1,10.716726,-1.0080565,0.41885963,-0.8973511,8.727824,-0.64047194,-0.46260345,0.05634848,0.19527204,-0.96084934,-0.39873007,1.4931884,-0.31030017,-0.026713956,0.097937256,0.16439891,1.3195044,-0.59605855,1.38424,0.8871852,-0.84448993,-0.21917501,-0.2891962,-1.3013694,-1.4180481,0.9617168,0.4229885,0.6895698,0.39103904,1.6040678
GCCTTAGAGTTATGGC-1,-6.781584,-1.9318868,-3.142643,1.2797593,0.5742759,1.898427,-0.92709345,0.9893614,1.9075621,0.07035973,-0.059987865,-1.7900759,0.6325511,-0.7142853,-1.5788957,-0.16737647,1.7129844,0.47497484,-0.15896939,-0.60201335,0.73846847,-0.65197027,0.77240074,-0.11374207,-0.98861915,1.1637499,-0.858821,0.62180525,2.0070126,0.8014128
GCCTTGCGTACAAAGA-1,-6.805508,-2.3024027,-4.267239,0.83904713,-0.32958347,-2.7177877,-1.6906911,-0.2618692,1.6770633,-4.7213807,1.1803,0.44485214,-0.63379264,-1.0116464,1.9268869,-1.240008,-0.34630308,1.0095339,1.694283,-0.7158358,3.7744853,-2.0975907,2.0647197,-0.2871804,0.74693656,-1.5990644,-0.366042,0.23311087,-1.1636981,-0.4674289
GCCTTGCGTCATAACG-1,14.768212,-3.706486,-0.35020897,-1.3017421,-7.111996,-0.2062076,-2.1668594,-1.4692811,-2.8300772,0.38717636,1.2956647,-1.5977619,-0.36922947,-0.7122773,-0.17516004,-2.7818234,-0.77372396,-0.23391119,-1.6946514,0.25422505,0.2593034,0.532142,0.7422744,0.78308904,1.7728773,-0.1251451,0.47564876,-0.6013889,0.33661112,0.7540608
GCCTTGCGTCATTGTC-1,-6.3422146,-1.5238755,-3.6630363,0.085513026,-0.0010929382,-1.580004,-0.52878463,-0.79228824,1.189217,-0.63405025,2.1235719,-3.1393824,1.1938717,0.57088506,-1.4055413,-1.0148635,0.94882274,0.020325111,0.6804207,-0.8890331,-0.9890891,-1.519724,0.99372876,-1.4573146,-0.29465187,-0.74920034,-1.3535662,0.7200808,0.77656204,0.11779312
GCCTTGCGTTAAGCTG-1,-6.504217,-3.7694356,21.53049,-1.9283527,-1.5518991,-5.6821175,-7.697318,1.5729226,8.154604,2.9443293,-0.50143236,-2.4433465,-0.32869014,2.802936,-1.9561112,1.8813224,-1.7599643,1.8720119,0.4474837,-2.1697142,-2.294086,-0.012189781,-1.8682076,-2.5325031,0.03671134,4.8231263,-2.2127588,-1.648497,-3.1942132,2.673692
GCCTTGCGTTGCCTCA-1,13.050193,-2.698552,-0.35527635,-0.9301982,-5.0975165,0.8361033,-0.9348381,-1.2564735,-2.414355,-0.2655333,-0.7195002,-1.6725849,0.504453,1.1074426,0.20208934,-0.64398545,-0.5742158,-1.0367019,-0.7497965,0.6698741,-0.27739623,-0.06257163,0.7473802,0.62722486,0.20005122,1.0603809,-0.28507876,-0.45385143,0.4976381,0.8541973
GCCTTGCGTTTACTTG-1,-0.6538268,23.39498,-0.23164864,-5.4750876,-0.88219684,0.17337091,-0.8903543,-8.402108,1.0150627,0.046570558,-3.4900281,-0.36598238,-5.65699,-0.93566394,2.5854375,-0.7901607,-0.19876099,-3.563286,0.37395597,-2.110342,0.5448365,-0.6361951,0.32555348,-0.4791892,-2.6256855,-1.8603009,-4.672781,3.8470385,-0.7592005,0.9212502
GCCTTTATCATGACCG-1,15.308832,-3.5106125,-0.6110147,-0.35727555,-2.8523662,0.19806087,-1.2912946,-0.6151259,-1.2205665,-0.6932519,-1.0378366,-1.1802291,0.52140236,0.8845173,-0.4667475,0.4358585,-0.28048864,1.0915602,-0.4172912,-1.0962402,1.5268689,0.4111483,0.8166157,0.15840986,-0.6081184,-0.073289044,-0.96811396,-1.29174,-0.5738409,0.49417785
GCCTTTATCTCGCCTG-1,-7.557809,-2.2697406,-4.1732183,1.0587395,0.5753593,-5.017012,2.0750227,-1.3237964,-1.6749508,0.37359652,-0.056369282,-0.6775234,-0.2374286,1.6369478,0.6601054,-0.70939606,0.8069713,0.3433362,1.0638016,1.1781394,-1.3779646,-0.66627043,0.15085587,-0.47626337,0.41499713,-0.91485476,-2.6649477,-0.68506795,-0.017484657,1.2040864
GCCTTTGGTCAATAGT-1,-6.0893507,-1.7810404,-4.07409,0.7915877,0.42810562,-3.6105726,0.36217228,-0.8299368,4.429359,-0.9417632,-0.039995935,5.086592,-1.6343346,0.6685189,12.626421,5.042497,37.192287,-9.493057,-12.724803,11.490643,-7.9576044,6.3145022,-7.6482687,9.010581,-6.5179963,20.506197,4.229129,6.5755014,2.4890194,-8.860284
GCGAAGCCAACAGGTG-1,13.602227,-2.7728431,-0.9778663,-0.46796444,-9.084016,-0.39909327,0.02499254,-1.5953401,-1.0210769,1.6116401,4.2692103,0.02599479,-0.7079459,-2.4244175,-0.060675066,-0.5458095,-0.47100893,0.023357162,-0.48960853,-0.08990349,-0.94564396,0.52032375,0.20565103,-0.2520611,1.1419317,-1.8588468,0.0032429253,-0.55425996,0.38651398,1.6008958
GCGAAGTAGCAAGATG-1,-7.838728,-2.8682122,-3.8505652,0.94911325,0.3213551,-4.591272,3.184806,0.07222768,-1.4140872,1.6463984,0.094890885,-1.3067833,0.648328,0.97336775,-0.3419433,0.07778688,-0.20162015,0.45477623,0.04424749,0.24923451,-1.6699222,-0.17816812,0.666628,0.88250583,0.91402197,1.1376816,0.095801845,0.04351918,1.4578602,-0.22010788
GCGAAGTAGGGTGAAC-1,9.798964,-1.4359461,-0.8774599,-0.32831082,0.69160277,0.3084596,1.4199437,0.8122564,0.8418277,-0.09648309,0.5574075,-0.5982868,0.7459228,-0.17613788,0.80635613,-0.3569031,-0.43467087,-1.2884998,1.3099567,0.06913178,-0.045139164,-0.7250332,0.52807856,-0.83329576,0.08810267,1.7103133,1.0662541,0.988273,0.83305365,-0.29597995
GCGAGTGAGGGATTAG-1,-6.2093368,-2.9197016,-4.4421663,1.0455985,1.1911399,-0.67887956,-2.4968617,-0.3569459,1.5743018,-2.3702545,1.3684859,-0.90479565,0.16914874,-0.5466321,0.44491088,-0.32745168,0.3358351,-0.13896327,0.14479958,-1.6182855,1.8181385,-1.1002457,1.1703858,-0.49679348,-1.2132304,-1.4254369,-0.4637981,-0.951369,-3.196097,-0.80723923
GCGATTAGTTCCTGTG-1,17.159172,-2.785591,-0.022978486,-1.1727118,-3.28213,-0.98887765,-2.627871,-0.3646743,-2.646352,0.10951757,-2.7401917,0.010904756,-0.21141371,0.94594693,-0.41487882,0.010067831,0.44896448,-2.3714461,-0.9125275,-2.6432338,-1.87758,0.024856934,0.37653255,-0.27484685,1.1958523,-1.1123543,-1.7223662,1.6749406,-1.730102,0.59764045
GCGCAAACATAAGCAA-1,-7.507842,-1.9944438,-3.7620149,0.11557144,0.16785003,-3.820734,0.94869655,0.06147379,-0.39529604,0.7899136,0.3922081,-0.3172323,0.0023741147,-0.14853305,-0.28082052,-1.0713745,-2.1298099,0.4042676,-0.6501004,0.18056484,-0.4502765,1.2891997,-0.076662675,-2.2501967,-0.67970896,-0.4174493,2.248396,-0.7373081,-0.6792336,1.5733318
GCGCAAACATAATTGC-1,-6.8513293,-1.8722799,-3.5594137,0.36301714,0.35937482,-0.45900136,-1.921927,0.49964488,0.8703311,-2.1911817,-0.30211243,-0.8461122,1.2054375,-0.73813194,-0.13235292,1.0157716,0.10015296,-0.06445717,0.13245131,0.051829852,2.1598866,-1.9508942,-0.5440411,-1.9691285,0.16647482,-0.7569815,-0.5900673,-0.62529296,-0.34152156,0.33993343
GCGCAAACATAGCTGC-1,-7.0593495,-2.0666065,-4.6963267,0.44950253,-0.3620199,-2.5786884,-1.3904752,-0.75377655,2.8040082,-1.5800513,0.14956059,-0.995409,0.75940037,-0.9981542,1.418539,0.1400273,2.1605237,-0.27234843,1.1665701,0.4968475,-1.0490925,-1.4469268,-0.52419025,-2.0460708,0.24099776,0.111690715,-2.6932445,2.3151493,-1.6292875,-0.31125027
GCGCGATTCAATCTCT-1,-7.801128,-2.7224364,-5.3819933,0.643171,0.01785799,-2.0758104,-1.7593986,-0.18616629,1.4022179,-2.0426495,-0.39817515,0.6350282,-0.95729274,-2.7532475,-1.9464579,1.240285,2.070117,-1.023218,-0.96250814,-0.06776138,1.708453,0.18428873,-3.79091,-2.5747857,-2.679215,-1.5226375,2.5353713,0.20229603,2.5359173,1.0745322
GCGCTAGGTCAAAGGG-1,-5.709626,-2.2988434,-1.3470821,0.5748799,1.1970372,6.823399,0.68423766,1.219094,1.5029594,1.8265096,1.000088,-0.10481069,-1.9769925,4.5939126,-3.0858617,1.9407736,2.397463,-1.8929454,2.5758867,-3.1003451,2.6887007,0.6931932,-0.56801337,-1.2740115,-1.1178924,3.471944,1.2386876,-2.2822206,0.34550712,-0.61363965
GCGCTAGGTTCCATTA-1,10.441609,-0.21241622,0.8134148,-0.6338192,12.129363,-0.121731624,-0.6148523,0.025741834,-0.65274876,0.041152697,0.8261925,1.1089677,0.0992105,-0.39798075,-0.46526423,-0.34809288,1.105412,0.0019700099,-0.17713766,-0.00013385784,-0.6273239,0.20140103,-0.4342763,0.5710612,-0.5560423,-0.2978741,-0.79076725,1.1297818,0.08284792,0.6870735
GCGCTAGGTTTGCGCC-1,-8.220504,-2.1807258,-2.997235,1.2463658,0.20833935,1.2202016,-2.297288,0.5956111,1.0511874,-0.84548515,0.012812704,-0.3935078,-0.19228294,-2.1176383,-0.05815094,-0.40096027,-2.1503,0.81753737,0.80665666,-0.008476497,-1.5816284,0.46588045,-0.35130578,0.82614666,-0.6412595,-2.0700614,-0.013452693,0.3285746,-1.037383,-2.6169856
GCGCTTAAGCTCCCTG-1,-8.055744,-4.4169674,19.07032,-1.9873365,-1.1933273,-0.8335961,0.34524447,-0.6572683,0.6791253,-2.9671547,0.9515002,-0.24819955,0.8005292,0.353923,-2.1843889,-2.150193,1.2544857,-1.652987,5.113077,-1.5938158,4.5137873,3.9041,5.6585727,-0.09014116,0.97262454,-0.07444854,2.5552864,3.394615,2.1788714,-0.5039033
GCGCTTGCACAAAGCG-1,-7.0968895,-2.4508119,-4.7203026,0.2436837,0.17678863,0.0742069,-1.7565484,0.36857474,1.8339332,-1.1281028,0.6448235,-1.6160759,1.1743296,-1.4752474,-0.22955619,0.84997576,0.3685999,0.5879358,0.8686097,-0.2959598,0.8452323,-1.6732738,0.7857944,-1.0847905,-2.1894267,-0.2567504,-0.29637617,-0.24274848,0.17285757,-0.52721757
GCGCTTGCATTAGCCA-1,-7.04459,-4.168288,10.994944,-0.95825976,-0.0019194306,2.065523,1.6053592,0.7431319,-1.0120158,-1.4287152,0.52906126,-2.0632055,0.40346327,-1.2842629,-0.33262643,-0.32323542,1.0212196,0.28544965,1.1949335,-0.14748938,2.1817913,-0.020476142,2.273257,-0.9233225,-1.1916386,0.3108872,-0.66379184,1.1157838,0.18523839,2.1797743
GCGGAACCAAGCTTTG-1,-7.7585073,-3.0685358,21.741816,-0.79530454,-1.0835136,-6.2782006,-5.9332027,1.3392916,6.847509,3.0742064,-2.5128336,2.090525,-0.15929644,1.628415,1.0483398,-2.530094,0.8909805,0.19972245,-0.0042068297,-2.2685125,0.062202536,3.2614138,-1.437761,0.84988195,0.37791327,0.42703485,-0.19614424,1.6506532,0.85819954,0.7408397
GCGGAACCACAAAGGT-1,-5.6017084,-1.6262729,7.487983,1.2195709,0.19571722,-1.0507811,-1.9734893,1.0238682,3.9167619,5.282271,-2.7566934,2.8658695,1.336454,0.87498856,5.771592,-5.878319,-1.2484506,-2.7019312,0.23818357,-3.7142653,6.690051,4.2930675,-2.8686395,-4.4283566,2.4358652,0.007459488,1.5720334,6.3747926,2.4661443,-1.5526
GCGGAACCAGCTCAAC-1,-6.1417723,-0.2685018,-2.8114512,-0.39657342,0.18208471,0.72054493,-1.8870956,1.7262961,0.3552106,-2.5564885,1.7299573,0.15765579,2.0906162,0.3931591,2.307258,0.011868824,-2.7639296,1.7407138,-0.27955294,0.8728549,-0.25156716,1.0943556,1.0720695,0.48418906,1.0816834,-1.9895755,-0.2621112,-1.2749492,-1.0996158,0.25947306
GCGGAACCAGTTATCG-1,9.83358,-1.2953407,0.98324835,0.34347725,8.189666,-0.4506801,-2.678014,-1.916879,-3.0807884,1.6837234,1.5653441,-0.5828089,-1.2721205,-1.6724044,0.5217894,-1.1785934,-0.3682879,-0.64713526,-0.19762129,-0.71226436,0.5896743,0.084014595,0.14093217,0.25632542,0.12006713,-0.28372929,-0.021742167,-0.569273,0.9472594,0.67569023
GCGGAACCATCACAGC-1,-6.9991584,-2.490142,0.9979151,-0.916216,-0.27806905,4.8612037,-1.3077835,0.7398818,-0.797472,5.6711183,-1.4404967,-2.41751,0.9874145,-0.37345597,-0.2721151,1.0984408,0.44676727,-1.5024903,-0.5518613,0.84043676,-1.4118977,-1.0146371,0.10577607,1.4679372,-0.78658634,0.04890141,-0.09714108,0.63989955,-0.55152553,-1.7397081
GCGGATACAAGGGTTG-1,7.2962246,-2.8420804,-2.4281461,0.2769223,-1.5115503,-1.2458302,-0.45894873,-0.090310365,-1.025796,0.26178506,-1.4318328,-0.14662272,-0.7038562,0.8946953,0.055209424,-0.028864691,-0.011219263,-1.1771736,1.1607219,-1.0857099,0.90617096,1.2307696,1.163625,1.4674196,-1.3114926,0.0891644,0.41576722,-1.5438104,1.1923695,1.5755992
GCGGGTTTCCCTGTTA-1,14.260161,-3.7195692,-1.2522967,-0.69349176,-4.43063,-0.08554311,-0.67880845,0.026678229,-1.4347671,-0.4586632,-0.47727904,-1.0600888,0.7255626,-0.7074551,0.9855408,-0.7361764,0.5417246,2.6013901,1.709574,-1.2713566,-1.2371885,0.44570982,-0.2600838,0.4867372,-1.5654657,-0.36507642,0.8219233,1.4152646,-2.6096413,-0.45423034
GCGGTTATCACCTGTC-1,-7.1400304,-2.4513385,3.1221457,-0.64457136,-0.3850195,2.9567056,4.3822565,1.0251418,-2.7431495,-2.2775357,-0.2973934,-1.537259,1.7967272,-1.0024236,3.6681976,-2.5573657,-0.21875139,1.1885033,-0.14832285,-1.3966227,0.8852306,-2.3016562,-1.2325855,-1.7966897,2.0056117,-0.5257683,0.6855897,-1.536674,1.3097117,1.3905362
GCGGTTATCCTAATAG-1,14.081209,-3.2070563,-0.69135696,0.94594723,-7.3392873,-0.0045398786,-1.0846736,-0.6540979,-0.25765094,1.2377387,5.6071224,1.1607852,-1.6269222,-1.9707555,1.0318266,0.0028597629,1.3729186,-0.23964904,-0.09010671,-0.90285873,0.22720586,-0.5793258,-2.2927616,0.77061224,0.19081874,-1.5597095,-1.570812,1.1348438,-0.89988,0.5235277
GCGTGCTAGCCTGATG-1,-6.9023767,-2.1165566,-4.729417,0.69461817,0.38507745,-4.030445,3.383072,-0.9460034,-0.5388009,0.62144446,0.022382222,-0.84709555,-0.86373943,0.5076484,0.76182204,0.6921858,-0.25258347,0.3529351,-1.1745641,-0.5302518,-0.47059152,0.36317572,-1.034826,-0.2890156,0.29163778,2.9874866,-0.40113676,0.9977181,1.0451099,1.090282
GCGTTTCTCATGCTTT-1,7.4218845,2.7722394,0.69985896,2.8032372,2.919885,0.37204438,8.438358,5.1000032,7.6216702,1.0843418,3.2254279,0.079658896,-0.6002399,-1.1401865,-0.9981575,-0.22120701,-2.4813812,-1.3145875,-1.7386905,-0.14454098,0.8800867,-0.20056015,0.76484436,0.9056622,0.03847509,1.1148106,-0.57934225,0.65692705,0.65194035,1.5855945
GCTAACAGTAAATTGC-1,-8.142015,-1.3446132,-5.51418,0.35011545,-0.5678843,-7.2430515,1.0706877,0.64040077,0.036286924,2.5268943,-0.5996407,1.667917,0.94400275,2.2903905,-1.7366499,0.45023027,0.24202196,1.5919203,0.56588227,0.62182856,0.7770611,1.4437771,3.0281878,2.1433372,-1.4536163,-1.8200357,0.35916248,-0.2685711,-2.7021453,3.7417817
GCTAACAGTGGATTAT-1,-6.6458497,-1.3842022,-4.2960324,0.31622726,-0.22113705,-3.393132,1.9963526,-0.17664732,-0.42618576,-0.09032806,0.22526492,-0.3824186,0.7074265,1.9259666,-0.3985449,0.27038538,-0.5057479,-0.2830179,0.14059632,-0.3356955,-0.12302719,-0.4722879,-1.2310121,0.9356523,1.3677169,-2.8009355,-0.8407902,1.4268942,0.89076144,-0.5343815
GCTAACAGTGGTTCCC-1,-6.8615713,-3.2496252,6.442969,0.25018573,-1.0915283,3.0179012,0.6883397,1.4363956,-0.24671058,8.775519,-2.3192515,-1.5949583,0.3960194,-0.29101154,4.095248,-0.78031117,2.4769728,0.4632943,-1.9676805,1.1178867,-0.6642284,-2.533379,1.8633057,1.4435507,1.6691281,0.5007549,-0.75873363,1.1531107,-0.7590234,0.7951966
GCTAACAGTTTAACCC-1,12.910671,-1.7956442,0.26548997,-0.6166921,5.353471,-0.31246826,0.6644402,-0.111013725,0.66744787,-1.3368497,-2.4677577,-1.8701082,0.974278,1.2140111,0.042856485,0.18962815,1.3666961,0.8020779,-0.17907843,-0.14284046,-1.4543366,-0.6144257,-1.1014152,-0.18879837,0.5199637,0.2598756,1.8562125,0.58517253,-0.44296154,0.35880023
GCTAACCCAAGGAATC-1,10.465224,-2.2211182,0.9850468,-1.4485378,5.2893195,-0.44100583,-3.6431456,-2.721476,-2.910087,1.3892125,0.069557086,-0.41908073,-1.0016677,0.7856128,-0.24444833,-0.1602809,-1.1209475,-2.4958687,-2.3194952,-0.14027895,1.9539937,-0.7148423,-0.38618916,0.7022831,0.4424936,1.5642395,-0.88157856,-1.0850091,-0.33899263,-1.2056463
GCTAACCCAGTGAACG-1,-6.7290382,-1.5380799,-2.820295,0.5019478,-0.05709,2.389265,-1.397636,0.9300337,2.7258036,-2.766112,-0.85543674,-0.39030978,0.47857946,-3.7544558,3.3345997,-1.1092451,0.08341207,-1.1120358,-2.7349465,3.4243255,-0.86899316,1.7028294,-3.0338247,-1.8870678,-0.0081824,-1.440185,0.5903463,0.95968616,1.0311308,-0.1799145
GCTAAGAAGGAAGCTA-1,-5.817454,-1.1556059,-3.1856484,-0.36424014,0.7297149,-0.30503207,-0.88245374,0.079476476,0.56073433,-0.19493175,-1.1130422,-2.0345118,0.6828789,-0.8319997,-0.4239596,-0.7892452,0.92248374,-1.976537,0.09641617,-0.9794807,1.1573583,0.69037044,0.25833598,-2.2090325,0.45903876,0.58206826,1.1933504,-0.30064243,0.8339257,-1.8848689
GCTAAGAAGGTCCGTA-1,-7.9592257,-2.1656153,-4.0181093,0.28985682,-0.24570794,-2.1307907,1.6893387,-0.4291079,-0.97887486,1.0975403,-0.7610153,1.147488,-0.63454527,0.69743764,0.73651624,-0.35627985,0.26645297,-2.0382993,0.008884196,-0.35611534,-2.7511635,1.2317605,-0.8764316,0.07913662,-0.67448294,-1.6017945,0.1655843,-1.5636563,-0.4338241,-1.0676203
GCTAAGCGTTAAGCGC-1,-7.3978868,-2.0038013,-3.0565808,1.3986975,-0.1494161,4.2760415,-2.248453,0.16643098,1.5727941,-2.937467,1.6753062,1.1343426,-1.269323,4.3349385,4.778119,-3.8946705,-0.9391255,2.2544045,-2.086221,2.5943305,-1.9631747,1.5369221,1.8317779,1.7296764,-0.12155751,1.2614065,0.4602088,1.0296082,-0.43703327,-0.951628
GCTAAGTTCATTACTC-1,11.831582,-1.1265885,-0.50319976,0.5197698,-1.3289553,0.8488494,2.5359488,2.1386142,3.0648725,-0.64051723,-1.2566997,-0.48273763,-0.32065403,0.40045998,-0.80082977,0.046064142,-1.3838674,-0.13653083,1.845962,0.48260763,0.6548269,-0.19875425,0.93064153,-0.18372476,-0.69393486,0.7966981,-0.57436055,0.26476702,0.84587955,-2.1453652
GCTAGCTCATAAACCT-1,-7.7444663,-1.8122336,-4.8022885,-0.11597519,-0.2658264,-0.5036441,-0.6902906,-1.2391989,0.5732477,-0.8603478,-0.96236455,0.2814132,1.1564116,-0.1569057,0.6142079,-0.7567967,2.6935751,-0.14506835,-1.389024,-1.2535945,-0.056802843,-0.5420859,-0.8161934,-1.3683437,-0.6553622,0.52569175,0.39740068,-1.466361,-0.9247786,-1.2650632
GCTAGCTCATCCATCT-1,-8.487842,-3.0246122,-5.3504825,0.6478535,-0.18554133,-5.9771953,2.0265262,-0.6992984,-1.1308374,1.7870104,0.16769008,0.4528716,-0.95493996,0.32870233,-1.131386,0.3859795,2.5856574,0.8730117,0.57978195,0.1867981,0.53791195,0.3906573,1.2304035,-0.94396216,-2.0162473,-1.2061566,0.26752782,0.07551932,0.21387282,0.49951705
GCTATAGGTGACCTGG-1,-8.097044,-3.0787792,-4.8074265,-0.22733833,-0.69874895,-3.5313804,-2.957116,-0.8332074,1.5878893,-2.8878307,-1.4164149,-0.7534446,-0.29567575,-3.0605597,-0.7258655,0.1119192,1.2454376,0.31274796,-1.0629741,-0.5118881,1.2719113,-0.90935075,3.3823495,-0.5606125,1.2350305,0.044500742,-2.6156802,4.6701956,-3.4644241,1.010675
GCTATAGGTGATTACG-1,-7.792837,-1.2301247,0.9831402,-0.41665137,-0.8187536,5.5425262,0.5515485,1.3642663,-1.1478412,3.1998277,-1.0937612,0.8497069,1.8760285,-1.5012656,0.16443117,-1.1748023,-0.5372338,1.1994725,0.80334884,-1.6785945,-0.069711,0.16538519,0.7026323,-0.17172627,-0.23510723,0.6779337,-0.25977728,0.6871041,0.92116016,-1.4609253
GCTATAGGTTTCCACG-1,8.661958,-0.9168718,1.4472288,-0.6879279,13.835753,0.0004378575,-3.5526128,-1.8398259,-4.1218805,2.747679,5.184305,1.5081605,-1.7387576,-2.3636067,1.2708181,-0.34839964,-0.9772166,-0.9102191,-1.4616872,-0.4629385,0.5517542,0.32986954,-0.0928898,-0.02820016,0.2214358,-0.11294198,-0.22252832,0.13122585,0.8856112,-0.46436357
GCTATAGGTTTCCGGC-1,-7.2757745,-2.4215093,-3.766644,0.21899323,-0.17039019,-4.626981,3.250393,-1.8885823,-1.3406856,3.4906304,-1.0885578,1.0272496,0.38615665,1.2927754,-2.087345,0.85490084,0.24699579,-1.0609775,0.25889775,-0.059359625,0.26512718,1.1492498,0.3034989,0.5941079,-0.35912204,0.5013599,-2.6226437,0.9266489,1.247277,0.67587036
GCTATCCTCAAATCGC-1,6.8789554,-1.3674263,1.3601073,-1.1005057,12.555346,0.15636839,-3.5006988,-1.3829055,-2.4308908,2.4994648,6.889702,-1.7154067,-1.5480905,-3.0355597,0.6244554,-1.2406778,-0.9849779,-0.56654185,-0.611219,0.3362211,0.35325494,0.45428982,0.30780202,0.8194855,0.37300348,-0.071740836,0.28978392,-0.9148989,-0.78103125,-1.4079089
GCTATCCTCATCACTT-1,10.71687,-1.702461,0.010330834,1.3551416,-3.8208418,1.053246,3.2407746,2.4478881,4.198394,1.6319778,3.1179957,1.0069306,-0.36370978,-2.586316,0.6463512,-0.20064537,-1.3967248,0.4816097,1.1419842,1.1525849,-1.0456228,0.2258015,0.2796682,-0.20210949,-0.72624296,-0.1703547,-0.79667586,-0.2777838,0.54198945,-2.0430865
GCTATCCTCCGCACAA-1,-6.769281,-1.342565,-3.2508757,0.6226476,-0.29324135,-3.8088198,2.6134205,-0.5877827,-0.69916844,2.826939,-0.2417447,1.6466588,0.4459281,1.5033389,-0.9762288,-0.61954135,-1.0248908,-2.0568614,-0.48751703,1.6729364,0.24191298,0.41400927,-0.68593836,0.053107847,0.7238076,-0.1509759,0.42316064,-1.3720626,-0.7111428,0.42753506
GCTATTGCAACCCTAA-1,12.564632,-2.91897,-0.2744794,-1.0132924,-1.8836123,0.8539649,0.4798919,-0.7563042,-0.21266527,-0.1570775,-0.08166268,-1.4891437,0.41396278,-0.40000153,-0.20365208,-0.98971343,0.064632006,0.20769738,0.10360151,-0.16697197,0.350075,-0.060338393,-0.018762624,-0.51957905,0.51806074,0.6481511,-1.6447175,1.2630631,-1.6041868,0.091484174
GCTCAACCATTTGCTC-1,-9.208991,-2.487956,-5.7897334,0.28287834,-0.7853128,-7.222232,0.9702044,-0.046626568,-0.3110549,-0.29802924,0.91113174,5.947522,-1.9762423,-0.49597922,1.3582027,-0.35957792,2.514444,-0.017946426,0.3054888,2.0201576,2.3482196,1.1982142,1.7398909,-0.69876367,2.2829084,-1.108128,3.8979552,-0.42354193,-0.6101478,1.0134828
GCTCACAAGCTCGCTT-1,-6.5743847,-1.684804,-0.2869588,-0.09989928,-0.7020173,4.404939,0.15565187,0.17537329,0.53496367,1.5820562,-0.43352458,-0.55770093,-0.1494603,-1.4152886,-2.0180483,-1.4621756,-2.0774462,-1.1503117,1.9896878,-0.70855147,2.432167,-0.9944242,-2.1611981,-0.1610405,-1.0689976,1.2127701,-0.3155806,1.9336388,-0.20700273,-1.2542152
GCTCACAAGGTAAGCA-1,-7.8917813,-2.551216,0.34674004,-0.54867744,-0.57436395,0.7076399,3.6221862,0.040369235,-2.8509388,1.6018637,-1.1940168,-1.0282726,0.30434066,-0.31090012,-0.10449814,-0.7374287,0.23446713,-0.5376453,0.3302569,-0.6525472,2.3079948,1.6708444,-1.3407497,-1.1711789,-0.6780555,0.30092326,3.7534676,1.2996788,-0.36480406,3.0153484
GCTCATTGTAGTTAAC-1,-7.569589,-2.5632818,-5.0222297,0.67547065,-0.42856804,-1.9986387,-1.6497264,0.58756226,1.2221047,-3.6281903,1.8119179,1.1029425,0.7319742,-1.1997622,-0.1977221,0.20867725,2.4768372,0.3677318,-0.9039175,-1.8673147,0.039505236,-0.8856442,1.7149162,-3.1731927,4.361808,0.31058168,-0.26855326,3.944772,-1.5696977,0.15515412
GCTCCTTAGCTTTGTT-1,12.431766,-2.2982283,-0.9292221,0.58985186,-0.7332807,0.77519464,-0.31294084,0.393017,-0.6547335,-1.1365533,-1.8424227,-0.6808243,0.053623367,0.8295522,-1.0000774,-0.11984372,0.33267006,-1.1585215,-0.32647908,0.46257174,0.4835079,-0.77133846,0.039638598,0.95226187,1.3474475,0.36660737,-0.40904513,-1.8392012,0.7489378,1.6941041
GCTCGATCAGTCTAAT-1,-1.4678359,27.289907,0.20238693,-8.871096,-2.2720146,-1.7111254,-1.5766265,0.20212583,-1.3480116,-0.84337837,-0.98182166,-2.2226317,-2.667418,-1.7801573,-3.237517,-3.5428905,2.7814019,4.7931814,-1.3411764,-1.3803649,-0.9161825,-2.6511774,-2.0585551,1.6445874,5.1188755,0.75641054,3.5513508,0.78265333,-1.7761629,-0.9211549
GCTCTGGCAGGATTAA-1,-0.89820737,24.656076,0.2201559,-8.161315,-2.7157555,-0.21264738,-0.18678796,-0.93247163,-1.0624318,-1.5826336,-1.086072,-0.6364336,-2.7160952,-0.2577602,-3.6010604,-1.7385387,-0.43276188,-4.9374037,1.8251327,-0.77261746,-3.9852371,-2.790205,1.4031725,-4.8477063,2.3287165,-2.761081,-0.45525044,0.64317524,-0.7050255,0.4445312
GCTCTGGCAGTAGGTG-1,12.758497,-3.0693839,-0.88498455,-0.47879392,-2.0982647,0.10136834,-0.94597983,-1.9752309,-1.8595077,-0.68629235,-3.203425,-2.8084466,2.0434122,3.269708,-1.0009315,-0.25413293,-0.22026809,-3.0293365,-3.4751403,-0.25157103,3.124782,0.26300496,0.30484763,1.5017974,1.2086334,-0.7546782,-0.014670617,-1.6822646,1.0219439,0.43722025
GCTCTGTTCCATAATG-1,-0.36323372,26.554909,-0.075369135,-7.5410905,-2.2351255,-2.6615195,-1.5136678,9.85404,-5.9107366,-0.120101616,1.8227823,-0.70476896,3.2773855,2.4989276,-0.9791973,1.7489145,-1.1403788,5.743819,0.6817982,1.5700939,0.10305393,3.474142,2.2793882,-2.6690156,-4.5666614,1.443128,0.747236,-2.284372,-2.8204098,1.8731651
GCTCTGTTCTGTTGCC-1,13.747107,-3.2632425,-0.115457766,-0.6919451,-4.540665,1.132961,0.088700846,0.20356554,-0.7847292,-0.116317995,1.1079066,-1.4630898,-0.37302753,0.3056551,-1.2617898,-0.9086252,-0.09752197,-0.09699664,-0.64664924,-0.1363737,0.1247379,0.13062164,-2.618382,1.0010233,0.03126725,1.273271,-1.4620268,0.17354318,0.17264003,-1.3595697
GCTCTGTTCTTAGCGG-1,10.031043,-2.5174508,-1.148916,-0.03451026,-2.0181134,0.2714922,0.8846999,-0.37066764,-0.26141238,-1.4962714,-1.3420519,-3.2969842,1.9001249,2.4068153,-0.90209657,-0.63997674,-0.16765209,-1.9451588,-0.2627016,0.62508744,0.5849177,0.3911574,0.12957022,-0.9583264,1.1726238,-0.7322042,-1.4629264,-0.15368606,-0.5856523,-0.6509831
GCTGACCAGTCCTGAG-1,14.159503,-1.2632091,-0.7574956,-1.4015157,-0.049416278,-1.1078266,0.16419372,-0.38275093,0.16129407,-0.0885537,-2.1109045,0.17062794,1.1918253,1.3583255,0.25034267,0.76259416,0.5819556,0.4839339,-1.6152264,0.3489826,-0.34710902,0.08127128,-1.0181681,0.82708174,1.4357754,-0.5064434,0.31306025,-0.79716265,-0.4447534,1.7538387
GCTGAGGAGCACCACA-1,14.235123,-1.7302005,-0.12195273,-1.5038378,3.0477889,0.20818551,-0.07098162,-0.8778839,-1.9615119,-0.9840594,-1.3474298,-0.78012735,1.4738812,0.56874144,-0.056763858,0.2612487,0.3396949,0.69935924,0.7475171,0.35539293,-0.446064,0.6942511,-1.6840736,0.13269256,1.5992284,0.3884561,-0.39977956,0.95468724,0.39759505,-0.012266315
GCTGAGGAGGCTTAGT-1,-7.5165424,-1.6094604,-3.7574096,0.97608656,-0.90579283,-1.2480905,-2.4155185,-0.089527175,1.4230139,-1.7275343,-0.2866584,-0.47842374,-0.3146022,0.10445551,2.0568457,0.710423,3.07202,-0.54219043,0.4586381,-2.0350673,1.0543152,-1.6438283,2.10371,-1.0066547,-0.66112924,-0.3704177,2.215614,-4.721175,-2.6744232,-1.9849535
GCTGCACAGTCATTAG-1,-7.278563,-4.0735736,12.376683,-1.5679791,1.1600593,3.0282993,5.2733903,-0.14729688,-3.5885587,-3.0653405,1.6327907,0.9499391,-0.71853644,-1.3442167,0.7578012,1.2347075,2.388831,0.70559627,0.45944437,-2.2826061,0.48054487,0.15021786,1.5297441,1.1773113,-2.8054457,-0.9075421,-0.14148651,-1.0835193,-0.34083885,1.8074954
GCTGCACAGTTTGCGG-1,10.999215,-0.3756416,-0.8457397,0.7403027,0.4380401,0.6893895,2.9192646,1.5670056,3.76109,0.23784164,-0.16612102,-0.4058584,-0.53961074,-0.06270229,-0.07615316,-0.7078376,0.6886962,0.63881946,1.8262671,-0.93358743,-2.4703224,1.0359248,0.83094317,-1.0683423,-0.13616017,0.4086626,-0.6423496,0.5308168,0.62742555,-2.1299438
GCTGGATGTGCATTAG-1,13.459678,-2.056797,-0.070223406,-0.37786207,-2.6458054,-0.27684,1.0522301,0.2951495,-0.1381492,0.35887808,1.6609647,0.40157187,0.6219753,-1.3221141,1.2164862,0.12096411,-0.22671382,1.205542,1.1868124,-0.9162549,-1.2051826,0.2829285,-0.11981844,-0.22954203,-0.42433986,-1.1334891,0.3620801,1.6856452,0.033096876,-0.4578178
GCTGTAAGTAAACAAG-1,-7.546734,-1.0568259,-5.710831,0.10380212,-0.4915533,-1.1809673,-1.7160493,-0.64859164,1.9579849,-1.8162346,0.44635186,0.23453721,-0.15625478,-0.6964845,-0.561646,0.09624359,0.25494793,1.0750144,-0.38618362,-1.0104614,2.4471226,-0.7533707,0.8323171,-0.017116496,0.8103526,-2.1043499,0.88221407,0.83064365,2.0716848,-1.36896
GCTGTACCAGTAAAGC-1,-7.079193,-2.038815,-3.8276615,0.14880371,0.19574478,-1.8562698,-0.8374242,-1.6493304,0.5477333,-2.3379598,-0.28256202,-0.3179168,-0.1580774,-0.80685914,0.36811334,1.8046466,1.3868146,-1.3015237,-2.5336215,0.61248463,-0.9994214,-1.0273726,-0.83920246,2.605953,-1.7054362,0.50295705,-0.06651394,-0.55602616,1.0968419,-2.6402144
GCTGTGCAGAGGAGTC-1,-7.988715,-2.0229456,-3.2380657,0.14087771,-0.0055113714,5.573885,-1.9815896,-0.118331894,0.094350725,-0.13226055,-0.7115,0.52070045,-1.2223957,-0.60631734,1.2789038,0.85589224,-1.2335019,0.77577835,-0.21666558,1.7332505,-0.20206407,0.27119637,-0.9425205,0.69392973,-1.4644068,-2.9850426,0.890395,-1.1855813,0.34190685,-2.59868
GCTGTGCAGCTAATCA-1,-7.7780943,-2.3831744,-0.42225602,-0.60338485,0.28966042,1.8755004,2.6202915,-0.15986343,-2.5121286,-0.1260931,-0.80272853,0.24068625,1.3382564,-1.751912,-0.5545352,-0.86446816,-1.3047997,0.414128,0.8675245,-1.8521955,-0.565694,2.0231135,-1.3267701,-1.9375738,-0.5087613,-1.1307129,-0.9729289,0.36003667,-0.91471064,0.71506405
GCTGTGCAGCTGTCAG-1,-5.9399924,-1.7426735,-3.302411,0.14275888,0.5290445,-1.3364356,-1.6479163,0.22486879,0.89232117,-1.2002283,0.60243213,-1.391511,0.64460826,-0.66499376,-0.7819985,0.28856727,0.779436,-0.3976395,0.7583139,0.997086,0.31871176,1.797536,0.21874818,-1.0235018,1.174403,2.4412365,0.5469372,1.2383013,1.5473703,-3.3597512
GCTTAAATCCTTTACG-1,13.898364,-2.837092,-1.1528809,-0.5152551,-3.3167932,-0.28250584,-1.9452845,-1.6067826,-2.503388,-1.1033522,-1.8068401,-1.1013246,0.29914176,0.7319495,1.1171247,-0.20879033,1.4029484,0.68657935,-0.45046055,-0.3185884,0.83342195,1.0013746,0.09189873,-0.036386043,-2.0110385,-0.52920496,1.1625941,0.8546378,-0.8396862,1.0414485
GCTTACCTCCGGTTGA-1,13.802964,-3.6612487,-1.3098061,-1.2497938,-6.7764616,-0.0365449,-0.4039276,-1.3360059,-2.315519,2.6180553,1.7262367,-0.007970151,0.031357933,-0.8316581,-0.03480037,0.45690066,-0.65936273,-2.2447405,-2.9245982,0.8056874,-0.5545101,2.2034533,-1.657989,1.3408836,2.5684874,-2.282516,0.3761144,-2.6502457,0.5139117,-2.7555938
GCTTACCTCGAGGAAC-1,13.659387,-2.6775107,-0.74650127,-0.13761617,-3.803154,-0.098552555,0.7969017,0.6971968,-0.5671455,0.32979408,-0.081883185,1.4700402,0.8236405,1.1992145,-1.4694043,0.7758036,-1.909937,-0.542651,1.183926,1.2500943,-0.38844004,-1.045897,0.22389501,-0.07766887,-0.64452904,-0.27628657,0.70313376,1.4433382,1.0342566,-0.2064477
GCTTAGTAGCGAGCGA-1,-6.478548,-2.776701,6.089676,-1.0308276,-0.7656513,1.5088207,4.539252,-0.3397164,-4.5281715,-2.249655,-2.5452073,-1.2646968,0.030629586,-3.0447369,4.1334305,-1.5266677,0.42543748,0.9501796,-0.24901624,-2.246324,-2.0047266,-1.6872624,-1.4068172,-0.2415219,-0.5757954,2.1782746,-0.37479034,-1.4758306,-1.5115292,0.6044331
GCTTAGTAGGTTTGCG-1,-7.1103883,-1.4515928,-4.3195696,0.295918,0.76629,0.6549379,-0.77331126,0.070621274,1.3450931,-1.2284491,1.4309645,-3.047553,2.2409117,0.10294627,0.118794106,0.26116106,0.39691022,-0.0003472691,1.9612427,-0.57458013,-2.075812,-0.9547143,-1.4714406,-0.2886693,-0.194548,-0.37147382,0.80918616,-0.90516436,1.1685675,-0.7776078
GCTTAGTAGTCACCTC-1,-7.0787034,-2.4130335,-4.6296844,0.53370947,-0.19975105,0.45359203,-2.779668,0.6728348,1.2342389,-3.3227522,1.3728254,-1.0179206,0.33069596,-1.1591475,0.80807334,0.55519396,-1.9531063,0.44677737,-0.9125533,-0.9465974,1.0858586,-1.4118029,0.5135726,-1.146048,-0.5094819,0.8687413,2.147182,-0.7794894,-0.32029015,-0.27018568
GCTTATCGTTCCGGGA-1,-8.566904,-2.6101847,-5.2923784,1.2095771,-0.75003284,-2.882876,-0.9491123,-1.0909477,1.3001822,-0.23063721,1.228217,1.2913368,0.17200723,1.357612,-1.9041076,3.000335,1.7106837,-0.6003068,-0.719267,-1.6013501,0.009069711,-4.0034466,0.14326036,-1.5205541,0.8317981,-1.4122423,0.7604657,-0.74776125,-0.95184135,-0.08253536
GCTTCGCGTCAGGCAT-1,10.796731,-0.99862504,0.5396174,-1.1155931,11.283668,-0.24398081,-0.9899836,-0.24067402,-1.6546217,-0.2210355,0.19097345,0.4056995,-0.47205892,-0.13040705,0.63542265,0.11346857,-0.87647665,0.0031977063,0.3222189,-1.288959,-1.2269447,-0.92995226,0.37341976,-1.2654041,-0.049426857,-0.54462683,-0.9274609,-0.013730619,-0.54239386,0.16684467
GCTTCGCGTGATTACG-1,-0.9960283,20.498014,0.7576589,-4.0891404,-1.2110097,-1.2185206,-2.855312,-2.0037124,-0.6731463,-3.6891887,-3.5082388,1.3520101,-8.804314,0.15083559,4.2088275,-4.4093313,0.9303229,-11.145884,3.9636605,-0.08551594,-2.252009,-1.9851953,-2.070737,1.7604532,2.0091283,2.4554112,-6.7735777,-3.8586192,-1.2360108,-0.53002113
GCTTCGCGTGCTTACT-1,-6.213937,-2.1000788,1.4531426,1.109604,-0.36964422,5.0321107,0.70600736,0.842398,-0.41135517,2.0446506,-0.3121925,-1.1356441,0.43522617,0.45871082,-1.0969439,-0.097434446,0.57516295,-1.3509156,-0.061776936,0.84760493,-0.8986982,0.21697426,-1.9761759,-1.0836588,0.4237707,0.34027356,0.22437333,-0.26221347,0.41572526,-0.37934434
GCTTGACCAGCATGGA-1,10.544805,0.44168073,-0.673192,-0.18981715,5.776125,1.2027522,1.9161777,1.2022835,1.4007546,-1.2692443,-2.8030758,-0.12996359,1.1696002,1.3492845,-2.4902809,-0.09570801,0.8729849,1.1658976,-0.09734397,0.41448045,1.2558821,-0.11131001,0.13436928,0.7386383,0.72350603,-1.0113506,-0.72253084,-0.8540648,-1.0276513,-1.2811993
GCTTGACCAGGATAAC-1,-8.288628,-3.3891084,-3.0372663,0.46929908,-0.73030025,-3.3985202,2.109363,-0.036655046,-1.5892873,0.75662863,-1.0211693,1.5458012,-0.401701,-1.6288272,0.15792294,-1.1942567,-2.7547207,1.1702718,0.3471911,-1.3170933,-1.0494485,2.8384674,0.76729554,1.4438999,0.4082856,-1.6799897,0.29624063,-0.33845186,-0.11087494,0.3099266
GCTTGACCAGGCGATA-1,-6.0329366,-1.660465,-4.46762,0.008904528,0.8103971,-0.114531174,-2.0079784,0.91756546,1.2200657,-3.3319156,1.1482413,-1.6590182,0.011536114,-2.0667684,0.57495624,0.12615539,-0.32840806,1.1026138,-0.76739126,0.5163972,1.305055,-1.7216523,1.4392397,-0.1564714,-0.88886625,1.202793,-1.3679056,-2.6021101,0.87144566,-0.7675301
GCTTGTTGTACCGAAC-1,13.843876,-2.5998707,-0.33578107,-1.142569,-3.4418426,1.3428849,-0.64696676,-1.3187872,-1.2204432,-0.5968054,-2.123492,-1.0795051,0.4025621,1.1575246,-1.6174566,-0.48445386,-0.018939737,-0.58969295,-0.15142366,1.115634,1.5240797,0.82980543,-0.289201,0.54550177,0.4918378,0.8039885,2.3921673,0.026594918,2.7743032,2.1343334
GCTTTACGTCTAACCT-1,10.432168,11.470372,0.53693694,-3.3502235,-6.166427,-1.1167442,-0.50484467,-1.1714944,1.5526953,1.9284666,2.5855901,3.1726482,-1.9564202,-3.8394995,-0.060448833,-1.4241185,1.9529878,0.9413825,1.486603,-1.3552694,-0.745767,-1.849721,-0.9639629,1.131433,-0.66377133,0.701019,-1.982237,-1.9906372,0.43797842,-1.6703085
GCTTTACGTGGTTATG-1,-7.329679,-1.3468385,-3.7417672,0.34878355,-0.24935204,-1.0554895,-1.0342997,-1.1583875,0.8029358,-1.5266371,-0.14102396,0.5745629,1.0714471,-0.61669713,0.15454493,-0.26004982,-0.21400064,0.3889128,-1.4188423,-0.113301344,-0.05842856,-1.8698682,-1.1420418,-2.9816995,-2.1261673,-1.8472797,-0.9744583,1.0666491,-0.967985,0.38432074
GCTTTACGTTACAACG-1,12.392624,-2.883774,-0.5020131,-0.48993576,-1.5134314,0.43094203,-0.18093167,0.4228882,-0.6428648,-0.07228715,0.16602682,-0.8934894,-0.33393687,0.40808365,0.06361165,-1.2416899,-0.4552462,-0.23563744,0.5995494,-0.12184125,0.47543588,-2.0582774,-1.2358336,1.3261837,0.26698077,-0.9603169,0.3206828,0.8669196,-0.9239255,0.38239264
GCTTTATTCGGCCAGT-1,-1.6509459,27.768072,0.88609535,-9.32155,-0.52667814,0.7491289,-1.684159,-4.4132714,-0.80483204,1.1545595,3.4638948,5.0208106,6.323785,1.3793921,1.8581488,3.4555361,3.3655822,-4.9112735,-4.7566133,-6.485553,-5.2978654,-3.5260127,-1.5090048,1.2457271,5.81584,-1.33383,3.3578136,7.1518593,-1.7807657,0.7150773
GCTTTCATCATGCAAC-1,-7.2044315,-2.6175277,5.3458366,0.10792111,-0.81212795,7.765546,2.001805,1.3176254,-4.26772,10.593401,-2.95621,-1.3692122,1.4592334,-2.171012,5.106841,1.0491847,3.4404604,1.4091289,-1.0846088,4.2974496,0.25476637,-3.2831545,6.4351935,0.20134634,-2.1246054,-1.3438033,-0.89574814,-1.0027511,-0.47465387,-1.3112198
GCTTTGTGTCCTAATC-1,13.758055,-2.902629,0.31419745,-0.544564,-3.961312,0.13294426,-0.6197082,-0.19762012,-0.47520965,0.75426835,1.4775201,-0.34155655,-0.7257728,-1.16586,0.51931614,-0.19223161,0.5330317,-0.16999498,1.6744603,-0.3383876,-0.124298275,-0.21245328,-0.58082986,0.2072777,0.111618556,-0.47594583,-0.36153656,-0.13061576,0.38671663,0.49883568
GCTTTGTGTGTAACCA-1,13.863948,-1.8773032,0.061926354,-0.01861861,2.51567,-0.31322506,0.54024774,-0.31303433,-0.07989761,-0.5563995,-2.0005772,-0.17664601,0.22881207,0.58091265,0.7938419,0.18029383,-0.548742,0.58853835,2.0844545,-0.9029737,-0.90641284,0.104746304,-0.745989,0.2359669,0.21648452,-1.2953166,0.65286446,-2.1388993,-0.0459513,-1.4121639
GCTTTGTGTTCACCCA-1,11.845662,-0.8391266,-0.022615355,-0.26448137,0.64389765,0.26743516,0.9013256,1.0783781,-0.16687647,-0.92641294,-3.7513828,-0.70829934,1.5517565,3.29827,-2.0719373,-0.5476241,-0.697964,-2.278482,-1.1854179,0.41080177,0.50102013,1.8570113,0.6893751,0.28415155,0.5790606,0.14495912,0.54849315,0.4027619,1.5058519,0.9793011
GCTTTGTGTTTCGCGC-1,11.96995,-1.3357521,-0.6139283,-0.38632467,0.9129674,-0.46648037,-2.4485044,-0.230898,-3.252078,-1.4727714,-4.9328146,-1.0100247,0.04816232,2.2737598,-2.656966,-0.9839144,-0.5291284,-3.541386,-1.5488956,1.9347435,1.8997895,-1.7632807,-1.2366964,-0.309885,1.7538989,-1.2054942,-1.7549828,-0.73561716,1.0822014,-0.61356765
GGAAACTCAAGCCAGA-1,12.207649,-0.66806924,-0.78221446,-0.7622765,1.1412225,-1.3707299,0.8482774,-0.13754556,-0.35956702,-0.7071949,-3.570197,-0.04453294,2.2870681,1.8308911,-0.8338535,-0.6797693,-1.2826185,-0.706622,-1.0936819,1.4602184,2.5703595,0.13963924,1.5258839,0.115509614,0.56528944,-0.22259836,-0.6735624,-0.13954204,-0.56374735,0.67143273
GGAAACTCACCAAAGG-1,-6.4111447,-2.105461,-0.362285,-0.45404813,0.4580706,7.785575,-1.99236,1.9632432,-0.4297778,6.318414,-0.35811096,-1.6083678,-0.3572662,-0.36942345,-0.08543781,1.5976263,2.8004029,-1.1051337,-1.3792491,4.925978,-3.1596231,-0.3437836,1.3186592,1.1783317,0.2531307,-0.9964188,0.17756937,2.095553,-1.0255924,-2.063514
GGAAACTCAGGCTTCG-1,7.331521,-1.187837,0.5440754,-1.3660463,13.451471,-1.3718382,-1.8021132,-1.0279129,-2.0812716,1.353182,3.564159,-0.073700696,-0.69846624,-1.44006,1.5536119,-0.9004925,-1.2081797,0.76695657,0.45615855,-0.24027213,0.71695143,-0.5841291,0.21766302,-0.186364,0.3418929,-0.07241511,0.862969,0.6264216,0.12306347,-0.89054495
GGAAACTCAGGTTCAC-1,2.247784,19.147123,7.3085146,45.74194,-0.5378474,-0.9692729,-0.98646665,-0.1528132,0.15876828,-0.043735728,-0.6663143,0.17415427,-0.9922569,-1.6238394,0.8740276,-1.6265378,2.153687,1.1901206,-1.1180351,0.17254527,-0.48233625,1.3661716,-2.2807124,-0.94959545,0.18300377,1.2638083,0.17041965,-0.016801948,-1.509026,0.7880939
GGAACCACAAGGTATA-1,13.463439,-0.23798695,0.286165,1.9046919,-3.3343306,0.00801292,0.13353547,1.0682057,1.2182199,0.09199557,-0.060047854,2.2780359,-0.8631734,-1.8489345,-0.3514854,0.33510244,0.60690856,1.0709966,1.580209,-0.78459936,-2.996761,-0.5819077,-1.0033941,-1.8685635,0.43033838,0.08802518,-1.9618064,-0.6208932,3.4242156,-0.7619987
GGAACCACAATTGAGA-1,-7.435822,-1.630767,-5.4254203,1.0806524,-0.012296765,-1.792766,-0.89382917,0.79815906,1.1884823,-1.1594311,-0.8795767,-0.52230406,0.7306376,-1.7920142,-0.2737323,0.59896266,3.5220554,-1.7601326,0.519281,0.51026064,1.7463977,-0.90389925,-0.09580852,-0.4085681,0.9024653,-0.27744755,-0.04552879,1.0675613,1.4540738,0.8046619
GGAACCACACTAGCGT-1,-6.543024,-0.90424806,-3.668753,0.27272934,-0.40029842,3.8034346,-1.7369926,0.5092016,-0.5309632,-1.0318202,-0.3103073,2.1536531,-1.1819167,0.09641044,-1.4174254,-2.608107,-0.22918151,2.2020652,-0.4983187,0.052054156,2.5157273,1.3700026,-0.7057217,-0.26723665,2.1583557,-2.03836,0.65810424,2.6426213,-1.1409894,2.3807664
GGAACCACAGTAGGTG-1,-7.3031244,-1.7577907,-4.0470214,0.4245602,-0.6494242,-4.783946,3.2513864,-0.5139432,-1.6686896,2.012993,0.6163081,0.94648147,-1.3071976,1.0238949,-0.5904228,-0.373405,-0.469079,0.22223523,-0.8441987,0.10146403,-0.302433,-0.4333218,-0.36352348,0.117049366,1.5341046,2.061569,-0.59678584,1.3120981,-0.97451293,0.49990147
GGAACCTGTAGTCAAT-1,-7.860494,-2.0468292,-3.1314528,0.47955808,-0.12586339,-2.5654879,1.4206351,0.44024423,-0.8685414,1.3938241,-0.16086812,-0.5461847,0.23598205,0.27107784,0.5580629,0.9916751,-2.0956213,-1.2669822,1.1608324,1.6898062,-0.3574713,-1.3985556,-0.23257165,2.380277,-0.8780129,0.51253444,-0.13644467,1.1893705,-0.07150941,-0.5567699
GGAAGCTAGGCAAGTA-1,-7.154558,-4.534539,14.246182,-1.442803,-0.33538556,-0.2513216,-0.49401113,-0.91956127,-0.9134403,-1.3609353,-0.7071169,-1.6880727,0.8522078,-1.7984284,1.8177342,-1.5927633,1.0182441,-0.3959568,0.87968236,-1.7147794,3.1364508,0.044349767,2.02669,0.31070974,-0.64804804,1.2696652,-1.5760696,-2.1395,0.2862648,1.2528754
GGAAGCTAGTTTAACG-1,5.590675,-0.7199145,-0.283011,-0.721508,4.247744,1.0382307,-0.9030314,0.081288226,-1.373214,0.9263727,-1.3159568,-5.5403223,2.043431,3.3845737,-0.46071887,-2.0009778,-0.11913944,-1.0229949,1.6882678,-5.7397313,-2.032009,-3.3507557,1.8253634,-4.016107,-1.3610842,3.861162,4.4589334,-3.1288085,0.8821237,1.6064713
GGAATCTTCCCATAAA-1,-8.739657,-4.4641857,24.186716,-2.949326,-2.0931103,-5.2065725,-4.4167285,0.5676401,2.9286752,0.9313852,-0.14638141,-0.5979547,0.378026,-2.1135044,1.0876606,1.4473484,0.22681618,2.4474885,-0.017023945,-2.68481,-1.4250717,-2.0525994,-0.3768371,-0.37730217,2.6591609,1.376656,-1.0171432,-4.5846653,1.2808802,0.31938064
GGACAGCCATAATGAG-1,-6.0846853,-2.5123844,-3.2084942,0.035331458,0.5823071,-2.3349192,2.0097234,1.8848143,-1.6576008,0.9464066,2.109596,-0.71992844,1.6867313,1.1237006,-1.203361,0.1791665,0.35802305,-0.86042356,1.3177584,0.87501144,1.182306,-1.3379358,-0.68159753,0.97905856,0.5707145,-1.785505,0.19697721,-0.349588,-0.9441587,-2.4381692
GGACAGCCATGTTGTG-1,-7.560294,-2.5102794,-3.6094184,0.7883696,-0.08263148,-4.5980077,2.4363048,-0.8103168,-1.650183,1.9800886,0.41873136,-1.0851839,0.1689933,1.1198974,-2.7354033,-0.04558121,-1.1998991,0.48987508,0.011155466,-0.8326652,-1.4632968,1.0250684,-1.0114177,0.616394,0.5014741,-2.2109303,-0.16103356,1.2254325,-0.6151733,-0.26376584
GGACCTCAGGAGTCTT-1,13.7906,-0.95526916,-0.21235885,0.31668904,5.819592,-1.0526617,-0.7785196,0.38741753,-1.234944,-1.7941297,-5.99692,0.94343054,1.2892308,1.898525,0.8822186,1.3131467,2.8889008,2.9269783,2.1230836,0.07356827,-2.297002,-0.67702544,1.3395139,-0.983505,-1.7315108,1.1599522,-0.7342246,3.4278243,-0.7613178,0.07572879
GGACCTCAGTAGAGGC-1,5.772056,4.5510426,0.9000065,3.2146246,6.3700175,-0.02909943,7.6630487,5.999033,9.199982,-0.5653318,3.7091098,0.90162426,-0.1740618,-1.6288351,-0.5048726,-0.8231087,-2.6046,-3.853225,-4.7752385,0.6064977,0.84756976,0.721741,0.47575995,0.9627532,1.7341954,-0.2729439,-1.914716,-0.033886194,-0.45355028,3.0599647
GGACCTCAGTTAGAGG-1,-7.1258054,-1.6214281,-2.8898413,0.6562128,0.7779955,4.144599,-0.9865828,0.31186754,-1.1294287,1.345157,1.71625,-0.9216703,0.16442251,-0.7416352,-2.4970572,0.4501917,0.48535752,-0.37518945,2.3800664,-2.7488408,0.43230245,1.7298142,0.36416823,0.48474216,0.40878636,0.6835868,0.49769405,0.5993275,-0.5591657,-0.53767866
GGACCTCAGTTCCCAC-1,-7.362358,-2.3761752,-4.8981724,0.55336374,0.19633955,-1.7785192,-1.1618387,0.31771913,0.80610746,-2.374356,-0.1749458,1.2100602,-0.107907794,-1.5673021,0.696399,0.45062727,-3.4123874,0.25479463,1.3461666,1.8773369,1.1044034,1.1502509,1.2421712,-0.964662,0.8457553,0.94948125,-0.6314349,-0.10868729,-1.7570565,0.32747915
GGACGAAGTGCGCATG-1,-5.953964,-2.6452043,-3.6768153,-0.10314802,0.5771167,0.3955331,-1.3083482,0.92280716,2.2677307,-1.5200039,1.4329942,-2.8795671,0.67762166,-0.34731925,-0.16288902,-0.3363177,0.5277781,0.6716948,-0.03961378,-0.010466193,-0.58653384,0.72793,1.0422533,-1.0561678,-0.5963674,0.3965851,-0.75944,-1.1030147,-0.34763828,-0.52938145
GGACGAAGTGTGTCCC-1,7.152322,9.339576,1.157174,-3.2199838,12.127037,-1.0043653,-3.4599786,-0.51498204,-2.3168697,2.0850654,3.6872942,1.3114315,-1.0975494,-3.298896,-0.053643376,-2.7603366,2.203907,3.328445,0.5788869,0.14339402,0.81166315,2.0066462,-1.7497613,-1.4613005,-0.38926613,-2.190554,0.3224227,-2.0286968,2.6702135,-0.99441195
GGACGAAGTTGAGCCG-1,12.917568,-2.930108,-0.56357366,-0.33478823,-5.318978,0.20565353,-0.24871264,-0.24966954,-1.0021547,1.0033815,3.7287695,1.0866045,-0.5192147,-1.2330394,1.0047816,1.0496756,0.9935022,1.2411332,3.0458949,-1.1843292,-1.4784703,-1.4469582,-0.91248,-0.50546604,-1.5928564,-0.15845574,-0.07954184,1.088946,1.0503899,-1.2252877
GGACGGATCCTAAATG-1,-8.766812,-3.226318,7.870465,1.2127166,-0.7429479,-4.4799385,1.4601208,-1.0044425,-1.3188441,-1.1635668,-0.017801562,3.6800609,-0.597681,0.78928995,-1.4032515,-0.0008492219,-0.032086555,-0.7541306,0.19760755,-0.5948173,0.83524,0.46073693,2.259749,2.551143,0.9435187,-0.92015344,0.58699375,2.1445553,0.7382463,-1.0583041
GGACGGATCCTCAGTC-1,-7.5424595,-0.8504776,-4.2786574,-0.014880941,0.25658768,-0.5360005,-0.8971702,-0.61556715,0.66381145,-0.32746902,1.4799681,-0.9669854,1.5976499,-0.1988133,-2.1913068,-0.30456945,0.58766264,-0.8829318,0.91082364,1.0474678,2.0812378,-2.835576,1.0452375,0.31156588,2.4054549,-0.5019209,3.1801944,0.5233027,-1.2772703,-1.0838714
GGAGCAAGTATTGGTG-1,12.64187,-1.4770653,-0.87290984,-0.5825763,-2.1100817,-0.37488365,0.49295658,1.5075982,0.68879247,-0.67223835,0.995301,3.2383482,-0.55983704,-0.29173717,0.59236157,1.8102125,1.6994783,1.033804,1.5364449,-0.1330012,-1.4715128,-2.3969014,0.3512262,0.7848603,0.9907124,0.42730424,2.2044256,-1.929919,2.414107,0.42873532
GGAGCATAGAGGGACT-1,11.972963,-2.3287556,-0.7893483,-0.96794116,-3.0123003,-0.27718484,-0.65750074,-0.9746021,-0.2841521,-0.05759747,1.1641706,0.17045653,-0.5100102,-1.0431669,0.31427976,0.086649165,1.0376024,1.649683,2.3218708,0.43914944,-1.661761,0.6003931,-0.34225246,0.4022923,-1.5019817,-0.8902197,0.4159584,4.163084,-0.7825758,0.7615508
GGAGGTTAGACTAAGG-1,-6.47858,-0.6851855,-3.0747733,0.74033374,0.31214455,-1.6174475,0.91674316,0.47090322,-1.2703093,0.50685644,0.07380949,-0.4666806,-0.4688904,0.20785542,2.6194692,1.0248065,0.34837195,-0.8663921,-0.37140676,0.6436824,2.3849564,-0.7270283,0.26349455,0.69622266,-1.5567137,-1.5226911,1.4905543,0.9451419,1.3790568,-0.12693395
GGAGGTTAGACTTATG-1,-7.300663,-1.9125711,-3.3349073,1.6075212,-0.79593825,2.9548583,-2.0325265,-0.3074226,1.7102774,-1.6382004,0.12567315,-0.6035854,-1.4594569,-0.20312221,0.15735078,1.0123852,1.222406,-1.4421792,-0.88533676,-3.5685008,-0.9395609,-2.6414099,-1.9149309,-1.4764489,1.6373687,-0.75034887,0.47080982,-0.8368965,-0.1739522,-2.1350374
GGAGGTTAGGCTCATG-1,-6.5792828,-1.9738414,-3.293335,0.79415584,0.22090325,-3.6991198,1.0141006,0.051876448,-0.66660804,0.56855476,1.2522247,-1.2658505,0.24283573,2.020087,-0.89127284,0.20948212,-2.2211387,-0.98500437,-1.7408947,-0.49448514,1.3193456,0.52576345,-0.9604874,-1.2127395,0.26137298,1.3492999,1.5077089,0.25663713,-0.17337279,-0.14563182
GGAGTCTGTAGCTGGT-1,12.1980295,-3.0937076,0.2546187,-0.12015961,-6.6155744,-0.40510926,-1.7953252,-1.7879119,-1.9430588,-0.31127232,2.707125,-1.504081,0.35596755,-0.4390111,-1.3082095,-1.053432,-0.6147758,0.83110356,-0.302137,-1.196155,2.002075,-0.9422117,0.88894475,0.13895345,0.28797704,-0.55103666,-1.0554402,-0.72815806,-0.73631954,-1.1945684
GGAGTCTGTTATCCGT-1,-7.80368,-3.4839272,12.282084,-0.41007793,-0.00807912,3.508328,4.039164,-0.35984454,-3.0938032,-2.8655386,3.1637962,-0.60905343,0.79882854,-0.46841273,-2.381126,1.9022825,3.5292277,0.7697032,1.036183,2.216923,-1.3302867,1.0105704,1.5872629,0.8679684,0.27682683,0.0031287605,-1.1353276,1.5784451,0.5004442,0.29155245
GGATAACCAAGATTCT-1,-5.97713,-1.2910093,-2.394047,0.35630006,-0.5541859,6.7178473,0.23464474,0.45984954,0.9777389,3.4421449,-0.432386,-0.26490217,-2.187602,2.92374,-2.202816,1.6610303,2.0241976,0.74955773,2.8343189,-1.5472021,1.3281004,-0.6322051,-1.3991154,-0.30083033,0.63435185,0.41172066,-2.0403502,-3.129543,0.5447452,-0.59444344
GGATAACCAATTAGGA-1,12.674394,-1.1405412,-0.7089958,2.0489466,-5.1574483,-0.16301748,-0.5298658,0.8707915,0.678228,1.4573481,3.0358646,3.449081,-1.9768071,-3.3639019,0.14854702,0.1215223,-0.6116236,0.8300185,-0.11863371,1.0812874,-0.10684448,-0.35941178,0.22929943,0.55402553,0.38691846,0.35333425,0.5608957,1.3008236,-0.35135758,-0.04836
GGATAACCACTTCACT-1,-9.700267,-2.0180407,-5.912639,0.092568584,-0.48400223,0.7443194,-4.645973,0.30547267,1.3986526,-4.534319,-3.0248249,4.0751314,-0.5347758,-2.4653716,2.0735297,0.61940116,0.4215825,-0.99211335,-1.5587003,0.8094434,-3.671769,-0.13261364,1.0341164,2.6228747,2.588124,-0.11675084,-0.6362636,-1.5333467,0.7304812,-0.0007469424
GGATGAATCATGAGCT-1,-7.1668043,-2.7321293,-2.6023839,0.17025985,0.020149445,-3.8609786,1.8784705,-0.05226205,-1.0993588,-0.9705978,1.3715514,-2.924915,-0.010116756,0.8609299,-2.3866248,-0.30215195,-1.299586,0.111749716,-0.6509882,0.32269105,-1.0540512,0.042271186,-1.7450927,-2.1053085,0.5039103,-0.08372854,-1.5674341,0.9202276,-0.5857677,-0.6897308
GGATGAATCGTTAACA-1,13.349454,-2.3184845,-0.518734,-0.78103733,-4.825945,-0.22317035,1.9080937,1.2616677,1.1124972,0.952701,3.1151578,0.8053228,-1.4588917,-2.6441083,0.78948355,-0.48993248,-0.1434901,0.8447159,3.1101317,-0.18678688,-0.30174264,-0.8405292,-1.2310579,2.0593555,0.17308538,0.39594755,-0.88291997,-0.9348904,1.4683222,-1.7671162
GGATGGCCACACTAAT-1,13.92827,-1.8626521,-0.52861375,0.6537896,-6.216661,0.6041317,-0.6889274,-1.0506121,0.4161457,0.94355214,2.3114684,1.1698766,-0.62459993,-1.720337,1.1256416,0.20444438,0.062150624,-0.012833553,0.8823862,-0.5622161,-0.2705175,-1.4467307,0.44909087,-0.21499147,0.22087047,-1.4806947,1.6153234,1.6536939,1.0962917,1.2518063
GGATTATGTAAGCTTG-1,-0.24155764,21.843464,0.25435272,-2.5054173,-0.31427026,2.359015,2.9332323,-13.722601,4.8631334,2.7368793,-0.7899069,-3.9639783,1.372019,-1.525445,2.1523986,1.229715,2.1033664,3.0470605,3.6956487,5.2120395,4.223674,-1.440533,-2.3732312,7.7645717,2.072513,0.92002213,-1.2238642,-1.6787329,-0.1100516,6.637635
GGATTATGTTGTTCAC-1,-7.94293,-2.3309484,-2.7831824,0.33452818,-0.52496314,4.232428,-1.5265917,0.5540868,0.03272099,-1.0314043,-1.6139398,1.7336334,0.28012884,-1.6517727,-0.87176394,-0.29003915,-2.0478969,-0.050359618,0.60960436,1.7666118,-0.008557094,1.1095638,-1.1172565,0.11692277,-0.11139797,-1.1877662,-1.6843433,0.42700225,-0.076935075,0.52848566
GGATTCAGTTACTTCA-1,-7.5340896,-1.5990324,-5.005333,2.6527667,-0.17971243,-2.0116491,-1.0362059,-1.7547172,2.2724247,-1.4451978,-0.84936196,-0.8251133,0.206987,-0.0912585,-0.933133,0.6470236,2.5642462,-1.2249862,0.3324939,-0.49423698,2.265998,0.08920011,-0.25549796,-0.5844414,-1.0922147,0.23532246,-0.16066,0.3175277,0.8697429,-1.0950611
GGATTTATCACCGGTA-1,-6.717978,-2.7578855,-6.1187277,1.1759949,-0.62189054,-1.7929466,-3.3003092,0.8858429,2.271398,-3.171104,1.0928775,-0.20935261,0.4860761,-1.7686746,-1.0586305,0.8447349,1.0967393,-0.19124751,0.37597808,-1.2714578,0.8206495,-0.90757257,1.037161,-0.11886009,0.6971005,-3.9505687,-0.7034435,0.7083174,-1.1928855,0.49883667
GGCAAATCAAGCCAGA-1,9.247782,-1.0973113,0.9720221,-0.73072577,13.301203,-0.08839377,-2.4841077,-1.6656754,-2.9035923,1.3434181,3.0211942,0.50546765,-1.6814559,-1.668702,1.433403,-0.16744043,-0.91746384,0.51312685,0.6923076,-0.13236701,0.7143743,-0.5516913,-0.7589606,-0.07246137,-0.2114968,-0.15239207,0.1570366,0.62191004,-0.6335898,-0.002401088
GGCAAATCAGGATTAA-1,8.649356,-0.81846994,0.50561464,-0.27327946,10.3132515,-1.0072396,-4.0465493,-1.9141564,-5.1942706,0.62545377,4.4035883,0.9250963,-1.631071,-1.4531975,0.3583671,-0.023212962,-2.429544,-1.2417263,-0.83295447,0.5035554,1.0981321,-0.5259016,0.15747525,0.91248083,0.21659333,-1.5712469,-1.006942,-2.1044388,0.32569635,0.41433397
GGCAAATCAGGCTACT-1,-7.5241427,-2.2760015,-4.2019453,0.16527364,-0.06290047,-0.043155733,-1.4686406,-0.14379491,0.73847216,-1.1501862,0.34779903,0.13740776,0.7545248,-1.412786,0.92915297,-1.4917259,-1.9384016,-0.37643123,1.0839155,0.45848316,-1.8055763,-0.33469102,0.22309585,0.11675507,0.38757575,0.044492945,1.749536,0.58387125,0.60834914,1.3628664
GGCAAATCATAATCGT-1,-6.1289945,-2.4723256,1.8206406,0.009242702,-0.33083108,4.8332186,0.43394545,2.103523,1.0630077,7.5091486,-2.318405,-2.3251173,0.44674754,-1.3443923,1.1434115,1.1144763,0.72585315,0.22859177,0.92435145,2.517977,0.8733667,-0.9927437,1.7489698,-1.977789,0.81516665,-1.6862515,0.986457,0.5603329,0.009008645,0.12190288
GGCAAATCATTAAGTC-1,-7.4052553,-1.6580894,-2.8307812,0.78593886,-0.78931093,4.9529357,-0.41014382,-0.36744487,-0.71280354,0.7762497,-1.6512775,0.5594265,-0.7132146,-0.6520494,-0.5749307,0.7811579,-1.0560998,-1.1204634,-1.253229,-1.4957973,-1.3089137,-0.64266217,-2.4888291,1.7966827,2.6253679,3.7483363,1.4986792,-0.42048314,-0.15067028,-0.52913177
GGCAAGCCAGTTATCG-1,14.0671625,-2.7363434,-0.28981447,-0.69611394,-5.381246,-0.69784135,-2.9200408,-0.5152599,-0.5996034,0.97025263,-2.5127184,-0.8265465,0.25170243,0.8770345,0.19814658,-0.75777614,-0.057278316,0.6311323,0.7857877,-0.019246878,0.99834865,1.309019,1.4127499,-1.0280318,-0.08188513,-1.6401966,-0.0090190405,0.97967833,-0.9639378,0.23901758
GGCATGGAGCACAGAA-1,10.881999,-0.66589046,0.63255644,-1.0630965,9.914285,-0.41569066,-0.005699877,0.38613987,0.35342413,-0.5678773,-1.7315277,0.818857,0.36992267,0.48378226,0.65126264,0.69623506,1.131536,0.7360168,0.36825958,0.3785219,-0.92988616,-0.62602,0.25873303,0.07750145,0.49113283,0.41128916,1.9458853,-0.15713654,0.03759437,0.7489414
GGCATGGAGCAGCTCA-1,-6.457372,-1.0227375,-3.8092935,-0.12139477,0.71628946,3.93344,-0.61782104,-0.6397204,1.9457229,-1.5066799,-0.23892406,-0.43676588,2.1242945,-0.9788465,0.3092999,-0.4372914,-1.5268967,-0.25755417,0.92669326,-2.1520824,0.9418251,0.76691425,-0.8522711,0.23992623,-0.285833,0.49212843,-0.53848207,-0.6635185,1.0958705,1.6187727
GGCATTAGTCCCGAAG-1,14.230427,-3.459106,-0.60265124,-1.1462134,-4.611185,0.3317939,-0.5477685,-1.6891147,-1.9398961,-0.99236786,-2.3869522,-0.7465786,-0.8207571,1.1015188,-0.76422286,-0.8057969,-0.25441954,-1.1247108,-2.4734771,-0.68612176,-0.4165327,0.31274417,0.59643227,0.34930655,1.2267407,-0.55488205,-0.4576127,-2.818134,0.878197,0.25446498
GGCATTGTCACTAAGC-1,-7.5943804,-2.4630425,-4.7226734,0.45170185,-0.2509788,-4.2655506,0.46966404,-0.35470805,-1.5527186,0.17080274,-2.1726441,2.2338507,-1.2504774,-0.30965263,-0.44784173,-0.8566873,0.73485345,1.1320528,-0.9679235,1.1203064,-3.0356815,1.8757577,-0.2328243,-0.64209443,1.9737582,1.1194553,-1.3838485,4.6072855,2.2328997,3.0559506
GGCCAACTCCCTGACT-1,10.64875,-1.7829984,1.1088157,-0.24206825,10.573843,-0.64116764,-2.9992561,-2.6975434,-3.721435,1.6121874,3.616148,1.4527408,-1.1729978,-1.1626428,0.88761854,0.16988403,-0.086033605,-0.17740157,-1.9705282,-0.3566585,1.438299,-0.77894896,-0.4217022,-1.4134586,1.0829685,-0.010638831,0.31073344,-0.08292739,-1.3041034,-0.6877516
GGCCAACTCCGCAACA-1,6.2221403,2.211582,0.7476452,-2.5040448,2.7807338,0.23293121,-0.6058876,-0.42037073,1.4894216,0.07906184,-2.7153575,-1.5567675,-1.9277879,-0.49034008,-1.3572198,0.101424515,-0.5641045,0.6967322,0.44907838,0.34435615,-0.78355545,-1.8401924,0.6816262,0.10664363,-5.524821,0.7052931,-1.3623362,0.24491327,4.859889,-0.5947095
GGCCATCAGCGATAAG-1,12.790765,-1.9698553,-1.1111405,-0.19347559,-7.597051,0.24569069,-0.7758336,-1.4528738,-1.7677866,0.7633131,2.4346197,-1.3905473,-0.33617273,-1.1186495,-0.47097516,-0.6540642,-2.1302645,-1.823635,-3.3848765,0.5084823,1.023707,0.36037794,-0.70280224,0.7010289,1.8184665,-1.9282877,-0.413854,-0.69842935,0.53408325,0.83186203
GGCCGTTAGCACTAGT-1,-5.661177,-1.872679,-3.9241765,0.34663275,1.2590461,0.48881015,-0.7752947,-0.66741836,0.9438757,-2.6504757,1.5347427,-3.4098248,0.8187511,-0.07269907,0.6762844,-0.6318484,-0.63980025,-1.2882234,1.7519357,0.74467534,1.5802183,-0.82562107,-1.2679303,-1.0206565,0.8585248,-0.3081742,0.23635963,1.3068831,-0.17587964,-1.0530936
GGCCTAATCACGCCAA-1,-7.383588,-1.4902292,-4.624519,1.5724491,-0.3498795,-1.1738665,-1.3177599,-0.8925098,1.0182717,-1.8807621,-1.8812698,1.1703001,0.9316581,-1.6311548,-0.34876218,0.69842356,2.1480057,0.43766984,-0.48519042,-0.15087578,-1.1496968,-2.2059953,-1.747078,2.3791506,-0.32846263,0.9233837,-0.9337102,-0.864467,0.69729966,0.6530282
GGCCTAATCATTGTCT-1,-6.4431963,-1.1772436,-3.4971547,0.36957827,0.1728587,3.386683,-0.9201969,-0.31308398,0.29690778,-1.2088704,-0.59711844,-0.14977005,-1.1242732,1.0105733,0.3243538,-2.1579218,-1.6452798,0.14776523,-0.7064486,0.1789113,1.5092098,-0.92654544,0.08483115,1.6208901,0.5893652,0.533409,-0.6320996,-0.41680163,0.6062389,-1.0179335
GGCCTCTGTCACGAAC-1,1.6361951,23.062542,8.089391,47.24031,-2.523162,-1.120384,-3.383657,2.1168032,-3.0862792,0.39795163,-0.05566702,1.4558734,-1.8920119,-1.0069509,-2.7907078,1.0282813,-2.8822956,4.0682397,-0.16774695,-4.9709053,-1.6731237,-4.361788,3.0158122,-1.1225469,-0.49808338,4.9568276,-1.7121508,2.8770235,-2.6387174,-0.6422697
GGCCTTAAGGATAAAC-1,-1.7638917,27.423338,-0.5393782,-8.167997,-1.3093274,-2.3469605,-4.1129456,13.297519,-6.1894197,-1.7916043,2.6795893,4.0296583,8.648849,0.9810403,-2.857948,-1.7932297,-5.425905,-4.780705,0.43643135,-0.34446293,0.90070856,-10.089283,4.4049215,2.1793976,1.2881213,-1.4377573,4.0940332,-5.036927,12.120097,-2.6760535
GGCGGTAAGGTCCTAG-1,-6.7514834,-2.4628813,-5.1932454,1.1482563,0.10033631,-1.5166972,-1.8189667,-0.9271455,1.7542466,-0.9238867,-0.21309987,-1.6374459,-0.6383376,-0.62564504,0.7407572,1.3702267,2.1648698,-0.9010652,1.0831231,-0.8975644,0.5166516,-1.1804836,0.7663639,-0.156088,-2.5954154,-0.35390037,1.2747033,-1.9394705,1.456002,-1.482688
GGCGGTTTCACCTGCT-1,13.209616,-1.5851033,-0.80949986,0.09538069,-2.0251927,0.30140695,0.024875317,-0.119197,-0.21813774,1.275256,-2.7032862,0.59038854,-0.10829811,0.91381484,-0.32952255,-0.9075481,0.26888525,-1.2467555,-0.6306063,1.9953096,0.6098681,0.4946143,2.6296263,-1.7204981,0.7532214,0.5419354,-0.43332392,0.917403,0.110064715,-0.37435046
GGCGGTTTCCTTTACG-1,-7.4570127,-2.0337074,-4.949934,0.6696401,0.8413444,-1.0601523,-2.0086122,0.88899094,1.3398387,-1.9216115,-0.37352452,0.5894041,0.20140858,-0.7596755,1.7912935,0.9167831,1.0615157,1.1325742,1.3429422,-2.5121257,2.1278894,-0.506749,2.0105338,0.032233138,-0.40300673,0.29337156,-0.9620824,0.6497274,1.3887421,1.064149
GGCGTTATCCAGGAAA-1,3.0053031,20.296778,7.0859447,42.75266,-0.37140095,-0.17870204,-1.8203168,-0.8724403,-0.88565385,0.4996863,-1.1538166,-1.3235171,-0.5490507,-0.1878105,0.4956841,-1.7542274,-1.364144,-0.14242469,2.593787,-2.1429105,1.1692504,-0.4174492,0.34629205,-0.857568,-1.8225753,1.1003532,-2.3090198,2.4937804,-3.65474,-3.4005523
GGCGTTATCGAGGTGG-1,-7.467581,-1.7423642,-3.9210193,0.45901224,-0.7198585,2.528859,-2.376351,0.25156158,1.0018098,0.7184318,-1.5894449,-1.2878115,-0.28227925,-1.7356395,0.047835834,0.3147954,0.55575943,-0.6775815,-0.36499617,0.6519514,-0.42451072,0.20481798,0.69238025,0.82820314,1.2502489,0.76522434,0.19367051,-0.78365755,-0.8231195,-1.2516218
GGCTAGACAAACGGGC-1,-8.228101,-2.0486841,-5.224433,0.28080195,-0.7432038,-2.0432951,-1.3145399,0.18085672,0.6864317,-2.2232244,-0.838218,3.1236367,-1.7356912,0.33279815,1.7212534,0.6307202,0.28014985,0.3601743,0.5066675,0.9201263,0.8778349,-0.65621084,1.304207,0.35675833,-0.21043713,-3.3641636,0.34502444,-0.8755878,0.014351076,-0.27126518
GGCTAGACACCTAATG-1,-0.8643141,24.963863,-0.804615,-8.007399,-0.7615354,-1.413847,-2.4224117,8.75957,-5.226028,0.08039509,2.585869,3.7036777,5.244204,0.30334532,-2.6469426,-1.9612844,-2.496415,1.1787052,-3.6292908,-7.396919,-3.829877,1.0816299,5.078563,1.8689512,-1.4191476,1.4741939,5.027247,-0.67851615,2.7726965,0.6396608
GGCTAGTGTACGCGCA-1,12.54686,-2.9447224,-0.23125345,-0.7604277,-1.4786646,0.06293902,-1.2668892,-1.2770021,-1.0265186,0.29359305,-1.7620511,-2.0906477,0.9421189,0.7422185,-0.04470316,-0.5007461,0.58683544,1.4151459,0.34734404,-0.3344507,-1.0054499,-0.19858916,-0.53147596,-0.26663068,-0.5341441,1.0130289,-0.55649143,-0.5317131,-0.56091285,0.6352419
GGCTAGTGTCCAAGAC-1,10.2614,-2.029631,0.37900266,-1.021459,10.303314,-0.7395215,-0.5715272,-0.24981923,-0.8917584,0.30724308,1.2088044,-0.37262627,0.65754205,-0.34886938,0.48067668,-0.59897316,-0.049267408,0.621237,0.13181958,-0.51954234,-0.13561021,0.16159561,0.1947958,0.057359904,-0.04562288,-0.83489513,0.095941134,0.55989003,-1.1636987,0.46928853
GGCTAGTGTTGTTCAC-1,-6.7998915,-1.4499987,-3.7456691,1.0035319,0.112336524,-2.8953884,1.4197519,-1.4323548,-1.9347955,1.8380136,-0.3052413,1.2206768,-0.8980097,1.2121116,1.1383588,0.28647757,-1.6444925,-0.6436947,0.9246743,0.5676399,0.68653363,-2.050834,-0.4671791,0.46281227,-0.2296184,-0.95951456,-1.6409774,0.43688738,1.8848099,-1.0563003
GGCTAGTGTTTAAAGC-1,12.082559,-2.121157,-0.4490521,-0.8747978,3.3597865,-0.16103955,-0.36246032,-0.48434263,-1.0003861,-2.2721522,-5.15047,-0.31430784,1.4200945,2.1206427,-1.5571942,1.3042613,1.235147,-0.5736256,-2.8135965,0.14882748,0.853086,0.6390051,-0.21724041,-0.062109392,0.7281917,-0.59613127,0.98316175,-3.912225,0.9584201,-1.1180583
GGCTATGTCTCCTCAA-1,11.917378,-0.16646953,-0.044276588,-0.7908176,8.204274,-0.6556594,-0.73919606,-1.1130061,-1.6563891,0.30660892,-0.55530703,-0.21970342,-0.23678693,-0.20500135,-0.22789203,-0.2810414,1.3416569,-1.6391783,-1.3249499,0.16614898,0.6733593,1.0427017,0.30806217,0.27633223,0.5994574,-0.10083611,-0.043413732,-0.6578967,0.44511718,0.2846705
GGCTATTAGCAGCTCA-1,-6.7563515,-2.1591537,-4.0501313,0.6730457,1.4844252,-1.2816552,-0.68120694,-0.28624493,0.49350932,-0.6393656,0.16301587,-1.2974402,0.9077444,-0.33017054,-0.019806432,-0.75784606,-0.82210195,0.91609627,1.086089,-0.5289689,-0.5790836,-1.2451451,0.58804053,-2.6052644,-1.5820634,0.41702893,0.0804967,0.23926127,-0.9817621,2.0614276
GGCTATTAGGACTTAC-1,-7.094566,-2.025572,-4.608579,0.039627537,0.70070237,-1.9668556,-2.7934563,-0.53772354,1.6474017,-2.2668695,0.17966725,0.4304822,0.36507893,-1.5302223,-0.991835,1.0562162,-1.0357224,1.4496771,2.1242592,0.8563536,-0.052266162,-3.6225247,0.29611552,0.7302915,0.34648266,-2.0587509,-0.43987402,1.230937,-3.2988093,-0.13803063
GGCTCAATCATCCTAT-1,-8.511499,-1.3870133,-4.5936522,0.693601,-0.80951023,3.4360049,-3.1242955,0.2525141,0.12667347,-2.8959448,-2.4445174,3.2112982,-1.0427163,-2.8249886,-1.7540997,5.5087943,-3.1353614,-0.6965559,-1.1476716,-1.9434515,0.028335832,-3.614397,-0.837221,-1.1596845,-3.00694,1.7797564,-0.4193011,-0.8709008,5.0451717,2.2974508
GGCTCAATCATGCGTG-1,13.373203,-2.3182073,0.38801807,-0.406227,-1.078137,-1.1783242,1.9500809,1.1707747,1.9851239,0.10905573,2.9689546,-0.46800196,-0.18815629,-1.688388,1.4223206,0.6609559,-0.03138507,1.6428581,3.4750142,-1.0185744,-1.1001838,-0.5623931,-0.34973824,0.2313301,-0.9490993,0.280371,-0.57893306,1.3348001,-1.579121,-2.5658615
GGCTCAATCGTTAACA-1,-6.7390447,-2.563149,9.804825,-1.7114377,0.46200785,3.39098,6.939893,-0.82341003,-3.7669115,-3.3099978,0.36918387,1.3791122,-0.5552393,0.6031618,2.1813948,-0.9941198,0.6801148,1.0257546,-4.451097,-1.4240699,-1.8747851,-3.1630995,-3.1235337,-3.6110904,-1.4277897,-0.5829371,2.2064176,-1.667421,-1.1625055,2.0664203
GGCTCACAGCTACTGG-1,-7.237526,-1.6074187,-4.1245914,-0.49775505,-0.26063317,1.2086184,-1.065206,0.819431,-0.2936962,-1.5901263,-0.59747094,-0.7929659,0.48682082,-1.8057323,0.07773548,-0.0056329407,-0.40938526,0.60680634,-0.1921205,-1.7480794,-0.7904565,-0.49385685,-0.21292526,0.3814833,0.78266716,-0.0188934,-0.15127356,0.080244854,-0.8491777,2.0435488
GGCTCACAGTTGTCCC-1,-7.4821925,-1.716209,-3.280122,0.5970395,-1.1039035,-1.374233,0.5561687,-0.1598091,-0.06682405,1.8528639,0.74589765,1.0242279,-2.431313,1.8387394,2.1049004,-1.7723565,1.5416303,-0.12787715,0.07963697,-3.153129,2.3085814,3.5702422,1.7309722,-0.004777142,-0.93848926,-2.0786638,0.76078266,-0.31812865,-1.0927393,-1.2486489
GGCTGAGAGACCATAC-1,-7.76068,-3.194706,14.085127,-1.5619419,-2.0607126,-4.6291738,-1.9979925,0.62726945,3.080711,0.4143719,-1.1571969,0.6771029,0.75496936,-1.2074022,2.2581124,-0.3051444,-2.0395217,0.46428084,-3.5328808,-0.767151,-0.12769695,-2.8701699,-3.3299553,0.020213185,-0.89666647,0.076563194,-0.28798738,-0.24220642,-4.9495735,-1.0907722
GGCTGAGAGGTCAAAG-1,-7.947029,-1.9318825,-4.406755,0.9263315,0.083465174,-0.03200463,-1.8467094,-0.4334353,1.5870074,-3.1381478,0.6416963,-1.2209407,-0.61234725,-0.11287453,0.95190203,1.280169,0.39338204,0.0044970126,-0.9255695,-1.1689341,0.86640435,-1.8318464,0.28001046,-0.77891606,-1.7964617,-0.30081397,-0.6421974,-0.96238667,0.46656817,-0.19314301
GGCTGTCAGGCTAGAA-1,13.448487,-2.857325,-0.4356324,-0.6408389,-0.6594153,-0.44373956,-0.10449524,-0.0818036,-0.26249006,-1.6465921,-3.577032,-0.6241447,1.2979276,1.1392922,-0.28626716,-1.3172565,-0.81933755,1.7263044,-1.7502787,-0.699083,-0.10733247,-0.4080651,0.104554735,0.056208882,0.41406316,0.3620104,-0.17077309,0.42968982,0.54832107,0.9846152
GGCTTCAAGAGAAGGG-1,-5.815659,-1.8357468,-2.3783898,-0.17766958,0.6643068,-2.8288107,1.6050817,0.44500569,-0.9111423,1.7840601,1.0074962,-1.3400317,0.16360903,1.3918476,1.1531836,-1.7698654,-2.1228294,1.4663212,0.76438665,0.43469787,-0.24425863,0.15589774,-0.2957372,-0.02165077,-0.696342,-0.8943779,0.7943007,0.613425,-1.2512178,0.12086795
GGGAGTAGTGCTTACT-1,-0.8970868,24.113342,2.7433107,-3.9370286,-0.9003181,-1.3154343,-0.80035764,7.362453,-1.8840377,-1.9611039,-1.2975273,-2.144973,-2.213068,2.1426501,7.333844,11.247998,-4.549942,-1.3858134,-2.3771024,0.37397432,-0.18804692,0.14992587,2.3590786,4.3050175,-3.331259,2.5603657,3.9883263,3.9174032,-3.0406334,-0.085558474
GGGATAATCCAGGTCA-1,-1.8531379,22.475096,-0.12109379,-7.24428,-1.3748955,-1.7255774,-1.9712749,10.557836,-3.5521164,-0.8678946,3.2363913,0.96003145,1.9041917,2.2519848,0.5057159,0.6276401,-5.19242,-1.8866377,1.7366471,-1.2183987,-2.1485305,5.007084,6.3122888,-4.1664195,7.066878,1.8376719,0.40072906,0.8917256,-4.8573728,3.3828986
GGGATAATCCCGTTGT-1,-7.861481,-1.4121035,-4.410566,0.8192329,-0.103656575,1.2166649,-2.9449918,-0.1609897,1.5865859,-2.763972,-0.6092104,-1.3026022,0.60762525,-1.7546536,-0.6673247,-2.2328904,-2.7824316,0.9000001,-0.028713912,-0.17891927,-2.3715928,2.3436823,1.8011377,2.0290213,0.123117216,2.5646567,-1.2770958,1.656247,-1.0184025,0.44524318
GGGATTAAGGCTTAGT-1,-6.9325795,-3.597077,17.247952,-1.3828562,-1.635091,-6.276913,-5.497674,0.48475733,6.374014,3.7835362,-0.2327639,-1.8005878,1.8417379,2.7275705,0.30724242,2.5462272,-1.1039805,0.15810622,-1.8821988,1.2824283,-0.09765472,2.577889,-1.9867591,-2.1123276,-0.25796387,1.2387902,2.3829386,-3.2131152,-3.2906544,-0.19396943
GGGATTAAGGGACGCA-1,-7.630686,-2.1148968,-4.25407,0.4470227,-0.62524587,-4.3694677,2.2008815,0.42848983,-1.6081697,2.0584843,1.2897944,0.34442735,-0.84665036,3.1200943,1.1722465,-1.1704779,-0.5284885,0.12043328,-0.13736877,0.13713346,-0.98935944,3.5113766,1.9328603,-0.56497693,0.71528214,0.34192795,-1.0069858,-0.6522764,-1.5912753,-0.22489451
GGGCAATAGACTCGCA-1,-7.142798,-1.6624832,-4.931674,0.14969932,0.09525809,-0.9794914,-0.45787886,-0.13128129,1.7572678,-1.5473098,0.7676076,-1.1250892,-0.1228453,0.11150366,1.428336,-0.3327832,1.97755,0.51668966,-0.22229892,-1.2449833,0.7379696,0.5907235,0.89609796,-1.378749,1.8517447,-2.4743795,-1.8311297,-2.0111818,2.943258,-0.042299658
GGGCAATAGGGACTAA-1,-7.75993,-2.4644852,-5.6618857,-0.18706015,-0.6789324,-1.5263652,-3.3823767,0.49048775,0.85234034,-0.8745053,-0.32777637,1.5768434,1.7805753,-1.2412238,-0.5090601,0.6963327,1.0373466,-0.28229606,-0.29565424,-2.1755233,-0.71147764,1.4339651,0.25788772,-0.82747114,-0.20434977,0.14176778,1.6616925,0.0409699,1.8897694,1.9028883
GGGCATGAGACAAGTG-1,-7.2421985,-1.71332,-4.5474324,1.0086478,-0.037240375,-3.8301547,1.3994948,0.21408708,-0.8989422,1.481927,-0.37468,0.4800834,-0.8652382,0.7882244,-2.6678445,0.8624547,-0.5349445,-0.8042117,0.4834914,0.06541366,1.2325469,0.23776941,-1.0627614,-0.86873347,-1.482644,0.14809176,-0.08821911,0.23103859,0.20782626,-0.72578335
GGGCATTGTTGGTTAG-1,15.595472,-1.6964551,-0.5662862,1.0881139,-5.588015,-0.75147784,-0.23566914,-0.39258143,0.059179068,0.91917646,1.5627649,0.8739171,-1.8265486,-2.7202837,1.930431,-0.78676677,-0.24804808,2.346874,1.9784818,-2.1806147,-2.8604624,0.67085373,1.1744099,-1.6197026,1.217773,-0.6131645,-0.60624444,0.44508594,-1.1113718,1.4438365
GGGCCTAGTAAGGTCC-1,12.763935,-2.494321,0.4489778,0.047958322,-6.6729107,-0.14695767,-2.2367702,-0.20949017,-2.2172077,0.50050217,0.7364267,-1.1230903,-0.09413832,1.1761959,-0.15888895,0.79157734,-0.91632366,-0.9628619,-2.3885658,-0.19831541,-0.49378428,1.1214771,-1.3731315,1.9934077,-0.14338577,-0.13023098,-0.9822508,-1.7326721,-0.20008528,0.13455123
GGGCCTAGTAGGTGTC-1,-7.3761935,-2.0117645,-3.908355,0.023235397,-0.4241149,-1.0344815,0.8905928,0.20805754,-0.63684183,1.9756081,0.19710502,-1.3430907,0.20990029,0.9131604,0.10306741,-0.46472037,0.6580174,0.058133975,-0.3184434,0.19404756,-0.5373689,-0.27817222,-1.204228,-0.63021034,0.21376422,-0.7370689,-1.9035995,1.2573991,-1.0881073,0.6755856
GGGCGAATCGAAGCGG-1,-6.458389,-2.3500645,-3.0780618,0.21817006,1.2325412,-3.0893724,2.262688,-0.1665599,-1.6563278,2.412272,1.1497078,-2.9867334,0.51716924,2.2578928,-1.2660625,-1.9740381,-2.7053757,0.31585142,1.6565698,2.0185628,0.4979544,-1.1450309,-0.3391368,0.18692742,-0.12127178,-0.30210423,-2.4076202,1.4407133,-0.05853885,0.033250988
GGGCGAATCGGGATTT-1,-7.0693164,-3.205529,17.995161,-1.7455198,-1.7839642,-3.1940105,-1.5331489,-0.45787808,3.3695917,0.042379007,-0.87618905,3.276377,-1.1114352,-0.8283535,-1.8926696,2.408501,-2.3581028,0.6019178,-2.6056929,1.7011775,3.7981985,-4.0054064,-5.2871184,-3.5812547,-1.9784925,-1.5272778,0.35525876,-0.31968012,-6.2207236,-0.8579873
GGGCTAACAACCTGGT-1,-7.276416,-2.0073564,-3.6442413,0.72756207,0.87968516,-5.252626,3.1053479,-0.8811729,-1.9717915,0.46588102,-0.2002735,-1.0073764,-0.14399272,1.5320406,1.8048736,-0.77168876,-1.228332,0.589769,0.72231936,1.6519853,0.33894134,-0.3222878,-1.109294,0.38614485,-1.724169,0.07559855,-0.6770188,-2.7894816,0.1416624,-0.47324255
GGGCTAACACCTAATG-1,14.019949,-2.341532,-0.41582182,-0.38840136,-2.0456371,-1.1201931,-0.0036421346,-0.30569664,0.44558114,-1.7282876,-2.7639315,0.09192146,0.8041324,2.0145366,0.10460057,1.9461093,1.2251658,1.0220723,-1.5739436,-0.15168443,1.0179279,-0.508383,-0.11468632,-1.5560806,1.6650649,1.0489382,-1.2399864,-0.088412225,1.1722664,-1.3829104
GGGTATTTCAGTTCCC-1,-5.933207,-2.0713117,-1.4777068,0.8522048,0.1165832,5.622567,0.7020466,0.6769525,-0.20304725,4.6523075,-1.004589,-1.7555274,0.14874089,-1.0145448,-1.2779412,1.2797278,0.6129457,-0.89455557,1.0490336,1.2348291,-1.2784196,0.69472426,0.74086064,0.8339842,1.2175422,-1.1711227,-0.105052575,0.07605376,-0.8951112,-2.3482134
GGGTATTTCGCTAAGT-1,-7.7946544,-2.7001343,-2.751371,0.6502823,0.28839245,3.4659693,-1.7908317,0.48924983,0.7043072,-0.9268906,0.00443266,-0.33789048,-0.0568749,-0.42056793,0.12856646,0.7932126,1.6146804,0.32916644,-0.6739197,-1.5464114,0.5800817,0.07786435,-0.33830377,-0.21357433,1.245187,0.030547505,-1.2720368,1.4834758,1.7331595,2.532324
GGGTATTTCGGCTATG-1,13.400817,-2.399057,-0.18442883,-0.81565505,-0.11683332,-0.2915131,-0.43046474,-0.43164837,-0.5525814,-0.07677733,-0.083220325,0.039125036,0.47221598,-0.1655958,-0.0003508546,-0.6297034,-0.3161589,-0.5514862,0.5927081,-0.117434,-0.23941983,-0.45163393,0.9609253,-0.4211131,-0.84295994,1.2224873,0.21469778,1.0448691,0.32028908,1.111796
GGGTCAACACAGAAAC-1,-7.3732424,-4.247443,18.10584,-0.97970676,-1.1640414,-3.7747157,-1.9440808,-1.2458245,1.3019956,0.42372656,-0.3310513,-2.9410458,-0.43966874,-1.7060784,-1.0989883,-0.69435495,2.7887194,4.2027197,-0.41772488,-2.1434016,-2.6512005,-2.4671512,1.4150107,2.4668994,0.53288573,-2.0417578,0.10197865,1.8376538,4.1402607,0.3751194
GGGTGAAGTACTTAGG-1,-6.6748686,-2.8641706,13.386485,-2.265903,0.7039104,1.460765,4.509108,-0.5907026,-4.1114798,-6.9762683,1.01839,1.2690153,0.3903985,-0.882656,4.83479,-3.4747393,-1.5548185,1.6017503,-1.0524621,0.13035087,2.3264382,0.9067604,2.9132907,1.6747586,0.1507818,1.2271471,0.5616383,-3.5933754,-1.1942297,-3.0851018
GGGTGAAGTCACAAAT-1,-0.5853768,19.871399,-0.9018981,-6.2070694,-0.9017094,1.6753058,1.8648441,-9.275258,4.4586143,1.6580205,-0.12565395,0.39241937,1.3546727,-2.1134138,-2.9208267,-4.4060073,-1.8246667,-1.3707654,-2.244117,-2.6024368,-0.73207706,-1.4508883,1.1700349,5.991096,-4.9384966,1.3587756,-6.085883,1.876436,5.6296916,1.0207484
GGGTGTTGTTACTTGC-1,-0.60726255,21.336187,-0.9494744,-3.505142,-1.0943111,0.24636292,0.53771806,-4.3074007,1.7296703,1.3907292,0.6861677,-3.9232297,0.5163598,0.30370653,-0.88077337,-2.4608026,4.2861686,-6.0921526,1.8719347,-2.5924485,-1.8344862,0.6755089,0.2170552,4.8546834,-2.1959,-4.9468117,1.9121336,2.6557305,-3.781774,-0.42510685
GGGTGTTGTTAGCTGA-1,-6.740748,-2.2892282,-2.881865,0.99615306,-0.259328,0.75743455,-2.0297263,0.4641005,1.5330292,-1.8682785,0.4020706,1.207366,1.2806686,2.0108285,3.68814,-2.3888733,-2.457692,0.78298825,2.201509,2.1979306,-0.8080531,1.9115933,1.5876842,0.2537081,-1.5503651,1.2432114,0.10997356,-0.7825118,0.04805636,-0.28711525
GGGTGTTGTTTCCACG-1,5.356286,-3.066292,-2.9296386,-0.53623646,-4.27506,-4.2453065,0.76198405,-0.7194382,-1.1371812,2.8824399,2.3908532,1.9282384,-1.3009579,-2.7222428,-1.249837,0.06811862,-0.570529,0.57793766,0.10204444,-1.2128013,-1.1085745,1.0881032,0.31738332,-0.1399928,0.32756543,-0.56056553,-0.7144005,-0.049985345,-0.20274651,-0.2922167
GGGTTACGTAACTACG-1,14.316668,-0.92573994,-0.38795224,1.2223288,-0.09206011,-0.122739576,2.0338829,1.8788697,2.6589494,-0.17530245,-0.3058379,1.3662863,0.59041244,0.35052666,0.4834028,2.0035305,0.52924263,3.5054483,3.0382671,-0.32922333,-0.20675197,-0.67604005,0.0074097286,0.49131867,-0.57742214,0.70196253,0.6304716,-0.93965566,-0.24305168,-1.2732202
GGGTTACGTGAGGTGA-1,10.796904,-0.66159254,0.38773808,0.51142293,5.569553,-0.6485749,0.9168252,0.76509196,-0.5195024,-1.1152697,-1.7251718,-0.9329686,0.5821418,1.470533,-0.9019875,1.8425776,-0.83445174,-1.4874331,-1.2143254,0.22566533,0.5644769,0.44414696,0.98895854,1.6114923,-0.5531431,1.0840404,-0.12630486,-1.0993023,-0.5036348,0.75875384
GGGTTACGTGATGAGG-1,-6.2677016,-1.8982916,-3.571421,0.117370605,0.59512615,-1.4685667,-0.6092715,0.8333856,2.0535648,-1.8528975,1.182341,-3.2104762,0.13469881,-0.31685552,-1.5414033,-0.6424071,0.52028483,-0.24286962,-0.27166298,0.94550973,0.8820322,-0.88504183,-0.882883,-1.8270305,1.1063517,0.77022326,1.025033,-0.77941513,0.60261613,-2.4851556
GGGTTATTCGACAAAG-1,-7.5198216,-1.9015602,-4.3089166,0.14015141,-0.16340674,-4.328082,2.3224268,-0.5108509,-0.58252174,1.2151389,0.36169162,-0.10155199,0.296278,0.5579884,-1.5022625,-0.9649728,-1.7992024,1.5380844,0.35512686,-0.19037107,0.5022491,1.1104678,-0.5840182,-0.019020857,0.42207405,1.8826947,-0.9630531,0.45601726,-0.15270725,-0.9820107
GGGTTTCCACAACAAA-1,14.369172,-3.4410832,-0.26480532,-1.1911575,-3.13122,0.2950436,-1.2191771,-0.4982171,-1.722439,0.4609203,0.7579335,-0.87783945,0.48651436,0.6075104,1.4677261,0.10464287,0.8102415,3.57896,1.0411457,-1.9263816,-0.8048558,0.24613926,-0.12684241,-1.8445762,1.2654101,0.43913645,-3.3508732,0.54126877,-1.4211173,-0.5674845
GGGTTTGTCATCCTCA-1,6.10631,-1.5386984,-1.5371133,-0.22705339,10.045098,-2.4698913,-3.6665132,-2.8258967,-1.3438027,-0.15939112,1.7497623,3.8474307,-1.8478792,-4.5889683,1.3925973,0.93785834,0.93367386,1.3986075,-0.48852327,-0.88121456,1.3616402,0.70165753,1.7981094,0.66183716,0.40209395,0.42116776,0.5027323,0.212842,0.5725675,1.873909
GGTAAACCATTGTCCT-1,-8.102187,-2.0518374,-4.9430857,0.060538616,-0.5962829,-2.7348793,-2.8718035,-0.6603222,2.3347218,-2.6182537,-0.5103901,2.7012331,-0.6307596,-1.5673789,0.52399844,0.07589146,-0.56520474,0.23336956,0.34509492,1.6059784,0.5070546,0.014187631,1.7293618,0.81393653,-1.1287227,2.0525007,1.4745992,0.18158239,2.1615875,0.97680336
GGTAACCGTAATGGCC-1,-6.279952,-2.607104,-4.3423777,-0.17184073,-0.23571986,1.3966508,-2.510451,-0.33011407,1.745112,-2.5439582,0.4325135,-1.7291481,2.0926833,-1.3778096,-0.64911115,0.6656047,-1.1761451,0.63874125,0.20717168,1.2971362,-0.024847407,-0.015533647,0.69103545,-0.79033375,-1.3274415,0.3653605,-0.5656961,-1.3624895,1.3108946,1.0984472
GGTAACTTCACCGGTA-1,-6.9342933,-1.5111251,-2.7545073,0.5462901,0.024621872,5.0585217,-1.914438,-0.22613387,0.85128546,1.6557367,0.1013275,-2.0787773,0.34429207,0.78687024,-0.8442252,-0.47017914,0.45568648,-0.7178793,-0.53526706,0.55795515,-1.1050764,0.95128316,0.7745869,0.22013147,0.7208148,-1.797325,0.018366182,-0.100889854,1.4071553,-0.4935051
GGTAACTTCTTGAGCG-1,13.231382,-3.1038272,-0.50225306,-1.0071863,1.2061743,-0.4819591,-1.2596848,-1.3374118,-2.9668684,-1.4695163,-3.6611805,-0.79628503,1.3742518,2.8292654,-1.1287653,-0.27656597,-0.45375267,-0.5770996,-2.3617003,-1.0175385,1.6626865,0.5168366,1.3704829,0.9186477,1.7353119,0.065859735,-1.6954684,-2.1865838,1.9039313,-0.17942119
GGTAAGGGTGACATAT-1,-7.547231,-1.7669845,-3.8911932,-0.58910096,0.20343392,-4.175779,2.4395673,0.87782824,-1.8737044,0.87042165,0.43356743,0.051147718,-0.0011396713,1.8050449,0.19309704,-0.6367248,-0.6642741,-0.6548582,-1.7656119,0.015594406,-0.35529423,-0.75058615,-0.12656696,0.11834488,1.5228533,2.2674265,-0.5494974,1.5665517,-1.9029098,-0.38626653
GGTAATTGTTCCGGGA-1,14.090687,-3.9676068,-0.48151743,-0.054611757,-9.337677,-0.1788648,-1.4255047,0.7307341,-0.027160412,1.8317914,6.544486,-1.2463017,-0.4935739,-2.188077,-0.71309096,-0.17338645,0.5429897,-0.22159182,-3.1941807,-0.57432437,1.3821127,0.9178237,1.4906826,0.56610084,0.41150478,1.78414,-2.0973608,0.1064422,-1.9411979,0.7301704
GGTACCGGTCATTACC-1,11.450102,-1.5302746,0.5370157,-0.80685705,5.968811,0.39415985,-0.42043322,-1.2370594,-1.4594895,-1.412951,-1.6023706,-1.0094658,1.354805,1.3678447,-1.2798429,0.4132202,0.307398,0.06514632,-0.49740335,-0.19005722,0.26127458,0.66093826,-0.35052451,-0.52486026,0.46015245,-0.074201204,0.58866715,0.2063421,-1.0817622,1.7149023
GGTACTAGTAAGTCGC-1,16.519089,-3.1815898,-0.94026214,-0.012166351,-3.6416821,-0.6063637,-2.1664145,-0.53134316,-1.4382935,-1.2625828,-4.4514923,1.8142004,-0.10297985,1.4865547,1.491531,1.4735899,2.5204384,2.4640524,1.3294646,-2.2492774,-1.7703,-1.1027544,-1.8837324,0.8511151,-0.7105629,0.33391282,0.7057982,-1.1890265,-0.9168169,-1.4738815
GGTACTAGTATTCGCT-1,-7.691833,-1.9996982,-5.446652,0.31513885,0.34155813,0.6718817,-2.4865363,1.3847679,2.401822,-2.1435664,-0.500672,-1.2920243,0.61603105,1.4355648,2.6977823,0.9274973,3.1514916,1.7629204,-2.3333077,1.9355711,-2.3681314,-0.10901112,2.1399367,-0.04766967,0.22452697,0.5616001,1.1839167,-1.5717226,1.183429,-3.3176045
GGTACTAGTATTTGCC-1,-8.887688,-1.5675924,-6.4748225,0.60700965,-0.5222065,-1.059114,-3.368561,-0.60194325,1.0575497,-1.8690649,-1.2173815,4.344457,-0.98522186,-1.8667666,-1.4112641,1.860904,0.4868452,-0.18188362,-1.8645445,-2.1995792,-0.4645043,0.24547839,2.3702753,-0.20650196,3.758726,-0.6323231,-1.2095695,-1.06654,-1.411892,-1.0849608
GGTACTAGTCGCAATA-1,-7.067975,-2.0855482,-3.9662669,-0.19752659,0.3210227,-3.6492436,2.8953035,0.6525851,-0.55307364,1.2351325,-0.7204219,-1.158593,-0.4638583,1.3782853,-1.0197983,-0.011812401,-0.8382395,-0.42748144,-1.0515826,-0.6890661,0.033760894,0.5853493,-0.15219612,-0.5485928,0.11928858,-0.9628175,0.80981636,-1.3547115,-1.4979771,-2.4085517
GGTACTAGTGTTGCAA-1,9.029674,-0.36664158,0.71778834,-0.3654603,14.167171,-0.66863924,-2.7050347,-0.7492152,-2.7290578,1.6404109,3.7833862,0.5570207,-1.0938196,-2.3636835,0.5097563,-0.6580653,-0.07044963,0.05991993,-0.6175404,-0.60052955,0.09376323,-0.24435133,0.12120475,-0.6566606,-1.0676225,0.109153934,-0.79585874,-0.30078447,0.24810216,-0.35216323
GGTACTAGTTCCATTA-1,12.252782,-0.5221902,0.43141532,0.08150747,1.0296941,-0.08129977,1.3974513,1.75489,1.683476,-1.515902,-3.0299973,-0.17136446,1.48102,1.6997736,-0.9696364,0.32140326,-0.17034782,0.23106144,0.36228052,-0.105577156,0.6101987,-0.65329134,0.33883744,-0.16491793,-0.07018225,-1.1431541,0.677947,-0.30655938,0.671336,-0.3263351
GGTAGGAGTCACTCGC-1,-1.785557,23.586988,0.029550878,-5.383743,-1.0599198,-1.6697134,-2.4446812,5.682867,-3.4310577,-0.9188644,0.23741882,-4.3008122,0.9867847,-0.49753338,-0.9280094,0.20807931,-1.33523,1.695248,-0.12097124,-3.216695,-1.3221726,1.32023,0.121815145,1.2015506,3.552282,4.173519,-0.2396958,-0.45048657,-4.190955,-4.1990256
GGTAGGAGTGATGAGG-1,-6.4520345,-2.363322,-3.3488662,0.27218565,0.14105111,-2.639563,2.4273617,0.3129763,-1.6511456,1.0853866,1.1427385,-1.3963078,-0.10279764,1.1116252,-0.026651153,-0.5342154,-1.2032828,-0.26282707,0.11596455,-0.575474,-0.5198222,-1.8915604,-1.9203303,2.0025733,-0.5244169,1.1013407,-0.13751188,0.18480407,-0.79269755,-0.21562871
GGTAGGAGTGTTAGCA-1,-6.5115376,-2.253582,-3.9783497,0.35371685,0.1255264,-2.6304014,1.9258091,-0.10120476,-1.3406274,0.39395618,1.0299792,-1.3865376,0.71070206,0.5605377,-0.3076843,-0.48411235,-0.5818994,-0.031103201,0.37407523,-0.2214581,0.20596138,-0.91362166,-1.3925859,-0.46668383,0.42149273,-1.8179955,-0.52591217,1.7960409,-1.5190424,-1.3752936
GGTAGGAGTTAACAGT-1,-6.303965,-2.4761927,-4.783445,0.58021116,-0.396399,-2.3465664,-1.2966361,-1.2437563,2.305227,-2.0498168,0.34586787,-2.6824672,0.7881127,-1.3113861,0.40920514,1.1274954,3.3116653,-0.5050353,-0.4221067,0.9281891,1.2786105,0.14331469,0.5009812,-0.45276046,-0.08050843,-0.54984844,-0.4518847,1.6807315,0.24448507,0.267805
GGTAGGAGTTCCGGCT-1,-5.9664774,-2.3820705,-3.7906845,-0.16124508,-0.75617737,0.709597,-1.4302686,0.43900552,1.7235463,-2.4478488,0.2784791,-2.901812,0.42906898,-1.4232378,0.5043932,-0.37931937,-0.25229153,-0.45692742,0.041545678,-0.4606153,0.41738397,-0.4911626,0.04594617,0.34106588,-0.45580417,-0.5560542,1.0745516,0.6044585,-0.16300702,-1.2376304
GGTATTGGTGGCTTCC-1,-7.9225636,-1.884728,-3.7514799,-0.1421071,-0.37929383,-4.3206806,0.3769055,0.24542621,0.101821736,0.95435,1.5723422,-1.0934751,-0.535555,2.3997848,1.7267987,-0.3098564,3.0055807,-0.7327202,0.7467062,0.40081555,-0.0643888,2.5880494,-1.0997454,-1.7657905,-0.4851363,-0.65009296,0.012766099,0.010082858,-1.8314397,-1.6595509
GGTATTTCAGGCGATA-1,-6.8181925,-1.3324716,-4.2405205,0.278869,-0.34238005,-1.1662688,-1.6346623,0.37850794,1.0232097,-2.0455654,-0.123933956,-1.2392807,0.6759507,-1.5870087,-0.039546076,1.0919325,0.045929182,-0.658206,0.57702404,0.4943718,0.28357846,0.26590562,0.9827559,-0.48157725,-0.96624696,1.5711398,1.0838015,-0.29316562,1.8188685,0.62172526
GGTCAAGCAGAGGGAG-1,11.602778,-2.152774,0.17035007,-0.17058958,0.86750233,0.40347713,0.5106812,0.25287902,0.33547854,0.95740175,-0.28980184,-0.8199881,0.50661826,0.9572925,-0.48768198,0.30546835,-0.19449352,-0.25341433,-0.40629163,-0.36147425,-1.456638,0.9029149,-0.26055774,0.8079662,-1.0918308,0.26248863,-1.2014682,0.087594785,-0.2456757,0.045180514
GGTCAAGCAGGACACA-1,-7.223807,-3.4225857,10.224817,-1.1269746,0.011319257,1.8396865,2.3243241,0.53308636,-2.3874724,-1.1915421,-0.30410898,2.0883253,0.20242734,-0.6290055,-2.98654,2.3143213,0.23676442,-2.957733,1.2309297,-0.65424615,1.520511,1.0347776,-0.33804876,-0.5622986,0.73437804,0.45772845,2.1116545,1.904052,-0.17969014,0.13321674
GGTCAAGCAGGTTTGC-1,-3.2838178,9.65854,0.52221215,3.1516316,-0.32424393,3.8434813,0.71122235,-6.2423825,0.28025642,1.7718538,3.3336112,-0.99865574,6.3708253,4.244813,2.2523954,1.4198904,2.9891903,-0.7038662,5.826104,5.9124093,3.487731,-3.6224086,-3.8944192,3.778708,4.0469275,0.9313399,4.0418787,-3.3009286,0.014843114,5.270992
GGTCAATTCCTAAGAC-1,11.82127,-3.3496072,-1.090798,-1.3541858,-6.631249,-0.37047645,-2.0527115,-0.41762465,-1.4038699,0.74767196,3.2142694,-0.114405744,-0.47433656,-0.5945238,0.25070617,-1.1509162,-0.946525,-1.1292479,-3.790316,0.39834377,1.9097711,1.4434315,0.47438982,0.60322076,0.44969288,0.13896939,0.5180306,-0.9009747,1.8997203,-1.527708
GGTCAATTCGTCCTTA-1,-6.4738474,-2.548835,-2.936361,0.32084814,0.09514194,4.628879,-1.7956139,-0.33566052,0.6541739,-0.10579726,-0.13164385,-0.5358322,0.021651993,1.0036826,-1.0494999,1.7149202,-0.9363306,-1.8353965,-0.48815662,-0.9102489,1.0883752,1.5004542,-1.3247366,-1.2679797,2.1517928,0.424539,-0.82496196,0.53872657,-0.097644515,-1.2710292
GGTCAGGAGCGAGTAA-1,-5.373003,-1.6575856,-4.171569,0.61101407,-0.90740675,-1.8029413,-1.5079794,-0.20567003,1.6491091,-1.5689579,2.7474847,-1.0521585,-1.3567089,3.6789958,1.531864,-0.64867157,1.9764754,-1.1899066,0.74337727,1.8209418,1.8873595,-0.91166246,1.75068,-0.3743856,-0.08656885,-2.7532413,3.492327,-3.914162,0.033519886,0.52880913
GGTCAGGAGGGTGAAC-1,-6.648435,-1.5584292,-3.8506932,0.44735584,-0.421616,3.2661223,-2.5437543,0.28841805,0.043645572,-0.5837028,-0.9774823,0.042368352,1.6597075,-2.497083,-2.2403014,-0.36615092,-1.3838577,0.040975746,0.5277877,0.4289587,1.8227895,0.85869235,-0.70651674,0.33483776,-1.5762568,-0.46027258,-0.9499522,-0.37371036,1.4822649,-0.6158775
GGTCATTAGGTGCGGA-1,-9.074974,-2.94027,-6.3733997,0.7063041,-0.5345779,-4.335113,-1.0365436,-1.045275,0.89853865,0.9885168,-2.6966848,3.6365187,-1.9561939,-3.7284977,-0.27424565,3.1990995,0.4081321,-0.21275425,-1.4230855,-2.1213317,0.6212692,-2.7407057,0.25030658,1.1678948,0.19859882,0.283021,-1.3715754,-1.9977947,-0.19852726,0.9108365
GGTCATTAGTCGCTAG-1,-7.1584287,-2.3167,-4.065526,0.45474166,0.30746204,0.73045415,-1.6527972,0.28903997,1.436857,-0.28906956,0.40891242,-2.522755,0.9819902,-0.61323154,-0.05281987,-0.015394292,-0.2491267,-0.3146222,-0.27131876,1.7991737,-1.7495588,0.3545037,-0.2918758,0.4587831,0.91090405,1.9398202,-0.7495454,0.6368939,0.16420892,-2.3614135
GGTCATTAGTGAGAGC-1,-7.658121,-2.5102952,-4.1237974,0.36628872,-1.820486,3.9944694,-3.83834,0.052876145,0.14057106,-1.8655752,-2.2971635,4.254792,-0.27841574,-3.622934,-1.333477,2.2104454,-1.3122376,-1.2858344,-1.6070167,-1.7235906,2.6252854,0.87316006,-1.7426679,-0.19535165,-0.6896544,-0.15076423,0.30907184,-1.4918792,-0.4213169,2.210592
GGTCCATCAACAGCCT-1,14.014577,-2.7238047,-0.48594984,-1.6859083,-6.5523133,-0.36557773,-1.7278055,-2.3506367,-1.2516495,0.39738026,1.1337823,1.1620771,-0.93017125,-1.2973863,-0.7073646,0.021365931,-0.61438113,-2.4546373,-2.0504253,0.35627756,0.9923615,-0.18528154,0.21981859,0.7393887,1.9864515,-0.33385655,-1.0066501,0.96582806,0.7273046,0.8945269
GGTCCGTAGGAAGCTA-1,-5.52329,-1.565998,-3.3506672,-0.08103705,0.022729153,4.8530636,-1.515241,0.35302895,0.532031,1.2006196,-0.8805092,-1.1414803,-1.6140062,-1.1320189,-0.39988786,0.98782396,0.044246968,-0.4548501,0.79955155,-1.612654,0.21091658,1.277206,-1.7051554,-1.5568771,0.7993202,1.1588367,1.8597517,1.0584526,0.77291816,0.35209203
GGTCGGTTCACTTTAC-1,-7.5189323,-2.5133996,-3.2108192,0.68456405,-0.51862276,-5.022817,1.8188831,-0.4048283,-0.8297455,1.8063617,0.2509714,-1.6587415,0.05496328,0.9005565,-0.41808245,0.5921511,-0.9024961,1.491795,0.47102794,-0.35481402,-1.4529365,1.5100646,-0.24112505,0.9400915,-0.708833,-0.51227504,0.4090168,-0.8054064,-0.32336485,0.32879642
GGTCGGTTCATCAGTA-1,-1.3936508,19.477737,-0.2779598,-5.6923776,-1.2793316,1.5734085,1.789518,-5.2680326,2.4203382,-0.16524848,-0.6215353,-4.61744,-5.460483,-0.7767397,1.2268417,-3.5631347,-0.01060126,-2.432197,2.6480553,1.2572201,-0.2521974,-0.5634141,-0.19668135,-0.7784612,-0.22002666,0.48979256,-2.7570739,1.2096046,-1.4376423,5.42818
GGTCTTGAGGCCGGAA-1,12.202274,-1.6471738,-0.07353389,-0.6481939,0.38913012,-0.18478908,-0.30827212,-0.35627764,-0.7729602,0.06615409,-3.47191,-1.480152,0.70082456,2.3787014,0.6699991,0.44732496,-0.24055909,0.1812393,-1.9000577,1.2538563,0.082242966,0.3043496,0.37343657,1.0582612,0.030930309,-0.36363333,-2.38253,-1.4780542,0.35790256,0.029330978
GGTCTTGAGGGATGCG-1,-6.3807435,-1.2037604,-1.3158927,0.00021057141,-0.11928228,4.4011235,-0.22817709,0.003924121,0.3215845,-0.5398119,-1.1671444,-2.456886,2.7103462,-1.5279695,1.1936266,-1.1969317,3.187489,-0.11128646,-1.0397102,-1.6594149,0.5623909,0.34616628,-1.7223576,0.34668252,2.7670217,-1.3908918,1.1725001,1.4037675,1.1708031,0.3954052
GGTCTTTGTAACGAGG-1,-6.306273,-2.3189013,-3.9984334,0.33697394,-0.6263209,-1.3862185,-2.2125213,0.027856011,2.2432787,-2.5419078,2.0799267,-1.4754611,-0.47488508,0.8857673,1.9125184,-1.3525865,4.5009327,0.519141,0.16952287,0.6555362,3.587248,-1.1823993,1.5300648,-0.0051691732,0.1483478,0.44821978,3.7999587,-3.0744221,-0.39818296,0.46840292
GGTCTTTGTTGGTGAC-1,-7.5532427,-1.7847381,-5.048729,0.9303623,0.4128283,-2.9266517,-1.0394999,-0.27260515,1.0829287,-1.7588066,-2.290381,0.309814,0.087233,-2.1613815,0.9405893,0.3134212,0.6540865,2.4188592,-1.3513074,-2.3346343,0.13282835,1.121237,1.2065605,0.5318918,-0.16291815,-0.9954299,0.73920554,-1.5296187,-1.356206,-0.5372654
GGTGAGGTCATTACGA-1,-8.236616,-2.5194454,-4.387416,-0.043284655,0.61060226,-5.5249763,2.1003397,1.400325,-2.2707646,2.5436409,-0.5713523,0.42179716,-1.217663,2.2181914,-0.036905836,-0.4316158,0.55973727,-1.4166741,-0.5111308,-0.51380426,0.6054392,-2.084495,-0.20824213,1.0996267,1.3124038,1.08095,-2.1680875,-0.8626231,0.3633059,-0.83053637
GGTGAGGTCGGTTTCC-1,11.358534,-2.8636878,-0.39849174,-1.1728879,-6.396606,-0.9465502,-1.7326084,-0.3766226,-1.0466146,0.7716584,3.570815,-0.02766486,-1.1167729,-1.6477925,-0.07643687,0.35529807,0.88257205,-0.45402017,-2.0893497,-0.70179856,0.38621023,-0.8724726,-0.92903155,-1.9584475,1.3586203,1.1187007,-0.63840497,0.40826508,0.3540511,0.62712455
GGTGAGTAGCGAGTAA-1,-5.728037,-2.4228284,-3.2303414,0.2756014,0.28279117,2.8882072,-1.5982747,-0.00042152373,1.473657,-2.041682,-1.4077141,-0.904519,0.33860245,1.0392672,0.8547462,-3.113259,-1.4004595,0.1987295,0.040040735,1.0489348,-0.19810198,1.7426058,-1.0561892,0.1933231,-1.0656844,-1.289028,0.24374272,0.44716763,-1.117254,-0.59876734
GGTGATTTCCTCATGC-1,14.242141,-0.35694167,0.05977311,0.9749299,1.1679108,0.42668858,3.1977115,1.9224216,3.8580697,0.20585625,-2.6340778,1.7481838,-0.1649451,1.1575634,0.74021685,1.3764182,-0.22308283,0.965365,1.865244,-0.6962301,0.39447832,-0.07540275,-0.23363978,0.23615725,1.783523,-0.08870904,1.3276428,-1.3367331,0.76089096,-1.0088594
GGTGATTTCGGTCATG-1,15.146457,-2.5916736,-0.3109444,-0.75679576,-4.581329,1.5348194,-0.90961725,-1.821277,-1.5649292,0.6947125,1.5107479,-0.3508763,-2.2335413,0.267499,-0.62456864,0.26432872,0.2096573,0.5695792,-0.13991325,-1.4974731,0.8816278,0.056670323,-1.0343187,-0.3839053,-1.8427913,-0.6742294,-1.4641116,0.7241791,-1.2409014,1.1039906
GGTGCTGGTCCTAATC-1,-8.580654,-2.3606577,-5.0318093,0.53927565,-1.0895598,-7.7471,0.8343947,-0.4743281,-0.6756031,2.8851593,-2.333468,6.120965,-2.3500917,-0.5606905,-1.8818531,2.6877778,0.3003519,2.479443,-2.295759,0.009264701,-0.88797325,-0.26600397,2.5611796,0.31235412,1.5348531,1.4983273,0.7350073,0.5287435,1.8756809,1.9171845
GGTGCTTCAAACCTAT-1,-5.9198766,-2.7070165,7.0162587,-1.3076062,-0.7871479,4.312411,3.9983923,-1.4398856,-4.223571,-3.9978445,-2.1806421,2.4256287,-0.39847076,-2.025537,3.7126815,1.4569163,-1.0600168,-0.5938316,-1.3617133,0.5433006,1.874925,-4.3159037,-2.112324,-0.40880695,3.29298,-0.2618311,1.5374614,-5.31308,-0.5295443,-3.591756
GGTGCTTCAAATATCC-1,-7.685964,-1.5378239,-4.0291944,0.5348392,-0.3754213,0.29308093,-2.069853,-1.0777786,1.5095996,-2.4148207,-0.074603975,1.6242852,-0.48296434,0.22823931,2.3589172,-0.27751374,-0.18989259,1.9832346,-1.6078621,-1.1282067,-0.6640764,-1.0447556,0.22662893,-0.23105064,-1.6879312,0.3183832,-0.67121446,-0.5300442,1.3187685,-0.62478966
GGTGCTTCACCGGCTA-1,12.369828,-3.1145062,-0.30854046,-0.50266594,-4.4739256,0.22224052,-1.6842574,-1.494664,-1.828827,-0.23417068,-1.6268934,-1.1589161,0.9756932,1.8191754,-0.6032001,-0.40438324,-0.76017463,-1.8631867,-0.80631745,1.1604849,0.8604852,1.586508,0.6134804,-0.17061913,-1.0682899,1.3284823,-1.0202284,0.84385026,0.48184535,0.6936623
GGTGCTTCACCGTTCC-1,11.536046,-0.97942734,0.09561423,-1.0347106,11.709982,-0.25795662,-1.2238162,-2.2924473,-2.6203697,0.16331992,0.24652116,-0.0038854107,-0.46976447,-0.56904113,-0.12762277,-0.7131293,0.99895513,0.9449828,-0.049612235,-1.079968,0.38071746,0.25247517,0.6912919,0.113000445,1.4815049,0.08281637,-0.013936566,-2.130407,-0.5688024,1.0042526
GGTGCTTCATTATGCG-1,13.303625,-1.9706141,-0.14830242,-1.0282259,-4.939316,-0.66626084,0.7754476,0.3205226,-0.62262905,0.9422062,0.09974201,2.3783865,-0.084339246,-1.3558288,-0.52551776,0.84178406,-0.62631524,1.2636553,0.1885199,-0.17008254,0.82700753,0.9603903,0.35943696,1.3080064,-0.5881917,-0.7425456,-0.23506176,-0.95406806,0.5913474,-0.23785907
GGTGTGACACCGGTAT-1,11.029258,0.66618866,0.20033555,0.389827,2.8426435,0.35118088,3.90998,2.6368897,4.0662537,-1.2030344,-1.3736868,1.7973853,-0.37146437,0.4551128,-0.9763073,1.2841041,-0.8708718,-0.20667998,-2.0211837,0.08847317,-0.36064944,-0.8543189,-0.63073146,-0.21448828,-0.118086524,-0.40191555,-0.42076534,-0.044690248,0.19216488,0.0027684537
GGTGTGACACTTCACT-1,-7.4168386,-2.495231,-1.6101437,0.42231256,0.35886776,3.6318426,-0.94180673,-0.68653125,1.3295865,-1.6436703,-0.9560744,-1.7951939,-0.2848071,0.3641179,0.9163003,-1.4359331,-0.9621691,-0.74263406,0.46695745,1.7136285,-0.60124385,-1.5976138,-1.8517544,1.237871,1.1882548,0.98724365,-0.8630998,1.4550761,0.6076171,1.7313522
GGTGTTGTCCTTGCAC-1,9.2609825,-0.86077887,1.018283,-1.2578336,14.393638,-0.6303503,-3.5857518,-1.0208973,-3.090348,1.0626845,2.3028393,0.39957604,-1.0860499,-0.78414714,0.3421326,-1.4133569,-0.7785718,-0.105845064,-0.1632453,-0.05236506,0.42878333,1.3021343,-0.84194195,-0.2965747,-0.15942653,0.8983416,-0.57985365,0.4061257,1.296946,0.8845169
GGTGTTGTCGAGGAGT-1,-7.2476945,-2.708142,-3.432839,0.48380762,0.37199762,-2.8910449,2.578131,-0.0146491965,-1.3257402,1.5688099,0.06683069,-0.22295432,0.3797811,0.08588577,0.4876228,0.26765352,0.8097251,0.80256236,-0.45779413,0.58849424,-1.271906,1.3499407,-0.7594743,1.1597846,0.45001695,1.1484227,0.7209921,-1.5710781,-1.0675007,0.27695182
GGTTAATGTGGATTAT-1,13.953985,-2.493073,-0.09919507,-0.6856849,-2.5272744,-0.5112782,-1.3621769,-1.0480847,-1.5501481,-0.023990927,-1.238903,-0.021596503,-0.072418086,0.8662236,0.7931652,-0.23776682,-0.77294976,1.2641554,-0.26189092,-0.19884811,0.3563618,0.52930826,1.2187741,-0.9541814,-0.73615974,0.08745938,1.8001682,-0.25040823,0.5182004,1.1503922
GGTTACCCAACAGGTG-1,-8.471022,-3.885813,15.471286,-1.7080313,0.38476202,1.3878456,5.7718616,-0.6367461,-3.8260372,-3.923565,1.2708944,-1.048155,0.085381895,-2.955147,-2.5036194,1.1376522,1.0484159,-0.056122474,1.8912321,1.5401931,-1.3983113,1.1255962,2.8038192,1.3568547,-2.2045035,-2.1778972,-1.2540501,-0.4206293,0.6758416,-0.09478438
GGTTACCCAACGTGCT-1,-7.243913,-1.8700075,-4.427886,0.09688967,0.6588679,-6.5789313,3.7826135,-0.86324984,-2.094199,2.4672618,1.295091,-1.5268527,-1.2281606,1.3429885,-2.3885672,0.1778288,-1.5927238,-0.12019586,0.18492793,-0.058750313,-1.1158068,0.06653128,-1.0867473,1.26999,-0.22519495,-0.04501577,-1.5807685,1.7260331,0.86876166,-0.4891966
GGTTACCCACAGCCAT-1,14.602573,-1.7539626,0.036400534,0.49653468,3.384376,0.27953318,1.1407584,0.21042764,0.65472925,-1.0848862,-5.3445907,0.6406985,1.6036317,2.1041424,-0.2573672,1.2040162,2.6297944,1.8575983,0.34603614,-0.9507949,-0.2544989,-0.051580973,-0.1366255,1.0429941,0.732048,0.24465857,1.1093609,-0.89830005,-0.2628167,-0.43589517
GGTTACCCATAGACCC-1,-7.5235343,-1.2832751,-2.9628015,0.5807095,-0.27989239,5.735338,-2.572626,-0.037137035,1.2153332,2.8193371,-1.1238477,-0.13096568,-0.3941357,-1.5732259,-2.786658,0.50445145,-1.9202465,-1.8876005,1.4016815,-3.3935127,0.5314401,1.3471943,0.38674766,1.570806,-0.763226,1.1063454,-0.41765502,1.9581909,2.6357427,0.8539199
GGTTACTAGTCACTAA-1,14.75776,-2.4797053,-0.24499464,-0.22982752,-0.26822332,-0.119266495,-0.14446126,-0.2685947,-0.8797854,0.071316,-1.9967943,2.22071,-0.7124221,0.80191946,0.11363321,-0.16481496,0.95236355,-1.2867396,0.7518311,0.5683595,-0.2619855,-0.8227809,-0.20288599,-0.23346388,-1.2833052,0.47839904,0.012344374,2.8384817,0.09243971,0.066723615
GGTTAGCGTGAGACTC-1,-6.3728805,-3.2236047,10.04283,-1.5219399,0.08789767,1.5355159,5.714107,0.239004,-3.4529226,-3.237935,0.9061029,-1.3990068,1.1281245,-2.074822,-2.5438528,2.416309,2.1400898,-2.230201,1.7093213,2.1000798,1.0111305,0.68026704,1.6031556,-1.1194848,0.5769476,2.8670177,-1.2413787,2.2250755,1.1401441,1.7447078
GGTTATATCTAACCTT-1,-4.826382,16.521526,-1.6322731,-2.935587,-3.1509984,-3.853488,-0.17065613,-2.50655,-0.85201764,-1.4280537,-4.1746426,3.9648654,-6.7852793,-0.44552553,2.2732108,1.619746,-1.289768,-4.2998123,4.151998,2.0322607,-1.5944054,2.0042734,-4.289052,-0.384595,0.57591116,-2.718382,-1.9276699,-3.208882,-3.4053814,3.2079356
GGTTATGGTGTCCAAA-1,-8.019502,-1.8197887,-4.5544133,0.9957897,-0.8690247,-4.492026,0.9575643,-0.31416166,-0.56248134,1.777451,-0.8750578,0.3124427,-0.16907275,-0.26247507,-1.251044,1.8741155,2.7231982,0.5914118,-0.73166615,0.32132277,2.1419048,0.32636538,1.8301975,-1.0080667,-0.8363091,-2.9465096,1.5021974,-3.0069213,0.8875477,0.55570054
GGTTATGGTTCATCTA-1,-7.0668893,-3.0072978,-0.9723332,-0.05269047,-0.13131773,4.1165338,-0.70537364,0.5036142,-0.77564776,2.7198548,-2.296616,-1.5653569,0.9507669,-1.4556301,-0.31278905,-0.2556162,-0.3081735,-0.08121705,-1.3676155,-0.529944,-1.3106762,-0.66128653,-0.60832274,-0.5273152,-0.030768573,-1.383551,0.8216642,-0.3742173,0.089967676,1.5129905
GGTTCCCGTGCTCACC-1,-2.6568296,9.895372,1.1947441,3.1901898,1.2392004,2.178025,1.1998597,-9.491684,0.6019403,1.7969968,4.595217,2.853363,9.880641,2.5281203,6.0764136,2.668655,2.391805,2.7350438,11.770412,9.50481,2.749855,-5.6312833,-7.7861147,-2.305553,15.854592,6.8794355,-1.2617539,-6.3451705,-0.28976098,3.9438553
GGTTCTTGTAGGTTTG-1,-8.289107,-0.5668218,-3.6949136,-0.3509125,-0.32254773,1.5873443,-2.7027178,-2.763961,1.4315771,-2.3631244,0.8626332,-1.6207155,3.4639952,-2.2973223,0.32286015,0.16943824,-0.36535382,1.3616894,2.6633062,-0.12905154,0.25006962,0.7554792,-2.2226427,2.9132764,2.617723,0.1290193,1.4389912,1.5302327,0.3272116,2.1070342
GGTTGACGTCCGTGAG-1,-5.334015,-1.7854087,1.1961515,-0.799391,-0.7562794,3.6909263,0.39861485,-1.024722,-1.1609564,-0.6321933,-1.6928105,0.30248278,0.37667707,-1.208322,1.349778,-0.07481106,-0.07827676,-0.16998926,-2.2367334,-2.504457,1.2110546,-0.2713151,-4.9970117,-0.32311594,0.46544018,-2.037234,1.9924477,1.8203778,-0.8547259,0.52663136
GGTTGAGCAATTTGGT-1,11.851313,-1.8487853,-0.24249892,-1.3684407,-1.738387,0.20812653,-0.16744123,-0.630512,-0.6282832,-1.7036883,-2.3654735,-1.9287676,1.6096219,2.0508676,-0.25688565,0.4543211,-0.882646,-4.5543566,-3.1110709,1.6582793,0.75948596,0.2534522,2.3172474,1.2860483,0.44778967,0.58788866,-1.8657105,-0.17086737,1.5155379,-1.0752546
GGTTGCATCTTTGAGA-1,-6.415048,-1.4170727,-2.3885374,1.0362054,-0.22551396,3.4351966,-1.3822145,0.37664816,0.37032998,0.23806493,1.7399184,1.5708125,-0.7208102,3.259548,2.3479779,-3.575078,-2.2823732,0.6361489,0.7685804,0.9679479,-0.94192713,-2.3184962,0.8953759,0.10277707,1.7112218,0.7892691,0.3195745,3.7179081,-2.3783524,1.3833439
GGTTGCGGTCAAGTAT-1,-6.4823985,-1.6804423,-2.4378295,0.36556455,0.5453319,0.71854156,-1.3729283,1.0736995,0.43902043,-1.5301974,2.4377859,-1.1033425,-0.20833966,5.2816467,2.3177533,-3.2271292,-1.4093602,2.4868789,-1.6850787,2.9541192,-1.9735054,-2.27191,0.2468379,1.3725051,0.9642252,-1.2190051,-0.9170473,1.1068875,0.5084605,-2.2956831
GGTTGCGGTTGCTGGG-1,-8.314713,-1.5825641,-4.46664,0.8671914,-0.47208276,0.94625545,-2.6806242,-0.25214303,1.2350073,-1.9091419,-1.6133465,0.55562866,2.5843523,-2.3492806,0.10114475,0.051333483,1.9172575,-0.08925191,-0.981207,-0.59825057,1.6468636,-0.1686426,-0.76178193,-0.46574873,-0.6489969,1.4372464,0.47527134,0.39498568,1.1335174,-0.994432
GGTTGCTCAAACAACA-1,-7.333299,-0.9134085,-3.0218332,0.48716137,-1.3772235,0.25816545,-0.83382726,0.59708476,-0.8267295,2.9274666,-1.2344483,2.0953112,-1.3235638,1.0101124,1.0085806,0.41973582,0.16678058,-0.05545298,-0.37341946,-0.28560978,-2.1886377,1.9907527,0.69187456,1.5504881,1.7037606,-1.5411632,-0.615367,1.3345784,-0.869256,-0.1651176
GGTTGCTCAGGACACA-1,-7.371401,-2.3842196,-4.7080045,0.039608035,0.57635283,1.1076477,-3.189419,-0.21788834,1.4947847,-3.2144537,-1.9547496,1.5177858,1.008907,-1.4309359,2.366311,0.52078,-0.8671262,-1.3471247,-0.31072304,1.3068576,-1.7106403,-1.2422583,3.3544667,2.83888,0.67007387,0.06865829,-1.8972809,0.37099922,-0.94072187,-1.309979
GGTTGGTGTCTCAGCC-1,10.414372,-2.2965078,-0.36557522,-0.05297691,-1.4128834,0.4949313,1.5895786,0.84422237,1.0546241,-1.2215229,-0.44017726,-1.9628499,-0.5591287,0.9991268,-1.0716007,0.51304424,-0.30147612,-0.9918343,-1.0007209,-0.07673932,1.9961627,-0.6655364,-0.33561745,-0.4104557,-0.527981,-1.1240705,-0.9248711,-1.5534576,-0.44902253,-2.0471454
GGTTGGTGTTTCGCGC-1,9.931413,0.5940996,0.3904106,1.3837932,3.0355618,0.22559647,5.251638,4.516706,8.240429,1.4585243,-0.16684487,1.5925523,-0.98780835,-1.0252047,-0.6015724,-0.41661066,-0.6573151,-0.50046444,0.18122572,0.2671283,1.9852952,1.5469681,0.029218428,-0.46744785,-0.14503554,0.9168257,1.2096872,0.9823241,0.19494854,-2.5389361
GGTTTAATCCTTAATC-1,-8.308611,-1.8860172,-5.2929516,1.9367838,-0.6964402,-5.964712,0.7206008,-1.4590938,0.09547394,1.317859,-1.5499392,2.3620145,-1.2661345,-1.2652653,-1.5847728,0.42797986,-1.5396016,0.5170541,1.2099868,-0.23591672,-1.0267462,3.9901078,-1.879831,-1.6667498,1.0215883,-0.08136578,1.2130488,-1.8710974,1.9061174,2.6731617
GGTTTAATCCTTCGTA-1,-5.9912744,-1.5987316,-1.2239115,-0.015089194,0.44932708,4.1556425,-0.52259916,0.21712334,0.81635153,3.402916,-1.2611209,-1.7478275,0.5739494,-2.157985,-0.3333384,0.31519628,-0.9299569,1.3237481,0.53722924,2.205188,-0.61710334,1.1324687,0.19765209,-0.64146596,0.09642783,0.595975,-0.9359223,-0.7622214,-0.8894982,0.1864833
GGTTTCCTCACATTGA-1,14.478894,-1.3889081,-0.045590863,-0.12795734,5.497961,-0.6613303,1.5319562,0.9250499,0.64259255,-1.5921227,-5.359565,1.0476061,0.64231884,1.3734124,1.1681192,0.522904,1.5325516,1.1633685,1.7977787,-0.08052461,-0.6804616,0.066310614,-0.36178175,-0.34830534,0.8866398,-1.7992356,0.014828954,-1.2508147,-0.45274732,-1.0977527
GGTTTCCTCGCACACA-1,13.515762,-1.878,-0.47060195,-1.2906249,-1.9735024,0.030297114,0.47001177,-1.2708561,0.29031283,-0.75441444,-0.7067522,0.17376934,0.4447439,-0.2364401,0.0928821,0.2923673,-0.10988079,1.7812433,0.93667245,-0.6458472,-0.7190094,0.36120385,-0.29986793,-1.5439907,0.6421023,-0.73908055,0.22308087,0.49392688,-1.4713836,0.41757914
GGTTTCTGTAAGGTCC-1,-6.3456674,-2.9272346,8.664102,-1.5692309,-1.0884745,2.7469451,5.6542454,-0.97604346,-4.499945,-4.8241243,-0.72480726,-1.1006665,0.40186772,-1.4532114,4.296807,-2.528231,-0.90409154,1.5184026,-3.3154376,-0.51736766,-0.8750967,-3.0724344,-1.9969611,-3.2472908,-0.965804,0.3090888,0.12507086,-3.2445424,0.056032035,0.4486972
GTAAAGCCACCAAAGG-1,-6.6254106,-2.3329997,-5.1231728,0.31186435,-0.19888547,-2.4920807,0.5944206,1.124091,-0.39521003,-0.35614252,1.2676408,-2.4026453,1.0580084,0.2614661,-1.0262889,-1.6652157,-0.41830224,0.4872502,0.24368457,0.803076,0.3859756,-1.856002,1.0729859,-0.5834813,0.55047464,0.0643934,-0.010801426,0.35797578,-0.1956395,0.73079437
GTAAGCAAGTGCACGC-1,12.781225,-2.5465257,0.22895683,0.6768409,-7.7161226,0.7041089,0.21045491,-0.6125966,0.18730181,0.21393552,2.1267946,-1.170534,-0.47943392,-0.74901885,-0.67946756,0.18815285,1.5175016,-1.0071374,-0.67012864,-0.8766501,-0.10659445,-0.9178125,-1.2135729,1.7763724,-1.676604,0.43923622,-1.1514655,-0.5875179,-1.2743487,0.15400998
GTAAGCGCAGGACCTT-1,-5.520993,-1.968357,-3.2019706,-0.046277024,1.0782976,-5.5129585,2.7796795,-0.09433759,-0.74709404,3.785996,0.16566536,-0.27679208,-0.62128276,-0.26162162,-1.7187485,0.59000224,0.24539907,0.9155957,-0.30021578,-0.5477709,-1.0653207,1.2260221,-1.0475141,-0.41735086,1.172369,0.4265407,0.99934614,0.22640891,-0.3304982,-1.9205831
GTAAGGTCAAGGGTTG-1,-4.7605762,-1.5928847,0.10495907,0.2748689,0.75399977,7.1224804,0.35749856,-0.29877123,0.7562651,3.8512094,0.4272277,2.6221845,-0.8750282,3.3394794,-1.8075768,0.58820975,-0.84298015,-0.48449406,1.558142,-2.5284133,1.494224,1.1848066,0.81594723,-1.6037314,-0.9565821,1.0062677,-1.6641239,0.259101,1.7288909,1.1851063
GTAAGGTCAATTAGGA-1,12.488968,-1.1395205,-0.43886715,-0.18231423,1.3643095,0.1835425,-0.55163103,-0.66877323,-1.4794402,-0.8475844,-3.8562136,-0.6714229,1.0070676,1.2007211,-1.2899812,0.5931583,-1.4917976,-2.0892675,-2.6398816,0.7569128,0.10893384,1.1391753,1.0170517,-0.21283668,0.23771547,-0.20038486,-0.9536861,-0.6317351,0.43681988,1.2487631
GTAATAGCAAATATCC-1,-7.691071,-2.21176,1.9653304,0.14103714,0.09613117,1.3087239,3.8392093,0.69683665,-2.2433138,2.2793808,-1.9384354,-0.5052553,0.14980882,-1.4642974,0.14246857,-1.151029,-0.7865988,-0.14335524,0.23161261,-2.351541,-0.4249058,2.7993019,-3.4086947,0.67937726,-0.6435747,-0.022116749,-1.121137,0.96611047,1.6209671,0.5008182
GTAATAGCAACTGGCT-1,-7.8948507,-2.7726076,3.688452,0.8186628,-2.4295006,5.177797,0.21611072,1.8978608,-1.6369562,5.6917806,-4.497783,6.642901,-1.3703912,-2.832832,2.9446042,2.1918187,0.4977669,-0.4890954,0.016216757,2.8031387,1.7299182,-5.1088414,1.5734056,2.2123368,0.02049342,-1.10565,0.50788605,0.08922441,-1.6924938,-1.577245
GTAATAGCAGGAAGCC-1,-7.412123,-3.437394,14.648311,-1.4239327,0.020943504,0.085229486,0.9670613,-1.5091277,0.31179544,-3.4662373,0.9858847,1.6957086,-0.23990661,1.0330253,0.98839116,0.22818236,0.24882922,-1.1347284,-0.15875366,-0.79630494,-1.2763807,1.9807675,-2.339208,-0.37031323,4.212879,-1.4418929,1.3521372,3.9927227,2.053484,-2.3822665
GTACACCCAGTCTATG-1,-5.5276265,-1.7403147,-1.3800712,0.5170246,-0.14742783,4.3941483,-0.5115601,-0.325705,0.0053602764,1.0397569,1.8467206,0.21392272,-0.40033233,0.04150111,-2.4870875,1.5237297,0.7983269,-2.81428,-0.4332272,-0.092672065,-0.35037977,-0.17138977,-1.2106336,-0.6824833,-0.073107325,0.8253363,-0.14953698,-0.42293763,-0.123650186,1.3757426
GTACTAGGTATCTGGA-1,-7.49328,-2.6008105,-3.5779831,0.7641459,-0.746273,-4.2500486,2.8248687,-0.3674436,-1.2179227,2.616388,0.9048426,1.7687416,-1.2793427,1.5560511,-0.78524005,0.29137236,-0.17450818,-0.69783986,-0.075504825,0.9674511,0.41832292,0.99750155,-1.5153733,0.16712692,-0.061399125,-0.091461316,-0.87609255,-1.2882836,-0.31947863,-1.8481783
GTACTAGGTGCTTTAC-1,-8.650916,-2.6291013,-7.0895596,1.5025581,-0.47578475,-2.1104667,-3.0791886,-1.0982112,2.9318547,-2.544991,-2.8645473,2.5340838,0.7090776,-3.3852134,-1.1007415,-0.6116001,-0.4680292,1.7201536,0.9560946,1.1550655,0.18262504,0.9802543,3.2884858,4.250473,-1.0863185,-4.724346,-0.61080533,-1.5462495,-3.1579936,-1.4264214
GTACTAGGTTTATGGG-1,12.64132,-2.4998205,-0.61501426,-1.2930726,-4.9876037,-0.25572518,0.7156727,-0.55094266,-0.47569323,0.5329709,1.7473983,1.2542711,-0.44384167,-1.5027895,-0.308648,-0.01795209,0.114784956,-1.2053157,-1.4589785,0.55535495,-0.33098865,-0.5004104,0.34191227,0.5025784,-1.0422317,0.23191157,-0.25509167,2.062882,0.68282205,-0.12583333
GTACTGGTCACTAGGT-1,13.202044,-2.7102196,-0.6879518,1.4368557,-4.317085,-0.47964293,0.83626866,0.06132332,1.6640842,-0.92652404,-0.5949741,0.8825145,-0.7158316,-0.37776858,-0.41442147,0.26058275,-0.42236182,0.74294835,0.8488526,-0.9500666,0.09209374,-0.4559461,0.7950942,1.3176826,-0.061434772,-0.43602678,-0.6100213,-0.1826259,0.081800014,-0.5019067
GTACTTAAGAGGAGTC-1,-7.236388,-1.8988826,-3.9455175,0.13275579,0.057086274,-1.3097395,-2.3284776,-0.42683104,2.0029876,-1.545963,-0.37678808,-1.5352473,0.41466272,-2.305349,-0.78336984,0.24331145,2.1216578,0.04144899,-0.1438664,-0.19171543,-0.35581356,0.47828475,0.013089959,1.3821696,1.1462377,-0.31098732,-1.7107749,0.32548037,0.3034847,1.7645732
GTACTTCGTAATGGAA-1,-6.8899684,-1.9059047,-4.495849,1.3739439,0.12546454,-3.9069307,2.9716046,-1.1762089,-2.1091845,2.2365096,1.3877155,-1.1993548,-0.7076819,1.8264856,-0.61012787,0.0415858,-1.138628,-0.079218954,0.7806809,1.4020729,-1.0105315,0.8446117,-0.5670218,0.5962991,-1.1780729,-0.39004752,0.44709274,-0.77950686,0.40649036,-0.7995063
GTAGCCATCCGTTAAA-1,-7.582887,-1.930167,-3.8597517,1.7497718,0.4261771,-3.553663,0.9240984,0.11477692,-1.2492813,1.9802758,0.090004854,-0.47679573,0.73089856,0.99040127,-0.96546584,-0.0052781743,-0.7048921,0.0618029,0.42809352,1.2362417,0.4794848,0.40921268,0.06339101,0.13356161,-0.301365,0.032340832,-0.8409898,-0.23065971,2.021311,0.6417947
GTAGCCATCTAATCAG-1,-6.8366456,-1.7787488,-5.3083334,0.6102996,-0.82747805,0.3157592,-2.2168677,-0.7566039,1.8148786,-2.4297452,0.51116645,-1.7157224,0.25887093,-0.7925738,0.68970346,0.42383713,-1.03317,0.46629032,1.6349785,0.23670356,-2.0425863,0.39094913,0.13904066,0.5133508,-0.78176033,2.7424786,-1.3264886,-0.31039166,0.95919377,-0.07472205
GTAGCGCTCACAGCCA-1,3.3309708,18.856216,5.974337,39.84151,0.051370963,0.51629734,0.45762724,0.07951403,-1.4696884,0.11090086,1.2914205,-1.2019843,0.5679022,-2.083602,-1.0816187,-2.4065957,-0.6000362,-1.4822628,0.08142795,0.27793372,-0.24694748,0.9785899,0.46928144,-2.2706432,3.0708199,0.26296148,1.1720597,-3.9544334,3.0562668,3.092859
GTAGGAGGTAATGGCC-1,13.467435,-1.4296061,0.047219872,-0.8055239,-1.2461712,0.5313552,0.25369322,-0.8234813,-0.030738622,-1.5450884,-3.337011,1.0002328,-0.40282714,1.7665719,-0.91228056,1.6074194,-0.25272584,-1.6786221,0.7666356,-0.06008525,0.032832954,-1.8575156,-1.0890458,0.4233237,0.5654991,1.1385163,-0.20924625,0.07426926,-0.16692549,-1.0155222
GTAGGAGGTGCTGGTG-1,-6.6081696,-1.110211,-4.8433027,0.8181022,0.13556053,-1.5855656,-1.7988659,-0.29058143,1.054936,-0.72076654,1.0227185,0.6851496,0.24578984,-0.36412704,-0.75475794,-0.07171044,1.8978829,1.5928323,0.34537005,1.2303768,2.6257434,1.7939508,2.194965,-0.8161345,-1.3911743,-1.1241851,0.5753407,-1.694629,-0.5332052,1.0853986
GTAGGAGGTGGGAACA-1,14.507687,0.25317737,1.396792,0.049706254,4.971099,0.050442733,-0.96953404,-0.2838253,0.6779789,1.0807737,2.0993457,2.6680133,-1.8782473,-1.9031979,0.5964301,0.976081,0.8646779,0.22921692,-0.2771945,-0.65870255,0.41291243,-1.0617852,-0.7783177,1.0794808,0.15876177,-1.5333203,0.11996054,-0.8331139,-0.4374208,0.14006968
GTAGGAGGTTGGTTCT-1,10.90572,-0.20234285,1.5565133,-0.2604595,12.253276,-0.5005652,-1.3274477,-0.8376388,-2.2907958,0.3846089,0.88511854,0.4679118,-0.41768682,-0.7552671,-0.0042498633,0.8460376,0.07436696,-0.351949,-0.54714376,0.17970377,0.31898347,-0.39193812,0.3689243,0.8783922,-0.4212636,0.02522379,-0.026508985,-1.0070989,-1.072212,-0.10620934
GTAGGATCAGCTCATA-1,14.089582,-2.456636,-0.67076623,-1.0414301,-6.866304,-0.2201592,-0.8006104,-0.51911736,-1.086267,1.4445844,3.8357627,-0.06935077,-1.1076622,-0.6038556,0.25454953,-1.3994186,-1.2880713,-0.28805667,-0.8608566,-0.5783378,1.5152762,-0.116688214,-1.6963294,-1.1690049,-0.8305022,-0.45043707,0.7470795,0.083611175,-0.10915461,0.758815
GTAGGATCATGTTGCA-1,12.682986,-2.8017845,-1.0382543,-1.3874815,-3.9774644,-0.19965681,1.6290452,-1.4298668,0.57319313,-0.41803455,1.3225923,-1.0792105,-0.0023448402,-0.5697028,-0.7725602,-0.06888728,-2.0134575,1.7192596,0.22828452,0.06632858,0.66847867,-0.21119954,-0.46345532,0.18298303,0.85545546,0.21135215,-0.8835592,0.2538869,0.49756947,-0.9836322
GTAGGATCATTAGGCC-1,-7.4883804,-2.7028167,-5.421843,0.5652765,0.46744147,-2.4957128,-0.44375807,-0.051287193,0.8391258,-1.1687889,1.2043624,-1.5825905,0.21054105,0.08435745,-0.24357386,0.41505554,2.172099,-1.0977851,-0.16520178,-0.71307665,0.51088524,1.2132077,-0.022283385,-1.3108363,-0.6576893,-0.04466463,-1.5933651,-0.5859109,0.88227195,0.106016815
GTAGGCGAGTAACAGG-1,-6.468477,-2.3310935,-0.7549542,-0.43110368,-0.40498886,7.0271544,1.0947653,-0.06426502,-0.95997256,0.7977476,1.4832155,-0.5496477,-0.53951615,3.2731013,-0.3957143,-0.8076847,0.98998374,1.5832192,-0.8699825,-2.8196852,0.25117508,-2.178282,-2.2659583,-1.1240973,0.99641997,0.2806009,-0.64240503,-0.3907904,-1.4534025,2.4281545
GTAGTTTCAAAGCCTC-1,-7.6117663,-1.3873204,-3.9393547,0.6064028,0.28811213,-5.068402,2.5985894,-0.74947745,-1.5430691,2.044981,0.24646352,-1.376396,-1.2496082,1.8729155,-1.5920944,-1.2587751,-0.987803,0.52079856,2.3638132,2.2923348,1.1104019,-0.8087612,1.0019878,0.7151687,-0.11340236,-0.050655246,0.24680723,-0.51566917,0.39099574,1.1960721
GTATCGCCAGCCTGCA-1,-7.6337533,-1.1090505,-3.576791,0.3711298,-0.2357584,-4.398205,3.185251,-0.19201948,-1.6139613,2.0531092,0.36253795,-0.31248176,-0.5530743,-0.6724286,-0.66032,0.29900002,-0.79488933,0.7174311,-1.2098751,-0.21090251,1.1599342,-0.17797752,1.0290598,-0.0077325245,0.56393605,0.38070658,-1.6308174,0.895244,0.32648653,-0.15584312
GTATGTTCACCTCGCT-1,12.901795,0.24079153,0.31275544,0.4756789,5.512506,-0.090644605,1.2303305,1.8690174,1.5385945,-1.8120223,-3.9785838,1.6692438,0.15156835,0.0062810197,-1.1256945,0.14729606,1.548157,1.488228,-0.48705617,-0.0414372,-1.3842535,0.067909434,0.20823453,-0.15656792,0.32613868,-1.3393869,-0.5889402,-0.3573638,0.43535092,-0.55720526
GTATTCAAGCCTGTGA-1,12.315859,-1.75418,-0.8766703,-0.97580785,-1.7761998,-0.6571445,0.82991225,0.4231171,0.6163503,0.09010427,-0.22960658,-1.3947898,0.13238783,0.19632445,0.6408322,-1.0584408,-0.6552241,0.5765106,2.159401,-1.0722309,0.40733227,-0.18357433,-0.5962581,0.5074894,-0.6449079,0.31135696,-0.10946008,-1.3809028,0.8702031,-0.3494058
GTATTCAAGTTTGGGT-1,-7.889984,-3.360128,1.4294255,-0.101638,0.35543045,6.202662,0.39011946,0.32435527,-2.0892138,1.7224543,-1.7406467,-0.42995426,-0.22932509,0.22335856,-1.5964861,-0.013982432,0.87246096,0.28323737,-0.08412474,-1.3893694,-1.5894759,1.6976321,-1.356983,-0.09934724,1.6212236,0.48061046,0.45555946,-0.643443,1.415893,-0.11755933
GTATTGATCCCGAAGC-1,-6.7965193,-3.5308385,6.972575,-1.7001685,0.08956363,0.5169157,3.6961462,-1.0179194,-2.884909,-3.992847,2.273345,-2.687002,0.81237346,0.7254802,-3.2631254,0.75798637,-0.7376856,-0.36611396,1.091009,2.501082,-1.2698712,1.4200358,1.7725849,0.5389922,-0.42762622,0.11344543,-1.2804933,0.91392326,-1.1694653,0.11736441
GTCAAACTCATGCAAC-1,10.849717,-2.314371,-0.8601574,-1.0009067,1.9541571,-0.20291172,0.24941002,0.48157442,-0.95905477,-2.4451694,-2.638531,-1.2792293,1.0631753,1.551026,-0.7036626,-0.1314993,-0.28986502,1.0137756,0.046629094,0.06226981,-0.0693684,-0.8433195,0.763124,0.2679029,-0.2206184,0.31662336,-0.12589382,-0.9708962,-0.5243019,-0.19547173
GTCAAACTCCGGTTGA-1,-5.9160376,-1.2924432,-3.2412074,0.4319787,1.4089891,0.14582697,-0.7589638,0.13990308,1.8852924,-1.7481446,0.8564136,-2.8703089,0.4822054,-0.8204309,0.87157863,1.8623003,0.010880282,-1.1740881,-0.7895997,0.9299597,-1.2966186,-1.7416745,-0.98305494,-0.12631416,-0.18680789,1.7376417,0.4391351,0.46605414,1.1920656,-1.2369814
GTCAATATCCCATAAA-1,-7.44647,-1.9428802,-4.2936273,0.28297687,-0.30626142,-1.2419609,-2.2060912,1.10479,1.5085974,-1.0237561,1.2314391,-1.2185293,1.0116824,1.2523628,1.5212785,-1.313445,0.73149705,-0.036767047,0.23765102,0.6429146,2.3640888,0.1591114,0.6561638,-1.3160645,0.4373545,0.44973177,-0.16097091,0.39320618,-1.4217005,-1.201802
GTCAATATCTAGCGAT-1,-7.7285447,-2.845091,-4.8737674,0.2641918,0.103268825,0.4225495,-2.8285995,0.33441326,1.2391019,-2.2344728,-0.42762133,-1.5601498,0.9154496,-2.9539866,-0.4762287,0.9649336,0.09641998,0.40498707,0.088912785,2.7852676,1.4664972,1.6637414,1.677876,2.2290192,0.6232253,-0.32667708,-0.9353475,0.5365936,0.88687265,-0.8035129
GTCAGGCTCGCAGGCT-1,-6.2463927,-1.1199694,-2.9569085,1.383345,0.88713247,-0.84911525,0.46850774,0.01041617,0.119728275,-0.5255239,1.843624,-3.0748956,0.111458786,0.2506685,2.1142752,-0.73551404,2.9981365,-2.5014362,1.8473737,1.1758076,0.19638884,1.565089,1.9839041,-1.1864843,0.52671087,-1.3298334,0.13523188,-3.3711727,0.5254589,0.29594272
GTCATCACACATAGCC-1,-6.48563,-2.14628,-4.837982,0.9453163,-0.1602345,-2.1675684,-1.890181,-0.48089468,1.7351284,-1.5526817,-0.024463302,-1.2842047,1.5021772,-2.2768757,-0.5288405,-0.10647721,1.9971131,-0.43608552,1.9473703,2.7996287,1.1749701,2.874808,1.6000873,-1.6524093,-1.0583303,1.398484,-0.100795805,1.1268463,2.622889,3.9853733
GTCATCCTCACTTCAT-1,11.117198,-2.9009557,-0.51614624,-0.14807618,-4.3333893,1.2684617,-0.57011694,-1.7786258,-1.0815951,-1.2178711,-1.201801,-2.9192998,0.8903843,0.4919137,-1.1727753,0.33753094,-0.92936546,-2.3736155,-3.9537444,0.819318,1.1619225,0.5575633,0.06360238,0.7561387,-0.29682314,0.4342112,0.8058268,0.29810506,-0.100460716,1.4375709
GTCATCCTCCTCACAC-1,10.379149,-1.568531,0.35294402,-0.39089963,10.050516,-0.5222244,-2.6501691,-1.4650116,-3.9240518,-0.1515835,0.014058683,1.1017634,0.49740958,0.11716986,0.43468666,-0.80523366,-0.565678,-1.0456086,-0.81513333,1.1274339,0.37837845,0.7210275,1.1339688,-1.0280639,0.35789442,0.115455195,-0.7293186,0.5108051,-0.43932718,-0.51152915
GTCATTAAGCGGGCAA-1,12.117915,-0.76542187,-0.3269136,-0.5987727,4.973001,-1.0134048,0.72103685,1.3648099,1.0987195,-1.308071,-2.913416,1.5252466,1.5610816,1.3371222,-0.37166983,0.49424568,-0.0724226,-0.021806898,0.3603711,1.5773399,-0.22158311,-0.06711391,1.2121879,-0.7293872,-0.15815678,0.8945269,1.870016,0.99198955,0.6594927,-0.23341945
GTCATTAAGGCGCTTA-1,15.2666235,-1.8815953,0.07090223,-1.473166,-1.5058436,0.06719108,-0.31768376,-0.81975377,-0.19546208,-1.0413889,-3.3524134,-0.5612653,0.41875136,1.4818987,-1.5339974,-0.6236886,-0.69823635,-0.4048865,-0.8706809,0.43319705,-0.022399683,-0.5828694,0.3702375,1.1538705,1.769383,-0.67202514,-2.0626428,-2.7880466,-1.4185463,2.37176
GTCATTAAGTTAGACC-1,13.616985,-0.6041076,-0.58302546,1.198086,2.9889326,0.4201059,0.85281706,-0.2333266,-0.3812432,-0.39910108,-4.7392693,1.1561322,0.59726584,1.9550563,-0.3529729,1.085573,1.5280899,-0.21008012,0.98018175,-0.12487579,-0.8606358,0.14203076,-0.105145164,-0.6185144,0.7722778,0.81364495,-0.20732532,1.636251,-0.56157947,-0.60002095
GTCCAAGTCAGCACCA-1,14.340437,-2.4403543,-0.88698304,-0.47559103,-7.9735975,0.594415,-1.9296126,0.0016319044,-1.5804496,1.5887957,2.3496306,0.39426506,-0.8153738,0.19302681,-0.9636467,0.10211483,1.5367705,-1.7455049,-3.5973165,-0.016364023,0.71718955,1.9683957,0.27852184,-0.079061665,2.0715876,1.1620116,-1.0977237,-1.198761,-0.92813116,0.8111681
GTCCGTAAGTTACCGG-1,-7.6988497,-0.65332866,-5.279235,-0.34535268,-0.33135492,0.83026147,-3.07907,-0.412562,2.1680336,-3.1572845,-0.90638244,1.0130657,-0.46375364,-2.0031683,-0.96105766,0.35336706,-0.2064508,1.8411639,-1.7547077,-0.7300689,0.9982808,-0.011263218,1.6124812,2.1446524,-2.0124424,0.32171723,0.05224687,-2.1195197,-2.1600764,0.63720745
GTCCGTAAGTTCCCGT-1,-7.2462053,-2.5264697,-4.223452,1.501879,0.19683805,-5.49582,3.6398988,0.22951813,-1.3678218,3.6177404,-0.3880054,0.8540963,-0.4607146,0.877996,-0.5641727,0.12799487,-0.8917008,-0.70948297,-1.2242068,1.4183203,-0.37062487,-0.08237999,0.1818059,-0.094109766,-0.907709,0.9003754,1.0985318,-0.37393087,-0.35864526,0.03296738
GTCCTCAGTTAGTGAT-1,-6.021192,-1.2510397,-1.7187606,0.05340527,0.31427848,6.4939213,0.53991944,0.40323615,1.9468987,-2.2285311,3.4998262,3.5857058,-4.118228,9.444509,-0.99905276,-0.17028189,5.1392274,2.310443,-2.0303047,-2.8447485,1.0571251,-1.8518612,0.3042947,-0.40353486,-1.0937063,-1.6624054,-1.9265801,-1.5496651,0.9736474,-0.20578979
GTCCTCCCAAGGATTA-1,-7.1289244,-2.7094643,6.135339,-0.26097572,-1.7185599,-0.38087302,0.80935204,0.030745074,-0.91974735,-0.6369807,-2.663662,1.8107097,1.8291141,-1.8917434,4.512707,-4.41806,0.22748828,2.2191749,-1.0438409,-1.3131602,4.7962847,0.75022084,-3.713693,-3.9520197,-1.7265766,-0.2477479,0.24345419,4.433289,-1.6257514,1.3019066
GTCCTCCCAATAACGA-1,12.5283985,-2.7339857,-1.1446908,0.023133239,-4.278452,0.24615492,0.5118554,0.8257945,2.0824976,0.0669932,1.8107941,-0.63558966,-0.5173772,-0.6021,0.5594875,-0.82862264,1.641231,0.9431027,0.14324738,-0.03527561,-0.66368234,0.41046926,0.1683254,-1.5007082,-0.9242506,-0.108897954,-1.4605794,0.5455679,0.26077405,-0.5640164
GTCCTCCCAATGCCCG-1,-6.81467,-2.4175804,-3.94074,-0.034584273,-0.71414673,-0.03333818,-2.5220027,-0.6040066,1.4877843,-2.9513247,-0.94949555,-0.9178261,0.89486706,-1.6855596,1.2129569,1.5520352,-2.050716,-0.50603247,1.4527377,0.03314309,-0.4162173,-1.4080478,-0.58112097,0.45604816,2.0676208,1.7747276,-0.86364365,-0.089901336,1.2616824,0.4718056
GTCCTCCCACAGAAAC-1,-6.8029695,-1.784671,-4.906127,-0.09348267,-0.9790183,-2.1362324,-3.6835384,0.16458976,1.8508188,-3.0227687,1.127457,0.17960943,-0.17202102,-0.73678994,-2.1664028,2.1978998,0.751321,1.1673285,0.96686006,2.3103237,4.351316,-0.58270687,2.4369967,0.50562495,-0.79422206,1.07621,4.3072453,1.9984728,1.112173,4.393737
GTCCTCCCACCTGCTC-1,-6.294369,-1.7544098,-0.8369635,0.21346049,0.02691235,5.5504656,-0.15958618,0.6856326,-0.05457307,-2.0109394,0.5959455,-1.6761305,0.50409454,0.35602924,-1.5803255,-0.46864966,-0.8099585,0.5465354,-0.5715246,-1.7965078,-0.1792979,0.91547203,-1.700264,0.6683373,-0.14511685,0.5317963,2.0492766,-1.9952422,-1.4671559,-1.1642008
GTCCTCCCACTCAACA-1,-7.116924,-1.5537354,-3.632854,-0.45697403,0.0026353728,-2.517699,1.5991508,-0.6667886,-2.2824109,2.4808848,-0.4830193,-0.182174,-0.7031493,2.3125396,-0.65465534,-0.33843124,-2.4509125,2.4674454,-0.7555364,-0.42778045,-2.2272122,-0.64604264,-1.8250877,-2.2802777,0.7022127,0.6417882,-0.12621865,-0.360888,2.2163355,-1.7947477
GTCGAAGCATTTGCTC-1,9.466364,-1.4512475,1.052818,-0.5638714,13.380763,-1.1356306,-2.9841971,-1.1136456,-2.7560694,0.19973189,2.1190057,-0.34241858,0.0007875321,-1.018086,-0.036459554,-0.30651334,0.02929951,-0.20212969,-0.32023287,-0.26641452,1.2627432,-0.08756705,0.10914507,-0.7985707,-0.39219505,0.29964963,-1.338543,-0.6314308,-0.48695526,0.64289975
GTCGAGGAGCGCAATT-1,-7.2223206,-2.5892885,-4.1612215,0.30164668,-0.031871956,1.1215916,-2.4845908,-0.183489,2.2456043,-2.337975,-0.64421076,-2.5249848,1.442059,-1.9371918,0.4384289,-0.27634358,0.6191862,0.17494527,-0.117600664,0.54189545,-1.1043286,2.9784467,0.5081299,-0.112263426,-1.3294629,0.5523293,1.21188,0.4718581,-0.9657669,0.40292934
GTCGAGGAGGCGGGTA-1,10.155614,-1.08878,0.6889829,-0.9050149,10.775374,-0.6459731,-0.8140274,-0.982499,-1.1139631,-0.5514742,0.513393,0.31859702,0.091081426,-0.41401887,0.3089762,-0.39013967,0.4312614,-0.97191626,0.33178264,-0.44481555,-0.23815,-0.058555726,-0.5759577,1.6292806,-0.9155916,2.7016494,0.56254905,0.7927032,-0.37070864,0.10489889
GTCGAGGAGTTTCCTG-1,-6.751289,-3.2649424,11.553192,-1.0332631,-0.45582974,1.9589435,7.710873,-0.6058662,-6.092146,-2.8356261,3.2644012,0.9660744,-0.77657133,-0.45794752,-2.5533342,5.8334746,1.9871774,-0.79512864,1.1505709,1.889603,-1.1212739,1.8651193,4.084671,0.5332747,1.241966,2.421447,0.21609126,3.361736,1.203154,1.4075783
GTCGCAATCATCAGTA-1,-7.32178,-1.73348,-4.296991,0.75829643,0.68644863,-4.7602787,3.4637945,-0.2563928,-1.2843091,1.1762214,0.7151567,-0.28066957,-0.37841284,3.1853652,0.13731983,0.18938676,0.84542346,0.1232522,0.58574754,0.16296679,-1.3911083,0.019549023,-0.9173416,-1.2659872,-1.0122149,-2.055894,1.0995357,-0.16897567,0.2341806,-0.5776358
GTCGCAATCATGCTCC-1,-7.6906004,-2.154203,-5.1608152,0.9305961,-0.44262204,-5.236899,1.8811853,-1.2860171,-1.2850659,1.3061038,2.1054895,0.21266875,-0.74622965,1.9705759,0.00017084433,0.38597354,-1.4267218,0.18584178,1.0135561,-0.74688995,0.33954582,-1.3630599,1.4949723,-0.9077655,0.48530218,-1.5800105,-0.4718725,-0.28354278,0.37853768,0.8532316
GTCGGTTCAATTTGGT-1,-7.5406423,-1.8053942,-4.3361325,0.34436175,1.1835595,0.97877866,-1.2783711,-1.0240905,0.9905744,-1.7190285,-0.94757307,0.32001457,1.0026169,-3.3668408,0.52862793,-1.092227,-2.027742,-0.6904151,1.0274123,0.4811401,-2.5198245,0.7879566,-3.3598986,-0.7540395,0.94415915,-0.87568545,-2.8146348,-0.11451676,1.1647032,1.380519
GTCTAACAGTAACGAG-1,14.839264,-2.0189242,-0.43325573,0.18333289,-4.348167,0.010309288,-1.6894385,-0.42622557,-1.1818242,0.8021894,0.27377525,0.7450642,-0.7266803,-1.1560737,0.646076,-0.4531896,-0.261865,-1.0629628,-3.333942,0.83705825,-0.5063835,0.86708695,-0.7615114,0.5385195,0.37296993,-0.005350715,-0.52615976,-1.0725415,2.5085003,1.9068662
GTCTAATCATGTTGGC-1,-7.4808645,-1.5159256,-1.1749096,-0.24915633,-0.29573315,3.151464,-0.37473792,0.44705814,-0.26729912,-0.59183705,0.19214176,-0.91405386,1.5534765,1.0307565,1.1356492,-0.93451726,-0.41054899,-1.2155014,-0.26491383,1.3788613,-1.8498703,0.6462122,-0.39358258,-0.5425152,-0.5729607,-1.2215575,2.0227306,-0.12568194,-0.6417848,0.13952331
GTCTAGCCAGCTCAAC-1,-8.715163,-2.2588336,-4.8086157,0.9100498,-0.1585903,-4.3752513,0.87432456,-1.0201315,-0.7863246,0.56550556,-0.85804087,0.65901494,-0.91599625,-0.8011206,-1.4374907,0.64872676,0.043516092,1.5576886,0.518546,1.2539101,0.45172566,-1.8993813,-1.8959508,-0.48315695,0.35785714,-0.70317066,-0.9990399,1.0718939,-0.95972204,-0.92530316
GTCTAGCCAGTTTACG-1,-5.735882,0.32290986,-2.6680152,-0.6852344,0.37351456,-1.568284,2.0903316,-0.49793598,-0.37765738,0.36844862,0.14517778,-1.0949554,-0.09809451,1.2337793,-0.77348375,-0.3894452,-1.0877806,0.012408339,0.74800235,0.87584466,-0.24138674,1.2620125,-1.2777766,-0.25489098,1.3800304,-0.75682706,1.8297518,0.9018402,-1.2194512,0.4410941
GTCTATCGTAAACAAG-1,-6.0011883,-0.63673,-1.6210352,0.24502613,1.5330122,8.57547,0.64955586,0.06531137,2.1397808,-2.7221603,5.016543,3.891187,-3.843413,13.266663,-0.31500176,-1.2096177,3.577044,2.0364087,-0.26431966,-4.4351625,0.45710665,-1.5297239,0.90313023,0.54333526,-1.6985183,-1.0005379,-4.1722507,-2.6347752,1.2249573,2.6063452
GTCTATCGTGATCAGC-1,10.26725,-0.17495735,0.06364114,0.16147137,5.678734,-0.7981936,1.2876395,0.95898587,1.9805512,-0.31536576,-0.14083996,0.56279004,-0.55923,-0.41451553,0.2979455,0.0025054314,-1.269622,0.11261285,-0.7505071,1.46488,-1.6581389,0.8728349,-1.1518768,0.2740922,-0.04035018,0.8369074,-0.4987807,0.20831014,-1.6134324,-0.62350696
GTCTATGCAACTAACT-1,-6.9297504,-1.5029833,-1.2754912,0.73024005,-0.039563123,5.89437,0.48547998,0.71177965,-1.8664898,1.672942,-1.7099006,0.097549215,-0.12657247,-0.70310134,-1.6360135,-0.45788163,-0.8181468,-0.3727566,0.22264077,-2.9784844,0.7457863,-0.39749116,-1.9664595,2.16086,0.92568964,1.9270643,-2.1240075,-0.23294656,-0.82737434,-0.25025138
GTCTATGCATAATGAG-1,9.9361105,-1.2591969,0.88201123,-1.0045217,13.725837,-0.87340194,-3.828933,-1.4673439,-2.9130805,1.8331918,5.51053,1.3812305,-1.5568002,-3.3028412,0.52536076,-0.44582328,-1.4175568,-0.35451794,-0.8878322,-0.8469854,0.20062266,0.083351076,-0.2696422,1.4321783,0.48491225,0.93000835,-0.33419183,-2.201554,-0.6601412,-0.8797977
GTCTATGCATAGCGAG-1,-5.899479,-3.2121031,4.632971,-1.48719,-1.2728393,2.7837296,2.9889858,-0.52012473,-3.552423,-3.6548975,-0.13303685,1.1001674,0.55789113,-0.26758572,-0.07806497,-1.140632,-2.74831,1.4938912,0.07869807,0.94648606,-0.68036014,-1.0346007,-1.2539876,-0.686639,2.5465808,1.0053842,-0.075588994,-0.9511852,-1.0786325,-1.0265226
GTCTTGCTCCTCAGTC-1,-6.492374,-2.7040868,1.4353416,-0.5039859,0.055330966,5.4249473,0.6199031,1.5767155,-2.0038006,2.0900147,-0.7173902,-0.82971096,1.6043254,-1.5640446,-0.45421025,-0.5589969,0.6256733,0.62073845,0.08048851,0.15434101,-2.6032562,0.7569995,-0.8151737,-0.14307407,0.048705164,-1.5396202,2.3047612,0.05716849,0.50873315,0.8689776
GTCTTGCTCGTAATCA-1,-7.290608,-2.6345468,-5.5116615,0.6628665,0.08117233,-1.570574,-1.9853122,-0.38807312,0.47266147,-1.6747986,-0.74817413,-0.6135424,-0.17181945,-1.8889343,-0.43169975,0.18701981,-0.3635543,0.7154691,0.86322856,-1.9818347,-0.022391912,-0.29870215,2.2141893,1.4857483,1.4929367,0.66875154,-2.5409997,1.4344912,-0.013403687,1.6454314
GTCTTTAGTCACAGCG-1,-6.363991,-1.86507,1.2773197,0.15382008,-0.6184804,4.7560196,1.3982681,0.21643364,-2.913815,-0.15389356,-1.5767457,4.2312407,-0.5592207,-1.4196104,-2.7161129,2.959726,-2.7088304,-2.4716296,-3.9724321,2.9271662,0.72526217,-1.000271,-1.6411259,0.07242308,-1.5564846,4.077041,-0.8585571,2.5645773,0.06834818,-0.4450316
GTCTTTGTCATTGTCT-1,14.214725,-2.7696338,-0.23275945,-0.041813754,-2.044472,-0.010261512,-0.37205502,0.17221484,-1.0849355,-0.9714722,-0.739147,0.44038498,0.78201205,0.31039688,0.1905993,0.21377294,0.12964647,1.2693075,0.49476075,-0.42431718,-2.0754406,-0.41001812,-0.2824727,-0.6641456,0.16832647,-0.4498159,0.32987592,0.1685705,-0.67044735,1.2035451
GTCTTTGTCCTAATTC-1,-6.6548834,-3.292649,13.286549,-1.4334116,-1.314864,-0.3343902,0.7038654,-0.7529382,0.6101925,-1.1011848,-1.8963163,2.7464576,0.5978884,-1.1547506,0.18644322,-2.264902,0.042308595,-2.4753265,-2.9918265,-0.25281686,2.4260945,1.7175735,-2.6474955,-1.9220641,0.6193082,-0.5513282,-1.1972346,2.4268553,0.38745487,-5.3613157
GTCTTTGTCGGTTACG-1,-6.6866617,-2.0338795,-3.7257159,0.31027257,1.084909,-0.97789806,-0.7243425,0.1338156,0.9879797,-1.0604864,0.9781175,-1.0722101,0.8522823,-2.0553682,-0.6470945,1.0161239,-1.0349954,0.48457772,0.6675068,0.80524975,-0.46786758,0.4203115,1.586569,-0.34454116,-0.38478363,0.93707454,0.6401761,-1.6029018,-0.3931991,-0.9745759
GTGAACAAGCTTAGCG-1,-8.408071,-4.140855,8.589744,-1.4258769,-0.54517156,3.0803463,4.4537654,-0.55365855,-4.2079353,-1.5317214,-0.32297024,2.1909254,-0.71581525,-1.8058035,-1.8551047,2.8222203,-1.0521747,-1.3134743,0.16445978,1.0242953,-1.5892295,0.3938904,-1.9372333,-1.4320511,0.20011517,-0.7273553,-0.9088585,0.82290524,-0.5463785,2.9066625
GTGAATCTCCGGTATG-1,-8.036129,-2.8169715,-5.451668,1.6468972,0.25969523,-5.150308,1.8310792,-0.60969824,-1.3440819,2.5198438,-1.6587125,1.457759,0.44242653,-0.3780594,-2.0622787,0.76798093,-3.62452,1.0956388,1.6790168,0.5074886,-1.2292325,3.3295748,1.4963348,1.7726872,-1.0044423,0.5122318,-0.92388785,-1.2221326,1.3737917,-0.39259416
GTGATGAAGGAGGACT-1,-6.9589877,-2.5249255,-3.3256695,0.3762942,-0.2512432,-2.0581865,2.3674862,0.22143632,-1.2839875,0.59625095,0.19336547,0.16843441,1.1076423,-0.44839758,-2.7650764,-0.7614587,-0.42751575,-0.45562506,1.9806652,-0.056321293,0.14756088,2.5417948,-0.65481037,1.4794755,-0.87959427,-3.0509353,-0.8126529,-0.8820768,0.8644374,-1.4756832
GTGATGAAGGATAAAC-1,-7.729839,-1.2270224,-3.065484,-0.070523724,-1.5850976,2.8297386,-1.990904,0.0031307794,-0.2515345,1.0696044,-0.52977633,3.1185293,-2.0481486,-1.9121654,-1.0172439,0.9161735,2.4024718,-1.3308984,-0.41461444,-3.084783,-0.36003238,1.6916105,0.3016147,2.5545676,0.32898968,0.45247945,3.56735,-2.6952844,-0.9790134,2.406738
GTGCAAGCACTAAGTT-1,-6.675473,-2.1705444,-4.524431,0.059297886,-0.036237206,0.23663913,-0.6314419,-0.62140256,1.8308473,-1.78205,-0.6333789,-1.9315438,0.07809094,-0.8982123,0.7940759,0.33900335,-0.09385466,-1.017152,-1.3283007,1.5716407,-1.5381233,0.12429801,-0.32880157,-0.7135224,-0.95499945,-1.5020598,3.3805594,0.82135075,-2.9781091,-0.41657096
GTGCAAGCAGCCGCTA-1,12.5379925,-0.29196495,-0.14471398,0.9605249,2.9690676,-1.2129928,-0.45983654,-0.46859312,-0.50678223,-1.5015934,-3.1791153,1.2137661,0.07446842,0.56576145,0.7152543,0.11788727,0.32977933,0.7920035,0.51160145,0.06838174,-2.2217112,0.7802499,0.10652754,-0.57002217,0.836818,1.7860839,1.1817868,2.8953197,-1.5019839,1.0133824
GTGCAAGCATTCCTGT-1,13.46702,-2.1323752,-0.5987774,0.04628027,-3.8575602,0.6655181,1.9372373,1.1653327,2.486865,0.92606324,1.257896,2.594546,-1.3324218,-1.9812803,0.666278,0.7691211,0.20690823,0.5400217,3.3591933,0.5142385,-0.659165,-1.2043864,-0.17020404,0.3929543,0.015289731,-0.18611039,-1.1855123,0.303962,0.7525152,-0.8005248
GTGCCTTTCAATTACG-1,-6.519222,-1.7869965,0.45057943,0.010477942,-0.29357803,5.375392,0.48686787,-0.16218418,-0.6539284,2.5833561,-1.8796006,0.32184392,-0.5949579,-2.4158316,1.4851468,-0.09529121,-1.3992332,-2.070722,-1.3832204,-0.27637178,1.6310812,1.118622,-2.4930432,-0.40132132,1.1084926,1.0808206,1.228205,0.20541315,1.6228253,-0.39746723
GTGCCTTTCCTGATGG-1,14.02646,-3.4423757,0.5592206,-0.95223814,-4.715298,-1.2820305,-1.4442614,-2.107771,-1.050608,0.09122174,-2.3660052,-0.9050974,0.25605243,0.8013615,-1.1027342,0.40667266,-0.35954973,-0.7313925,-0.8020954,0.42600948,-1.0712699,-0.5947113,-0.07082778,0.11205451,0.60033613,-2.3591464,-0.37222326,-2.6044955,-0.78997636,0.6982926
GTGCGCAGTAAGCTCA-1,-6.795481,-1.868865,-4.7264066,0.43599218,0.42495358,-4.397171,1.8647804,-0.025866121,-1.2796502,1.5726391,1.748558,-1.7675139,1.8131102,2.1118252,-1.1868755,-0.3623208,-1.7877007,-0.18205297,0.2820973,-0.90050215,-0.1959271,-2.2560508,1.730243,-0.4283748,-1.3299873,1.761263,-2.394934,1.5312177,0.51272106,-1.1837811
GTGCGCAGTGGTTAGC-1,-1.8838544,24.555222,1.0440055,-5.541008,0.15354557,2.2145998,2.8268576,-8.638365,3.337913,0.8150195,-1.1084598,-2.7201173,-5.526127,-1.6937957,0.32347113,1.4464288,-3.4834301,0.96495587,-0.8141973,0.5198647,-0.19006884,-3.5723855,1.388425,0.8331886,-0.16681045,1.1767122,-0.46818742,-1.3176258,0.053441945,0.05840619
GTGCGCAGTTCCTCCT-1,-7.323352,-1.8736305,-3.5160613,0.74279124,-0.06127069,-4.224579,1.2212068,-0.82069546,-0.086371645,1.1887423,-0.29979417,-1.0896811,-0.41905385,-0.035733495,0.20625135,1.1453434,-0.284438,-0.40567967,1.6213545,-0.38832185,0.30842957,-0.08241514,0.0906458,-0.35508084,-1.1353439,2.2428043,1.9780645,0.63332963,2.2502878,1.8853446
GTGCGCAGTTTGCAGA-1,-7.5508947,-4.64475,18.759481,-1.1779616,-2.3451772,-2.1249864,-4.0602584,0.95766294,4.2365685,0.884647,-0.72365135,0.17089222,1.7186854,1.6106232,1.4551735,-1.4159501,0.14200205,1.4295237,-1.9088514,0.81856567,1.3644258,-0.8684212,1.3667443,-0.4236541,0.12487119,-2.4912236,3.4835188,-2.5188055,-0.72182024,-1.6416844
GTGCGGTTCAATCTCT-1,-6.9849124,-1.4917938,-4.438716,0.024457967,0.1426525,-1.2319099,-1.3588736,0.5952748,1.5324005,-1.9216458,0.054005597,0.8961253,0.62029666,-0.31899053,-1.0571253,-0.42486387,0.6712944,0.89713985,-0.087396085,0.643619,0.05986414,-4.0192127,-2.8417132,-1.2790667,1.0456288,0.8264823,2.161332,2.0630786,3.6414375,1.258991
GTGCGGTTCTCACACC-1,10.137409,-2.3362288,-0.3225391,-0.67673,2.0186331,-0.052401062,-2.0207634,-1.0422201,-1.6452187,-1.717975,-3.1017306,-1.0057884,1.6700276,2.3544333,-1.158123,0.043033607,-0.6440069,-2.2137728,-1.00116,0.31869757,-0.7108957,1.255317,0.23771057,0.012287008,1.3472884,-1.0899298,0.85333455,-0.59454167,0.2799295,-0.12118415
GTGCTCCGTCGCAATA-1,-7.5178657,-2.793897,-4.4361506,0.8402214,0.47419095,-3.3532863,0.5035803,-0.33213145,-0.82394797,0.11347933,-0.3807769,0.20317265,0.27408415,0.6975418,0.2689847,-0.996614,-0.6074947,0.70824915,0.90841484,-2.6060393,0.37682575,0.031530906,-0.52278817,0.29795963,0.60504025,-0.37640056,0.08317738,1.3594626,0.77453613,2.6518705
GTGCTCCGTGCAACTA-1,-7.7074423,-2.2775652,-4.749321,0.47630793,0.29924583,-5.5968723,1.9864485,0.09109334,-0.9434353,1.9233835,-0.92876256,0.0715932,-1.1702391,2.6597106,0.624565,-0.5619559,-1.0900137,1.6322777,-0.3421576,0.046102505,-0.70787585,0.8937862,0.5535754,-0.67781836,-0.9960651,-2.3604383,0.32057545,-2.4767232,-0.90830284,0.17111732
GTGCTCCGTTACCTGT-1,-7.878159,-2.9613779,9.51008,-1.2541116,0.11929477,2.8088005,6.8237495,0.14866799,-4.932555,-3.2458754,-1.2161679,-0.19532548,-0.76239586,-2.7985656,1.4937992,0.3326523,-0.57339084,0.18893501,-1.7471942,-0.999264,-1.8346106,-2.3965294,-2.0498784,-0.448674,-1.9645839,0.32273212,-1.1173806,-1.6802149,-0.06687021,-0.041741285
GTGCTGATCGTTTCCA-1,-7.302291,-2.7207668,-4.3956017,1.2294147,-0.079165444,-4.3709154,1.2141263,0.4468387,-1.0169828,1.9710959,-1.9063218,-0.3934337,0.03796219,0.8577211,-1.1651529,-0.9796743,-1.0222797,0.8985552,1.2048463,-0.547977,0.31763002,1.061441,0.61238945,2.9242475,-1.17491,-1.3973776,-0.43475765,-0.27437636,0.22691673,-0.64731586
GTGCTGGGTACCTTAC-1,-7.536416,-2.0230443,-4.427839,1.7223252,-0.15468845,-5.195052,2.2685304,-0.49340403,-0.59045595,0.29538444,-0.27714005,0.05275278,-0.42181656,1.4451252,0.36261424,-0.52193046,1.0218835,-0.54164666,-1.2130617,-1.2777377,0.9899958,-1.8341612,1.1546456,-0.020509252,0.18418723,-0.9980894,-1.6840922,-0.9862504,-0.26304784,-0.35450003
GTGCTGGGTCCCGAAG-1,13.336279,-3.2275617,-0.16897564,0.4474209,-3.755634,0.03409404,-1.058382,-0.1711105,-1.3955237,0.6246686,-0.4604653,-2.0377,0.056529704,1.4764155,0.38376075,-0.27388513,1.2745503,-0.927202,-1.9592272,-0.421779,1.026542,0.7516616,-1.0178183,-1.3987333,0.10650725,2.043446,-1.9451683,-1.102097,-0.97917444,-0.43228245
GTGCTGGGTCGCGCAA-1,13.258857,-1.3621066,-0.6152617,0.69636464,1.593484,-0.10227582,-0.4579135,-1.2432134,-1.701883,-2.24312,-4.568013,-1.3654778,1.6020968,2.4476163,-0.91593,-0.23487554,1.026922,-0.9559291,-0.20189385,-0.5588131,0.24494736,-0.43634853,0.23537897,1.7107956,1.8150787,-1.6054814,1.0248777,-0.7107932,0.055985097,0.330416
GTGCTTACAGTAATAG-1,12.82716,-4.185895,-1.4265326,-0.7177772,-8.444297,0.18997835,-1.6289548,-2.295593,-2.558377,1.012499,4.8333535,-3.0407267,-0.2029257,-1.8816544,-0.007299944,-1.3538578,-1.3014666,-1.1920425,-3.0626254,1.1057208,0.915281,1.4361185,0.55250317,0.06374989,-0.500691,-0.50554955,-1.230349,-0.5783242,0.06833428,0.6566198
GTGCTTCTCATGTTTC-1,4.043006,5.3823867,1.8604677,4.987296,3.17286,1.1393702,4.297955,3.4105468,6.491401,0.9757584,2.084165,0.12270399,1.1088148,0.590451,-0.113633245,-0.8527848,-0.23329644,-1.009471,-2.9540951,0.8621792,0.15106727,1.3974118,0.51641124,-0.027505873,-1.1882949,-0.123146676,-0.2745855,0.33924484,-0.7803245,1.4295908
GTGCTTCTCATTACAG-1,-1.8541753,25.02212,-0.07382449,-6.9671907,-0.60425574,-1.4373456,-0.37179738,9.768076,-4.4882135,-0.074034184,-4.133715,2.2157066,-3.2652123,-2.570881,-3.7116985,-6.5727825,6.644938,5.5943627,-1.451558,9.558855,6.202733,8.385425,-6.619542,2.17827,-2.6482024,-1.920012,-1.7894516,-3.3504848,-0.41592142,1.6842952
GTGCTTCTCTGCAACG-1,-6.355496,-2.5518553,-3.269308,0.6151827,0.14062485,1.4940035,-1.647813,-0.38376912,1.689995,-1.1731862,-0.61923814,-0.10844097,-1.1651473,1.0096837,0.281571,-1.0166323,-0.86122805,1.213877,0.6139746,-1.6101836,0.6423955,1.1203307,0.14680769,0.61816597,-1.3175449,1.8375243,-2.7933505,-0.36552727,2.0574565,1.9239734
GTGGACACAATCCCTT-1,-6.6543593,-3.452699,10.820947,-1.1595231,-0.31283107,4.599336,4.073847,-1.1954867,-3.584191,-3.9263299,5.4752727,1.5100718,-0.98940146,1.3930571,-5.5468707,4.986298,2.575884,-0.7597274,1.7281357,3.2831771,-2.214423,1.1042634,4.1250763,-0.61076885,2.2718987,-1.4399121,0.6498234,3.7184572,-0.854485,1.6918857
GTGGACACAATCGCAC-1,-7.5511827,-2.2977078,-3.9346807,0.4852932,-0.09914368,-1.4253814,-0.27992597,0.11592285,1.2992283,-0.058055166,0.10966462,-0.73490524,1.3177911,0.22573578,-0.048835043,0.2700604,-1.0178956,-0.28617984,0.32838264,0.38211036,0.6209802,-1.2040284,1.3284147,0.85294586,0.43202108,1.307497,0.4859466,-1.9066883,1.5092912,3.0447838
GTGGACACACGGTACT-1,14.749005,-3.0275927,-0.4360081,-0.5350924,-2.6948206,0.14307466,-0.84584886,-1.2526401,-1.0710437,-0.96018714,-4.1069193,-1.7255838,1.4450089,2.633043,-0.68168396,0.4340342,-0.8592138,-1.0726122,-0.5591934,-0.17811269,0.7946125,0.43609467,1.3295609,0.08853621,1.6070646,-0.94149804,-1.1656157,-0.17763343,-0.30640972,-0.16377479
GTGGACACATAATCCG-1,-7.803144,-2.242503,-4.838893,0.3784163,0.21192671,-4.6733217,2.4608576,-1.4385592,-0.98965275,2.7587986,-0.37084895,0.90570587,-1.7680174,0.6740158,-1.04443,0.68751776,-0.25339994,-0.17221856,-0.23985927,-1.9213742,-1.6700753,1.0561701,-1.287954,-0.4189221,-1.2686157,-0.42052132,-0.11441314,-0.69764155,0.79687154,-1.2445536
GTGGATGCAACCCTAA-1,-6.6368575,-1.3537979,-1.7692103,0.2348532,0.16112974,4.5686088,-1.0204592,-0.28989306,1.0652909,-0.049538657,1.0566992,-0.28846225,-0.9792541,2.1722105,-1.1320564,-1.0747693,-1.4494699,-0.061720017,-0.17275211,4.0248117,-1.9813747,-1.4262651,-0.84627384,-0.50334215,0.60409945,-0.8683979,-1.5261842,0.73533607,-0.61860263,-1.628537
GTGGATGCAGTTAAAG-1,-6.9093747,-3.9354591,18.847908,-0.40085217,1.1862917,-4.731955,-6.859,0.31125638,4.3269825,3.9550252,-0.59632087,-0.21701515,-0.14812514,1.060434,-0.33616656,1.2525847,-2.5241864,-0.1067675,-1.2410998,0.3668346,-0.3916373,-0.78281283,0.38312626,-2.1824937,-1.2158815,3.4551024,-1.5539432,-1.9266789,-1.2074625,2.941407
GTGTAACTCCTGAGTG-1,-6.8024287,-2.5225828,-2.7646353,-0.09110169,-0.12020054,-0.32180023,0.2970388,0.3790977,-0.7948246,0.53753877,0.2750542,-0.39414027,-0.86067617,2.327747,2.2754989,-1.894403,-1.2539793,0.3136739,0.015657451,-0.20048125,1.3228656,1.1885478,2.0096726,3.0843718,0.62729245,0.4573977,-0.7684748,-0.9381929,-2.7401283,-1.4335891
GTGTCCAAGGAAACTG-1,-2.5978386,21.43283,0.8732806,-5.8399634,-1.2899321,0.62295055,-0.24360362,1.6996835,-0.5470982,-1.6490725,1.9397386,-3.469405,-2.5052323,0.70348734,4.288752,4.6011696,-3.593832,1.5467167,3.1922622,-3.7029433,1.7578441,0.6152535,0.15688367,1.6445824,1.5701859,2.4195116,1.6386101,-0.1920884,-1.480381,0.6463493
GTGTCCAAGTTATCCT-1,13.119623,-0.9465975,-1.2294096,0.042591594,-0.5246394,-0.5042758,0.38601086,0.18134311,0.8229726,-1.4219946,-4.2938375,-0.09688351,-0.20216437,1.0560708,-2.3293464,-0.353143,-0.89986706,-1.8937842,-1.5430967,-0.50036526,2.0208547,-0.58274627,1.3693998,0.028497526,0.939499,-0.27698052,-2.118224,2.01301,1.7456206,-0.5149917
GTGTGAGCAAACAACA-1,-7.571139,-1.6279142,-4.98306,0.5112191,-0.76558703,-1.2686102,-2.8028977,-0.9566379,1.7492762,-0.32910752,-0.17650916,-0.90949386,0.68848884,-1.5397772,-2.6397893,-0.649813,3.0879812,-1.0055922,0.20975614,-0.43138888,2.0844522,-1.4411664,1.2601769,-2.0822754,0.52848744,-1.1080538,0.45881465,0.13985312,1.5536717,-0.09998741
GTGTGAGCAACACTTG-1,-7.86797,-2.1013315,-4.177039,-0.21037567,0.15256235,-3.13936,-1.0264349,-1.1096821,1.0118334,0.8300461,-0.05713412,-1.1132219,1.4539422,-0.16677086,0.36908603,0.56909895,-1.4635025,0.5422734,-0.0659018,2.410939,0.02821618,-0.36501777,0.7925452,-3.2832618,-0.31927192,-2.0131235,-0.5291624,0.35116243,-0.34678662,-0.4277427
GTGTGAGCAGCACGTT-1,-7.948867,-1.5130421,-4.95657,1.4897593,-0.44656947,-3.318417,-1.221752,-0.6262505,1.6741537,-0.5054232,0.14416885,-0.9883089,0.19338079,-1.1767823,1.4725217,0.6952619,-0.330362,-1.1445742,1.7472314,0.31580943,-1.459962,0.21132249,0.6853023,-2.5802968,-0.5964067,-0.012207158,0.63752097,-1.841706,1.1865339,-0.43793026
GTGTGCGGTAACCACA-1,-8.849541,-1.7851466,-5.7588835,2.796643,-2.0684268,-4.091331,-0.9135758,-0.9384862,-0.28032666,0.43571082,-1.9221019,8.477531,-1.4651357,-0.90878284,0.1865109,1.3419769,1.6775985,-0.38022882,-1.532308,2.0246048,2.347529,1.0286652,-1.8567746,0.71097213,0.41064498,-2.5888343,3.3474166,-3.751402,-2.3823354,-4.2802887
GTGTGCGGTATTGTCC-1,11.78771,-2.421371,-0.06636456,-0.68379045,-1.8371469,0.4569277,-0.008443061,-0.18522152,-0.3305456,-0.28019896,-0.80507797,-0.42276844,0.9734557,0.40513194,-0.8643357,-0.27939868,0.6925526,-1.8735003,-1.0333753,0.19228882,-0.12973483,-0.28376713,1.5516502,1.341611,-0.2232871,-0.6740673,-0.61599815,-0.64047927,-0.4865389,-1.3332138
GTGTGCGGTCGCAAAC-1,4.1364117,-0.061863367,0.9733079,-2.1700935,-0.43709627,-1.2536752,-2.5307162,-0.27243862,1.756314,2.984373,0.900089,-2.977014,-1.4719867,-1.4044224,-0.7850581,-4.1068225,0.56005204,-1.2171246,2.9212816,0.6006555,-0.14195333,-1.3521558,-3.709227,0.45404866,-8.099329,1.8208632,1.736355,1.1063497,1.6278641,2.145362
GTGTGTTAGAAGCTAG-1,-7.460138,-2.0906603,0.42056236,0.0015847698,-0.4932228,4.8531256,-0.11339828,-0.083677195,-0.66979086,3.8680494,-1.6863617,0.3191498,-0.5057277,-1.0670018,-1.8096813,0.45368764,0.44844213,1.0009451,-1.2565253,-1.0429608,0.33603653,-1.2878549,2.2172616,0.20417279,-0.19884323,-1.7891452,-0.5094924,-2.4360492,-1.814725,0.39465177
GTGTGTTAGGTGTCCA-1,7.7516284,-2.469537,-2.8242457,-1.1127588,-0.5335635,0.5321932,-2.8003864,-1.2282888,-0.3467044,-2.3475828,-3.6084566,4.740487,-0.55534995,-1.6318439,-0.11639093,0.70518833,0.7958469,0.0038261628,1.0356241,0.3411719,-1.3152498,1.6115347,-0.68340003,1.4243622,-0.85493946,-1.2222645,-0.9494746,0.7422551,-0.18092333,-0.47522968
GTGTGTTAGTTAGAGG-1,-7.541075,-1.7228433,-4.58627,0.73093134,-0.14463484,-0.14808425,-2.9560132,-0.24892956,2.6160133,-0.6638802,-1.021603,-1.2510414,-0.44924763,-1.3479446,-0.9572365,1.9721495,-0.8597685,-1.0669918,1.0171336,-0.77897537,1.4162507,-0.12170555,0.92577344,-0.53967637,-0.55796665,-1.4321212,-0.81897223,-2.437818,-0.6864644,-0.11206084
GTGTTACAGCCTCTGT-1,-5.6153836,-2.5796747,-1.7007326,0.5878776,-0.3235945,3.1757698,0.7082538,-0.7209502,-0.37335184,-2.3584824,0.92019266,-1.9504911,0.28077137,0.2987833,0.22032897,-0.83593374,-0.90063626,-0.25996715,0.08278077,-0.038220525,-0.98906595,0.75202036,-0.9419327,-0.93492377,-0.95233816,-0.3044714,-0.11292036,-0.5367021,-0.49398118,-1.470901
GTGTTACAGTCGCTAG-1,-1.2660015,18.375483,-0.3157227,-5.2769947,0.20901047,4.620652,-0.038498998,-9.959653,2.8933716,1.2168056,5.239048,8.373812,18.23218,3.6600451,0.69566804,-0.34070486,2.4321284,-1.0590844,3.940409,4.8600793,1.0791204,5.4214725,-1.9187837,3.1010485,-1.9683342,4.8461514,-3.5397046,-2.035069,-2.9304113,2.2057645
GTGTTACAGTTACCGG-1,-8.865735,-1.8742961,-6.2103252,0.28421718,-0.5604574,-7.0891175,2.736196,-0.8607565,-1.6524699,2.152962,-0.28305006,1.7618978,-0.10858721,1.1996123,-0.46163085,0.77638435,1.424099,0.059511192,0.43214607,-2.4613042,-2.6133802,-0.026124073,-0.065255456,1.2258811,-0.98723924,-2.1452286,-0.39757854,0.100904904,1.8811358,1.4078398
GTGTTCCTCGTGCTTC-1,8.821004,-1.8669938,0.98261255,-1.0331998,14.239635,-0.38070336,-3.6042817,-1.4162332,-2.4463356,2.6528912,2.6730468,-0.27096158,-0.84888315,-1.5803584,0.44094715,-0.19882792,-1.2631042,0.8818975,1.3086351,1.3388348,-0.1271205,0.59296334,0.04477264,-0.81569225,0.4780175,0.38408208,0.046423532,-0.02970132,-1.1452655,-0.98632354
GTGTTCCTCTATCGCC-1,-1.5067524,17.882425,0.7653627,-4.526264,1.1490073,2.0012836,2.0234196,-3.5940714,0.8133791,1.0795105,3.8350773,0.41033158,11.478083,0.74351627,-0.11112496,-0.8724237,1.420138,-1.6864074,-0.66878694,-2.8054411,0.073198274,0.5203328,-2.2153432,2.7128623,-0.92361486,-2.0348902,2.3712332,1.0535965,1.3283291,-0.79394287
GTTAACCAGGGACCTC-1,14.523293,-3.0401335,-0.113241516,-0.32428196,-6.181484,0.09457264,-0.30584353,-0.23632812,-1.1570748,-0.0909797,-0.3375422,0.059683055,-0.22101353,-0.25647616,0.48539543,0.12534164,-1.1104445,-1.5312865,-2.3407319,1.2601937,0.7525701,-0.10868765,1.555707,0.4042719,0.644633,0.20403937,-0.9802724,-0.82757425,0.5815181,1.1326725
GTTAACGGTACGGTAC-1,-6.29876,-3.103214,12.947144,-0.6000388,-0.19176884,-2.1888142,-3.9081326,0.0115039125,3.8821487,2.256586,-1.3552961,-2.5045168,1.3013017,1.795974,1.2169697,-3.2164757,-1.4944353,0.41032505,-0.37580058,-0.40360793,1.4166607,1.6960819,-2.449355,-1.749574,-1.6777894,-0.21100439,0.78902024,1.5629754,-0.30733496,-1.1881186
GTTAACGGTCCGGTTC-1,15.089698,-2.8038635,-0.11471316,-0.97574407,-3.182533,0.09243199,-1.7004548,-1.1528274,-1.2927855,0.62480664,2.125611,-1.0015893,-1.5149037,-1.4187264,1.0577561,-0.18356444,-0.92011863,0.038108945,0.39332962,-0.60828143,0.65716493,-0.2150153,-0.21865223,-0.5236646,0.2771646,-0.3053509,-0.80047226,1.1341089,0.36863533,0.5413439
GTTAACGGTCCTAAGA-1,-6.0455008,-2.4964194,-4.642722,0.55330694,0.39855683,-2.0829394,-0.15842007,0.4740301,2.0418735,-0.6899504,0.80682904,-2.3590763,1.4366084,-0.86364204,0.14220124,-0.3239358,0.26417753,-0.7021128,-0.6915151,-0.36909184,0.7377457,-0.755749,1.5369194,-1.1442566,-0.11228274,-0.6858579,-0.14898877,-0.44540897,-0.88211733,-0.4448621
GTTAAGCTCTTGCAAA-1,12.444685,-2.1485248,-0.70550084,-0.79453194,2.0654943,0.24972445,0.556714,0.0754305,0.74722916,-1.8190805,-2.13115,0.089294516,0.64016694,2.2156203,-0.5965824,-0.5892205,1.3941035,0.99393344,0.5800145,0.18328235,0.9267243,0.9411545,-0.27983212,-0.43725076,-0.44536638,1.3383403,-0.220164,0.07660363,-0.23326723,-0.7781361
GTTAAGTGTTGGTTAG-1,-0.86367506,22.122982,1.6596023,-6.8897476,-0.5652512,-1.5314459,0.25659558,0.47212732,-0.9600503,-1.2102696,-1.9163626,-2.93194,-0.29003775,-0.43173057,-1.837387,-2.43292,-1.1575904,-0.88989985,2.8059535,2.320517,3.1987715,-1.2193793,-2.2352176,0.17717887,-2.9979234,-4.977406,-4.6220937,4.599679,-2.305116,-2.4693434
GTTAATGTCATTATGG-1,-6.149576,-2.7025635,-3.9414825,0.5295953,0.013676544,2.0213518,-2.621446,0.67312956,0.57055765,-0.9064332,0.7381185,-1.0317112,-0.37069365,-1.4185408,0.16548124,0.15627563,0.06042956,-0.92143357,-1.4647509,1.4693022,-0.21823406,-0.315196,0.27410093,-0.57970196,1.5280339,-0.9834702,0.67399734,1.1543652,-0.8553476,0.26406065
GTTAATGTCGTTAACA-1,-6.9785614,-1.5934854,-2.6025848,0.544872,-0.4152235,2.5847206,-1.4440879,0.018842315,0.38276076,-0.7989584,-0.19871563,0.08732832,0.31431153,0.36754102,1.0503418,-0.35481715,0.010904309,0.23409796,-0.43859062,-0.10376442,0.43783566,0.68172467,-1.1674421,-1.70908,-0.91802263,-0.49046886,1.5271486,-0.8389412,1.6657717,1.9339858
GTTACAGGTCATAAGT-1,13.358146,-2.1629117,-0.49240923,-0.41091043,-1.9272455,-0.4688871,1.0958669,0.86153895,0.935978,0.68575287,1.7676934,0.34511223,0.009392322,-0.8253411,1.0004381,-0.7995361,-0.06448224,0.8397223,1.11081,-0.6202732,0.44597334,-0.27134606,-0.54697275,0.770584,-0.65839005,0.1316082,0.06620072,0.20171416,0.40571147,-0.8629087
GTTACAGGTGCTAGAC-1,11.299234,-1.7203001,-0.2077414,-0.49039903,4.0925603,-0.18640065,-0.38170025,-0.17755648,-0.53522563,-0.67574096,-2.2054012,-0.340862,1.0890248,0.8260545,0.5681966,0.012301985,0.55949885,0.5103358,1.9428594,-0.071303956,-1.38309,-0.11522977,-0.82900876,-0.2763117,-1.0315753,1.638105,0.9957471,1.1620182,-1.0408638,-0.42072314
GTTACAGGTTGGTGAC-1,-6.54172,-2.4399698,-3.138183,-0.10617932,-0.27724054,4.087725,-2.168982,-0.09709264,0.6197518,2.2429106,0.061100863,-1.2659943,-1.08003,-0.17779918,-1.5889165,0.07877532,-0.8302592,-0.5780474,0.65914464,-1.5159829,-0.3854167,0.26811895,-0.59821016,-0.6917893,-1.2807924,-1.6413022,-0.71476734,0.56550676,0.82942337,1.5234706
GTTACTAAGCTTGCTC-1,12.550618,-1.642042,-0.24440701,-1.1507504,-1.7724926,-0.12892257,-1.6360271,-0.68454933,0.33335853,0.24083884,0.3179624,-1.0816779,0.4204678,0.24308348,-0.9541341,0.4128261,-0.5717944,-0.2591007,0.8897753,-0.6336321,-1.6838018,-1.5641803,0.75625396,-0.36966518,-0.099989004,0.5813458,0.8866286,0.22455376,0.48230872,-1.028618
GTTACTAAGGCTTAAC-1,-6.6597977,-2.048058,0.3518297,-0.23348074,0.58614147,4.755611,1.1491328,1.1055744,-1.6973746,5.226245,-1.677788,-2.9647434,-0.0034758544,-1.705295,1.3183659,0.8942953,1.7173641,0.35424355,0.26022372,0.080825835,-0.07243457,-0.7276903,1.7409153,0.35018814,0.05024055,-1.4190657,-0.7176152,0.6147362,-1.1297125,-0.33516318
GTTACTCGTACCGGAT-1,-7.9647694,-1.7259359,-4.4436603,-0.0037584596,-0.19216532,1.0866866,-2.3538191,-0.6264294,2.4046009,-5.160313,0.17257528,0.6640923,0.9938466,-1.9630086,2.6074657,-2.61109,-2.0988946,0.79509825,-1.9138255,2.2902017,-3.110025,2.1512988,1.4498285,0.6019877,-1.7730364,0.40103006,0.32897848,-1.2403879,-0.8762827,-0.8051598
GTTACTCGTCAGTAAT-1,-8.252301,-3.0551827,-4.662863,0.34473214,-0.47098434,0.9219764,-2.1778197,-0.2484962,1.426249,-2.1381822,0.07491201,0.37010363,-0.93613124,-1.7859992,1.3243849,0.62759554,0.4642722,0.45564374,0.93701035,-2.970844,0.7957407,-0.6654306,1.9246927,-0.60598856,0.27401832,-2.9398847,-0.7364889,0.49441883,-1.7383312,2.4050763
GTTACTCGTTAGGACC-1,-6.2248173,-1.163885,-1.5459,0.36711338,-0.74344367,5.8831925,-2.5040839,-0.009107957,0.53135633,1.177062,-0.87834084,1.360976,-0.33730116,0.8968683,-1.7592355,-0.31866726,0.013601856,-1.4648151,0.90002424,3.1229813,1.4079204,-1.5403336,-0.9624213,-0.28187132,-1.3543562,-0.4864817,-0.25633058,1.364027,-0.78622013,1.249103
GTTCATTTCTCATCAT-1,-5.734872,-1.0478535,-1.3534167,0.6037443,-0.35507256,8.552711,-1.578308,0.08423907,-1.3421377,-0.47958675,2.1739316,2.4566944,-3.1738563,4.750797,-6.336799,2.1246762,0.88159966,-1.6134826,2.936553,-1.009681,3.1517246,-0.5878011,-0.98098105,-1.6329453,0.24446647,-0.432476,-0.29533198,0.6258684,-0.8894174,1.2071372
GTTCCCAGTAATCCCT-1,15.121748,-3.8017278,-1.4370546,-0.40255183,-6.601346,0.3152849,-1.7947605,-2.0586615,-2.9717333,0.37089586,-0.5545599,-1.5787754,-0.16740675,1.0728917,-0.044923324,-0.87770677,0.68584275,-1.0658633,-2.1498694,1.1425176,0.8180814,0.60328996,1.6306574,2.171917,-0.25478035,0.82771164,-0.83212835,-0.88739455,0.93391514,0.4646841
GTTCCCAGTCCAAGAC-1,-0.9318391,24.353565,0.09097198,-5.571231,0.37545893,1.0155501,1.2649597,-8.084094,3.1113446,-0.95636237,-2.210285,-2.781888,-4.518664,1.9578415,6.7624693,7.0110006,-2.115938,3.2512581,-1.2061442,0.80714107,1.7822713,1.6261649,-0.23095383,0.12704392,-2.0514097,2.032662,-2.4257998,0.01691587,4.8154035,-2.7510262
GTTCCTTCAAGCTAAA-1,-7.0893555,-0.58052826,-1.85028,-0.74273664,-0.19515732,3.4739728,-2.2963307,0.10654674,-0.07682316,-1.7887409,2.132396,1.193071,-1.7672493,3.285862,1.9988809,-2.7769651,-2.093298,3.0837877,-1.1655073,0.7901805,1.0411662,0.39984557,1.5073178,1.0529703,-0.34472886,-0.36592942,0.18721826,-0.56527627,0.011064247,-0.3872515
GTTCCTTCAATCATGT-1,11.857941,-0.9953694,0.32900992,1.2212248,6.177939,-0.12283674,1.3319377,0.32495192,0.91715384,-0.959394,-1.2731298,0.1523602,-0.60538125,0.37350366,-0.5721284,-0.62521523,1.6300098,-0.23134182,-0.07806492,0.59033465,-0.63918114,-0.22468472,-0.31844303,0.17373703,0.15050966,-0.41552907,0.48105836,0.11068531,-0.25425,-0.14208251
GTTCCTTCAGGCATCT-1,-6.567736,-2.041692,-4.898822,0.43499884,0.67673564,-4.4736176,0.71175605,0.40376353,-0.20818603,1.1879545,0.64534414,1.259892,-0.1994351,-0.5002007,-0.70258266,1.4698926,1.2009069,-1.5865996,-0.043120246,1.9651053,-0.12838529,-1.0980368,-1.5863773,2.8959377,-2.6026459,5.786779,2.20459,2.9375284,0.4023763,1.3875953
GTTCGCTTCGCTTCTA-1,-6.598053,-3.6364703,14.586586,-2.0159407,-0.3874214,-1.62902,-3.724425,-0.5588331,2.2515175,0.9898312,1.1030647,-2.3215442,-0.8749388,0.06767217,-0.5090825,-0.22860684,-0.56988233,-2.1446323,0.9178337,3.2051492,-0.33075595,1.3266814,0.898284,0.049533054,1.0513173,-4.0927196,0.5931329,3.7394924,-0.67963,-1.909028
GTTCTTAGTGTTGCTT-1,12.914766,-1.8973254,-0.41848028,-0.19096881,-1.9628206,0.8228738,1.3970778,0.31946123,1.056287,-0.8518536,-2.8129697,1.665316,-0.21052994,0.79533076,0.44910306,1.221378,1.6640846,-0.024979375,1.108526,-0.7385093,-0.06862826,-1.2428073,0.7438293,0.1948059,0.17377906,-0.28308755,-0.76275605,0.3200843,1.4603776,-1.9422711
GTTCTTAGTTGTTGCT-1,10.247308,-1.4159751,-0.106773615,-1.1961731,10.167368,-0.6480236,-1.4367551,-0.59923375,-2.0234618,-0.464417,-1.2933359,0.36836588,0.031399965,-0.20729585,-0.34622127,-0.39885205,-0.22037211,0.6384342,-0.44704387,0.3856521,-0.7662364,-0.0107662,0.25151134,-0.45348698,-0.08917332,0.14281134,0.1289504,0.5669509,0.70932144,0.13530356
GTTCTTGTCATTTAGG-1,13.075922,-3.011279,0.009453132,0.37890878,-5.0398955,-0.20054284,-0.5819294,0.47973084,0.0994413,0.042861875,-0.57079756,-0.11113391,0.5112674,-0.67940265,0.8019745,-0.20546244,0.23214239,1.320532,-0.6310029,-1.214047,-2.5386922,-0.2917757,-2.1050553,1.2179179,0.49792954,-0.55381644,-0.18579064,-0.87729055,-2.5877483,0.09476982
GTTGCATAGCCATCAG-1,-0.677262,27.356539,0.9219852,-6.5364594,-1.4009973,1.5167685,1.0174443,-1.2870553,3.096881,-0.82020843,-1.4359819,-3.274005,-4.5518537,0.91201454,4.8126373,2.5032287,0.3197415,-3.268993,-0.7846084,0.11102773,2.0788074,1.6752013,-0.4178415,3.9712129,-3.4224317,-2.3415499,-3.9366329,-3.0758612,6.0594997,0.96364427
GTTGCCCGTTTACCGT-1,-7.102016,-1.9363574,-2.719227,0.35066515,-0.33738273,4.7566576,-2.0649586,1.0946892,0.26730782,3.8837926,-0.6355834,0.66340923,-0.1468842,-0.16631493,-0.755976,-0.10497359,-0.3250497,0.6423778,0.91633844,2.1650977,-0.11000349,0.6761139,1.1350014,1.0597185,-0.5730131,-1.3947428,-0.48593542,-1.2569108,1.0185219,-4.478434
GTTGCGGGTATGTGGC-1,3.1433036,18.442146,7.380927,40.288982,-1.448692,-1.122025,-0.37867972,-0.6003132,0.048530985,-0.050065253,0.62575656,0.1256272,-0.19152552,-1.0011185,-0.84979236,-0.9318491,-1.8935874,-0.70106584,0.17758103,-1.8897253,-1.7719736,-1.4363528,2.402253,1.3298395,-1.5863146,-1.9281766,2.7112594,-0.023215292,0.76704735,0.17867301
GTTGCGGGTCCTGATT-1,-7.002583,-2.008822,-5.31445,1.3300464,0.82598555,-2.334209,-2.3240929,-0.93363255,1.8879361,-0.7663738,0.90794045,1.5554594,-2.265562,-0.0813627,0.24950121,-1.3204948,3.6763155,1.6447946,-0.35029685,0.21720795,1.3324109,-0.0792435,2.1494744,0.41088796,-0.5225806,1.6355896,-0.4960895,-0.5313932,1.384313,-0.55205244
GTTGCTGAGCTCAAAC-1,-7.2135634,-0.65883106,-2.584431,0.379738,-0.8784318,7.618205,-1.3771856,-0.3453397,-0.54259783,1.9504528,0.9131771,4.9745493,-3.2705255,0.7260822,-7.0748763,3.337092,3.917184,0.24081118,1.6526102,-3.204265,4.8931026,-1.825877,-2.5623212,1.4269098,0.9044901,-0.4992399,0.30044138,-1.2408851,-0.47492737,1.6388869
GTTGCTGAGCTTTGGG-1,14.098495,-3.2622175,0.07529193,0.6301794,-8.219392,-0.39309293,-2.1804616,-1.0402739,-2.042118,1.7616487,3.401052,1.0610726,-1.7065319,-1.542398,0.50978464,1.0297779,-0.38761002,-0.87892234,-3.467223,0.4161465,-0.77490515,0.3970845,-2.2282372,0.38255182,0.53291327,0.9819454,-1.5187712,-1.8002977,0.9128386,-1.7312887
GTTGCTGAGTAAGTGG-1,13.043272,-2.6700726,-0.16384688,-0.5230593,-6.1826015,0.81331486,-0.09937212,0.5271636,-0.29559213,1.4726187,3.3432083,-0.33052093,-0.7016432,-0.19936436,0.7303349,0.60053843,0.6509147,-1.3502054,-1.6780427,1.2123063,1.9554381,1.8992981,-0.6848883,0.7216575,-1.4477243,1.5639061,0.8922818,-1.6834726,0.5429447,1.047211
GTTGGCCAGGGTGGAT-1,-7.4665074,-1.6678619,-1.4580587,-0.36546934,-0.32260785,2.579407,0.3364983,0.11831141,0.09844543,-1.8290043,0.049727514,-0.067210734,0.36580184,-0.69183403,-0.13079105,-0.22694623,-1.3902757,-0.43829736,-0.7938627,-0.8386633,-0.855817,-1.8144447,-1.8639756,-2.4403992,0.2704738,0.99087054,1.0288159,0.8788586,0.24338308,1.3715369
GTTGGCGGTGCTGTAA-1,15.33237,-1.7948554,-0.68133855,-0.5681838,0.8812723,-0.14825553,-0.0037311697,-1.0789894,-0.33061102,-1.2503699,-3.2707238,-0.58556,-0.374853,1.018248,-0.00721866,-1.1570438,-0.8047739,-0.931605,-0.7391999,0.8018979,0.2560056,0.17639248,1.4025832,1.1066458,0.46351075,-1.3189565,0.3426108,-0.84700876,-0.6306533,0.31397685
GTTGGCGGTGGAAGGC-1,-6.702759,-2.0833511,-1.702166,-0.0826947,-0.17668338,5.1136165,-0.7503831,1.4235474,-0.775433,4.2695847,-1.3882985,-1.9322708,0.7949828,-0.48266986,-1.4664198,1.53087,2.3919482,-1.2567935,0.6471985,-2.0755942,-0.11177618,0.54046226,-0.94313073,0.83902377,-0.34569317,-0.06768164,0.17188951,0.04928439,-0.12400616,-1.6447693
GTTGTTGCACGAACAG-1,-8.143549,-2.3620656,-4.9860826,0.46203163,-0.32421505,0.85733086,-3.7020621,-0.20265569,2.682607,-3.096763,0.3330913,-0.58245414,1.1346496,-2.7620559,-0.30241913,0.080036156,1.2155126,0.41866347,0.55903924,-0.8390353,1.6671225,1.098861,2.8410866,1.0739447,-1.3004624,0.20104666,-2.3799942,-0.64794296,-2.145187,0.54100734
GTTTAACCAAGCGAGC-1,-7.722971,-1.9289812,-3.5971286,0.8474018,0.01667003,2.5479138,0.3024548,0.42811552,-1.164361,-0.115413226,-0.56275916,0.44192088,-0.87328804,0.34480172,-0.051690035,0.323739,1.4732914,-1.783308,-0.51508516,0.81422466,-2.5515368,-0.1852681,-2.1415648,-0.36216927,-1.0871575,3.351874,0.24178906,-1.4396341,-2.0920825,-3.8639274
GTTTAACCAGTCTATG-1,1.6919208,16.106363,5.760527,36.299294,-2.7884748,-0.51960766,0.6917741,-0.7075262,-0.72337246,-1.2209519,-2.374906,0.49222922,-0.881281,-1.3238233,-1.3107195,3.9967287,-3.3863664,2.679123,0.42706114,-1.4636258,3.8290203,0.24568126,-1.7722243,-0.5712185,-0.4069915,-2.762018,-5.247604,4.233672,-3.8381243,-10.5849695
GTTTAACCATCATGGC-1,-7.178387,-1.6947422,-4.2900395,0.2656427,0.049000394,-2.6061385,0.6431179,-0.11155204,-0.7225691,1.7425904,0.37228635,-0.25487742,-0.18983664,-0.3911276,-0.0661066,-0.045030948,-1.6128289,0.26526263,0.19143555,0.55273587,-0.79341257,-0.8002959,-2.6995723,2.1385398,0.3967477,-1.1368631,-0.42000833,-0.48865876,-0.16401765,-2.9485574
GTTTAACCATGCAACC-1,-6.61067,-1.2154915,-4.6774077,0.19662757,0.279689,-0.5211302,-2.4028258,-0.6128274,1.6240354,-1.8094649,-1.7672868,0.3068047,0.13545078,-1.5473707,0.9692228,2.6165152,-0.48688185,-0.90882015,-1.4377552,-1.9165792,-0.28211528,-0.038439464,-0.0529173,-1.9967488,-0.81981325,0.877185,-0.86791945,1.1121397,1.4255008,1.2193129
GTTTAACCATTTGCTC-1,14.226693,-2.3622372,-0.55805665,-0.4329336,-1.9916753,1.534831,1.1113575,0.7686177,-0.10018133,1.504919,1.1604095,0.4262849,-0.5777009,-1.6247185,1.0319598,0.06402057,2.0021596,1.8404638,0.82196915,-0.28397056,-1.6002654,0.33582512,-1.5814945,-0.9498596,-1.0697886,-0.8674837,-0.4182578,-0.22428958,-0.6875096,0.33821627
GTTTACCGTTAAGCTG-1,15.020369,-3.4089832,-0.7330867,-0.89369196,-6.41331,-1.232139,-2.583294,-1.5849085,-2.8041997,-0.75104994,-1.996756,-0.21362165,-0.5039828,0.84785724,0.6394813,-0.75687987,0.50875294,-1.2607346,-1.8047675,1.1412827,-0.41626588,0.978719,-0.5132589,-0.25333408,1.3598427,0.3676276,-0.5258484,0.76469773,0.06789464,0.85226804
GTTTACCGTTTAAAGC-1,-7.8373327,-1.0425977,-4.775501,-0.2532519,0.35720676,-5.6246233,1.9702005,0.5506752,-2.6154428,2.232257,0.8028214,2.0993178,-0.6786035,1.0065086,-1.2932638,0.23552491,1.1870431,-1.0793957,-0.21549769,-2.2400908,1.1240121,-2.0739453,0.09016463,0.28121033,2.357377,-1.7249252,-0.44971672,1.9974792,-0.0120787565,-1.7762197
GTTTAGCAGGTTTGAC-1,-6.2798953,-2.02838,0.22569552,0.12148937,0.15742318,4.406665,2.2936375,0.77886486,-1.9988767,1.9614489,-1.1858355,-0.13994627,1.8122063,-2.0513372,0.53726536,0.51133704,-0.024425615,-0.29179087,-1.3220432,-1.5169504,3.0846066,-0.34457466,-1.1039194,-2.9845848,-0.16537926,1.3775871,-0.43364304,-0.065992355,1.1237957,2.2640293
GTTTATCTCGCTCCAT-1,-6.47477,-2.075972,-1.8873767,-0.45644507,-0.25894976,4.0763307,-0.29527456,-1.0002172,0.78563803,2.854958,0.5624858,1.1428075,0.34722513,2.0078886,-3.1327512,-0.6318825,0.9545306,-0.68082166,0.9083616,-0.40863812,-0.9608993,-0.5593776,-0.34694734,-2.1194408,0.20376086,-1.9508252,2.304366,-0.34254256,0.75358325,-0.5514911
GTTTCAGCATGAATAG-1,-7.7152214,-2.125348,-4.3936234,2.4145937,-0.2204552,-6.0857067,2.0893908,-0.9580026,-2.0562239,3.462571,-0.69868803,-0.82491595,-0.023149801,1.4550768,-1.3566239,0.06259066,-1.0231285,0.45791852,0.48115015,-1.4306098,-0.49755305,-0.36649966,0.4639759,1.6380258,-1.9509051,-1.762869,-0.935766,0.47804603,-0.05835797,-0.27017456
GTTTCCTCAATGAGGT-1,10.861337,-1.9697154,0.015807979,-0.97228694,0.56614494,0.78506476,-0.7308714,0.9295011,-0.90055746,-0.862079,-2.1400802,-0.16237263,0.7909988,1.8019215,-1.0016013,0.21994,0.25772923,0.3100496,2.558182,1.2004915,-0.7565467,-1.5965352,-0.2732763,-0.3132925,0.2903829,0.8929954,-1.2764845,1.326356,1.1431954,1.2714148
GTTTCTAGTGGAGCAA-1,-7.2764263,-3.3971944,12.095807,-0.90397745,0.817648,-0.23947035,4.351018,-0.45854804,-2.6211998,-0.85850203,1.0803937,-0.080967695,-0.7816945,-0.66214806,-0.95321673,1.0544937,1.9836482,0.8736208,-1.1368269,-0.47505787,-2.3985038,2.2113998,1.6107017,0.3343299,-1.1241887,-2.127598,0.6225029,0.66658694,3.3054197,-0.7126023
GTTTGCTGTATCTGGA-1,8.674684,0.072836526,0.19515878,-1.5949523,11.288232,-0.37189436,-1.5153483,-0.4117319,-1.6893784,0.15057509,0.9587939,0.7222469,0.32256025,-0.8997989,-0.042783484,0.11044053,-0.3126942,0.37626493,-0.33576554,-0.31884795,0.62040323,-1.1118453,-0.46190873,0.98620445,-0.66423756,0.11172871,-0.43207785,-0.89797354,0.20582579,0.06306784
GTTTGCTGTTGCAATG-1,-8.068532,-2.4829273,-3.3836396,0.50419056,-0.6487151,-4.7444353,2.4015527,-0.5333041,-1.1151026,0.015970122,-1.6575739,2.089079,-1.1812708,0.27672297,-1.2092177,-1.2230613,-0.9437209,1.7871479,-0.6948031,0.6528331,0.5651258,-0.35647893,-1.8724945,1.1789006,0.5628474,-0.4082966,0.22707228,0.28868726,-2.3717775,0.36112383
GTTTGTAAGGCCAATT-1,17.250526,-3.5315511,-0.715538,-0.65093744,-2.016252,-1.3097771,-1.3940734,-0.22057861,-0.67013866,-0.8051015,-1.9344388,0.8422241,-0.17258851,0.6988909,0.61561126,-0.09689926,1.1715533,2.436425,2.7986774,0.418324,-1.7699728,-0.30108702,0.27979335,-0.6064115,-1.9209727,-1.0315298,-0.19977449,1.3296456,-1.7681062,2.6310785
GTTTGTCGTTGAGGTC-1,3.697172,20.740381,7.471215,43.903614,-2.3505895,0.50577605,-1.4823778,-0.80153453,-4.097497,-2.0414207,-2.0008938,0.7860316,1.4978241,1.2967895,2.8025217,0.5663457,-0.308969,-1.6149343,5.663033,2.3948526,2.9667482,0.91715086,-0.19170272,2.354838,-3.2718709,2.7645478,2.2833257,3.39097,-2.4263165,1.5700284
GTTTGTTTCCGGTATG-1,12.953271,-0.83966273,-0.30335683,0.67370075,4.0897384,-0.27624643,0.6737642,-0.22523856,-0.93178046,-1.1215897,-4.194171,1.1374192,1.369146,1.0632466,-1.4362948,0.9212307,0.84582335,-1.7716305,-1.0916151,-0.41851154,0.6570722,-0.36869797,-0.21370904,1.0168663,0.1312512,2.7625506,-0.4231036,-0.15077356,0.5620609,-2.175363
TAAAGCCTCAATGAGG-1,-7.2031555,-1.7034292,-4.0087733,0.33085668,0.7897519,-3.7655096,2.767393,0.18459946,-0.55497444,2.7869923,-0.7118687,-0.33248264,-0.2513656,0.38739032,-1.1175963,-0.9757624,-0.99817157,0.27988556,0.9109389,0.45613906,-1.2839248,0.31072262,-0.5377834,0.37681928,0.01992548,-0.5341601,-1.642489,0.6523282,1.2016342,-0.75427353
TAAAGCCTCGTGCCTT-1,-5.921436,-1.5308981,-0.7214711,0.85658836,0.5006899,2.7562778,0.50721616,0.065675706,-0.46678412,2.796939,-0.2175559,-5.4037986,0.72603375,1.2085583,-0.6979324,-1.7385201,-0.11945958,-0.23863564,0.57023245,-0.052064393,-0.21258369,-0.34606913,0.07165961,0.007019502,-0.16109361,0.54035383,0.1831984,0.2387475,-0.3125178,-1.135694
TAACCAGGTACTTAGG-1,12.50864,-1.8983533,0.06565421,-0.08344325,-0.2971866,0.5252707,1.7097342,0.9939992,1.2092698,0.06612823,-1.7332591,1.200565,-0.7920074,0.5290971,0.20188065,-0.47535834,-0.03389312,-0.81266934,1.6646806,0.7247287,-0.19710578,-0.33587998,-0.44990066,0.5092832,-0.45042214,-0.5813827,-0.18163645,-1.3592395,0.44611025,-0.49868107
TAACCGGTCATGCTTT-1,-1.8078443,27.078377,-0.101748236,-8.857201,-2.0239644,-0.3975672,-1.590118,5.5910974,-3.6524518,-2.3141735,-2.8376615,-1.0233314,-4.278245,-1.3695838,0.32119018,-1.0573205,-0.015763283,-1.6773609,2.5020366,1.9944247,-0.40706193,-0.76999176,-4.020869,-0.81126595,-0.5583228,1.8004606,-0.01873631,0.22596306,-0.67922986,-1.7429984
TAACCGGTCATTAGTG-1,14.133106,-2.9797487,0.8955422,-0.22600886,-4.9971347,-0.093777895,-2.4090712,-0.3664393,-1.663802,0.46595913,-0.5843028,-0.084464625,0.18808994,0.9178962,-0.77063465,0.8559635,-0.059761107,-1.8517802,-2.0912383,-0.20124315,-0.028831607,0.29809728,1.2904199,-0.1030356,0.18253434,0.64830625,-0.9778033,-0.068649195,-0.8793535,0.4399434
TAACCTAAGGATCACT-1,5.5399075,3.9289465,0.5778783,2.2966383,6.2441134,1.5994532,6.732098,5.5166206,7.773303,0.5654581,2.325541,1.0038148,0.5900775,-1.4609201,-0.80129427,-0.6130847,-1.2253819,-2.3588724,-4.3157,0.9795799,1.3377587,0.03951917,-0.48760608,1.0428214,0.043339208,1.5834825,-1.5510701,-1.3007869,-0.7241776,2.78177
TAACCTAAGTAGCGGG-1,9.9066925,-1.2108198,0.12525631,0.22488135,4.262827,0.06086355,1.0309819,0.5253817,1.0089123,-0.43362072,-2.2864578,-0.46411395,1.1154481,1.7462256,-0.8934957,-0.54265726,0.10970939,-0.8370252,-0.50798446,0.36323273,0.57064587,0.71914715,0.5907674,0.7028216,0.77268493,0.06532947,0.62650377,-1.1026196,0.35609356,1.4203948
TAAGCCAGTAAGCACC-1,11.796244,-3.14866,-0.7728438,-1.1731586,-1.6518022,-0.16878119,-1.1153342,-0.29262254,-1.9746943,-0.9395379,-2.1622076,-1.3804882,0.9099691,1.745927,-0.6760067,0.3643664,-0.52466524,-2.4958456,-1.5975881,0.4397343,1.656219,-0.2692311,-0.13964815,0.6323164,1.3604503,1.0655992,0.27583233,-0.36955497,0.12464342,0.053364813
TAAGCCAGTACAAAGA-1,13.243115,-2.988407,-1.183131,0.60273015,-8.841198,-0.26052555,-1.984803,-2.0828886,-2.2555485,0.5078797,3.4196868,-0.4437908,-1.3843275,-1.319971,-0.8826371,-0.919664,-0.9336109,-1.4045061,-2.4201295,0.814427,2.7920158,1.2126034,0.675334,0.5158869,-1.0662959,-0.32359838,-1.0538378,-1.6022485,0.93262863,-0.8988533
TAAGCCTAGACAGGCG-1,-7.210733,-2.7541313,-0.08283692,-0.23803069,-0.64917094,4.5892615,0.44848114,0.10708881,-1.1172742,0.63052076,-1.0473452,1.2627019,0.45515355,-1.1783186,2.2203965,-1.7554264,-0.09193687,-0.4814605,-0.48943654,-0.39772695,-0.32295835,1.9953275,0.16236724,-0.08125088,0.46180087,-2.7097368,0.771054,0.94365436,-1.3504831,0.3085008
TAAGCTGGTTAATGCG-1,-6.569277,-2.2663918,-4.2332273,0.74056405,0.03530996,-4.144967,1.78391,0.6425279,0.16276892,2.2742248,-0.9293231,0.013010871,-0.026664194,-1.4058685,-0.24130322,-0.51845896,0.4821849,1.7210877,0.265736,1.2209961,-0.37188798,-0.17235932,-0.6996428,1.977128,0.57722974,-0.5615486,0.3514366,-0.2419461,-1.3061639,-0.37563092
TAAGCTGGTTAGGATT-1,-7.528633,-2.7642503,-1.6395758,0.018597407,-0.3561225,-2.1651263,1.0002456,0.9004404,-0.08100602,0.11120512,-0.30087638,1.0579195,0.9547743,-1.1216657,2.199689,-0.55304193,-0.3092197,-0.0651775,1.1050874,0.45222005,1.5352423,1.6149404,2.674331,0.94154316,-0.90711546,3.435615,-0.94255835,1.6400385,1.2616621,3.3440688
TAAGCTGGTTATCGAG-1,9.3276825,0.12648956,0.76199776,-0.6611373,12.932317,-1.0839311,-2.5414674,-1.8717685,-2.8407896,2.0238564,4.0107675,1.9204016,-1.6335763,-2.2334838,-0.38471508,-1.1004285,-0.17731853,0.09676696,-0.47734764,0.058867596,1.3972893,-0.7470345,0.23626819,1.3947601,-0.7002368,2.284007,-1.6552198,0.04196763,0.9891063,-0.032791317
TAAGGACCACCTGGTG-1,12.617005,-1.0451771,-0.3062933,-0.58656186,9.00304,-0.20538741,0.556094,0.23766698,0.20661096,-1.7050016,-3.0481648,0.48453563,0.506572,1.4376435,-0.2980096,0.445065,0.8805335,-0.40375802,0.6440709,0.08032883,0.5196421,-0.47194436,0.05457108,0.7386082,0.7654577,0.50419253,0.0072400873,1.2628156,-0.41440257,-0.9358293
TAAGGACCATAGCGGA-1,11.605201,0.4466454,0.1531829,-0.19856885,4.3520045,0.27111256,2.7657392,1.866887,1.2726234,-2.1401489,-3.5794504,0.42233932,1.30642,1.5168724,0.37814155,1.3706663,-0.09062225,-0.052064963,0.19787048,0.09683753,-0.2604001,-0.9809946,-0.71568924,0.4062136,0.6761626,-0.49668768,-0.9827686,0.7569133,1.4629384,0.32647985
TAAGGCTTCACGCATG-1,9.128754,0.6894675,0.18533325,1.1064676,2.452807,0.08648166,4.7945633,2.3626554,6.0957355,-0.25228277,1.5794176,0.03959579,0.13032776,-0.9793336,-0.0107999155,0.16785781,0.7659366,-0.78822106,-0.75663614,-0.13340017,-1.5868887,-0.83237916,-0.92875797,0.013329883,0.6324528,-0.24281481,1.333551,-0.69469845,0.9774756,0.36702752
TAAGGCTTCAGGGCCT-1,11.008805,-2.999357,-0.5430993,-0.28569028,-5.2543516,-0.46364567,-0.60431427,0.77432275,1.8428625,0.5666105,0.62083524,-1.3985457,0.18686777,1.3088393,0.08966895,-0.17259286,-2.442147,-1.6970404,2.4336612,0.4129371,1.0695499,0.17370273,0.9644807,-1.6376798,0.09441912,1.2128571,1.220697,0.027703254,-1.5372242,-1.8230442
TAAGGCTTCATAATCG-1,12.364414,-2.6571884,-0.34727597,-0.002874822,0.8872591,-0.03140906,0.42339563,0.37056223,-0.48275772,0.75239277,-0.42993182,-0.38260955,2.414772,0.088119216,1.06964,-0.18225533,1.7847104,1.9615524,1.5080181,-0.48373213,-0.6050424,-0.44490314,-0.44279897,-0.3196083,0.3809691,0.7007176,0.7503531,-0.5807903,-1.9664078,-1.4658098
TAAGGCTTCGGCTATG-1,13.163274,-2.9412725,-0.41725063,-0.5322352,0.10169915,-0.58576787,0.42821446,0.58308846,0.029674364,-1.2473192,-2.3047729,0.48271978,0.7866504,0.27640748,0.71930087,0.5144895,2.030133,1.3999678,0.0008064534,-1.7876706,-1.0848529,-0.78941107,-0.31470442,-0.5426172,0.76533765,0.098951675,0.1935568,-0.7670469,-0.7224404,-0.17647518
TAAGGCTTCTTGCATT-1,12.257093,-0.68828565,0.6907874,0.9250663,3.4863303,-0.3466552,2.6992843,2.3863554,3.3971868,0.88301164,-2.9114347,1.1941371,-0.17136115,-0.47526523,-1.1526414,1.3106456,0.80654025,0.81289136,-0.5587019,0.20553444,0.04835683,-0.11099811,-0.7913194,-0.9240897,1.067725,0.5033491,-0.0971923,-1.1837988,-1.0141433,-0.8907731
TAAGTAGCATTATGCG-1,-7.8088307,-2.1553729,-4.6883097,0.017237596,0.05659007,2.2966216,-2.8153095,0.014620542,2.3293662,-2.410062,-1.002991,-0.07637093,0.3564102,-0.2139144,0.978179,0.5710375,-0.07180297,0.46844804,-0.44507033,-0.24222337,-2.3609247,1.3893721,1.7753023,1.6595334,1.2542708,-0.54244244,0.52653027,-0.8335955,-0.23860891,0.29863077
TAATCCGCAAACGCGA-1,10.364311,-1.1839172,-0.70124054,0.12544267,3.2101274,0.20126161,0.23862961,0.9637637,-0.15884747,-0.6705807,-2.5405393,-2.1612048,1.393932,2.310988,-0.8695591,0.27001897,0.6649545,-1.3044664,-0.05787226,0.6336778,0.5611395,0.09378736,0.17570703,-1.3367904,1.3956739,-0.76941884,0.063992664,-2.1558702,0.42177725,-1.3223393
TAATGCATCCGCAACA-1,12.768177,-2.3742595,-0.30775547,-0.31279647,-1.6513228,-0.96070343,-0.41760477,0.08472282,0.53234315,0.14576031,-1.223872,-0.058076456,-0.7180944,0.56074166,0.19238172,0.847938,0.33246,1.4986714,3.0137153,-1.5565555,-0.8491912,-0.8549228,-0.5622851,-0.59507316,-0.4456035,-2.2178214,0.1489722,-0.18100457,-0.80158365,-1.200509
TAATGCATCCGCCTAT-1,-6.513059,-3.7995737,10.219641,-1.2547911,-0.30645093,1.5262203,3.4445434,-0.29153877,-3.343323,-3.7562797,1.4544201,0.026637094,0.989144,-1.0510927,-1.7757233,2.9739413,1.9954393,1.5044523,0.9010691,0.35372925,-2.7407682,3.5512106,1.7867576,-1.8577981,-0.8816256,-1.4079797,1.054007,1.5167929,1.6093496,1.6228219
TAATGGACATAGGCGA-1,13.441821,-1.7272898,0.3240634,0.40100777,0.65745294,-0.14742486,1.2180175,0.36624068,1.4313277,0.02748476,-1.4117461,-1.1122468,-0.3360145,-0.1290922,0.07768437,-0.019283101,0.706275,2.4289112,1.7946408,-1.2245718,-0.5216752,-0.9613389,0.09109152,-0.258979,-0.7296543,-0.35372484,-0.09509878,-0.5971849,-2.2240431,-0.5537597
TAATGGTGTAGCAGCT-1,-8.170702,-2.3831563,7.5103445,-0.50288785,-0.51765335,0.089691915,2.1388123,0.61445576,-0.56096554,1.7510443,-1.7459089,1.5937417,-0.89312726,2.2824717,5.1947613,-5.1534977,1.8812826,-1.1610696,1.046407,-1.4760906,4.7982306,3.9823256,-0.84714365,1.5377381,3.457413,3.0327203,-0.2107546,3.0482326,2.047659,-4.614007
TAATGGTGTGTGTCCC-1,6.7916636,2.1073039,0.6931486,1.1824725,5.0526667,1.158514,6.190587,3.8109715,6.354836,-0.5979187,1.661825,-0.76990205,0.5935136,-1.0008025,-0.9029645,-0.7735717,-0.14211422,-1.1879896,-2.3056233,0.83531076,0.2308673,-0.056407552,0.7868501,0.76439625,1.1289821,-0.04032977,-1.42196,-0.044959422,-0.016449805,1.371494
TAATTGCCAAATGCCC-1,-2.008591,22.94095,-1.2932187,-5.519217,-3.6065977,-2.6286561,-4.2092776,11.425471,-5.2523603,0.8121179,2.0286136,5.2478256,5.876696,1.1525348,-1.1381325,7.1761537,-1.6271505,10.248063,2.3004763,5.438782,13.130346,-1.8518424,0.59030384,-2.4151814,-9.258733,1.7862977,-5.7059,1.6848496,14.559311,1.330278
TAATTGCCAAGGTACG-1,-0.9804148,24.07786,-0.71276706,-6.6031184,-1.2989271,0.56237614,0.67559266,-6.550767,0.41913033,-0.3731574,-1.4447312,-0.2844779,-0.2584111,-1.5365452,-3.330804,-3.6265981,2.0978625,3.2391486,-0.66698724,-1.223882,-1.4699723,-2.457164,-2.042128,2.2375135,3.2051957,-2.413938,1.9769354,-3.2812598,1.4907259,-1.1864114
TAATTGCCACCTGCTC-1,-6.5818605,-0.80287766,-3.2749496,-0.76087695,-0.5813106,4.7676983,-2.3931794,0.12060807,0.59804076,-2.818443,-0.12359346,0.33746034,0.2862144,-1.5915968,-0.4439026,-2.2435794,-1.5520971,0.11217097,-1.281749,1.9955983,-1.3069355,2.9359307,-1.4731264,1.5108557,-1.5596553,-1.2260758,-0.5801982,-1.5981587,1.318934,-0.95602536
TACAATGTCATCAGTA-1,-6.4071965,-2.081304,-2.9231958,1.6042997,-0.26246992,5.447004,-1.9450865,0.5996236,1.1015747,1.227823,-0.03385247,-0.76393926,0.29653472,-0.89355135,-1.9921751,-0.14168935,-0.89014494,-0.821173,-0.013150954,-1.011382,-0.37296057,-0.48518708,-2.1834254,0.05606818,0.3220144,0.2512852,1.4233004,-0.41291294,1.3167851,0.6088304
TACAATGTCGAAGTAG-1,12.868978,-3.3304636,-0.9217867,-0.6352715,-2.4720216,0.23455766,1.141639,-0.60192657,0.75131875,-1.1382173,-0.17888747,-1.6709334,0.16242078,0.31376657,-0.9377872,-0.7547022,-1.2278432,-1.4148388,0.31388116,0.77487403,0.41964734,-0.2787009,1.2060422,-0.7696815,-0.43569925,-1.1051005,-1.0113974,0.004734799,0.3724625,0.5704592
TACAGCTAGCTCCTTA-1,-7.565678,-2.7336156,-1.8414248,0.2840256,-0.37871772,8.632137,-1.0927852,0.019555444,0.015047725,4.420649,-0.38002247,-0.18290178,-0.91839623,0.5126044,-0.828505,0.48685497,0.09355049,0.16877484,-0.046546843,1.1384037,-1.3766468,-0.31954455,2.42762,-0.4527925,-0.71071166,-1.5737615,0.4696938,-1.9251671,-0.8760775,-0.75234586
TACATCAAGGGCTTAT-1,-6.7015433,-1.9843798,-4.6997137,1.0332408,-0.25789094,-1.2569436,-1.9955449,-0.6292976,1.6384684,-1.7904553,0.02436366,-1.427159,0.32331127,-0.8008149,-2.2322073,0.15830307,2.31721,0.3989766,0.09572601,0.34302163,0.3682683,-0.87863195,-0.025984248,-0.1410139,-0.032797355,0.9622048,1.4386398,-2.128795,-0.9204104,1.6128538
TACATCAAGGTACCGC-1,-2.1065903,24.923586,-0.1958697,-8.433234,-2.6884956,-0.5948475,0.30112198,-2.063446,-0.66629785,2.0948794,0.27171552,0.64944345,1.7056781,-1.6214242,-9.859255,-3.946314,0.9535862,10.514229,1.6578959,5.4520974,-1.2391462,2.7182786,1.5264037,-8.818288,4.491299,6.478429,4.4357014,-4.9133434,-0.5856684,-0.9307904
TACCCGGCAATGCCTA-1,-5.690238,-1.4070466,-4.3042564,-0.41592556,1.2403941,-1.0294489,0.25497237,-1.23693,0.27413288,-0.6236667,0.7279681,-3.3443182,0.1740912,-0.5861038,-1.1446333,-0.23636241,-0.84003794,0.6865805,-0.22010125,0.009261831,-0.37703437,-0.48931426,-0.68536484,-3.1211178,-0.7768915,0.12702367,-0.0181352,-0.32734305,-0.19666068,-1.7338504
TACCGAAGTTGGGTTA-1,-7.6616325,-1.8185159,-3.9571638,0.80269,0.51054555,-4.534649,1.6794685,-1.4314775,-1.3723648,1.6662054,1.7998847,-1.952568,1.3585739,0.8845229,-1.123048,-0.92505515,-0.22829273,0.008426592,0.5109954,-0.06451848,-0.9301974,0.45364904,-0.4115708,1.1393507,-0.49168494,0.043495502,1.5084242,-0.25778827,0.48666188,-2.3117113
TACCGCAAGACTCGCA-1,-7.605657,-2.4481666,2.493291,-0.63523686,-0.40493006,3.071204,1.2942841,0.7281465,-0.35156348,2.5358539,-2.1588035,-2.6090128,1.5957029,-1.2795188,0.90775955,-0.15160139,1.5861809,0.30342853,-1.5643594,-1.1825042,-0.63994443,-1.0334289,-3.496042,-1.1554939,-1.0507339,1.4218198,0.9888069,1.1561533,2.2514782,-0.024793347
TACCGCAAGGCGAAAC-1,-7.2206016,-2.5894182,-4.107658,0.60471034,0.019560605,-0.73420787,-2.0092154,0.04108123,1.2333726,-1.5013993,-0.61190075,-1.2211511,1.7840905,-0.5734034,-1.3200145,0.53425413,-2.7558773,0.050734162,1.948698,1.0969491,0.44410655,1.3055446,0.5749773,-2.1022406,0.6074053,1.1211886,-0.028491108,-0.017462395,-0.8016697,2.0367975
TACCGTTGTGATTTGG-1,-7.247334,-2.0411,-5.7386565,0.4917875,-0.40361723,-1.142289,-2.1706421,-0.4670804,0.7666095,-1.6064483,-0.6763329,-0.35987908,0.25533345,-0.10408307,1.0555388,0.22007999,0.9165381,-0.83147043,-0.08755676,-0.7838701,-0.6941214,0.835698,-0.14428021,0.7802126,0.49635467,1.567137,0.6728223,0.22255597,-1.1450275,-1.6468319
TACCTCATCCGCAACA-1,-8.079085,-2.433469,-5.1263404,0.7290196,-0.003110286,-1.9711914,-1.2666603,-0.34473628,1.1387709,-1.1265726,-0.19217755,-0.0910196,1.0151113,-0.42119578,0.30583104,0.97138107,1.0689042,0.3778287,0.36963367,-0.104942195,1.1754497,-1.0272948,1.8593609,-0.35279885,0.72862375,-0.83726007,-0.85604435,0.2773329,-0.9005775,-0.6976344
TACCTGCTCCCTTGCG-1,-7.1158037,-2.0237753,-4.7842183,0.72791773,0.16272333,-1.5184087,-1.0332346,0.47810084,1.4708035,-1.1109202,-0.7294956,0.44531766,0.07190057,-0.8689893,-0.14470108,0.47332317,-0.13634002,0.9909737,2.0643659,-1.7235531,1.4205973,-0.92605484,1.2811033,-0.42983365,-0.77607065,1.060527,1.1733236,-0.4792795,-2.160949,1.0189859
TACCTTAGTTCAAGCA-1,-6.271157,-2.7482314,-4.126305,0.27247274,0.5947539,0.78455263,-1.6209886,-0.14711742,1.180024,-2.8463275,0.24712598,-0.44256175,0.044527248,-0.15976815,0.74713004,0.44977894,-0.35875788,0.41997877,-0.10604038,-0.53878254,0.4615109,-0.87350345,0.22096553,-1.8242456,0.116466954,-0.7563776,0.3993067,-1.5486245,0.2790476,-0.3920113
TACCTTAGTTGCGGAT-1,11.1887455,-1.2596408,-0.7746759,-0.52120525,0.75579554,0.46152046,-0.418853,-0.49574605,-0.6043374,-1.8081368,-1.079944,-1.0968684,1.0347376,1.8366218,-1.3201705,0.30254018,-1.331881,-2.6883893,-2.8689828,1.11415,0.9771558,-0.080512054,0.7744972,1.256804,0.7638469,0.24718702,-0.92552114,-0.53786695,0.25999424,0.37742746
TACCTTTAGGACAACA-1,-6.885853,-5.0579305,17.852594,-1.6963713,-0.47212577,-2.8699775,-4.39674,-0.16887707,2.0937366,0.50038093,-0.085837536,-0.3028404,-0.16529568,-0.31688428,-2.0248466,3.6181223,3.0962183,-1.6777698,2.10044,1.5861795,0.26326674,1.3882,2.7644367,0.9716105,0.8214133,1.1471528,-0.58666974,1.5423018,0.7444433,-2.5716047
TACCTTTAGGCTGTGC-1,0.14667967,17.7516,0.4317367,-5.371764,2.173307,2.1609986,2.5062826,-11.124252,2.3117108,1.0560806,2.4586456,3.2088523,6.5136228,0.08391313,3.715363,6.679486,-1.451373,2.3093224,1.8973848,-0.8799278,0.21150607,0.431695,-1.408464,0.9036463,1.956579,0.5787306,-3.202107,-4.7507834,0.99254584,-2.6898544
TACCTTTAGGTGAAAT-1,-6.7636914,-1.9236051,-3.607887,0.13641873,0.18355116,3.8878665,-1.3151606,-0.37617645,0.8258904,-1.0633485,0.296828,-1.7385672,0.083307005,-1.0590053,0.081337266,-0.53735024,-0.8755823,-1.2670852,-0.32075304,1.3074089,-0.08321631,0.7909085,-2.3774543,0.7916753,-1.205525,0.63524675,0.120553955,-0.0062738126,0.08211514,-2.3617723
TACCTTTAGGTGTCCA-1,12.015483,-1.8571526,0.024526224,-0.24774686,1.4741099,0.116709374,2.1391203,0.31196493,1.0459304,-1.2083082,-4.620279,2.20341,0.7050468,1.4976323,0.17165144,0.16051917,0.26373258,-1.5288169,-1.8102404,0.5763747,0.6136437,-0.033893887,-1.2024262,1.861738,2.3399155,-2.0041082,-0.68567306,-1.8265276,1.1940992,-0.8881834
TACCTTTAGTCTTGAA-1,-7.833768,-2.3499663,-3.41655,0.1794912,-0.057596434,1.3204967,-3.011385,-0.9892335,2.396531,-5.1444516,-0.08159823,2.9894116,0.1674276,-2.8025627,0.526954,0.9151009,-3.0260174,1.4985849,1.1037443,2.2377057,-1.8687848,-1.2237659,0.849966,-0.08205285,-3.0407176,1.5018737,-0.019535879,0.45371634,-1.0308081,0.61468655
TACGCACCATGTTTGG-1,-7.0577326,-1.6451132,-4.458014,1.1428633,0.005208627,1.1137941,-1.765993,0.53358024,-0.3333287,-1.8614259,-0.28537166,-0.13023111,0.55655104,-0.731561,0.5415049,0.16902983,1.5809164,-1.2644798,-0.5507218,0.34440434,-2.8926423,1.8945935,-0.03124756,0.15425315,0.96405977,0.8924048,0.3409179,0.5257565,1.1255131,0.6383245
TACGGATTCTAACCTT-1,13.354844,-1.4118354,-0.36407238,0.39972952,-2.8441527,-0.2709649,-0.6586654,-0.8475791,-2.028043,-0.76389605,-3.8075347,-0.6971137,1.3400416,1.431603,-0.20609646,0.33981198,-1.3267146,-0.26278064,-2.2492979,1.2910885,2.1666741,0.3805213,1.5010947,-0.12454409,1.7847909,1.5821652,0.23860423,-1.7087628,0.12038075,0.6631184
TACGGTTAGCTTAACA-1,-8.563554,-2.060624,-5.1172996,1.0121076,-0.21999708,-5.325512,1.1595598,-1.1461054,-1.0055076,-0.061370168,-1.458616,4.6444273,-2.6597803,0.03666253,1.0616438,0.49271598,-1.4660523,0.57324904,0.26000887,0.93647796,-0.7502544,0.54483515,0.99049044,1.7022331,-2.2261896,0.42199883,-0.83076644,0.1626118,-0.16830906,1.108683
TACGTAATCAAATCGC-1,-7.9167237,-3.545464,11.207651,-1.6947131,0.15286049,2.4330866,4.6124697,-0.04382061,-3.298087,-3.8491292,2.7518494,-1.8838595,1.6095697,-0.71794194,-2.3828564,2.4453113,2.4914026,-0.492117,2.0534914,1.3029854,-1.7670438,2.7548618,3.7085001,-0.31702495,2.6646128,-0.9176356,0.3298792,1.6353155,1.3880992,1.720685
TACGTAATCCTGCGAA-1,-6.3754,-1.6730274,-1.5036275,0.35145026,0.52305204,5.6725883,-1.2774923,0.94908464,1.6154668,4.4849343,-0.7672168,-2.082512,-0.60261905,0.32777804,-2.6325612,-0.20830806,0.9299713,0.62240225,1.9688123,-0.7142819,1.475385,0.4094858,0.40147272,0.33223465,-0.110613495,-0.9323415,1.0844418,-0.14768371,-1.2507524,-0.6824255
TACGTACAGTTAGTGC-1,14.452735,-3.5130765,-0.4599773,-1.4530797,-2.480631,0.2229452,-1.2959923,-0.69198173,-0.96258646,-0.31503552,-0.24874048,-0.5186477,0.35874078,-0.054081276,0.75067884,-1.0781286,0.21491908,1.3092778,1.5990146,-1.3737578,-0.2403794,0.79951096,1.279241,-0.6889537,-0.8916616,1.030335,-0.50176764,0.32555524,-0.9118446,0.29708615
TACGTACAGTTAGTTG-1,-7.2743754,-2.6112666,-4.6952453,0.6730563,-0.09335505,-4.888126,3.0510101,0.1498208,-1.5578444,2.3740559,-0.313168,0.10407594,-0.50936824,0.91484195,-1.2607166,0.33394948,-1.7948226,-1.054638,0.85439134,0.10331072,-0.28083774,-1.2365612,0.9565213,0.9775448,-0.7963625,-0.64309597,1.1850069,-0.09729715,-0.86977065,0.33174065
TACTAAGTCCAATAGC-1,14.224675,-2.90203,-0.5392909,-0.15085085,-3.9726381,-0.4708708,-1.7935989,-1.0836794,-0.91928124,-0.8882699,-0.56019163,0.8153696,-1.15966,0.098288916,2.4745426,-0.9978459,-0.775666,-0.21484567,2.8492157,0.061340485,-1.7453516,-0.00079862826,-0.28755668,-2.3233662,-0.16789374,-1.0523685,2.5109856,0.5844432,-1.3480296,-1.672101
TACTAAGTCTTTAAGG-1,10.8035,1.1887685,0.37139326,1.2318434,4.314591,-0.0010111447,4.582226,4.4923635,6.8249946,0.36239073,1.4541322,3.1193874,-0.47152635,-2.577882,0.034697004,-0.46718666,-0.33919364,-1.4168596,0.84641504,0.3177309,0.5442021,-0.3214376,0.18911776,-0.0010417151,1.111641,-0.18558861,0.2838071,0.8529683,0.3071971,-0.7872223
TACTCGCTCCTCCATA-1,-7.3774223,-1.8969915,-4.0230403,0.15633878,0.36470893,-0.4342007,-1.3977995,-0.19402604,1.4374597,-1.5395877,-2.3378947,1.2655799,0.7849694,-0.64544564,0.44365498,0.83937484,-2.4381776,-1.4684432,-1.0992594,0.53046757,2.5690832,-0.7593827,-1.9342878,-0.74575835,-0.06696618,2.3452895,-0.621729,-0.63532174,1.8365571,-0.22497933
TACTGAGGTTAATGCG-1,-6.4554687,-1.275113,-2.6708975,-0.036810882,-0.052476395,5.3949127,-1.3778095,1.3877673,0.6870104,2.8646674,-0.012781652,0.9297114,-0.93207866,0.8547599,-4.4234743,-0.6685913,-0.06276833,-0.23403081,0.9506869,-2.381162,2.0910103,0.5536282,-1.152878,1.0263351,-0.6161406,-0.29669914,-1.4956043,-0.5657023,-0.15181987,-2.5629845
TACTGCACAAACTAAG-1,-8.593174,-1.2827972,-4.624867,0.9189001,-0.58218986,4.68989,-2.7955253,0.49404094,1.0320913,-1.2338552,-0.6068879,0.5041622,-0.86032194,-0.7564429,1.2654449,1.718532,-0.85193807,-1.0192751,2.2973022,3.4105394,-2.1806636,1.9690986,0.5185788,0.7778555,0.9592318,-1.2480576,-1.7276442,-0.28387997,-2.0211453,-1.3254762
TACTGCACAGCAACCT-1,13.10687,-2.853036,-0.3145935,0.020188754,-2.8717566,0.0058665774,0.95523643,0.23558892,0.62921816,0.041347787,1.5705609,0.54531413,-0.13213389,-1.4563953,0.54856646,-0.30581722,1.7095798,2.0101132,0.3383389,-0.061425652,-1.0302622,-0.068974115,-1.4006132,-0.88638663,0.42023993,-0.80645764,1.0540707,-0.17351255,-0.6522987,-0.59327805
TACTGGCCAGCTTAAT-1,12.701608,-2.4252727,-0.7458439,-0.2428291,-5.0585313,-0.301486,2.178566,0.5510994,1.2835655,0.8813557,4.0752416,-0.649563,-0.81485564,-2.4579585,0.7321408,-0.84143096,-0.5562234,0.3681439,1.0263401,0.054118894,-0.4415287,0.9554763,0.731094,-0.2623818,-0.45846102,-1.6649165,-0.80967444,-0.299166,-1.1829976,-0.6129844
TACTGGCCATAATGTC-1,-6.8954186,-1.8776908,-5.6381874,1.2826501,-0.78568834,-3.7295325,-1.3523028,1.3424655,1.327743,0.81756145,1.3513476,4.84512,-2.3813155,3.7081358,5.262807,-0.3530481,3.3755856,-1.293363,2.1305394,2.4300425,5.5480566,3.962079,0.36613423,-3.1324873,-0.77874726,-2.987056,7.6071453,-2.5440993,-2.1006966,1.4092613
TACTGGCCATCAGTAT-1,-7.3179693,-4.8636293,19.565006,-2.0125468,-1.4003724,-4.1856885,-4.3859806,0.8192407,4.1320567,2.1278644,-0.50426084,1.0817608,0.05148938,1.6835812,-3.7613928,4.7219253,-0.18014467,-1.8468181,-2.650375,0.8840098,0.038312405,-3.985968,-2.2376587,-0.62815905,-1.9380525,-4.3393097,-0.052654035,1.1770285,-5.3874063,0.19400133
TACTTGTTCCGCCTAT-1,-7.9714613,-3.3588276,11.150715,-1.5091134,-0.17203441,2.8628426,3.2999587,-0.5808523,-3.367458,-3.3895016,1.083702,-2.3844516,2.0585966,-0.9980287,1.0575879,0.35742748,-1.4608538,1.4029181,-0.55591106,-1.8069055,-1.7133101,-0.55862814,-0.08060449,-0.6166143,-1.8310578,-1.1098155,-0.07643179,-2.2855055,1.1505148,-1.286639
TAGAGCCGTGATTACG-1,-6.040633,-4.4810824,16.664692,-1.3962767,0.08317451,-2.925098,-5.1134067,0.4399227,5.810008,1.9004178,1.9255873,-3.1694877,-0.15883769,4.062138,-0.21687724,-1.6867392,-1.7617486,0.8041877,-1.1628596,0.5523532,-4.0632915,-0.41576165,-1.9982554,0.25098857,-0.7106773,-1.0283314,-0.97036064,-2.979234,1.6732347,0.78608
TAGCAGGCAAGGTACG-1,13.173987,-2.0808847,-0.5232152,-0.82429457,1.3081138,0.44422603,0.7793689,0.81873995,0.36521623,-0.3752837,-2.3376484,-0.90144837,-0.098236576,0.7533003,0.7226067,-0.06171693,0.3833368,0.11607498,-0.6570132,0.3286978,0.3447528,-1.1542296,0.9720383,-0.016064167,-0.50692207,-0.4172826,0.3517024,-0.28510278,-0.45147705,0.032176245
TAGCAGGCAAGTTATC-1,10.799787,-2.2222033,0.50780034,-0.5983839,-2.7890508,-0.62716126,0.6466095,0.5120077,2.4248838,-0.35786924,0.30005196,-1.3434368,-0.22176881,-0.40115452,0.41990274,-1.1453,-1.1797873,0.43432838,1.5908855,-0.19830818,0.4469655,-0.5960968,-0.5438641,0.19146033,-0.380946,-0.3754781,0.31227803,0.78713757,-0.45316926,0.05832793
TAGCAGGCATAATCAC-1,-7.559621,-1.9225498,-1.2698314,-0.17110242,0.26011276,1.428379,1.6694762,-1.2763823,-1.6730216,0.49960124,-0.4137782,-1.1887159,1.3008374,-1.2463585,0.24990939,-0.7741716,-1.0639534,-0.36159536,-0.382255,-1.479658,-0.026621494,1.8293302,0.36475992,-0.13777372,0.28877094,0.45912847,-0.18071519,-0.26687127,0.6811366,-0.46369395
TAGCAGGCATAGACTT-1,8.917976,-1.0482309,0.44449648,-0.79136354,12.771364,-0.2918685,-2.7735379,-1.3693084,-4.1883726,0.7544935,2.6994016,-0.27512977,-1.0403383,-1.4608216,0.37028491,-0.16457038,-0.18247725,-0.46961167,0.10550159,-0.44185972,0.33917564,1.2491446,-0.52000624,0.21692634,-0.034653705,-0.2533735,-0.76292026,0.56971776,0.10291225,0.68079346
TAGCATATCCGGTATG-1,12.407335,-2.5250692,-0.041199803,0.0103612365,-9.553521,-0.70210266,-1.1535093,-2.0559425,-0.40716007,0.6258082,5.5938845,0.2682433,-0.58093214,-1.780129,0.027996985,-1.3017806,-1.3476423,0.06622738,-1.4714236,0.7674945,0.87683725,2.1696,0.47321028,0.52034277,1.2472373,-1.0030372,2.7266076,-0.09496965,2.2568667,-0.19878376
TAGCATATCGGTTAGT-1,-6.7373137,-1.724448,-3.911916,-0.5012596,0.40816665,-2.9764857,1.7487295,0.19726993,-1.2759265,1.7384135,0.27922162,-0.45433635,0.9444912,0.57801723,0.3188973,-1.2823354,-1.1737344,0.21989265,0.7451859,1.0725024,-0.8091071,-0.56936383,0.35675767,0.682395,0.108047694,-0.975171,0.05780027,-0.033866037,-0.5175341,0.51731795
TAGCCGGGTCAGGAAG-1,-6.3116984,9.249935,-2.6958363,-3.929509,-1.3700182,-5.655865,-0.6634646,4.8529634,-3.4108334,2.2832427,-0.23605785,2.2199318,1.1863289,0.6505733,-0.21485701,-1.586039,1.902524,-1.9828172,2.915776,1.9765157,0.6006701,-2.593127,-1.1318814,0.19024089,5.350682,-0.47586545,-3.9887297,0.373738,3.7221143,-1.6047032
TAGCCTCTCGTAACGT-1,-6.5186753,-2.0398622,-4.13256,0.48813704,-0.19943415,1.0346076,-1.7361646,0.6796317,1.6740855,-1.1047573,-0.75167567,0.31883004,-0.0861211,1.5082325,0.7470943,0.5733168,2.1545343,-1.5406399,-1.4606714,0.00831109,-0.11509977,-1.4440382,-1.3943735,-0.22510467,0.101849034,0.5463402,-0.8967862,0.8268425,0.099748164,0.72537243
TAGCCTGAGGAGCACG-1,13.701944,-3.3618853,-0.45911917,-0.1477016,-6.5227466,0.26030266,-0.46663848,-0.50421345,-0.8293261,0.20120612,0.022742316,-1.3538845,0.34472358,-0.66288376,-0.5994564,-1.504481,-0.46836555,-1.4886369,-0.5889057,0.26260874,0.7096346,-0.585026,-0.16476838,0.76032543,-0.14052664,-1.6981028,1.1732178,-0.40475708,0.7849184,0.773879
TAGCCTTGTCATAACG-1,12.868316,-2.5656,-0.46765158,-0.37816283,0.11493539,0.64182687,0.22320783,-0.40056416,-0.7488119,-1.3503809,-2.3596232,-0.7858165,0.9412993,0.6915934,0.013333769,0.5924468,0.8682047,1.3178947,1.5458585,-1.3424947,-0.03069145,-0.88777477,-0.103578776,0.4947125,-0.9944213,1.3194247,-1.1304321,0.8187846,-0.5501883,0.23834115
TAGCGCGGTACGCGCA-1,-6.176699,-1.2146176,-1.8594006,0.28187096,1.1228409,6.0808134,0.69514817,-0.489743,1.080084,-3.2690434,3.3464582,1.9001585,-5.4881015,11.150435,1.0340775,-2.803682,2.0125911,3.367219,-0.9412377,0.37266698,-3.52623,-3.8342502,2.481091,2.5676732,1.6410168,0.7470053,-3.147877,0.66937715,-1.0839685,-2.3954399
TAGCGCGGTTGCCTCA-1,-7.6228395,-3.8606713,10.065367,-1.9689804,0.69633764,2.517105,3.2291975,-0.66934466,-3.5792732,-3.2984042,1.4809339,0.6486323,-0.22389835,1.2295502,5.294914,-5.881361,-2.7904334,1.5647658,-2.3564339,-2.1287923,-1.0084461,-0.6034432,0.29270053,0.78169817,2.7499697,0.670472,0.5448952,-0.26006532,1.2034584,-1.6780264
TAGCGGACAGGACCTT-1,6.0865636,-1.1824967,0.5495763,-0.34483916,1.4644198,4.5320334,-1.2659314,-0.29047135,-1.5590397,1.9402449,-2.5128071,1.5148407,-2.1087842,3.3026714,-2.208336,1.4439164,1.5071687,-0.32784846,0.2573082,-2.301253,0.3032446,-0.13961887,-0.47014305,-0.16520497,1.9223839,-0.4772149,-0.72868985,-1.9202863,0.6430549,0.9659863
TAGCGGCTCAGCAAGA-1,-7.7355886,-2.5614345,-4.4230533,0.15783167,-1.163789,0.74906206,-4.397281,0.5635396,2.9781814,-3.787035,-1.5634812,2.0248215,1.8807441,-3.5551372,1.151678,0.10571399,-0.790432,-0.5289782,-1.359326,1.654508,-0.8140449,1.7020285,0.10873033,-0.6818558,0.66501206,-0.8572608,3.2752764,-1.7651278,-0.024741232,-2.6801505
TAGCGGCTCATTCATC-1,-7.1987467,-2.502743,-4.4423857,0.5982547,-0.033509217,-0.75968844,-1.0150521,-0.7271048,1.9178236,-1.3325754,1.3302267,-1.2703533,2.1496265,-0.6939096,0.62243015,-0.6743756,2.028917,0.09438477,0.58953243,1.2959714,0.7149255,-0.32526144,1.4911541,-0.9788168,1.0524025,-0.8476198,0.45358044,-3.6592689,-0.84815127,-0.2781087
TAGCGGCTCCGCCAAA-1,12.158809,0.48758325,-0.14389603,1.3380256,1.0448024,1.4952916,5.7741804,3.021525,7.3092613,0.49074137,0.035020117,2.3411264,-1.2689155,-1.1076374,-0.8731456,-0.52538836,1.0235705,0.9266356,1.2555981,-0.5458651,-0.0015935521,0.32378465,0.5147229,0.1258709,-0.3236218,0.6480047,-2.1964176,-0.06261722,0.1621876,-2.0485325
TAGCGGCTCTCCATGC-1,11.7361,-0.50535345,-0.10238371,-0.31581175,3.076099,-0.17653409,-1.151593,-0.6695889,-0.90567726,-0.8089611,-3.75857,-0.54849166,1.3435619,1.5504106,-1.6164773,0.0887331,0.053602953,-0.37684193,-1.126311,0.52998483,-0.37637275,1.0258888,1.7959299,-0.28734052,1.2814108,1.2700996,1.5752045,-0.061756294,0.3334311,0.07121148
TAGCTAATCACGTTAA-1,-8.190931,-2.2734427,-5.201151,0.930431,-0.617177,-3.8995945,1.5860411,-0.5513741,-1.8424239,0.2997116,-0.07170574,1.2999914,-0.96619636,1.946208,0.7760652,1.0955287,0.6319318,2.0118146,-1.0171368,-0.35115173,1.9968349,0.6648671,0.2761546,0.46426,-0.016615225,-0.52070117,0.20617968,-1.8830507,2.6112502,-4.676259
TAGCTAATCATGCGTG-1,-7.3438787,-5.2878833,21.765839,-2.0681174,-0.034571096,-4.204348,-4.0123034,-0.019914327,4.9705305,-1.1802052,4.025823,0.1516813,-0.38546607,1.4758613,-5.4719863,0.7752128,-0.9844702,-0.31030566,-0.0063059777,0.48416105,0.42029104,2.5732756,1.2870077,1.0032202,0.04598707,1.173139,0.505957,-0.3405462,1.2602642,-1.1144004
TAGCTAATCTCCATAT-1,12.698111,-0.5510342,-0.2546278,1.2499225,-0.90166456,-0.86138016,2.3571165,1.4984072,2.6379416,0.38729373,0.48102084,2.4985113,-0.16973709,-1.1781915,1.3146633,1.5517955,0.9483152,1.2253116,3.6835792,-0.08643518,-1.8622707,-0.02894704,-0.11007421,-1.9542772,-0.16193871,0.09901168,0.26788837,0.5213664,0.6362574,-1.2591106
TAGCTAGGTACGCGCA-1,-5.6544003,12.65201,-2.5064454,-3.2431781,-0.2753728,-5.849658,1.7533202,4.812552,-3.660506,1.5391333,-1.7285396,2.7988327,-2.0213995,-1.2440616,-1.7588941,-3.3426027,0.18195997,-1.4608542,1.1500348,-3.9998758,-3.7983375,1.2571948,3.0207055,0.2122915,1.1542993,0.26101792,-2.217845,0.064766526,-2.8836274,0.9172632
TAGCTAGGTTGCAATG-1,11.596638,-1.2008386,0.046155963,-0.8977216,3.6600559,-0.59428114,-1.6798368,-0.8235463,-2.0180824,-0.18644921,-1.0894352,1.705929,-0.5102557,-0.069704965,-0.61088836,0.30215195,-1.748088,-1.8707281,-3.8134246,0.3496298,1.0395827,0.62261224,1.1921839,-0.48012373,2.6612837,-0.6704373,0.20959982,0.67068845,-0.804119,-1.0242282
TAGCTTAAGGCGCTAC-1,-6.0590205,-2.3959148,-3.9249427,-0.24543573,-0.21335727,-3.921675,2.0112636,-0.48485827,-0.5583505,0.39982113,0.18050776,-2.2766485,-0.23401406,0.4215234,0.92229426,-1.1649587,-0.6618232,0.32420015,0.06443193,1.3320367,1.4972442,-0.125518,-0.90764123,-0.05600852,-1.8268191,-1.655124,-0.32751715,2.2813957,1.7649642,-0.11296578
TAGCTTAAGGTCCAAT-1,-5.902165,-2.9633212,-3.1258082,0.7724653,-0.08784646,7.562994,-1.5292442,0.8607795,0.72450936,0.7597711,0.16294678,-0.99916774,-0.50857335,0.047421776,-2.5207014,0.6793168,-1.023338,-0.98056847,0.6887226,-1.7570088,0.40822434,1.9366114,-2.9057953,0.5546343,0.9785812,0.60843694,0.7460666,0.6095044,-0.011842592,-0.65907615
TAGCTTGCAAGGAATC-1,14.467502,-1.6309289,-0.671946,-0.13702966,-3.108288,0.3279133,-0.5233248,-0.14311431,-0.8002097,-0.1522999,0.7563998,-0.25151193,-0.89562386,-0.37149972,0.31883723,-0.4774795,-0.3385636,-0.5489313,-0.08766985,0.85128975,0.1988722,-0.9859229,0.2996654,1.3776324,-0.35720226,1.3827037,1.1531589,-0.56332374,1.9065927,1.6303782
TAGCTTGCATCAATCG-1,-6.5034723,-1.2482697,-3.4229145,0.49900088,-0.6046303,4.9659543,-3.2216613,0.2289711,1.9013469,-2.9775746,-0.9298593,0.33524033,-0.114589036,-0.21161431,0.22402203,-1.5308272,-3.8166246,0.020471178,1.3264598,1.9233667,-2.5571,1.0252272,-2.2004516,0.2865743,-0.25199127,0.7005877,1.2410324,-0.007080288,-0.7046148,0.2260854
TAGGAACCAGCAGGTA-1,-6.5639625,-1.3346804,-3.4700572,0.15003048,0.34653533,-4.5130134,2.4736755,0.030682659,-1.1336502,-0.5837984,-0.21033674,-1.6082895,-0.8046923,0.5545197,0.7983478,-0.88459593,2.701765,-1.9718182,-1.7741857,0.04385624,-1.3541381,0.47060338,-2.1855116,-0.32748944,-0.6249788,0.7747451,-0.67402977,3.167196,2.1526127,-1.6066266
TAGGAGGGTTACAACG-1,-5.0775604,-1.5214239,-1.9734441,0.3464957,0.54758334,1.8630593,-0.21275893,-0.83104557,0.7352971,-1.2363263,0.5135629,-3.673064,0.7156754,0.41465953,1.3249843,-3.0295644,-1.3542706,-1.2377281,0.3604973,-0.27825972,-0.8705421,0.74589366,-1.3859199,0.5559072,0.23033671,0.34987435,1.3982108,0.9456354,0.61766666,-1.6743611
TAGGAGGGTTATCGAG-1,-8.0478325,-1.977002,-4.4885087,0.42090625,0.28672078,-4.0476966,1.7025394,-0.3392243,-1.8806741,0.9251544,-0.8851753,-0.081442714,0.14695978,-0.97913074,-2.0201836,-1.2757951,-1.3019373,0.022387838,0.25613853,0.85098886,-3.13379,0.25284913,-0.7633575,0.85654795,-0.9738014,0.22571225,-0.5062243,0.378097,-0.5309161,-1.2081672
TAGGAGTCATCGCTCC-1,-7.337745,-2.322031,-3.294967,0.1107774,-0.27213252,3.8639474,-1.2526072,0.71161896,0.8074303,0.5454096,-0.82520777,-0.675156,0.69480735,-0.84928757,0.009227272,-1.7046311,-2.9084907,-0.18308815,0.588014,2.0630891,-0.95764035,2.4047518,0.17869827,0.79242325,0.34031186,-3.2797067,1.4012369,-0.6003377,-0.083800316,-1.4381963
TAGGAGTCATTGTGGC-1,9.9752865,-3.1132226,-1.0510727,0.2585599,-2.622085,0.21113496,1.2703711,-0.7214835,-0.25130135,-0.48791045,-1.5178467,-1.3262516,0.23636937,1.1150508,-0.4280566,-0.0002628459,-1.8552393,-1.0100176,-0.8335469,-0.44806087,0.36372593,1.1136919,0.039132733,1.1294563,0.91500163,-1.0767089,0.42394704,1.1455244,-0.70899683,-0.8686906
TAGGCTGTCAATGAGG-1,10.954122,-0.03366368,1.4514413,-1.7605878,14.03288,-0.86321044,-3.6437201,-1.5352442,-3.9486775,1.1507488,2.0341794,1.1430383,-1.4378487,-2.3561802,0.35322446,-0.23668788,-0.33103377,-0.20790152,-0.7624662,-0.53885496,0.34360033,-0.0744765,-0.18186113,0.02544625,-0.23360279,0.074484415,-0.8362452,-0.8481043,1.1338822,-0.5637144
TAGGCTGTCAATTGGC-1,-8.097955,-3.5753632,5.8237634,-0.45456755,-1.0173806,5.7321053,2.7400663,1.3020627,-1.8127506,5.35469,-2.8490837,-2.3234258,1.7779065,-3.2880747,4.521947,-0.7226236,4.067118,-1.1849309,-2.977941,-0.8501065,1.4438627,-1.7013818,0.15455815,-1.0918626,-0.009614924,0.060535688,0.5660539,1.4470934,0.3947007,0.6683113
TAGGCTGTCGAGCTAT-1,10.590812,-1.9497511,-0.9621029,-0.2346506,0.9292342,-0.065189786,1.9848095,0.88857335,2.6293266,0.5252561,-1.1345708,0.2545681,0.620039,0.023481317,-0.18015157,0.2708891,-0.41905096,0.1539768,1.52188,0.32767093,-0.11620371,0.053404983,-0.33807993,-0.9141387,1.050487,-0.67664474,0.66755646,1.0935143,1.501874,0.35118428
TAGGCTTAGAGAGGAG-1,-8.357524,-1.8914752,-3.196749,0.16085945,-0.18764272,-0.2932408,-0.3262618,-0.742935,2.077212,-1.040872,-1.0866886,-0.89395064,-0.5685312,-2.3940563,1.2786644,-0.59082615,-0.7538992,0.41900772,-1.4005297,-0.18275245,-2.0139368,-1.2119592,-2.6146355,-1.0111064,-0.7678465,0.23692213,0.13623042,0.51757383,0.29221535,0.14533846
TAGGCTTAGGAAACTG-1,-7.7905717,-4.0806313,14.035181,-1.4873352,-0.20012961,-0.03975729,4.93525,-0.7263373,-3.3941104,-2.3860903,-0.07845779,-0.41760364,-0.9177729,-0.6637319,3.9009633,-2.4699404,0.47437084,-0.94273657,2.9533107,-1.5796041,4.083427,3.4961975,5.129758,1.6493703,-0.3507558,0.8921381,-1.0719848,0.33158758,1.666624,0.6497781
TAGGCTTAGGTGAGAC-1,-7.49565,-3.729818,15.17667,-1.2274797,-0.9028877,-1.5267378,-2.7121558,0.120924674,2.0288475,2.8528554,-3.3938365,0.5053278,0.4882957,-0.7856471,0.4112089,-0.70247805,-1.6445092,-0.9494149,1.7132397,-0.28701147,1.7423797,-2.0109453,-1.9805528,-2.1191707,-3.745099,-2.1087866,0.48119092,1.3724029,-3.5206814,-1.5958868
TAGGGTTTCAGGTCCA-1,-6.719823,-1.7873709,0.86291295,-0.478164,-0.66220874,7.9348316,0.45969275,0.5636437,-1.842781,2.1611829,3.835117,5.162763,-6.548505,11.218764,-1.9109719,-0.45780718,-0.31117046,1.4004163,-1.2094657,5.2904205,-1.4804082,-4.9682026,2.6648479,-1.1561626,0.54272884,-1.2280909,-0.5260102,-0.6809375,-5.0247793,-2.9951184
TAGGGTTTCGCATCCT-1,-5.602143,-1.7020159,-2.8557053,-0.21265584,1.0416557,2.277382,-1.3138533,0.36081237,0.11560589,-0.7797612,1.210176,-2.6000526,0.7779632,1.4367423,-0.64222354,-1.814872,-1.1847444,-0.6375007,-0.49887308,0.68533915,-0.7956053,1.1968539,-0.85128343,-0.30127782,0.9860545,-0.2,1.0824866,-0.18780936,-0.7972703,-1.2926499
TAGGTTATCTTGAGCG-1,-7.1445146,-2.1853037,-2.1329246,0.49971566,-0.07565463,-2.658843,3.4071107,-0.48182285,-1.7082865,2.0829735,-0.030533586,-1.7426268,0.96546364,0.52377367,-0.36400288,-0.58603036,0.48883796,-0.36910614,0.5730854,1.9098026,-1.9950373,-0.064106636,-1.9850602,0.40810117,0.5182582,2.3046331,-1.0593737,0.5647512,1.4760019,-0.932922
TAGTAACGTGTGTGGT-1,-6.7135625,-1.9456937,-2.5396812,0.33557647,0.7179053,4.6002297,-0.4566566,0.61869323,-0.29048416,1.5274167,-0.86231375,1.027326,0.43654445,-0.2953862,-1.354606,0.56444675,-0.83058184,-0.8652911,-0.28851148,0.62996405,0.04597522,-0.23429187,-1.8870379,0.24876373,1.6601728,1.205103,2.446324,1.0402795,1.539212,-0.4026584
TAGTAACGTTCACCAT-1,-6.399392,-4.2823496,8.767583,-0.1048706,0.055583075,2.470478,4.3683863,-0.7507737,-4.118605,-3.3875458,-0.86991,0.15029517,-0.31251457,-1.0005727,-1.531947,0.83692414,-1.8658814,1.4949373,-2.0885007,0.7797906,-1.2665708,-3.9511561,-3.5495162,-1.3455024,-3.7904172,-1.3155605,2.5921664,-3.538769,-4.1760454,-0.7406199
TAGTAACGTTGTTGTC-1,-7.1839256,-2.3848078,-4.33394,0.13514358,-0.05364533,-0.19818923,-2.6679542,-0.17599736,2.2526178,-2.338825,0.8971479,-1.7479401,1.0478808,-0.043968588,-0.33013248,-0.42675316,1.0001202,-0.7706962,-0.28003123,0.2651502,1.0108908,1.5758843,0.77316135,-2.664968,-0.4992195,-0.21012746,1.731082,-1.4172387,-0.61855453,0.73418677
TAGTAAGCATCCCGCT-1,-8.34245,-2.106677,5.026097,0.84554267,-0.43252745,4.335854,1.6633863,0.88657165,-2.8591976,10.234303,-3.6492553,-1.673408,1.2794379,-0.8349858,5.4152937,1.9658586,1.0113015,1.9126956,-2.2721171,1.4048927,-1.1452912,-3.0538864,3.9825804,0.0065205917,1.9265076,-2.5890868,-0.7581994,1.0619961,1.283522,-0.62761414
TAGTACGGTGGATTGC-1,-7.3577714,-2.7854552,-3.0616512,0.49402902,0.24415421,3.4406867,-0.95678055,0.80471814,0.9442992,0.6425204,-0.61534715,-2.1538937,0.077522255,-1.6587437,-0.2420136,1.3892938,0.027234456,-0.19122584,1.8344103,-0.6681495,-0.20236555,1.0905588,-2.1625214,-0.16762875,0.18999954,1.6757334,-0.9257075,1.5725243,0.48106658,-0.94288373
TAGTACGGTTAAGCCA-1,-6.0733333,-1.534756,0.029630078,0.36706716,-0.03787602,6.5277777,-1.2641612,2.5511723,-1.3384433,5.0733666,-0.7862254,-2.0489461,1.3371916,-1.0419008,2.1882777,0.49764153,0.0068472163,-0.8374568,0.15112063,2.9105806,-4.3617268,1.2185702,2.3203092,1.286399,1.982901,-1.4731246,1.9869334,0.42844254,-0.45199314,-2.854536
TAGTAGGAGAACCTGT-1,-6.666549,-1.8954891,-3.145939,0.38993987,0.43322474,4.9843755,-2.5274892,-0.22443722,1.3737794,-1.7265701,0.74076957,-0.11882309,0.038518194,-1.292946,0.18077527,-0.6799768,-2.0592728,-0.17546949,-1.220547,2.259721,-2.0452628,1.5308148,0.3928913,0.8027366,0.31413853,-0.13992605,0.12035613,0.22352426,-1.4087123,-0.9080369
TAGTCAATCGTTCACC-1,13.032965,-3.6117535,-0.19167882,-1.3210292,-5.088588,-0.60800093,-1.6715345,-1.2490441,-1.5369569,1.1246536,0.29238805,-1.6458725,0.3062686,-0.057935454,-0.48412344,-1.4983099,-0.85747325,-0.18162389,-1.1960952,0.994151,0.697927,0.81678283,0.17385718,-0.9387941,-0.530446,0.2921026,-1.2703961,0.9141221,0.6252969,1.7422354
TAGTGGCGTCTATCGT-1,-7.597648,-4.6313124,20.392572,-1.794484,-0.94460857,-4.7054396,-4.034232,0.24920003,4.194327,-1.7868786,1.009967,0.55957204,-0.22173809,0.63213986,-3.2369983,1.1969744,-1.559535,-0.6836123,1.2017386,1.1565015,-0.9106812,-0.8071431,-1.0900316,0.9968413,0.073211916,-0.9063658,-0.8432606,1.570059,-0.29486957,1.3335465
TAGTGGCGTGTCCAGG-1,-6.914595,-3.622942,18.34602,-2.6854062,-0.9099242,-3.7540708,-4.511798,0.3322423,4.629451,3.1480904,0.10505687,-2.7611167,-0.15207939,0.27214706,-0.9494851,0.17911026,-0.79789424,1.9927137,0.7447395,-0.41955352,-4.7533627,1.0919594,-2.353158,0.06682084,0.63292444,-3.178567,-0.35899392,1.2383424,1.5811228,-1.5302846
TAGTGTGGTCGACTCC-1,-7.477752,-1.36444,-3.6769197,-0.076578856,-0.23051602,-5.787025,2.9392462,-0.3886649,-1.7704482,2.3143132,1.4138426,0.44801742,-1.6260153,0.97270906,1.1647565,1.1052411,-1.8470402,-0.18065129,-0.64369166,2.1765075,-0.9435887,2.3927548,-0.77889514,-1.035192,0.87493896,2.4822466,-0.028527621,-0.3895314,-1.7135912,0.4102714
TAGTGTGGTTGTAAAC-1,-8.787665,-2.444914,-5.510934,0.950981,0.047831856,2.1549308,-4.544249,-0.082697056,2.379639,-2.1804707,-3.4998467,3.4136546,-0.17510253,-4.6848845,0.20509481,2.6900094,1.404113,-1.927075,-0.05146189,2.8854783,-0.8649603,1.7146379,0.061592985,2.332639,1.5778486,-3.6274533,0.00024665723,3.4595478,2.2909966,1.6876748
TAGTTGTCAATGAATG-1,-6.69248,-3.4698842,8.968469,-1.6290244,-1.1697701,4.728001,3.8920553,-0.90893906,-2.9620392,-2.5549698,1.2911466,0.15563631,1.3359892,-1.0240899,-0.6142848,2.2776575,2.6734886,0.044064686,0.6320108,0.067156866,0.9949736,-0.7610789,0.15867224,-0.035314176,0.12081678,-0.6869801,0.5349684,0.70239234,-0.22559838,-1.2498449
TAGTTGTCACCGGTAT-1,11.161399,1.6196518,-0.12283945,1.9538343,1.278777,0.234278,7.3481703,4.7157393,8.142836,0.6090611,0.50067204,2.653591,-0.13076793,-2.149874,-0.8111903,1.0649929,-1.1183102,1.3289213,-0.9104703,0.89793485,1.4488829,0.8189774,1.7521672,0.040859703,0.62583923,-0.67672926,-2.2103446,-0.6078001,0.13912246,-1.5155618
TAGTTTGAGCACAGAA-1,-6.288653,-2.3216884,-4.2596507,1.8398682,0.012846001,-0.09463834,-1.5986031,0.17562363,1.3700482,-2.0441222,0.41984376,-2.4217355,1.4918652,-0.5114168,-1.2515718,0.39857307,1.2091882,1.7538782,0.37834817,-0.77041066,1.0594494,-1.2659174,1.4077234,-1.2400703,0.3141794,0.56838185,-0.96321267,0.4903135,-0.40559307,-0.88415146
TATAACCCACTTACAG-1,-7.389012,-3.0769951,5.8794274,-0.670978,-1.0010399,4.0039644,4.2160015,0.5979137,-3.5311337,-4.2388277,-2.0087895,-0.13887131,-0.17226776,-2.2343524,3.7160347,-2.2771103,-2.076015,1.2662396,-0.056330398,-1.3127378,-1.2429757,-2.6175337,-1.9826133,1.4775887,-0.59550965,2.4398446,-1.25643,-2.9666393,-0.4395917,0.48721078
TATAACCCATTAAAGG-1,-7.9430027,-4.611004,21.146448,-2.412756,0.16564207,-4.9081106,-4.729739,-0.8497577,3.7979004,0.4336635,-1.4266537,-0.09233631,0.03682391,0.08548011,-0.61996484,-0.5351624,0.25554654,-0.051872812,0.38019794,-1.1966422,0.5504274,1.3124465,2.2477295,-1.056121,-0.65787834,-1.252552,0.9065673,1.0657593,-2.8235197,0.9427334
TATAGCCAGCTTAGTA-1,-6.5076485,-1.4957434,-3.443266,-0.9338883,0.32603002,-3.0797215,1.7579634,-0.21051048,-1.748064,0.652411,1.0952308,-0.07207473,-0.10963935,-0.56556207,0.1748118,2.2423048,1.5166318,-1.0797702,-0.082441196,-0.08147721,-1.3378614,-0.7344569,0.5116325,0.2290037,0.24188286,0.55444056,-0.44047165,0.8500302,0.9289059,0.27977222
TATAGGTGTACTGAAT-1,2.5758986,17.052483,5.8392577,40.35944,-0.14342164,1.857649,-0.92299134,-1.0797443,-1.8681393,-1.5022525,-1.0842707,-1.2973222,-1.8164748,0.8916948,0.7375001,-2.8583977,-1.2043891,2.4283435,-1.9119618,1.212998,0.4061671,2.6093345,0.23238364,-0.990314,-2.041617,-0.36623174,-3.1124847,-2.2606308,2.295768,-1.4588494
TATATCCTCATTAGCA-1,14.759905,-3.9256864,-0.40547994,-0.12448623,-6.4470577,0.15619673,-1.335615,-1.3046998,-1.495842,1.401082,6.2194037,0.16738443,-1.8745974,-2.7596312,0.8036296,-0.5039661,-1.1316065,-1.344122,-2.74925,1.3384607,1.87617,0.14514098,0.35257846,0.6859359,0.6557859,-1.1137334,-1.3727893,-1.7045288,-1.217595,0.2538093
TATCACAAGCAAGGGT-1,12.612247,-1.6899952,-0.6556934,-1.1335458,4.3602724,0.177372,1.5135524,0.7890589,0.5148961,-2.11811,-4.3141775,-0.29354197,1.0567864,2.5389886,-1.1426368,0.19182234,-0.04432785,0.18289031,-0.9738786,0.4422327,1.8952792,-0.73057204,0.15845455,0.068087116,0.015442402,0.06330242,0.17568104,0.014147609,-0.6807786,1.2896311
TATCACAAGTTTGCGG-1,15.649896,-3.2367437,-0.07259881,-0.19337529,-1.8051867,-0.47116804,0.0642392,-0.870971,-0.41005218,-0.93866587,-1.9492538,1.1359397,-0.08171738,0.8257168,0.30963963,0.2616545,1.6930448,-1.0617164,-0.43581563,-0.40573633,1.1945057,0.3633881,-0.08299154,1.4844741,-0.645221,-1.6042106,-0.7326924,-1.7371521,-1.301225,0.020340225
TATCACGCAAGGTACG-1,-8.458166,-3.0299013,-4.6049714,0.42766,0.22734316,-2.437176,-0.6052513,-0.42266536,2.4190967,-2.3777418,-0.4984901,-1.676879,0.09792503,-1.8493335,1.5202621,0.4731507,0.32662588,-0.20685059,-0.42060226,-0.42955384,0.6956511,-1.6364198,2.1016955,0.5928958,-1.5837773,1.1555256,-1.2500901,-0.3682687,-0.0029827477,2.4059777
TATCGAGGTTGTAAAC-1,-7.356943,-1.7264965,-3.581787,1.7231178,0.58526504,-2.8020542,2.8954632,-1.6159418,-2.0082784,3.4474998,0.057394736,-0.9044644,0.40793577,0.8104985,-1.3691666,-0.5111906,1.0223771,-0.44522578,-0.54967993,-0.095505446,0.16444418,1.0392681,-0.23629452,0.87157667,-1.0459595,-0.92349184,-0.316692,-1.8691216,1.1158636,-1.7507409
TATCGAGGTTTATCTG-1,-6.5938916,-2.299374,-0.44556165,0.18335456,0.30917427,6.1969767,0.35998577,1.522922,-0.6142185,0.6282263,-1.5374436,0.00026888898,0.09431567,-0.85260594,0.6773769,0.78115845,-0.9930179,-0.205461,-1.4229386,0.6980774,-0.7237015,-2.2513762,-0.93302006,-2.5491214,1.9969552,1.3349465,-0.3584709,-0.2314718,-0.9452625,1.1029303
TATCGCACAAGTGAAC-1,-0.76088846,23.147459,0.18349034,-5.515338,-1.6990771,0.93323666,2.719766,-7.8509436,3.2016954,4.519051,-5.1085587,1.8803966,-9.354527,-5.4014983,-7.5675807,-6.1807594,3.210531,10.728227,-5.849879,3.7108114,3.002,2.8910043,5.0863876,-4.8974996,-2.729194,-0.22026277,4.130609,1.8902537,-0.7562476,-1.3491217
TATCGCGAGGATCACT-1,-7.1001463,-1.2034619,-4.7886176,0.32047835,1.0768514,-2.1190622,-2.1945856,-0.45958778,0.91299397,-2.0609396,0.7678543,-0.80178416,-1.3295106,-0.52818143,0.5939362,2.3170586,-0.45248055,1.8864355,-1.2563248,-1.5791196,0.33080155,-0.79196286,1.0483398,2.9964511,-0.8366493,-0.8247612,-1.5215645,-0.46029165,-2.3576267,-0.6280617
TATGAAGCAATAATCC-1,10.010022,-1.722159,0.38398382,-0.44316325,5.329335,0.14500386,-0.99986595,-0.18426397,-0.45628327,-0.17641774,-2.0942492,-0.7802349,0.019863622,1.1810805,0.150688,0.3061798,-0.7392732,0.94952124,0.9221828,0.27337688,-2.2126615,0.19403347,0.45778355,-0.39815927,-0.22871532,1.4056634,1.6289856,2.3258646,0.46895045,-1.3204049
TATGACTCACTTAACG-1,-7.473033,-2.3801472,-5.87827,0.072263226,-0.5060058,-2.770062,-1.8101741,0.96699816,0.8302734,-1.247174,-0.07853278,1.1782861,0.7155134,-3.0558958,-0.20357521,2.281327,1.995783,0.88395786,-0.70734024,-0.4595059,2.8338346,-2.4440804,1.8668026,0.7896074,1.7507035,1.1478839,-1.3977433,-2.0104506,0.33016497,-0.24472797
TATGACTCAGGATTAA-1,10.607924,-1.3230944,0.52099276,0.08182522,9.349469,-0.19577232,-3.4337184,-1.6119096,-3.4353735,0.8534029,1.6492635,0.5884928,-1.9057508,0.78264,-0.007615989,-0.99872077,-0.3220522,-2.032874,-0.948093,0.09033718,0.56804085,-0.2872334,0.29001492,-0.64506924,0.91445374,-0.57138264,-1.350607,-0.35851187,0.30650625,0.56216526
TATGACTCAGTTTGTG-1,-6.0700817,-1.3495568,-4.8975697,0.3026279,-0.22057217,-1.7781818,-2.1983988,-0.29658976,1.1718308,-2.4019067,1.2860085,0.063647546,0.75877565,0.31003916,2.4820635,0.70639277,0.71688145,0.06264223,-0.8282786,-0.20072697,0.08510408,-1.1568035,0.28229225,-1.120198,-0.5660825,0.39200795,2.1413114,0.8186009,1.0385634,0.457632
TATGCATCAACTGGCT-1,11.067243,-1.644267,-0.023464017,0.19774486,4.842518,-0.10736386,2.4574118,1.1725634,1.696547,-0.07725106,-2.134265,0.2382543,1.2021059,1.317674,-0.24084933,0.84564,0.83027554,0.71163243,1.1960384,0.22705661,0.25051752,-1.6744968,-0.21799217,0.16982904,-0.7615585,-0.74431616,0.82713777,-0.2432661,0.23986097,0.5331754
TATGCATCATGTTTGG-1,-6.8867073,-1.4510871,-3.852637,1.4264872,-0.29848048,3.2342997,-1.4327416,0.94738203,0.29204488,0.47962865,0.6158417,-0.5969553,0.38157922,-0.23045327,-0.90915954,-0.51155627,0.14982161,-0.67851526,-0.09765848,-1.6053423,1.544732,0.78871524,-1.093764,-0.23307185,1.2353778,-0.36461538,-0.0576946,0.43274212,-1.0193102,-0.93471676
TATGGATGTGCTTTAC-1,13.729907,-2.6875527,-0.53808504,-0.77502334,1.3032336,0.6678438,0.79382974,0.5441361,0.1581951,-1.4393163,-3.6008215,-1.3865666,0.998935,1.2564989,-0.18529199,0.3259544,2.2037926,2.6463728,2.6189706,-1.4769208,-2.3603678,0.58501995,-1.0761186,0.3799634,-0.3686042,-1.3522865,0.7897336,0.08085955,-1.235259,0.45843056
TATGGATGTGGACCTG-1,-6.4965343,-5.258221,19.940453,-2.0648036,-0.14756933,-5.3497396,-4.691635,-1.0463985,4.094811,-0.40827554,2.0117455,1.713372,-0.23871978,2.995522,-2.1933503,1.8452998,0.69273937,-0.06360647,-2.0992422,1.2449851,-0.40548638,-1.4729549,-2.189468,0.1989752,1.0342652,-2.4499276,0.5656228,-0.029402914,-0.17824242,-0.11315778
TATGGCCCAAATTCGT-1,-7.072969,-2.0436392,0.8208445,0.17914629,0.13237959,0.29838863,3.500686,0.4005267,-1.9730572,0.20469014,0.9406958,0.9442432,-0.37953305,0.6780451,0.9525813,0.0004992326,1.8002683,-1.0777899,1.1978621,0.27249599,-1.1959081,2.31199,-2.337712,0.8554786,1.2541698,2.9811687,1.5127832,1.513955,1.3754375,-0.2980725
TATGGCCCATAGCGGA-1,9.537769,-0.61906344,1.743606,-0.73074085,14.611684,-0.4410479,-3.698918,-1.5333519,-2.8309906,2.0544703,3.1301613,0.31103152,-1.1587726,-1.9264406,-0.16282624,0.21363002,-0.7711322,0.62563705,-0.9701087,0.33072418,0.24385081,0.2304353,-0.048259385,0.38714278,0.6705888,-0.36975718,0.6447059,-0.40888512,-0.5623832,0.83661026
TATGGGCGTCACCTAT-1,-7.862863,-3.6057153,17.55873,-2.4317393,-1.0579334,-0.96772766,-0.18832684,-0.6212741,1.5718613,-0.9354973,3.0974183,-0.70395833,-0.41394928,2.0539832,-2.1284986,2.403372,2.155337,0.3717177,-0.20710014,2.0220819,-2.0946298,-0.4732554,1.3335835,0.41753972,1.2131815,2.2008142,1.1509581,0.27207798,0.7845484,-0.41550344
TATGGGCGTGGACATC-1,-7.0241394,-4.1286736,10.593857,-1.2452477,0.29537755,0.34935442,5.068019,-0.07920712,-2.7113166,-2.728932,2.5632527,-4.090779,1.2071475,-0.21295296,-2.7315927,1.9261928,2.4221306,-0.55374163,2.011907,1.5848252,-2.036815,0.90628815,1.7695245,1.9919773,0.63680744,0.43336326,-1.2954963,0.98556906,-0.5109561,1.2822952
TATGGGCGTTAGCTGA-1,-1.482328,20.02044,0.35543516,-6.3176885,-0.19138849,0.51519084,1.39602,-3.4094894,1.6756457,-0.37931126,-2.3310266,-1.691856,1.083657,-0.64059985,-0.15110737,-5.0193553,-0.80403197,-4.4897413,3.5208323,-0.13151568,0.54889715,-1.6374313,-0.5386402,3.9035118,1.9848303,0.29723448,-1.3172169,-3.5985909,-1.558395,1.9938271
TATGGGCGTTCCGCAC-1,-7.647262,-1.8364277,-0.70888823,1.1142182,-0.9160982,4.3700056,0.4644834,-0.24734412,-1.7896864,3.4895782,-1.4579583,-0.72968745,-0.29518515,-1.3817827,-0.9143374,0.1523999,0.965708,-0.7706655,0.902039,0.19342624,0.3779587,0.89625204,-0.2823227,0.5242787,2.3529968,-0.08925955,0.9444212,-0.9759933,-0.9533497,-0.97663957
TATGGTCAGTGAGCAA-1,13.15286,-1.76569,-0.27111828,0.3873122,-1.7233049,0.21465898,1.7102076,-0.13151881,1.1230417,-0.36985043,1.8626384,-1.00286,0.1144359,-0.21518712,0.016117329,-0.5396574,-0.8380992,0.5075051,0.8331274,-0.23335782,0.44105044,-0.11458024,-0.28373128,-1.0587295,0.6678464,-0.09989437,0.43698394,-0.55456895,-1.4332296,-0.16407229
TATGTGATCCACCTTA-1,-2.2957618,20.83855,-0.48895124,-4.7726245,-1.0268246,0.76850736,1.0556669,-6.5134087,2.1659985,0.63844,1.4353309,6.514265,7.8630476,-1.31738,-4.3808756,-5.8108044,3.543513,1.3943397,-1.539873,0.42453495,1.3358504,-1.6788234,2.0763702,2.2865324,-1.8145603,2.2821398,5.1264443,3.2511342,0.22812654,4.5189743
TATGTGATCCTAGTCC-1,-7.310197,-1.907266,0.000909475,-0.5100735,-0.28709024,6.317485,-0.17453265,0.13860607,-1.6781443,1.3942404,-1.8198283,1.9355905,0.026347248,-3.0687788,-1.4686744,-0.96741164,0.06213889,-0.6146594,0.28134108,-0.13104992,-0.10604484,-0.77982146,-1.5842086,1.4113834,-0.9614177,0.9057369,0.22142667,4.090229,3.1034374,1.691126
TATGTGATCGGTAACT-1,-2.029553,18.247013,0.28795964,-3.8442562,-0.27227557,1.5043141,1.5696332,-7.2070956,2.841911,0.48891532,3.1503675,2.6789536,1.5615318,1.8171966,-1.9696099,-4.420045,0.07819426,-4.497397,-0.54028416,2.2699504,-3.8735535,0.59391433,2.8877373,-3.6096196,0.79353905,4.2106643,-1.6665257,3.0580978,-0.2592559,-1.0789129
TATTAGCCAATTGACT-1,-7.2095895,-2.0316236,-2.4438689,-0.033478893,0.65210813,2.586277,-1.5851496,0.36924672,0.84649605,-1.611864,0.40555066,0.1013259,0.82159966,-1.0301907,0.794887,-1.4817894,-0.8215742,-0.19008389,-1.0990393,-0.35089633,1.5039741,-0.9483696,-1.6071956,-2.2434251,-0.14556137,1.873702,0.5495573,1.9101257,1.1173384,0.086825
TATTAGCCAGCAAATA-1,11.463675,-2.1753216,0.6126904,-0.7822452,-1.1424971,0.8112011,0.029015992,0.21892427,-0.7856183,0.8528208,-0.84653157,-1.9570887,0.7132344,1.6203467,-0.52173746,0.58016896,-0.8162367,-1.8428385,-1.050396,1.700031,0.6180326,-0.27279684,0.98654395,-1.1403916,0.15624079,-0.6740594,1.3050003,0.5142355,-0.5016389,1.2573934
TATTAGCCATGTTGTG-1,3.3882525,0.9717166,-0.07508402,-0.49306253,2.683874,-0.52168095,0.0509323,-1.8509178,0.36358798,0.46849293,-2.4925585,-2.6693945,0.1612058,0.9169724,1.1696134,-1.9547114,-1.4039863,-3.1766088,3.563129,0.7469225,0.018134512,-0.668226,2.1178708,-5.2530265,-0.77559036,0.90454006,3.8927445,0.77480006,-0.9418583,-1.8703129
TATTAGCCATTGTGTG-1,-7.0531445,-3.6073039,14.22197,-2.1999938,-0.5610071,-0.6604537,4.477792,-0.9134133,-3.8862689,-4.8732185,1.1790017,0.71263504,-0.20481418,-1.7308478,-0.41171327,0.69283664,-0.11017497,-0.42214486,1.1483085,1.4163816,0.22318147,0.9723172,4.145196,1.2005477,-0.9530292,0.13776755,0.20649175,-2.1378489,-2.0086281,-1.2022966
TATTAGGTCCCGTTGT-1,-7.201163,-2.08349,-3.6394384,0.43606788,-0.4131068,4.4952536,-3.182255,-0.03794928,0.77003694,-2.338551,0.6094744,1.8147804,-0.100566275,-0.71176946,-0.3862527,-0.57443905,-1.1201105,0.11819264,-0.09060987,1.8252579,-0.94198567,0.3618033,0.14374898,-0.3170391,-1.2256055,0.24761443,-0.077504896,0.92367405,0.298988,0.48047447
TATTAGGTCGCTAGTG-1,-7.7198334,-2.6791384,-5.3773623,0.1921094,-0.1046823,-2.9974203,-2.1553156,0.14122371,1.215287,-2.2316551,2.0610633,-0.7924911,0.27128094,-1.2204463,-1.3624483,2.3202395,1.6536573,-0.24473482,-0.4237137,-2.5024705,0.84730405,-4.32828,1.1966301,-2.164385,1.1683664,-1.0486763,-1.3690733,-0.75440437,0.6232133,-3.1453834
TATTCGTTCTTGCAAA-1,-5.5189886,-1.5315126,-0.37243295,0.12231823,-0.007854546,5.5039163,-1.2328805,1.0976027,-0.19812353,5.2589955,-0.61053115,-2.5031216,1.7545544,-0.11608763,-0.67924476,2.140851,-1.2077637,-1.5303649,-0.3437036,2.9832003,-1.3363833,-0.30953783,1.756634,1.5602593,0.2746464,-2.5190868,0.45599034,-1.2347338,-0.19535196,-1.1772126
TATTGACCAGGCATGA-1,13.461606,-2.5365803,-0.8853788,-0.7024186,-3.3283465,-0.3592654,-1.4068193,0.22877386,-1.9104781,-0.20151778,-0.78996867,-1.3170518,0.16911656,-0.036376584,1.08071,-0.9263491,0.14476159,-0.265189,0.91237766,0.8226397,0.1589399,-0.13607973,-0.95170015,0.7416483,-0.39862555,-0.7603766,-0.23469943,0.84862745,-0.14502941,0.59885526
TATTGACCAGGCTAGA-1,13.139569,-0.8516239,-0.19009371,1.4224085,5.0587964,0.2004366,2.1249955,1.6907747,2.2169802,-1.4024416,-3.3299522,-0.16816653,1.0928836,0.5117256,-0.1153885,-0.106015146,1.3147565,1.8825301,2.772777,-0.2877115,-0.6833808,0.17700343,-0.13705477,-0.31261334,-1.4528611,0.096223176,0.3238452,0.5137509,-0.27817264,-0.31677362
TATTGACCATGAGTTT-1,8.296979,-1.5299675,0.7080224,-1.475943,13.5391655,-1.6292982,-4.354654,-0.99023473,-3.6562185,3.2217398,5.7426224,1.0161941,-1.1146638,-2.8351893,0.9977671,-0.14278871,-0.69845647,-0.44645542,-0.8982521,-0.33123997,2.3436618,-1.2096736,-0.17794065,-1.5167034,1.4089211,-0.04303096,-0.35144553,-0.535798,0.580832,-0.37146145
TATTTGCTCACAGGAA-1,-6.796222,-1.9088426,0.3511245,0.72458315,-0.36136973,1.1899562,3.5595288,0.117820695,-2.0186982,1.1679984,-0.13503027,-1.3379828,0.17966442,0.9974132,-0.13081786,-2.0626676,-0.7477038,-0.3367915,-0.35709828,0.3909282,0.7130847,0.14828992,-0.4095763,-1.219203,-0.4886975,0.44511878,1.1866225,0.977476,0.5915047,-0.1906236
TATTTGCTCCTAACGG-1,-7.2383475,-2.157824,-5.0591884,0.12266899,0.012732218,-0.24943039,-1.552623,-0.4279743,1.242663,-2.1441898,1.0036927,-2.7403095,0.8314649,-0.17623302,0.2116569,-0.16925617,1.4663363,0.07459004,0.33683312,-0.33544198,0.85510075,-0.05061652,0.6962822,-1.6857512,-0.25830802,0.995404,-0.9321211,-0.11599178,0.82349795,0.75060856
TATTTGCTCGTTCACC-1,-7.0296836,-2.6931725,-3.8387651,0.050141864,-0.80552673,-2.091206,-0.9950216,0.1756274,1.0253866,-1.2763133,-1.1833699,-2.4760063,2.1796854,-1.6441196,0.6830701,0.54579765,0.4725369,0.753172,-0.2831071,0.38982844,-0.6334839,-0.2995886,1.265037,-1.5333345,-2.1739166,-0.36262062,1.0605385,-0.52766097,-0.19528782,0.31964642
TATTTGCTCTAAATCG-1,-5.927329,-1.873393,-4.187955,-0.0700529,-0.05484469,3.3747199,-2.021555,-0.0069300677,0.8296447,-1.3351706,1.3942257,-0.5933608,0.515651,0.10774849,-0.72240406,-2.718328,-2.4386187,0.57438934,-0.15306729,0.025648465,-0.3978887,3.612624,-0.8852374,0.14363861,0.685231,-2.532927,0.5876798,-0.22801588,-0.60823303,-0.8224916
TATTTGCTCTGTGCAG-1,-8.653033,-2.896613,-0.2471621,0.26445526,-0.5478751,1.0541766,1.9587306,0.5481966,-1.943648,1.1024021,-1.7318844,1.9617847,-0.27372766,-2.741549,-1.2377503,0.36767808,-0.36177078,-1.019887,2.4861388,0.7245262,-1.2651336,2.8232687,-1.4936574,1.8465415,0.30939224,0.6655379,-0.75008875,1.0728538,-0.59670585,0.7086551
TATTTGGAGTTTGGTA-1,-1.1139566,16.317423,-0.27513137,-3.8407478,1.3417029,2.1855927,1.2182646,-5.939802,2.2727954,0.258865,2.5022132,4.7379394,10.806509,1.6286834,-1.4407566,-5.2575784,2.9199288,-2.8929374,-0.7191275,-3.3726141,-0.19541545,-0.9975282,0.20567769,0.4869552,-2.9114318,-3.3450196,-0.747072,4.018208,-1.6777165,-0.06937652
TCAACAATCATCGTTT-1,-4.5913014,-3.4926126,10.121607,-1.3266522,2.5015419,-1.8997781,-1.7568328,1.1124068,4.687789,1.4393976,4.874446,-5.2591324,1.1837176,5.4415083,1.8315461,-4.4128127,2.0989134,-1.0255388,-2.9346647,0.44788313,-3.0498924,1.8740375,-0.25157875,-2.0681796,0.81429154,-1.3447789,1.502805,5.065493,5.4695673,6.1469955
TCAACAATCCAAGTTA-1,-7.5708647,-2.1427221,3.6922376,-0.015633615,-0.5366199,3.5990846,4.64161,0.1301771,-3.2355375,-0.032654434,-2.768498,1.6912956,2.6938958,-3.8156552,1.5221708,-0.3334808,-0.45926964,0.6584818,0.06603767,-0.8670353,1.9006606,-0.82864046,-2.2606761,-1.2626472,-0.8807978,-0.31680098,-1.8321327,1.0768131,0.8236149,2.9386547
TCAACAATCTACTAAG-1,-6.474577,-1.6002718,-1.0848466,0.1320587,0.33924618,8.617276,-0.029100023,-0.61353403,0.7310195,-0.40363714,3.7148247,1.7785462,-3.5371795,8.176603,-3.76763,1.8719003,1.0500687,0.017774357,1.2940089,-5.019136,1.7130183,0.016836993,-2.3243315,-2.4786007,-0.42663667,-0.17190143,-1.0436065,0.33321884,-2.2213578,1.6327296
TCAAGAACATGACTAT-1,-7.160958,-1.8532002,-4.4178824,0.38968697,0.50063264,-4.111646,2.8972423,-0.008895735,-0.20253594,0.54518956,0.5343309,-1.9931877,0.6553795,0.78386706,0.2570598,-0.096975535,0.007818094,1.2137076,-0.17107825,0.41575575,0.2125757,-0.64240116,-0.45719877,1.3253783,-0.86135614,-1.6414816,0.5104237,-0.056499,0.3572637,-0.0960474
TCAAGAACATTGTGAT-1,13.900067,-2.0149455,-0.036143802,0.86372787,-5.1695685,-0.76207787,-1.8974347,-2.60923,-1.1353606,-0.71686727,-2.7122786,-1.5796275,0.43903747,1.563847,0.42704812,1.312251,0.30590674,-1.570334,-4.0454817,-0.22191806,1.0076013,1.2661248,-0.92335945,1.4791393,1.9923347,0.9592951,-1.0461525,-3.6682756,1.821629,-0.7727009
TCAAGACTCTCCATAT-1,-7.0579967,-2.3570857,-4.302671,1.2662183,0.0072005657,-1.2875439,-1.5182004,0.30079073,1.1992861,-2.0748477,-1.1208634,-0.9395979,0.0155644575,-0.92147446,-0.54430395,0.3086663,1.4169083,0.6273277,-0.84954286,-0.27536997,1.2704896,-1.0392754,1.3024896,-1.0114899,-0.19213727,-0.4694454,-0.17736062,-1.988383,-0.7335438,-2.059423
TCAAGCTAGCATTAGC-1,-6.582771,-1.7579654,-1.9079639,-0.22062045,0.052078187,8.385515,-2.4364145,0.20934671,1.0116091,-0.032719065,2.5178416,0.62772125,-2.9852679,5.5421267,-1.508204,-0.7705604,2.6823583,1.3478407,-0.20811649,0.040078532,-0.082296915,0.017063854,1.4634274,-0.22995278,0.22239855,0.30565453,-1.7964847,-1.4218076,-1.5022086,1.0929475
TCAAGCTAGTTAGGCT-1,-6.773757,-1.7032247,-2.8155031,0.15500426,0.8404329,-3.1438718,3.0661862,-0.2007463,-0.04635996,2.2562003,1.3916912,-2.3420312,0.13450505,1.7298572,1.6111873,-0.64033985,1.9322592,-1.7486634,1.2092001,0.3725874,0.1914934,3.2111042,0.24539876,-0.04667297,0.62221915,0.32719183,-0.16823737,1.2995439,-0.9192281,-0.6394953
TCAAGGAAGCACTAAC-1,13.531694,-2.2478347,0.8393745,-0.25608978,0.9859078,0.43286964,1.5944862,0.90286297,1.6818491,-1.0261772,-3.9124188,1.7364811,-0.17118546,0.4529385,1.6097419,1.1174784,1.7410984,0.7917358,4.4554043,-1.3110118,-1.9358909,-0.5197615,-2.0900092,-1.6729721,-1.0711182,-0.55303335,0.36087734,1.0621804,-0.68541974,-1.2510535
TCAAGGAAGTCACTCC-1,14.913065,-2.1894321,0.7781999,-0.44328544,-6.270629,1.1535853,0.16573302,1.3368802,2.1764128,2.383424,5.2913213,2.9382706,-3.6277351,-3.0147343,1.1548134,0.81085896,-0.8057092,1.0966388,2.5575597,-0.2629159,-0.82602817,-0.030078722,-1.1059061,-0.21488723,-0.9137641,0.7723069,1.2266809,0.44003654,-0.015320997,-0.74891144
TCAAGGAAGTTATTCC-1,10.402082,-2.2353003,-0.0040811673,-0.06229699,-1.1497836,0.5250922,1.2897927,-0.38093165,-0.86212677,-0.21607633,-2.0377223,-1.3938146,1.7072659,2.3058534,-1.4089383,0.17084178,-0.2829081,0.4634921,0.0951295,-0.07929728,0.5304717,0.06862008,-1.2892785,-0.23302603,2.5017996,-0.8145651,-1.6329018,-2.6591477,-0.2319661,-0.5034835
TCAAGGTTCCCTCTAA-1,-7.4017835,-2.200841,-3.508105,0.885331,-1.0391968,4.4405417,-2.7276468,0.11699505,0.97045445,-0.83227164,-0.13027766,4.1579776,-1.9146976,1.0490831,-0.026977474,-0.39022514,1.168474,1.1561618,-0.33420068,-2.5637906,-0.04958081,0.9736484,-2.138692,-0.9105795,-0.8113325,-1.8658967,0.32997462,-3.3915906,0.49925488,2.0559666
TCAAGTATCAGCAAGA-1,-6.7443914,-1.5433929,-4.9176607,-0.19911546,0.82565045,-1.1496145,-1.8088728,-1.0033454,1.8581021,-0.05545259,0.66693336,-1.9574075,0.3347632,-0.6833365,0.58850306,2.548079,0.75814533,-0.28309688,-0.10902306,-2.4939115,1.7382056,-0.16611722,-0.42258513,-2.5166702,1.775708,1.5827559,-0.75941354,1.459859,2.7920654,-2.4362054
TCAAGTATCCTGCGAA-1,-6.44501,-2.4862425,3.7172992,-1.541638,0.078807466,5.658993,2.6667402,-0.6814392,-2.7206507,-0.1303971,-0.83260334,-1.4691086,1.0638547,-1.8108741,0.6114268,-0.15592945,0.37020278,0.24851121,0.8464403,-0.5951284,1.9797261,-1.9397792,-0.9631305,-0.68831325,-0.3599208,0.055265285,0.032268297,-0.6678547,-0.022848045,-0.7444607
TCAATCGCAATATACC-1,-7.6895566,-2.4224246,-5.000145,1.479487,0.5748173,-0.16914088,-2.0408685,-0.7366636,0.20179608,-1.2149959,0.08207869,0.21791232,0.014600303,-0.72431415,-1.4882541,1.8105257,0.40706038,-0.6638815,-1.0501258,0.44870344,-1.4388745,-0.41750827,2.4642038,1.3767709,1.7752589,4.4667377,-1.1558262,-1.5476011,-2.7922802,1.1521817
TCAATCGCATACCCGG-1,5.2638874,-1.4292415,-2.2563968,1.3664379,-1.9685876,-1.8352447,3.8148859,2.3944912,3.70384,1.7442583,1.7561616,2.7411785,-2.6141484,-0.93234855,-0.011667095,-0.4639547,1.0071341,2.0868444,1.4634354,-1.1663277,-1.8686846,-0.51542914,-0.96708935,1.1092364,-0.6658898,-2.3248143,-1.3560448,-0.51979494,-0.8278238,-2.1261487
TCAATCGCATGCTTAG-1,-8.190675,-1.7434957,-3.3051746,1.1115263,0.07344166,-3.3780732,3.3444023,-0.2209765,-1.8353747,1.8279519,-0.95734376,1.3983362,0.68414557,2.0802758,-1.112675,-0.45574668,-2.2664773,-1.5748602,0.4598187,1.6762155,0.81521064,-1.6948515,-0.50193053,-0.671154,-1.9479674,0.73248607,0.7196024,0.1578954,-0.14386335,0.011506843
TCAATCGCATTGCAGC-1,-0.5041706,19.935112,2.0686874,-5.005271,0.63052183,-1.1436023,-0.94720095,1.1471446,1.2605795,-1.6336424,1.3692666,-3.7645032,-4.544155,6.0675554,14.418438,19.616447,-11.082635,1.3834053,0.27587077,-3.1451654,4.099437,4.8593817,0.27663282,1.7384287,0.98472124,2.9033976,3.6343448,1.0541093,2.5277898,0.6155297
TCACATAAGCCTGTTC-1,11.863938,-1.8141296,-0.9557958,-0.700038,-3.848814,0.8212913,-0.4582487,-1.8474511,-0.75420123,-1.4621608,-3.453671,-2.9964614,0.5629526,2.0215218,-0.8379613,-0.9718774,-1.9893987,-2.398935,-1.206255,1.1456869,-0.56183654,0.24866943,1.0170281,-1.1445553,1.5897436,0.2877863,-0.98334426,0.14656092,2.2156715,0.5427998
TCACATAAGTTCCCGT-1,12.317231,1.6482098,0.888374,2.3675177,2.7511008,0.9237317,4.929006,4.076132,6.5855365,0.23709701,1.5399052,0.7853303,-1.1469375,-1.6219721,-0.33350047,0.86835647,-1.0069364,0.09465994,-1.0005993,0.10642022,1.413314,0.00073607493,0.39406756,1.7209023,-1.2391032,-1.0643988,-0.9629529,0.33432975,0.18762521,0.6439395
TCACCGGCAACTAGAA-1,13.09837,-1.8255148,0.2074018,-0.21828525,0.31702775,-0.56056535,0.13496386,-0.24089701,-0.3800899,-1.0637282,-2.4365232,-0.2997823,0.94373304,1.644703,0.14325035,1.2333002,0.5925341,-0.49767533,0.04741316,-0.025802031,0.58222353,-0.8226748,0.030531256,0.4521217,0.5197556,-0.70079625,0.30959618,-0.43604827,-0.9484278,-1.7382742
TCACCGGCACGGTTTA-1,-8.34746,-2.8381767,-5.41546,1.0010082,0.39541033,-1.9361851,-1.7413617,-0.5909995,2.0214438,-1.4100921,-0.2052892,-2.858404,-0.7523095,-2.349942,0.003953532,0.66581494,2.8467247,0.32942843,2.2699172,-1.4679356,-0.34246933,-1.8160098,0.19570915,0.021003267,-1.0388577,-0.10220269,-1.6408569,-0.42140666,1.09841,-1.2132105
TCACCTGGTGTTTGCT-1,11.0682535,-2.3211684,-0.45893654,-0.30916604,-2.915583,0.97680837,1.4397894,0.793306,0.7945204,-0.26951402,-0.6452443,-0.8784596,0.65778804,1.3319156,-1.2079844,1.436355,-1.4682963,-1.8379539,-2.0425222,0.597127,0.8003534,-0.14295824,0.6945147,-1.6632231,-0.2813363,0.72267455,0.116051525,0.37763375,-0.49392492,1.1887556
TCACGGATCCGGCTAA-1,-6.9849577,-1.8182757,-4.0487404,1.051209,-0.014411086,-4.2379475,3.1996465,0.3063343,-0.75528586,1.5254177,1.816037,-2.3796246,1.2589309,1.1392198,-1.50396,-1.1578279,0.086507626,0.4132448,-0.034350347,0.89782476,-0.057530824,0.70049846,-1.244812,0.476904,-1.3291161,1.4020578,2.0605445,-0.65806264,-0.051588383,-0.010433071
TCACTGACATTATCCC-1,14.278187,-1.9218026,-0.4203004,0.42583668,-5.537617,0.19263011,-1.166917,-0.14083877,-2.1200454,0.8500856,2.194473,2.137286,-0.410963,-1.395164,0.53320026,0.46079794,-0.13311264,-0.3757288,-0.2909772,0.4140434,-0.5242788,0.71174055,0.82580525,0.41006038,0.63390386,-0.8624066,-0.46021196,1.7159576,0.7829945,0.0026360697
TCAGCAAGTAATCACG-1,12.349941,-2.5325716,-0.81709266,-0.560465,-5.1358767,-0.5542524,-0.5693376,-0.9052456,0.123982005,1.166133,3.1802816,0.058205925,-1.0208157,-2.4672232,-0.013538658,-1.3686317,-1.3807632,-1.404483,-1.073474,-0.23704202,-0.18381795,1.093007,1.7802765,1.0967803,-0.6093618,0.7497705,-0.095091596,-1.2431123,-0.29663777,1.2397262
TCAGCCTTCACGAATC-1,-5.3985043,-2.5150542,-3.0720744,-0.21198279,0.07412647,-2.803497,0.4436838,-0.66520554,-0.6064204,1.2322837,1.2651995,-2.7895668,-0.33576927,2.303613,2.276828,-1.5864891,-0.8967351,0.45293596,-0.5044473,0.27470145,-0.76315546,0.6019541,-0.12501363,-1.5361916,-1.776746,0.13335513,-1.4785318,-0.7136884,0.32996383,0.49549657
TCAGCCTTCCACAATA-1,-6.439252,-1.6620766,-3.9719665,0.5949696,-0.1483014,-2.915496,1.1192529,0.32827017,-0.64269716,-0.7463022,0.7901896,-0.5663942,0.88557446,0.006444864,-0.95566577,-0.5527019,2.1586597,-0.42924938,-0.80595046,-0.5050605,2.2077053,1.1010433,-0.6024117,-1.4642321,1.2971915,2.2439542,2.1501417,-0.70851755,0.6053837,1.4668889
TCAGCCTTCCCTGACT-1,8.080201,-0.61593896,1.5034174,-1.1403055,12.578787,-0.37927905,-4.056773,-2.52377,-3.6474447,0.919141,4.83864,0.3380038,-1.4433377,-2.951917,1.1292799,-0.60882956,-1.720844,-0.4204594,-0.3643513,0.5300218,0.20002438,0.78354025,-0.9274657,-0.2012499,-0.2917642,-0.65051395,-0.09874971,-0.7903282,0.8841597,-1.1046456
TCAGCCTTCGAGGTGG-1,-7.292301,-3.488798,10.339899,-1.1708878,0.17502023,4.0815363,3.6249485,-0.73453015,-2.0233123,-3.6506276,0.79774195,-0.8685433,-0.36437312,-1.7323123,0.38090873,0.5343394,1.018153,0.48293918,-1.2458582,1.5862192,-2.009138,-1.5266635,0.35313758,-0.2566441,-0.8472984,1.2462256,0.6094164,-1.3132472,0.6969254,-1.0993071
TCAGCCTTCTTTAAGG-1,-0.8403152,26.910173,-0.19586302,-8.414848,-2.286623,0.3669627,0.12882304,-2.8732965,0.62617606,0.6884441,-1.7972766,-4.296415,-8.472251,-4.6045184,-4.370648,-4.074662,0.760165,-0.5297813,-1.7511253,-5.1986184,-6.0312943,-0.9222625,6.3839903,-2.2368202,0.22012062,0.7031355,1.236673,-0.8449986,3.2779748,-4.850805
TCAGCGATCCTTGCAC-1,12.387672,-0.8908802,-0.40717766,0.7480099,2.3216443,-0.027983898,-0.11086443,-0.6171919,-0.48559907,-1.4369643,-3.7779927,-0.13058461,1.774651,1.5993723,-1.2126862,0.23562601,2.1930041,0.0496275,-0.032483224,-0.19616707,-1.3408861,0.7005551,0.02130219,-1.3416935,-0.3606787,1.0355513,0.35126948,1.0047404,-0.8899919,1.0737654
TCAGGAGCAACCCTAA-1,-6.714598,-0.7547713,-3.5383258,0.7267535,0.9991825,3.0389538,-1.4413654,1.4078449,0.9113449,0.6653216,0.45999813,-1.7978473,0.80051106,-1.0434299,-2.4907382,1.9660664,1.0925878,-1.7724946,-0.65733,1.0490797,-0.2768781,1.8254743,1.3284872,0.64551455,1.0309689,-0.43656868,0.909537,0.9379869,-1.3217037,0.96731937
TCAGGAGCAATCCTGA-1,13.815292,0.13707389,-0.17402545,-0.6605714,1.4405327,-0.39321142,2.1171339,2.7734973,2.3231523,-1.6582559,-1.0990936,0.8942651,0.94776094,0.29799998,1.0913928,0.35244617,1.9020187,0.37088895,2.3283513,-0.22520788,-0.5427812,-0.6371103,-0.10523478,-1.1226401,-0.51180977,0.98866445,-0.001987136,2.4984426,0.56915605,-0.14359303
TCAGGAGCATGGCCCA-1,14.376906,-3.680811,-0.46001115,0.29724407,-7.0871153,-0.21848653,-1.0836785,-0.45229408,-0.970824,1.6571825,2.9833534,-1.0995266,-1.5445825,-0.5345047,0.77996683,-0.24272823,-0.4630313,-0.5698559,-1.7044436,0.8546066,1.2063794,-0.29291776,-0.79015845,0.28709292,1.0745006,0.8223444,1.2048968,-0.0102181835,-1.1317008,0.47903764
TCAGGTCCACAGGAAT-1,-2.9077373,29.73876,0.06656435,-7.882409,-4.233926,-0.45419917,-1.2865311,-9.459584,0.4384632,3.3385828,-0.60727876,13.855641,9.18558,-0.7181191,-2.1036942,-1.3092405,-0.33719793,2.799271,-5.120209,2.0184011,1.3500115,3.8128202,1.0232152,-5.3439317,-7.089695,3.580807,-4.2229524,-4.7092385,-1.360975,-5.499536
TCAGGTCCATCTTGAG-1,-0.83901185,17.7442,0.083401136,-3.0276513,-0.27780074,2.312718,2.207595,-7.582628,2.8009408,-0.7340839,0.14400612,-3.2597287,-4.0538893,1.7697753,4.28544,3.978241,-0.47398537,-1.2908467,1.0662686,-3.9191232,0.909438,-1.1133835,-1.8544052,2.001236,-1.0416033,-0.875446,-0.88206017,0.32298696,-1.2213284,-0.491492
TCAGGTTAGCTAATCA-1,-1.415954,21.454903,-0.26051024,-4.487148,-2.472743,1.048407,0.24109831,-7.904354,1.5858766,2.7154517,1.8584113,5.0005665,7.6503434,-0.34857056,-5.194005,-5.6375213,-0.13098612,2.0567534,-1.5427374,-0.29869694,-3.4415567,-1.4227684,5.053968,-4.606084,-1.8052094,0.6520656,4.7077727,2.2966027,3.5107415,-0.19034183
TCAGGTTAGCTATATG-1,12.210563,-1.2912219,0.10088531,-0.053071063,-2.7548256,-0.4774731,-2.1425185,-1.4726992,-1.4240942,-1.2945905,-4.3199606,0.7718799,-0.87270015,1.4304132,-0.7652212,1.9652022,0.6716764,0.91098803,-0.7242085,1.4722829,-1.7028543,-0.6940028,0.35275012,0.21144,-1.2645329,0.98754233,0.67449784,1.6741124,1.1265471,1.0213085
TCAGTGAGTAATGACT-1,-8.423492,-3.661009,5.334083,-0.17948748,-0.7294189,3.5470848,2.3231952,1.0893396,-2.5714805,8.133375,-2.73382,-1.3764248,0.98403376,-1.603446,5.988836,-0.33666006,3.137594,0.40893808,-0.90060556,1.7095836,-0.52733827,-1.2942133,5.2074704,0.14664097,0.28522035,-1.5278933,-0.46032867,1.0141,0.56768125,1.3239915
TCAGTGAGTTAATGAC-1,10.718415,-0.6011424,-0.405443,0.2590457,2.9856184,-0.43705517,1.8102621,1.2217354,0.8743868,-1.49983,-2.8861127,-0.9419773,1.5256279,1.4667152,-0.36901823,-0.6281309,-0.24154927,1.151161,0.48404193,-0.6462134,-1.914057,0.012987464,-0.2573355,0.9197197,0.3995272,-0.42130518,-0.1967181,0.13421062,-1.4727377,0.7582263
TCATAACCAAGCCACT-1,-5.8394895,-0.4302878,1.1956229,0.86999184,-0.20190854,10.710682,1.3585212,0.231823,-0.13196543,3.9877746,2.6947565,3.0775738,-3.935881,8.164809,-3.156793,0.5593806,3.4534082,0.711147,0.32959187,-3.940035,0.0666382,-1.6864711,1.1491185,-1.5176206,0.06947985,0.40053922,-1.6630124,-1.4908509,2.617822,2.587758
TCATAACCAAGCCAGA-1,15.997954,-3.0216708,-0.7949288,-1.7407151,-8.901353,-0.26608235,-2.1160789,-1.8756224,-2.2387223,1.9945807,3.498651,0.054230213,-1.1864498,-1.9396563,-0.2863505,-0.18490869,0.2804255,0.04979328,-0.8068188,-2.098442,-0.10270975,0.04937813,-1.0868143,2.7946904,0.85980266,-0.4129699,-1.5323269,-2.4071624,0.03154257,0.08366086
TCATACTTCATTTGTC-1,-7.1051135,-2.312385,-4.067959,0.14650977,0.02721962,-5.6713333,1.560667,-0.44989005,-0.4934709,1.331057,-0.033903193,-1.2065259,-0.8697947,1.4530369,-0.5269544,-0.37662873,0.59524786,0.9112982,0.08239062,0.51485574,0.94719285,-0.11728733,1.6266878,0.0033512446,-0.06881656,-1.539042,-0.62224096,-0.7020131,0.25916862,-1.3396966
TCATACTTCTAACCAA-1,-6.5798736,-1.6917167,0.20420334,-0.2875356,0.8645697,7.6470475,-2.0736315,1.2381179,-0.22867787,6.5829787,0.79914635,-0.24201213,-1.2278568,2.5153587,0.6251758,1.4959542,0.4171393,0.0073729316,-0.8419966,2.8892267,-2.6564271,-1.906131,3.3289056,0.7342252,0.8126332,-1.8110327,0.2815401,0.39733297,-1.1408947,-0.5027733
TCATACTTCTCTAGCC-1,-7.8344274,-1.5478408,-4.125915,1.0505432,0.55289996,-4.228021,1.9222802,0.32267565,-1.0674498,2.2945278,-0.42824665,0.99683696,-0.00936542,1.6132921,-0.6642075,0.5215596,-0.9601863,-0.6231364,-1.3714358,-0.41032213,-2.074722,2.9710646,-1.5639287,-0.8147973,-0.8649881,1.8951086,1.0118486,-1.3219948,0.43380427,-0.34902343
TCATCCATCAGCCAAT-1,-8.3088875,-3.3948462,10.92482,-0.8909983,-0.8360923,0.1902945,3.7411046,-0.24022378,-3.3338296,-0.807554,-0.7025937,0.3091761,-0.02846466,-1.8885205,-0.7532563,1.902859,3.0060349,-1.0124766,-0.170306,2.8565023,1.0579598,0.39598247,2.784442,2.7107453,-0.01639197,-0.103011996,-0.46457368,2.501578,-0.60476744,-0.08147519
TCATCCATCCCGTTGT-1,-7.3595223,-1.1314524,-2.9119153,0.15133108,-0.4249559,-6.105132,1.7045394,0.20543882,-2.2615285,2.2344303,0.24116546,0.56229144,-0.052965768,2.4886825,-0.08071161,0.5285457,-1.1275135,0.46640673,0.59423774,1.9499619,-0.6608098,1.3617407,-2.4888234,-1.0841445,-2.4334087,-2.370635,1.2376103,-0.90502495,2.2845802,-0.017424237
TCATCCATCTTGCAAA-1,13.222097,-2.7126052,-0.37623787,-1.0234863,-1.7426623,0.8049111,0.12611431,-0.67124933,-0.49268466,-0.1024399,2.1351113,1.3310969,-1.1640692,0.055380616,-0.18094113,1.4408092,1.2783185,1.4256316,2.624734,-0.2543249,-0.9443392,-1.4544264,-0.6177106,-0.4336252,-0.48907468,0.29281166,-0.9147419,1.5655612,-0.21914765,0.15598391
TCATGCCTCACAGCCA-1,-5.298811,-0.73515344,2.491216,-0.5396222,0.8227235,3.9800878,2.0033662,-0.86787385,-0.17200497,-0.8715582,0.7345761,0.18689801,-1.1442237,2.6055832,3.3675368,-1.35539,-1.4771589,0.98465574,-3.7585325,-1.6155668,-0.90270007,-2.1831524,-2.9729643,-1.6278117,1.1191443,3.188218,0.93608683,-0.92569906,2.2797885,0.6853049
TCATGCCTCGTGCTTC-1,-7.0443907,-3.1556182,16.253983,-2.3753457,-1.7039943,-2.93336,-1.930814,-0.4378764,-0.29529533,-2.3025177,-1.1917064,-0.38244328,2.201925,-1.1267208,0.048888315,1.0001584,-0.16309279,-1.3234166,2.143064,1.7361635,2.863899,-0.9736529,0.18235147,0.71732837,-0.67063874,0.80918676,-0.28882357,1.1189011,-4.894776,-1.8868871
TCATGTTTCATAGCCG-1,-8.707621,-4.0459075,11.934487,-1.6288173,-1.0630635,3.2050421,4.7318854,1.5548327,-3.2578747,4.294329,-2.6326487,-1.3354521,2.1408381,-2.519911,4.0603333,-1.8794348,1.9413854,2.3441393,1.3587711,-1.5259182,2.2952356,-4.7532864,1.6358871,-0.61041284,-2.3557894,1.0467225,-2.154374,2.0705645,1.6345634,4.0333385
TCATTACTCCCTCAGT-1,-7.2116737,-1.8889667,-4.727651,0.6748738,-0.33465707,-1.6936675,-1.8372557,0.19158739,1.3464651,0.061795242,0.33787253,0.2271038,1.7547508,0.5180885,0.87198603,-1.5562471,1.0144114,-0.7787995,0.7018002,0.81280756,1.073934,1.2342763,0.005927263,-0.32327053,-0.26460165,-1.1688887,-0.33643124,-0.9349915,-0.042734113,2.2241848
TCATTACTCTGCAAGT-1,9.372799,1.3020636,0.08526867,1.7258136,2.434727,0.73326206,5.8653727,4.619104,7.74044,1.0473405,2.7964904,2.7129946,-1.5836474,-2.3198369,-0.64144576,-0.70245165,-0.23503834,0.43039292,1.7648513,-0.58927655,-1.1176672,-0.5583168,-0.17147185,-0.5770418,1.5548378,0.7771535,-0.26442784,1.319527,0.61715645,-0.35008213
TCATTACTCTTAGTGA-1,-7.4545746,-2.1974525,-3.7757895,-0.20401044,0.21272592,-0.08544342,-1.6009396,0.51695967,1.37879,-1.8544874,-0.16661075,-1.8673294,0.16010828,-0.631797,1.9084063,0.010066219,0.20265105,-0.50327045,-0.9494467,1.4964421,-0.84548706,0.15247422,-0.0750632,0.50862,-0.2518614,-0.015602859,-1.3131238,0.9320604,0.6052827,-0.13316692
TCATTGCGTAATCGTG-1,11.2107315,-1.51446,-0.31191656,-0.9295653,-2.4528863,1.786112,-0.9781181,-0.6094286,-0.98094684,-0.164271,-1.6982417,-0.3166967,0.22779755,0.33212018,0.70720994,0.9724968,-2.1670592,-2.593694,0.06637972,2.450994,0.8741229,-0.41629887,0.44795263,0.2509086,1.7304474,-0.22498228,3.460742,1.9262031,0.5518646,-0.03495912
TCATTGCGTTAGCAGC-1,-7.1068935,-1.0139132,-3.3280401,0.99063075,-0.13017105,1.361264,-2.7684565,0.8953799,0.78618956,-3.0031657,-1.3476441,0.25935388,0.18482746,-1.9914163,0.9028382,0.7392583,1.0709248,2.4797254,-0.8013602,2.1766174,-0.53454274,2.605899,-0.24254262,0.6459937,-1.4439623,3.2728214,1.3676178,1.6843971,-1.318214,-0.13729668
TCATTTGGTAATTAGC-1,13.853009,-1.5834742,-1.2640228,-0.83156675,-3.023239,0.06327338,0.99405795,0.17479396,1.4579135,0.9311666,0.3791819,2.4215477,-0.2848972,-0.11007525,1.4013495,0.689413,1.1844288,0.86579674,1.1362151,-1.0468476,-0.4309043,-1.0968567,-0.952181,-1.7023304,0.46133807,1.123142,-0.64050573,-1.5936484,0.14532103,-1.3364097
TCATTTGGTCACAGCG-1,-7.8248763,-1.684126,-0.7843478,1.3420173,0.18976043,4.3521605,0.6423429,0.504535,-1.9494169,1.6643732,-2.068498,-0.35329115,0.04598215,-1.9134874,0.3760131,1.3726485,1.6021944,-0.6685417,0.86490995,-1.7822413,-1.2144862,0.70644474,-1.1038746,0.11440514,-0.8745082,0.25739115,1.072615,-0.38605878,0.24293174,0.8181701
TCCACAACAGTTTACG-1,-6.9091363,-1.7250961,-3.911405,2.1358728,0.06701652,-2.0172613,-1.1057955,0.49442893,1.9060057,-1.8100129,-0.23142685,0.014414702,1.0107449,-2.0515888,-1.0498862,1.330959,1.2851478,-0.78005743,-1.1531298,0.5420442,0.8500079,-0.5592508,-0.6369431,0.5760488,0.6019398,2.4035065,-1.9057028,1.3529063,2.157526,0.53548557
TCCAGCAAGGCTGTCA-1,-4.388879,16.71498,-1.8810389,-4.339138,-0.111995935,-1.4795865,-4.5919623,8.631133,-2.325808,-2.025482,1.3166856,2.2471623,2.5551367,0.3572912,1.2155488,1.0007399,1.5008751,-3.6397936,-0.6349092,-0.65369344,1.5187485,-0.12841871,1.9669785,3.4380786,0.9935092,-1.174364,-1.0340157,0.47565073,0.6539555,-0.11602945
TCCAGGTCAAGGTCCT-1,-1.438179,21.87043,0.16856897,-6.7112675,-2.926431,-1.1793582,-1.8780533,6.1436677,-1.9180355,-2.7573235,0.22888634,-3.5276453,-6.5032134,2.2703083,7.4140344,3.3707044,-2.2193012,-5.9648547,3.018753,-0.25601897,-1.7881197,2.145506,-0.048606966,-2.0189626,2.2518044,2.1875973,-3.6170309,0.37629116,-6.298287,3.4566767
TCCATAAAGATTGAGG-1,-0.45122027,20.6804,0.43322712,-2.2758963,-1.3904784,0.63951993,0.480877,-9.38885,1.9871795,2.2049892,0.5740807,-2.4938405,5.086208,-0.46733758,-1.7517103,0.9754348,2.8762925,6.7082987,0.7896275,0.90560895,3.3619745,1.4855237,-2.3484588,4.381968,1.8534887,2.7623727,3.3922887,0.853247,-7.2906427,1.5797675
TCCATCATCCAATTAG-1,13.223571,-1.115617,-0.15104356,-0.18280433,3.395234,0.52612287,0.4640242,1.1232433,-0.9129125,-1.1109488,-4.019095,0.24541973,1.3272033,2.1599758,-0.51112753,0.41256547,0.61754626,0.20965321,-1.0325475,-0.20931852,0.059523687,-0.032336686,0.29564533,0.7897628,0.59195167,0.36999282,0.038601927,-0.87125564,0.8201716,0.64072865
TCCATGCTCATGCGTG-1,12.052904,-3.3234713,0.07145119,-0.49352357,-3.918659,0.5421783,-2.3193889,-1.7058549,-1.2843797,-0.4805498,0.9107528,0.09074886,-0.3327645,0.013050522,1.0084431,-0.38401464,0.68415153,0.055590305,1.1990218,2.0262892,0.7785194,-0.43455285,-0.43526265,0.35632378,-1.9647214,3.0613751,1.2487003,1.1666874,-0.9410223,1.6950753
TCCATGCTCGGGATTT-1,13.406315,-2.589402,-0.70205885,-0.5828515,-1.6443725,-0.4013687,-0.017640715,-0.7043464,0.69835037,0.5421938,-1.6057509,1.6908958,-0.06623881,0.27033225,0.15250875,0.70362693,0.07330816,0.41525286,0.92929363,0.18124893,-1.0382898,-0.1922235,-0.24625088,-0.5654243,-0.25498375,0.67274046,-0.1883813,0.92107606,0.5367828,-2.2316217
TCCATGCTCTCAATGA-1,-7.1347933,-1.8931569,-3.4289932,0.26064122,-0.20792684,-4.078317,1.902444,-1.1294152,-0.5184991,0.8089772,0.18037306,-1.4895005,0.035808958,1.3019322,-0.19695269,-1.5143511,-1.2991263,-1.1699255,-0.52806294,0.94095683,-1.3606361,-0.33285293,-0.57611597,-0.76296514,-1.1946701,-0.52241415,-0.2865763,0.5534975,0.06978552,-0.75111955
TCCCGGACAGCTACGT-1,-6.4206376,-2.7253208,-2.6736858,0.13840337,0.87305236,-0.24306728,0.080991276,-0.320656,0.988939,-0.36136442,1.9145021,-3.5734835,0.5397855,1.2609249,1.3265151,-1.6971595,0.067433685,0.08765142,-0.55840135,1.2533189,1.299959,-0.29865307,-0.17701781,-1.8513598,-0.2776956,-0.08550991,3.011775,-0.55958015,-0.79129636,0.8385412
TCCCGTTAGGGACCTC-1,-7.1213136,-4.0453253,17.834871,-1.4275191,-0.677751,-2.4298997,-3.0158613,-0.97914624,2.7678266,1.3281385,0.4659407,0.80942386,-1.3581634,1.0783852,0.37576774,-1.3225707,-1.6662472,0.8406205,-0.06389521,-0.848774,0.20038292,0.42444023,-1.5264246,-0.17122594,2.226925,0.85498893,0.5038247,-0.64194316,0.75686306,-1.4495885
TCCCTCACAAATACCT-1,-8.289676,-1.6584531,-3.8088877,0.84753793,-0.6270671,4.3850865,-1.9510175,0.6421262,-0.18594639,-2.1150002,-2.8108227,3.7693422,-0.65715075,-0.89021766,-1.6801171,-1.4150324,-4.2898865,0.69362295,0.73420817,-0.32280967,0.21262369,0.31543317,-1.6658075,0.4706853,0.35699573,-2.0443246,-0.8200234,1.245902,0.67627776,1.2646574
TCCCTCACAAGTGTTT-1,-7.16363,-3.1271558,-2.2311933,0.2349944,0.7235535,-3.5394332,2.6269808,-0.039817207,-1.5383494,1.2547811,0.33101723,-1.0281985,0.13009487,0.87388396,0.20707305,0.12651613,1.0848414,-0.9847574,-0.14975557,-0.6092761,-0.47342503,0.74201167,-0.8260647,-1.2386479,-1.2480339,0.14958242,1.5503637,-0.6628214,-0.056657966,0.880205
TCCCTCACAATAATGG-1,-5.834179,-1.5030634,-1.427285,0.402639,0.8589703,7.0508094,-0.7937115,1.4307216,-0.25345644,0.6796236,0.65437716,-0.8319211,-0.47778141,2.5907187,1.3189795,-2.6424503,-0.64310724,1.5621698,-1.0989715,4.018882,-2.0526652,-1.0649966,0.58221906,2.8947265,1.325705,0.5248536,0.019765573,0.49687746,0.21962292,-2.8022618
TCCCTCACATGAATCT-1,11.1306095,0.4394875,-0.13933939,-0.32820967,5.514347,0.19503683,2.3282778,1.7754983,2.4561503,-1.4236826,-4.5546474,1.4432746,1.488079,1.4381703,0.039377347,-0.50092334,1.1723216,1.3052926,1.7007581,-1.1688341,-1.9900534,-0.6868623,-1.2076896,-1.7917467,-0.09838622,-1.5970745,-0.22427306,0.6246426,-1.0935308,0.1820657
TCCCTGGTCTAATCAG-1,13.604865,-2.720455,-0.55128044,-0.7206755,-4.761374,1.3126552,-1.2432088,-1.9837235,-1.5338905,0.060853638,-1.5423614,0.25413725,0.42495477,2.1423714,-1.4690418,-0.60231805,-0.49629343,-0.21727115,0.08738322,0.1207582,1.2268054,0.50426334,0.4257588,-0.1553347,0.6972073,-1.446492,-1.4182012,-0.07302109,-0.1268429,-0.7895943
TCCGCCATCACTAATG-1,14.367478,-3.1960707,-1.1154895,-1.1306511,-1.4193743,-1.0251619,-0.70330596,-0.7188549,-1.0649111,-1.2382486,-2.509782,-1.4214904,0.678109,0.722934,-0.7827339,-0.8270503,0.53692776,1.4878078,0.9533095,-1.0466216,-0.3742556,-1.0973487,0.047474205,0.7535814,-0.14922418,-1.2791663,0.7224214,-0.29250333,-0.74454737,0.5637041
TCCGCCATCTGTTGCC-1,11.558395,-1.2592014,0.22658117,-0.8195164,2.1137176,-0.43103305,0.611824,-0.2735564,0.7336722,-1.1462586,-0.8451815,0.4347112,-0.069231085,0.3280008,0.7010701,-0.40688115,0.0590945,1.778432,2.7916777,-0.9963081,-0.68665653,-0.58420837,-0.75373054,-0.4029692,-0.5648554,0.3035607,0.11705912,1.5678239,-0.49508333,0.13124403
TCCGGAATCATGCTAA-1,-6.3950057,-0.9544271,-3.2579446,2.7181458,0.5693314,3.5983367,-1.5133442,0.6883933,1.0924438,-0.49283355,0.71587044,-1.381994,0.6658874,0.14855334,-0.2704188,-1.8062348,-2.119394,-2.7322927,0.257455,0.30439246,-0.32065004,-0.5739662,-1.0695643,-0.5176502,0.7253916,0.82410944,1.5917827,2.0187104,-0.0980033,1.2524431
TCCGGTAAGCTGTACG-1,11.538811,-2.2135801,-1.1495957,-0.8063705,-4.800275,0.24519612,-0.9686284,-1.007958,-1.1149718,0.28529605,0.011583334,0.20038344,-0.28585,-0.02936453,0.2557481,1.1180636,-0.03627097,-0.28795543,-1.8080496,-0.5677054,0.22271393,0.82647336,-0.38514918,-0.3878761,0.46346447,1.1415913,-0.59581125,-0.33348653,0.31784597,0.38711706
TCCGGTTTCGAGGTGG-1,9.952921,-0.3900543,0.9347699,-0.6213274,13.689646,-0.3606481,-2.9534516,-1.0599082,-2.562604,1.3521116,3.1930156,1.0735291,-1.1482729,-1.4879031,1.2228912,-0.23331182,-0.76296484,-0.29319355,-1.5425643,-0.37502298,0.13483442,0.595501,-0.47510743,-0.8645933,-0.007833593,-0.1620141,-0.1836095,-0.742054,0.89442885,-0.53680146
TCCTAGTGTGGAAACG-1,9.894863,-1.0987164,1.4543926,-1.3171223,14.28202,-0.30368868,-3.6825337,-2.7516885,-3.4435303,2.034162,3.380486,0.5747836,-2.319193,-1.9675837,1.1139537,0.17131299,-1.0373604,-0.69185966,-1.1265411,0.34437174,1.4102566,0.50828457,0.54181385,0.5703317,1.049623,-0.23342274,0.15518236,-1.6068138,1.1997067,-1.2287617
TCCTCAATCGACCTGA-1,-7.6624665,-2.0759206,-5.2344604,0.73379314,-0.59212303,0.40465197,-1.7027221,0.41706443,1.4674989,-1.6236025,0.6664584,-1.0142279,-0.06865543,-0.21565652,-0.087129414,-1.2800347,1.474556,1.6884233,-0.23199901,-0.72563463,0.5456547,-1.6964487,1.106144,-0.011239274,0.48947024,0.61589503,-1.5250536,0.29985023,-0.73391736,-0.28358552
TCCTCAATCGGGCCAT-1,14.908755,-2.2786767,-0.6659489,-0.4862289,-6.0457277,-0.65194464,-1.4509982,0.3556224,-2.7000577,0.5820711,2.101311,-0.6478737,0.17043847,-1.4950846,-0.4057847,0.07695426,-1.5013136,-0.6881773,-3.056618,-0.3490026,2.3045552,0.7711283,1.7026886,-0.82694054,-0.9212033,-0.44072828,-2.3068845,0.46821076,-0.2946425,1.8351862
TCCTCAATCTTCAATC-1,13.157775,-0.9737932,0.5570441,0.019270504,3.0402446,0.637757,2.5549023,0.7243408,1.6468455,-1.6953989,-4.56088,0.6834387,1.4124775,1.9317707,-0.12201347,0.5445636,0.7915828,-0.75682956,2.850222,0.48581997,-1.1586787,-0.22497788,1.2919952,-1.8166752,-0.18923025,0.3331211,1.6629759,1.6765122,0.92833924,-0.23693624
TCCTCACAGACAACGA-1,-6.837641,-2.4646974,-0.26848596,0.29204038,-0.15272292,7.520558,0.42696437,0.31408954,-0.66751134,0.8671878,1.0771266,0.16418435,-1.6566554,4.358422,-2.8120224,1.4239154,2.284643,-0.19738649,1.5323974,-0.6771967,-0.0966362,-0.27362412,-0.9703998,1.1762859,-0.89442694,-1.0122533,0.24544045,0.027469149,0.5650215,2.4692402
TCCTCACAGATACTTG-1,-5.868702,-1.3127036,-0.9790049,0.9034364,-0.66472673,2.939904,-2.195115,0.90395975,1.3097364,-3.2108867,0.627342,1.9426734,-1.5368671,5.1353655,3.7101235,-2.97115,-3.507868,1.1047385,-2.5782228,1.1535342,1.9707043,-1.4647216,-0.8656896,2.1507833,1.8077551,0.8377505,0.7538008,1.1898128,-2.2522793,0.12741008
TCCTCACAGCCTGGTA-1,-7.4015064,-2.6595201,-1.4466838,0.25494975,-0.8963953,4.215771,-2.1050622,0.2742255,-0.39658222,4.1446815,-0.31637707,-0.13861327,0.5502503,-1.1270118,-2.7518053,2.4731157,-1.6923894,-0.20573366,0.41199985,1.2323664,-1.0513173,-1.0244899,-0.738657,0.6569681,0.98633516,-0.5504535,-0.8882795,0.5080785,-0.100329556,-0.64207107
TCCTCACAGTGCTGTG-1,-8.046721,-2.969083,-6.191988,0.36205983,-0.47697842,-0.49374205,-3.043475,-0.63045734,2.98738,-4.493151,0.61801505,-0.48624852,-0.9671547,0.1863068,0.0006720296,-0.31565085,0.9969016,1.8399159,-1.0866759,-0.7849214,0.13133405,-3.3042028,-0.12871887,1.4970182,1.5565243,-0.09646024,1.7852772,0.07366578,0.4565187,-0.41363522
TCCTCACAGTTGGATC-1,-6.7125144,-2.4418387,-0.594231,0.024695309,0.284286,5.7959275,-0.6083362,0.82369846,-0.3947002,-2.6186066,0.51680195,0.65471154,-0.49787995,1.3056169,0.6306932,-1.8946719,0.36424923,1.8923782,-1.5340154,0.18497397,1.1927226,-2.2305155,-1.3232249,-1.5039523,-2.2165034,0.46581298,-1.4785868,0.7917211,-1.1654197,-0.48062697
TCCTCTAAGCTGTCAG-1,-7.776433,-1.8484497,-3.915665,1.597731,-0.5539251,-4.5872083,2.027101,0.40602168,-0.82146895,0.6531053,0.3705692,-0.16739038,-0.77247643,1.7156193,1.352942,-1.2420062,1.07244,-0.049563207,-0.24066564,-1.6289003,0.8649097,2.3340719,0.45286262,1.8804896,0.54994726,-4.18608,-0.12027133,-2.1563375,1.9291211,0.19526227
TCCTCTAAGGGATTAG-1,-7.641812,-2.2199793,-4.2519794,0.4943829,-0.9613917,-1.2981642,-1.8899149,0.4570909,2.04282,-1.4242901,0.8036505,-0.7611698,0.6935753,-0.43344566,1.2530477,-0.012797704,1.0696689,0.27937838,-1.9870775,-0.26591027,-0.07703301,0.22731538,-0.72858304,-0.4320109,0.9199152,-1.7228118,-1.01752,0.5147434,-0.41292042,0.2825335
TCCTCTAAGGGTGGAT-1,-6.10045,-2.5537763,-3.2449553,0.011941844,0.2480644,-2.769933,-0.88197726,-0.25902367,1.6914854,-0.342252,1.12153,-0.99954873,0.30829632,-0.96207505,-0.5471564,0.21947576,0.28038952,0.17153375,0.4126807,-0.1450483,2.1341052,-1.692667,0.32972154,-0.14787135,-0.66091996,0.356914,2.2495193,0.7132045,0.07506218,-1.7393064
TCCTGTTCAGCAACCT-1,-8.620213,-2.6724079,-4.6128125,0.8540867,-0.79917,-5.0945134,2.3493118,-0.8062807,-1.7406144,2.1345053,1.1797836,1.9402194,-0.15510035,1.9351224,0.09090024,1.1772815,1.0073644,2.850502,0.009784253,0.3033468,-0.4390669,1.2452382,0.06591979,-0.50035137,-0.18546084,-2.214603,-0.71142954,-0.74476284,-2.2440214,-0.08158427
TCCTTAGTCCCGAAGC-1,9.365362,-0.013878635,1.2670215,3.161819,-5.8888383,-0.5131229,1.4213614,2.948952,3.496461,2.049343,2.252457,6.865338,-1.7258706,-1.9119731,1.6427946,2.6351674,1.4490544,-0.90235263,0.2945235,0.704028,-2.0988276,0.96172017,-2.3052344,-0.28089342,-0.45074472,-2.851333,4.1069837,-0.18503106,1.9672923,0.6883864
TCCTTAGTCCGGTATG-1,-0.6095058,24.028337,0.0434928,-7.3819275,-1.9431592,-0.717696,-0.9136299,3.2547128,-0.26834187,-1.5639004,1.4643328,-3.7494986,2.6645422,-0.9031916,0.2929003,2.681778,1.7211068,3.548866,-0.08384077,0.9238168,1.5546166,-0.37211585,-3.1703103,7.9029045,-1.0586108,-0.66799694,-0.24131294,1.404152,1.722371,0.67172027
TCCTTAGTCTCCTCTT-1,-7.2608194,-1.7252159,-3.8311048,0.26602876,-0.7802125,3.405231,-3.1091886,1.2844895,1.611437,-0.676278,0.8207924,0.8818838,-1.8387716,3.139166,1.7662275,-4.3782187,-1.6492528,3.6506712,-0.80115473,2.68493,-1.8048636,-0.28375316,1.0864723,2.90566,0.21459183,1.1123056,-0.45166394,2.8032248,-0.26256207,-0.0056745126
TCCTTCAAGGCCTTAG-1,-7.5197544,-1.830538,-4.8183665,0.9401446,-0.7727497,-0.11155612,-2.223581,-0.42556196,1.5535643,-1.9840515,2.2792528,-0.22839886,0.020473663,-1.3131509,0.58881783,0.34182543,1.5888457,-0.117336914,-0.56742895,2.0383346,-2.6695914,-2.0855274,0.12742975,-1.8224745,-0.46235645,1.4699582,0.8116041,0.037587304,2.468741,2.1681156
TCCTTGCAGGTCTTGG-1,-7.3365498,-4.382898,17.760883,-1.9902569,-0.11385413,-2.171226,1.3508886,-1.4504205,-1.0061685,-6.5828605,3.1450753,1.309138,-0.90431654,1.9596435,-1.2459506,0.8361086,2.6127656,-0.9118986,3.969624,0.77040625,2.555518,0.5636712,2.6238973,4.3281465,2.4055107,-0.4169625,0.69455516,2.80079,-0.569441,-3.6966286
TCCTTGCAGTACCGCA-1,-6.7909594,-2.1910512,-2.7415733,-0.12174392,-0.61037254,3.7309642,-0.55386907,1.3610449,-0.013000497,3.8033895,-0.529398,1.4045365,1.3354028,-0.8605107,0.06150299,1.1812927,1.6673436,-1.7330294,0.45095494,1.4240751,0.13422199,-0.19859858,0.6215996,2.1690702,2.2458992,-1.4274975,0.67839366,-0.73152196,-1.170838,-1.179845
TCCTTGCAGTTCCCAC-1,16.158712,-2.0801232,0.12716836,-0.7056358,-2.378642,-0.77761096,0.34268993,0.0388218,1.316137,-0.58775234,-3.0193589,1.4006672,0.49290964,-0.10725074,0.8047479,0.3490858,1.8734132,-0.15139937,0.00362538,1.9115597,-1.3002867,2.505964,-0.43881765,-1.9194984,-1.3312107,-0.30614105,0.088092245,-0.18058917,1.4766194,0.46359593
TCCTTTACAGCACCAT-1,-7.2097707,-2.2142124,-2.9223275,0.7981024,-0.40157232,5.3636885,-2.8100655,-0.15377373,0.76990056,-1.428443,-0.92530733,1.0069262,0.06594437,-1.5964494,1.0477601,0.44370252,-3.145972,-0.24023171,-0.91290313,2.2888975,-2.1961305,-0.31658033,-0.5968717,0.10550986,-2.196042,-1.4177583,-0.06539658,-0.41447988,0.9474007,-0.6067705
TCCTTTACAGTAAGTA-1,14.525679,-2.1812582,-0.35040042,0.03291884,0.0491309,0.5831215,-1.5082222,-0.5850126,-2.1357005,-2.0291831,-3.8643062,0.16318123,1.0183659,2.9387772,-1.1276729,-0.53657275,-1.06794,-2.3098047,-2.8902776,2.5792904,0.078038864,0.9564805,0.50084156,1.0794822,1.8682399,0.91554564,-0.1084826,-0.46699464,0.29736763,1.9396414
TCGACAAGTAATAACC-1,-7.7634587,-2.484552,-5.555527,0.90567535,-0.6744464,-1.327572,-1.3190267,-0.006479433,0.8476066,-0.79562324,0.6364837,-0.4647084,-0.10973522,-1.443636,-1.1710691,0.9687299,0.55517346,-0.006942259,1.7730206,-2.2749705,1.130556,1.0841874,0.61553305,-0.032908954,0.8375077,-2.3435879,1.1123857,0.3605407,0.43143842,1.4139374
TCGATTAAGGTCCTGA-1,-7.322846,-1.9925089,-5.0041084,0.9029264,-0.7178866,-1.1856298,-1.4274632,-0.5050399,4.0698457,-0.607212,1.535084,5.075968,-0.6266524,-0.80166584,-0.7153711,-3.4498527,2.3782673,-2.0503242,-0.660339,-2.1504025,7.3078995,-0.9894516,1.9350905,-0.97746944,2.4849417,-1.9630128,5.0144286,0.3749229,-1.5096091,2.2523713
TCGCATTGTACGTTTC-1,14.156009,-2.7431521,-0.61527365,-0.027220668,-5.563042,-0.036472816,-0.82324076,-0.87681437,-1.2071261,-0.6931443,0.8490541,-1.5593231,0.86960834,0.6929787,-2.1287987,1.1369933,-0.34790373,-0.16584818,-0.6491416,-0.23608091,1.012812,-0.62435955,0.9674042,-0.3031595,2.1952527,-0.6990882,0.5426471,-0.89682364,-0.43730256,-0.56205255
TCGCATTGTCTAACAG-1,-6.400151,-2.5628304,-4.83963,0.69926775,0.6911965,-3.4103496,-2.4988894,-0.34761629,1.0672181,-1.06354,0.28970128,0.50543404,-0.26586047,-1.1302058,-0.82671475,1.068633,1.0246819,1.6720223,-0.49621296,-1.2480769,2.6113472,-4.5460067,1.5763625,-0.07587709,-0.9838564,-0.2909713,-0.16868559,-1.3623223,-1.5971206,-0.4747889
TCGCATTGTGTTGTAG-1,13.803304,-2.8597784,-0.32159784,-0.5853799,-4.959116,0.37641227,-1.0639837,-0.56618774,-1.9058672,0.14099495,1.9189945,-0.6211779,-0.69040346,-0.9451794,1.4841205,-0.55183244,0.28460726,0.648815,2.9724963,-0.7848812,-0.87352085,0.62115246,-0.4312501,-0.6193267,-1.5998206,1.4887751,0.38775778,2.8724365,-1.3956343,0.9100883
TCGCCCATCCCATAGG-1,-6.313497,-1.9142171,-4.633303,-0.19774373,0.8190532,-0.9725003,0.026626699,0.37190422,1.3864765,-0.74746215,0.59605056,-4.2304454,-0.16362973,-0.49309942,0.08102551,-0.6422429,0.6211973,0.8225866,1.2936993,-0.025298808,2.3218663,-0.7323981,0.26047638,-0.8318802,-1.2248318,0.112573534,0.7061462,0.29959705,0.37123623,0.3306967
TCGCCCATCCTAGTTT-1,-6.904953,-1.6681684,-4.2759013,1.8546574,0.109923325,-3.8259232,1.3281671,-0.13555557,-1.1914878,-0.14830846,0.9010437,0.72196734,0.10719332,0.38014427,0.028899072,-0.12917608,0.27188623,-0.673117,-0.54691786,0.44403708,-0.44522932,-0.88818586,-0.33605903,-0.5410023,-0.015381773,0.2793456,0.9225914,0.7523901,0.8867808,1.2363092
TCGCCCATCGGGACCT-1,11.556166,-1.451768,0.122636415,-0.78685784,-0.81645536,-0.51395744,-1.7536865,-1.1362854,-2.5768316,-0.34086996,-1.4963119,1.7065746,-0.38285783,1.1311929,-1.9655712,0.8048897,-1.2373328,-1.8694613,-3.9818285,1.0718158,0.9163814,0.7256554,0.2369304,1.1772457,1.010005,0.48183614,-0.6429868,0.09488339,0.3637443,0.19298631
TCGCGAGGTACAAAGA-1,12.111231,-1.562477,-0.54236513,-0.9894945,4.3285756,-0.75516456,0.5463527,-0.39763066,0.77618337,-0.49444208,-1.218014,-0.39484075,1.3247038,0.6944493,0.44813392,-0.19660978,1.5580724,-0.46288812,-0.17248942,0.5632375,-0.81081724,-0.29805017,-0.1334923,-2.2752593,0.17379384,0.61606175,2.3147233,1.8474462,1.4913517,-0.0039367736
TCGCGAGGTATTGGTG-1,-7.303601,-2.4158292,-4.528775,0.31955466,0.8897966,-5.3512993,3.2978292,0.24503937,-3.0748055,3.5070662,0.12746073,1.0167533,-1.6634068,2.9354305,-1.1042686,0.46949503,-4.2456884,2.1075087,0.20657907,0.82719153,-3.1043227,-1.3650175,-1.1199611,1.4266945,-2.8767586,0.5398757,1.2564178,-2.6289222,0.46027586,0.9726517
TCGCGCACACCATATG-1,-7.1010547,-1.4175693,-4.635885,0.15820125,0.5701344,-1.8161877,-1.7327542,0.31632742,2.323566,-1.50928,-0.8283152,-1.0577154,1.3032035,-2.6538444,1.2030785,0.97461575,0.68265355,1.4469422,1.1403294,0.4087684,0.023294052,-0.8649587,-0.5481971,1.3094975,-0.6052651,-0.5747501,-1.6001186,0.3686844,-2.3774474,0.5723784
TCGCGCACACTCAACA-1,-7.2661967,-2.1590633,-5.174382,0.44059235,-0.8291979,-2.9067867,-1.3448528,0.4567567,1.4368037,-2.5436003,0.55770314,0.7458839,-0.8972014,-1.7417748,-1.2829744,0.5981824,1.0312994,-0.044969745,0.019720728,-1.1171852,2.4521084,-2.9553556,-1.6992165,1.9835532,0.49401122,1.0272307,-0.77604127,1.7901819,0.3326213,-1.3479164
TCGCGCACAGCAAGTG-1,1.3102245,19.286165,6.000604,37.205925,-1.266499,-1.091062,-0.7431592,-0.26855552,-1.7835425,-1.9312842,-0.6198898,-0.70640993,0.46288678,-0.20025925,-1.3812761,-1.0797122,-0.6864551,1.371478,-2.0698142,-0.5985327,-1.4735595,-1.9624962,-1.8190846,-2.4651742,0.71749926,0.25575703,-0.020806652,-0.63584733,2.0319357,1.9969304
TCGCGCACATAGCTTG-1,10.946534,-0.8200279,1.2161646,-1.7597337,14.682803,-0.10290743,-4.393774,-3.2806666,-4.559767,2.7936418,5.6038213,1.1366835,-2.0034328,-3.470685,0.48732108,-0.38683593,-1.6042335,0.27315253,-1.3614451,0.40896493,1.2788326,0.7811853,-0.31831253,-1.0901058,0.6225035,-1.4414896,0.117509775,-0.018260054,0.49253678,-1.6240875
TCGCGCACATGTTGGC-1,2.3319397,8.107317,-1.1090138,-3.5690482,1.9134337,-0.12806277,0.7076672,-2.2159314,2.0391238,0.07509895,-2.6250143,-2.6654477,-1.5471857,2.1951575,0.23061661,2.3648837,-2.2441063,2.8014429,-2.9545724,0.050452583,-1.6950423,2.9615383,-0.561953,1.4474182,1.7610809,2.524319,3.5013015,1.0977472,-1.6700289,-3.2514956
TCGGTAAGTATTGTCC-1,13.885732,-2.9172852,-0.46223024,2.5471585,-5.703675,0.31552872,-0.24355456,-0.123270124,-1.5292467,0.9728541,1.5052807,-1.368634,0.41308329,-0.40836257,-0.67734885,-0.2813791,-0.24361703,-0.039867718,-0.71901923,-0.34085894,1.3074577,-0.060154926,-0.79047173,-0.6123909,0.13565329,-0.34314373,0.35995066,-1.2614814,-0.07931134,-0.6530516
TCGGTAAGTCGCAAAC-1,-7.3417625,-2.3382156,-3.4909313,0.34481788,0.04314069,-4.4727626,2.2088122,-0.88738203,-1.7738688,0.25003946,0.24186224,-1.2584116,-0.37979525,1.0475072,-0.07397033,-0.9109605,-0.35156128,0.83364093,-0.44797596,1.5282137,-1.7372841,0.28784856,-1.4606822,-0.91613907,0.42111367,2.469679,-0.34245893,0.44246522,0.9824398,-1.1724647
TCGGTTACAATGAATG-1,-9.260682,-1.9481183,-2.234868,0.29508913,-1.3110895,-0.5762976,0.6138052,-0.28817055,-1.495429,2.0041087,-2.1751065,3.046678,0.10924836,-1.5033537,1.013442,-3.3806865,-0.81220895,0.3554286,2.259716,-1.4711806,0.49153477,3.4012072,4.3944297,5.6517615,-1.446139,-0.60526437,-1.225178,-2.6578457,1.1101146,-0.6877915
TCGGTTTGTAATCACG-1,-7.5059247,-3.2394571,10.778272,-1.3811154,-0.25532734,0.34240663,6.560597,-0.4100793,-4.3156304,-3.7186277,0.27174154,-0.49618292,0.43786192,-2.2179532,-0.237974,1.0857182,-0.44905087,-0.120172575,0.97319025,-0.3037086,-2.0836744,0.8941232,1.1610601,1.2796218,-0.67536926,1.1892303,-1.2765749,-0.9198031,0.8103296,0.045098476
TCGTAATCAGCCTAAC-1,-0.44569626,21.655188,0.43536127,-5.567851,0.6470292,0.9600062,-1.7655864,7.088458,-0.6823334,-0.816839,0.10394553,-5.381979,3.1194017,2.637966,-2.5079408,3.3987813,-1.5208427,9.245242,-0.42042512,0.31033558,2.261031,1.0227385,-2.4475021,8.234045,-1.8609773,-4.279031,9.7149,-0.41400686,2.5962358,0.5380137
TCGTCAACAAAGCTAA-1,-6.8523254,-2.640285,-5.2016535,0.36878377,0.2008828,1.8345262,-3.0107675,1.2203037,2.443206,-1.9303231,0.9612906,1.2212607,0.20363864,0.57196945,-1.666346,0.009348447,-1.4152883,0.7513636,1.269373,-0.8447307,-0.2879591,1.2107213,0.92433125,-0.124924116,1.0632564,1.5084767,-2.1889224,1.6468589,1.0765922,2.5055346
TCGTCAACAAGGGTTG-1,15.324605,-1.771835,0.04943861,0.6459221,-2.7005143,-0.9683557,2.4081576,2.154268,1.7788491,-0.8473707,-0.49507904,1.5914905,-0.027586887,-0.9125649,0.5566323,1.2455647,-0.11033415,1.7196726,1.9625467,-0.7915099,-1.3285462,-1.0473139,-0.6650069,-0.66281503,0.2877309,-1.2488719,-0.47541714,-0.19656461,-0.60771173,-3.4178596
TCGTCAACAGCAAATA-1,-7.9617863,-2.9634037,-5.112643,0.60955775,0.24782752,-5.512061,2.5221734,-0.30517375,-1.1510886,2.6645994,-0.11189784,0.852438,0.06697294,0.5060848,-0.34429204,1.5203075,-0.19713713,-0.15355402,-0.33478844,0.54157126,-0.6496308,0.32060257,-0.9769407,1.0929495,1.1155949,-0.67628235,1.7219889,0.81875104,-1.740451,0.15526739
TCGTGCTTCCCGAACA-1,10.76653,-1.1379379,0.4700662,-0.6418685,8.441626,-2.0827518,-3.291065,-0.98222625,-1.8434013,0.3968816,0.4920993,1.1075518,0.16549815,-0.8197639,0.46518803,1.0798098,-0.6157798,0.50615656,0.5177463,-0.8978997,-0.17792201,-1.3876768,0.7702831,-0.32854363,1.0140146,0.3711323,0.60434264,0.1834813,0.083002746,-0.028032659
TCGTTACGTGCAACTA-1,-5.2546506,-1.6654072,-0.81824857,0.30975518,0.34135845,4.252188,-1.0099947,2.3090417,-0.5018524,7.181445,-0.6780432,-2.844338,1.5438373,0.24573672,-0.5215545,0.8117975,0.26987436,-0.09698964,0.6463104,1.2011347,1.1578616,0.5194573,2.6666331,-0.38762057,-0.05577372,-0.22552568,-1.1318524,-0.37494212,-0.82282776,-1.6938186
TCGTTAGCAGCTAATT-1,-6.783826,-2.797911,-3.6079762,0.4003478,0.0042759543,-2.8751771,2.4369009,-0.17171237,-1.120456,0.44535235,0.43889272,-1.492221,0.36517075,1.0754969,-0.57112336,-0.45973492,-0.59498894,-0.5646356,-0.23946823,0.2493558,-1.724242,-1.3501797,-1.6204141,-0.59502107,0.48243216,-0.49358296,-0.68224895,0.7157329,-1.4016745,-0.43857756
TCGTTAGCAGGCCTTG-1,12.696104,-2.2599173,-0.555136,-0.31922504,-3.4350853,-0.55819935,-0.28597558,-0.8459959,-0.90062994,-1.6456398,-4.0998483,-1.5808827,0.6371929,2.2749124,-0.7529928,-0.42365474,-0.4469754,-1.55931,-3.0594113,1.0344127,0.07612526,1.5864382,-0.12737337,-0.0047818776,1.9496694,-0.40275076,1.0582669,-0.06652432,3.5118587,1.3955764
TCGTTAGCATGAATAG-1,-7.784004,-3.9237943,13.792,-1.189707,-0.18097062,0.452992,4.5501304,-0.11288819,-3.695084,-4.4499874,1.3088267,-1.2068182,-0.9952389,-1.2503145,-0.5397825,-1.8978918,1.1396984,-0.2089133,-0.82883656,-2.1265047,-1.6496774,0.70873064,0.085615814,1.2032188,0.39886186,-1.4765611,0.71569204,-0.35439813,0.81983376,-1.7603341
TCGTTATTCACCGGTA-1,-7.4824862,-1.9747825,-4.3584027,1.4274291,-0.10745126,-1.7009616,-1.0413224,-0.4116384,1.4603078,-1.5018238,0.104494855,-1.2227908,0.023101969,-1.144047,-1.8166772,1.1616172,2.7212114,-0.9433959,0.20734559,-0.7753077,0.6701666,-0.061103657,-0.93999845,0.74513644,0.4910107,1.4837755,1.3151257,2.1451735,1.7861757,0.18437293
TCGTTTCCAGCTTAAT-1,-8.754117,-2.876388,-5.7243557,0.6219762,-0.04001418,-1.9942658,-3.3218443,0.1543376,2.0974486,-3.0042844,-0.16958274,-1.0135056,0.38924184,-2.2322056,0.16975135,0.86764514,1.6299827,0.35198185,1.35282,-0.500548,1.0952845,-1.6562486,2.2106085,-0.38168484,0.8869696,0.74072033,0.002001728,-1.3458592,-0.33651137,1.382051
TCTAACCGTCACCTAT-1,-7.2116947,-1.8077142,-3.0575972,0.88151306,0.3568847,4.7720895,-1.1243359,0.893259,1.1553171,-0.57000834,-0.26413348,-0.55739886,1.8984103,-1.9366503,0.80661124,-1.6575396,-0.25306028,-0.5840079,0.23630732,-0.4009128,-1.2873532,1.3534155,-2.0353677,1.8663317,0.44488472,0.5391011,0.8613499,0.9378407,0.6958166,-1.6365634
TCTAACCGTTTAACGG-1,-7.667639,-2.1313057,-4.8216615,0.20590909,-0.7374165,4.7474613,-3.884675,0.47600427,1.6478362,-2.6576986,-0.45727733,1.3286811,0.5630392,-2.1104517,-1.30525,0.25215438,-0.99741775,0.79542917,-0.23710379,0.45730996,-1.8861462,0.8243466,0.40615797,0.4055132,1.6282036,-0.95091015,-0.034714025,-1.4638115,-1.8466641,-0.17174828
TCTAACCGTTTCGCCA-1,-6.1100097,-1.5281556,-2.6687696,0.2133862,0.32857677,3.3499737,0.014940435,-0.15415098,0.6736535,-2.09556,0.9194575,-1.0415686,0.017283887,0.9720918,-0.007067814,-0.73745614,-0.6679146,-0.19395909,-0.5073449,-0.6531001,0.78817666,-0.13826764,-1.0906085,-0.7570998,-2.3832989,1.642012,-0.64205015,-2.0331802,-0.32249323,-0.8986768
TCTACCTCAATGCGCT-1,-8.895815,-1.6370046,-6.1570215,0.71376723,-0.21456404,-0.7765511,-3.3358238,2.2918494,0.6885164,-2.1074548,-1.233027,1.1355208,1.8049942,-3.7241082,1.2933724,1.7067535,-0.23766215,0.59935623,0.37283278,-0.68659824,0.8300408,-2.1177988,2.308975,-1.0132606,0.22666998,1.3645927,-0.06831303,-2.9657972,0.7900076,4.140578
TCTACCTCAGTCTAGC-1,-4.0162425,14.788973,-1.2464331,-2.946168,-0.85137224,2.0550573,-0.47168636,-4.994347,2.415607,0.7510512,-2.2883804,4.6109166,-4.7980447,-2.8652384,-1.4656134,3.014813,0.8587371,1.4194121,-2.1175694,-0.9405726,0.31512424,-0.24754535,1.7219843,0.8597886,0.3333163,1.4521595,2.8910384,1.2149901,1.2944509,0.38600913
TCTACCTCATGACTAT-1,9.732742,-0.28939617,-0.34785217,1.2171814,5.0874453,-0.3240784,2.9256804,2.1994276,3.735768,-1.285254,-2.4074624,1.2152095,0.77833587,1.0505573,1.0098603,0.44357944,1.7429352,-0.82120985,-0.031858653,0.580884,-0.9630459,-0.090295345,0.85288095,0.8854888,-1.207544,0.30670115,1.5278533,1.633642,0.18919756,-0.79514724
TCTAGCACACAAAGGT-1,5.803593,0.36524433,0.11069441,-1.2184141,0.23788905,1.8336703,0.06382976,1.1585431,0.80215746,0.60816646,-1.5515363,-2.3081558,1.1828694,1.0667392,-0.14227515,-0.09970929,-0.7531604,-1.8236265,0.32528666,0.78155535,0.21542029,0.40225932,1.0250337,-3.3131557,-2.0072212,-1.6645278,-0.6149745,3.2531204,-0.4736972,-1.2813921
TCTAGCACAGGGAGGA-1,12.710404,-1.9918214,-0.27329814,-0.66880286,-1.844035,-0.39289045,1.1242008,0.7034993,2.2421432,0.43445686,2.5146172,0.43620396,-1.1835144,-1.5598302,1.0078164,2.1035032,0.8823873,0.7001011,1.966313,-0.27607137,-0.48212698,-1.216666,-0.94537264,-0.054890506,-0.3681514,-0.9157867,-0.95707995,1.1593981,-1.1704637,-0.26944685
TCTAGCACATTATGGT-1,10.495362,0.67860955,0.012572526,1.090436,2.708772,1.2928667,6.7207336,5.237904,7.48417,-0.69989043,-2.1047142,2.5655866,0.71069866,0.32939175,0.0040973118,1.2990255,1.2127252,1.4039569,-0.46011862,-0.059094463,-1.1649307,0.5802486,-0.09001914,0.18474552,-1.4287575,1.2218146,-0.8988229,-0.63190514,-0.7126651,-1.8302327
TCTAGCCTCACCGGTA-1,13.2414255,-2.317788,0.041450106,-0.30155072,-0.8557483,0.24773188,0.3023737,-0.343381,1.644184,0.08681083,-0.775987,-0.16853939,0.32811418,-0.00037666247,-0.52026165,-0.19196822,0.9884086,-0.62878406,0.60814494,-0.87225187,-0.79899675,-0.25817063,0.057359286,0.75001097,0.08253682,-0.54910874,0.7916398,0.7730742,-0.106584944,-0.93834853
TCTAGCGAGATAGACG-1,-7.249322,-1.9480826,-3.33254,-0.68317866,0.21613641,0.81294537,-1.5834621,-0.7540617,1.3716419,-0.8277246,0.73725396,2.413675,5.7938204,1.6578729,-1.1422971,-1.8566772,0.84915376,0.103172965,-0.22178064,0.4319472,-1.7980739,1.4086556,-1.679026,-2.724199,-1.7778574,-0.3040991,-2.320312,-0.27590626,1.2468121,1.3892657
TCTAGCGAGGAGTAAT-1,-6.9122424,-4.5848646,17.709951,-2.1028812,0.92062646,-1.903647,-0.78462726,0.12562618,2.557554,-0.29976603,2.4991953,0.77233267,-2.0340505,2.8609343,-0.6819784,-1.1499627,0.39483306,-2.5898254,0.23125584,0.0879784,0.99871176,4.250545,-1.30017,0.010882268,-1.157,1.2333829,3.5437212,0.9597564,0.8137086,2.9793434
TCTATGTTCATTGCAA-1,-6.8028955,-2.330126,-3.5529287,0.09756206,-0.5380415,3.5735207,-0.3915249,0.48976722,-0.45012024,0.834393,-1.6064298,-0.31619087,1.0146619,-1.1008521,-2.8187451,1.2865602,-0.5604056,-0.5105706,1.5075238,-2.228685,1.8924903,2.567417,-3.0293844,-0.3844609,0.9246234,1.3571727,-0.19487351,0.5417537,1.1525159,0.5602125
TCTCAAGCACGTGCTG-1,-7.2396693,-4.4758806,14.4566555,-2.5213096,-0.21611811,2.6614194,4.0778966,0.19554396,-3.1535902,-3.2891874,-1.5187227,-0.3541985,1.3366042,-2.6236851,2.83647,-3.5449815,-0.3346373,0.19619116,0.35112047,-2.3725803,2.046537,3.2766945,2.1475527,0.25381455,-0.39071807,0.55082315,0.09858633,-1.2918723,-0.6353294,-1.2719812
TCTCAAGCATTAGGTT-1,-7.2876673,-3.0801451,2.0928116,-0.07389626,-0.033451684,2.3829253,4.476002,0.3811629,-3.911705,-2.1649113,-1.2823383,0.53711736,-0.58717245,-0.40723902,0.92412627,-0.39658242,-2.4180548,1.5919838,-2.1587746,-0.9656791,-1.82038,-1.3526291,-2.0887005,-0.23902127,1.3672243,2.7935,0.12740868,0.3943995,1.1452655,0.6272539
TCTCAATTCATGCCTC-1,14.322203,-2.2361617,-0.55813485,-0.089348696,0.7993692,-0.8878438,-1.2576456,-0.9915094,-1.5689778,-1.4651737,-1.8389869,2.330472,-0.44045475,0.5835668,1.1590772,1.312883,0.92428917,0.8262688,1.384025,0.5073029,-1.7675337,-0.4633965,0.11620695,-1.5545744,0.5046523,3.14527,2.8084211,1.54328,0.069453284,0.6719443
TCTCACCAGAGGCTAA-1,-6.658611,-1.630471,-3.3400233,0.18459909,0.19990715,0.72753394,-1.5476246,1.0961235,0.7511523,0.87924695,0.5818226,-2.6515481,0.08520351,-0.22836761,-0.4669632,-1.3741052,-0.79227585,-0.11253064,0.3556108,0.25459927,-0.59411865,-3.0941472,-0.48885125,-1.6434737,-1.0891808,-0.5702016,-0.81440425,1.654186,0.37319484,1.2257998
TCTCACCAGCCATCAG-1,-9.128672,-3.8623383,15.760608,-2.6650705,-1.4586023,-1.0424008,2.4741182,-3.0539882,-1.546733,-2.287891,-0.79492223,3.286905,-2.097412,0.14225385,0.5311087,-5.338503,0.31797057,1.1440848,1.3458545,-3.3848624,4.482848,4.5579734,2.5381117,0.34394804,3.6950262,-0.9376257,0.39974225,1.7808211,2.3929422,-3.3610933
TCTCACCAGTAATCCA-1,-7.2571445,-2.1627128,-3.6194437,0.37683278,-0.324916,-2.261571,1.9945283,0.4984183,-1.006344,1.3194242,-0.65058756,0.036478046,0.6406251,-1.6316262,-0.1589619,-0.48031384,0.8869802,0.12808533,-0.1768979,1.6008248,-1.2522671,0.62128764,-2.4850767,-2.329193,0.47445685,0.56600773,0.0092826225,-0.27529398,1.7384417,-1.3261825
TCTCACCAGTATTGCA-1,-7.320446,-3.7156193,12.235983,-1.9115099,0.3684443,0.8791723,3.7662795,-1.7733952,-4.853975,-3.929075,1.8601218,0.5358841,-0.11693603,-2.5972362,-2.0563958,3.1313705,2.35415,-0.3087031,0.8027114,1.8332781,-3.3321404,1.3538762,1.6149455,1.7015816,1.6230702,0.16812865,-0.16000946,-1.6580689,0.3582858,-1.3071189
TCTCACCAGTGAACGA-1,-6.0876513,-2.0502546,-3.590967,0.4681548,-1.2491539,-4.1076007,1.8273592,0.12950717,-1.6298859,0.5772094,1.2865213,1.7535017,-0.5177514,0.68369335,1.166643,0.3242544,-0.15856032,-1.4676447,2.0324051,0.3539276,0.80409485,-1.2130401,0.22261609,1.3295408,-1.594193,0.07871844,1.460496,-1.2883539,-0.4196021,-1.7806966
TCTCCTCGTGATGAGG-1,-7.3434515,-1.4839246,-3.9163094,0.46061918,0.5925037,-0.23725815,-1.5577651,-0.18194053,2.0910232,-2.0133789,0.18775797,-1.8341836,-0.6708311,0.393748,0.6339938,0.21517836,1.998412,1.9726399,-0.14797947,0.42483494,0.28529742,-0.19008179,0.32546863,-2.3906949,-0.35087043,1.0783582,-1.0360967,0.26293743,0.26285067,0.5247219
TCTCCTCGTTAACAGT-1,-7.981308,-2.6227756,-4.8825564,0.2284071,-0.51081413,-5.154868,1.8142054,-1.0072803,-1.122594,1.582942,-1.117229,0.32390118,-0.6038395,-0.38196868,-1.2939109,-0.1265831,-0.6791017,0.6992936,0.05183046,0.15487279,-1.2121178,1.5402722,-0.25453082,1.7200546,0.34086347,-0.22755125,-0.32955745,-1.3554987,-0.1751347,-0.7384075
TCTCGCCCAAACTGTT-1,2.1054795,16.164953,6.1973224,36.32336,0.46489754,-0.69401747,0.4962971,-0.41569635,-0.16389908,0.0301669,1.4715987,-0.8994247,1.4089367,-0.7692596,-1.8658216,-1.5578603,2.2418838,-1.8735213,-1.1570685,3.5350728,-1.0724841,3.1493702,-1.2089318,0.06289195,1.1804305,-0.731603,-0.97163945,0.30622742,0.37063628,1.4926659
TCTCGCCCAATTGAGA-1,-7.261914,-1.8394146,-4.094312,0.71769327,-0.42038247,-3.7239122,1.3193817,-0.21256027,-0.15482122,0.3193088,-0.20956798,0.5784718,-1.7874022,2.2153676,0.6579588,0.055910323,-2.4300306,-0.6353649,0.4580126,1.5187509,0.61320275,-0.7424242,1.4996876,0.3400702,0.49497923,-0.5212045,0.16501732,-0.3725029,-0.70928204,-1.9518087
TCTCGCCCACCTCAGG-1,-6.5543594,-1.7976145,-4.495616,0.33259684,-0.81321365,-3.1219044,-0.7027529,-0.8804288,1.450716,-2.6953254,1.8035581,-0.810812,-0.295846,-0.29138264,0.48013312,1.7377969,2.0263052,1.0386972,-2.1744678,-1.0086493,1.1885265,-3.9710968,0.3031378,-0.9664904,-2.596918,-2.301128,0.4841992,-0.3216429,0.61429757,-1.735819
TCTGGCTTCGGTTTGG-1,-0.5146317,29.391348,0.058628518,-7.9843473,-4.962169,-3.684597,-6.4931593,15.775955,-7.8758307,-0.1776686,4.66805,3.0516694,5.654035,-0.91273725,-1.6202583,-3.5434322,1.6482193,-0.25215846,-0.36595267,-5.7345614,-5.481875,-6.8029838,-1.1026728,-3.9145875,17.35516,2.7747865,-0.14769547,3.2677045,-4.714447,-0.7609007
TCTGTGACATTAGGTT-1,-8.526998,-1.6304529,3.8917494,-0.8460919,-0.5628463,4.684685,3.2809079,-0.19387148,-5.8718443,-1.8409927,-3.0819972,8.852221,-2.4729903,-4.2601585,0.031578194,2.7256005,-3.4233654,0.12758419,0.79625887,-0.40368506,1.2318938,-3.0372279,-4.584003,1.4278733,1.2912723,4.05539,-0.83365464,1.9741871,2.443474,4.3826294
TCTTCAAGTGTTGTGA-1,9.297276,-0.8771035,-0.2977431,-0.3595978,6.1617336,-0.3387174,0.3999493,-0.19212903,0.5267143,-0.7248396,-1.8485138,-1.939571,1.1670923,1.3127204,-0.81158364,-0.21916646,0.84335035,0.63508624,0.4117693,0.6064325,-0.8312521,0.1129472,0.3050925,-0.35731444,-0.10487855,1.0658407,0.81276226,1.1486878,-0.8320914,0.24406233
TCTTGACGTGAGCACT-1,-2.082338,23.637981,-0.694713,-7.291928,-1.012689,1.3575304,-0.30568677,-0.23475216,0.74324566,-0.2584938,-1.6063309,1.550052,0.885317,-0.077917285,-4.1742997,-4.6236086,-0.68144375,5.1195965,-3.893507,1.8397841,-0.7395416,1.9933834,2.029388,-3.0677376,-1.165907,-2.1204228,-4.2978163,6.199981,-0.42954782,3.7144082
TCTTGACGTTGTTGTC-1,6.0122256,-1.2533581,-1.4642888,-0.92550486,-1.0566574,1.0253524,-1.1019009,-1.3823131,-1.7419598,-0.37438738,0.16355178,-3.653637,1.9146917,1.9695067,-0.541105,-1.7862762,-1.5068562,-2.2932312,-2.6854486,1.3048725,0.17233865,1.1863543,-0.9498001,0.007845428,0.21312773,1.1992991,0.8333244,1.0054715,0.9508095,0.3609062
TCTTGTCCAATAACGA-1,-0.5116428,24.013588,1.7410609,-6.401392,-1.9471214,0.7212095,-0.5871364,3.3061562,-1.2932202,0.68298846,0.56056494,-0.55358475,0.34621608,-0.0011459221,0.9529253,-1.2089696,-1.6203223,-0.91209394,0.51665485,2.6743128,0.6564088,-7.694412,-0.7683594,2.3942397,-1.9525447,-0.5126004,-2.8423991,0.36178452,3.6971903,-1.0992423
TCTTTGTAGTCATTTC-1,-6.659356,-1.0761768,-4.220495,-0.20362094,-0.6552515,1.1240063,-2.3184536,0.55666476,1.0139375,-2.6482453,-0.5946606,0.3963847,1.839731,-1.1568142,0.56924844,-1.9506952,-2.3931143,0.17527471,-0.43592384,0.56333745,-2.4037282,1.3498584,1.2444782,0.13601528,0.13007191,-0.122959614,-0.6791309,-0.6308028,0.087088585,1.3553727
TGAACAACACCAGGTT-1,-6.08635,-2.2491994,-4.3941307,0.48311922,0.29757044,-3.522955,1.0504302,0.09575462,-0.48640168,0.534373,0.14830613,0.13946272,0.5891439,-0.045794398,-0.83466715,-0.7327209,-1.3070792,-1.6950076,-1.3848494,0.16690664,1.2913785,-2.407317,1.3747401,1.1644579,-0.038788836,0.9424193,1.868715,-0.9593958,-1.972223,-0.30564752
TGAACAGAGTATTGGC-1,-0.82453066,24.365232,0.48403573,-6.378092,0.03441172,0.64888823,0.7046527,-4.834163,1.9846201,-0.41540626,2.2221122,-4.4857173,0.9691994,2.8113618,5.348535,8.71272,-5.831629,0.18384041,-3.064915,-4.4129515,-1.1838164,-1.039582,-3.8681223,4.7970457,0.31056643,-2.745564,2.7140675,-0.7586019,4.1855793,-1.9564729
TGAAGCAAGCTTCTCA-1,-7.9725513,-1.6688843,-3.325486,0.35199484,-0.4225061,-0.9902497,0.20246775,0.43198147,-1.3868016,-0.09632287,-0.65856135,0.82245064,-0.1654152,-0.1561262,0.5664712,-1.1216813,-2.557015,-0.10751972,2.0389674,-0.91163534,-1.0283244,2.1233695,0.14819829,0.8349657,0.15368387,1.451492,2.396902,1.0385988,-1.0200685,-1.5193774
TGAAGGATCCGGTTGA-1,-9.326039,-1.6336542,-4.056144,0.5817452,-1.3722094,-4.900978,-0.9970315,0.46390563,0.05783039,2.7012303,-3.2888384,5.643128,0.035294257,-2.759818,0.66377366,0.9712899,-0.19718352,-1.0960393,-3.283965,0.39343303,0.33158174,-1.9663987,-0.038735356,-0.10946871,1.1229771,0.5074239,-0.018660568,4.9498777,-2.8369582,-1.5556045
TGAAGTGAGCACAGAA-1,-8.54013,-4.033687,18.442465,-1.8586525,-0.6836822,-0.4436702,-4.26807,-0.35658976,3.209523,3.9873364,-1.468083,-0.44635707,-0.654361,0.07309833,-0.053490587,-0.37701654,0.57464933,0.9374796,0.9888582,0.32639354,-2.3501537,0.71316725,2.3017774,-0.5258873,3.211732,-1.5996944,-0.89735276,0.2003571,0.5417581,0.2894222
TGACTCCTCCTTCGTA-1,-7.3250966,-2.3727138,-4.1194024,0.5125891,-0.29034713,-5.707188,2.5930896,-0.954077,-1.642992,1.7622222,-0.39536402,-0.36175647,-0.81866693,1.0416708,-0.20450209,-0.2822649,-0.942667,1.4222666,-1.675086,-0.44031677,-0.5930859,-0.9573793,-0.76522446,-1.3797023,-0.30507994,0.56434387,-1.8415438,0.94545346,1.6502494,-1.4918915
TGACTCCTCTTAGTCT-1,-7.5143576,-2.325761,-3.349686,0.33569342,-0.12525275,2.5539339,-1.0745382,0.85580385,1.129087,0.54199666,-3.2484004,-0.10843426,0.95111257,-2.329508,0.5539865,0.18686518,-1.2114447,0.47861615,-1.2590287,-0.7092871,-1.2571039,1.5178052,-1.6649756,0.59001744,-0.3391878,-2.1771224,-0.6134483,0.12099577,-0.1144587,0.23202762
TGACTTAAGAGAGGAG-1,-6.892099,-2.0488935,-3.1571057,0.15603824,-0.6318408,5.5084925,-2.4810035,-0.34957546,0.95146704,-1.4192609,1.7248815,0.7874326,-1.9516697,3.2029064,1.5369016,-1.7047079,-2.8744476,1.4500943,-0.23501,-1.0197227,-1.0175261,-0.090274155,-1.423777,-0.9784841,0.009739651,0.28029937,1.096034,1.0305657,-1.1710427,0.4920551
TGACTTAAGGTCCTGA-1,-5.5908375,-4.453324,13.5559845,-1.1603419,-1.3314159,-3.377339,-3.0984185,0.2960731,2.4353194,0.01588784,2.1067793,-1.8154559,0.43847644,1.5043193,-4.4144654,2.5030124,-0.70966774,-0.7728173,1.9547719,1.5376155,-0.18158111,-0.94506055,1.2713708,-1.3746355,1.9455973,3.7521183,-2.0111976,-0.12874064,0.9280272,1.5101751
TGACTTCGTACTTCAC-1,13.610079,-1.6885933,-0.79776585,-0.39440402,-0.75726223,0.35562846,0.1651274,-0.30621555,0.08364876,-1.251936,-6.1947765,0.31387123,1.8145015,3.84227,-1.5807608,1.1172103,3.1954415,0.05088347,-0.5306404,-0.021451022,-0.15915088,-0.59854436,0.15464388,-0.41624486,-1.6499856,-1.6590388,0.18655223,-0.8871281,0.39847532,-1.470243
TGAGAACCAAGCCAGA-1,13.097565,-2.25615,-0.77627796,-0.56158745,-3.5660007,-0.55303264,-1.2135699,0.20244886,-2.0921443,-0.13785757,-2.5356808,0.15321952,1.5972427,1.1287974,0.2377985,-0.4116576,-1.0347736,0.543949,-0.1873765,0.47246292,0.41689086,-0.69966155,-0.21525969,0.74516094,0.09743175,1.3835353,0.75749886,-0.15465969,-0.96773607,-0.40739924
TGAGAACCAGGATAAC-1,12.3985815,-2.245427,0.050155167,0.8144095,-6.0989904,0.24556461,-0.06891473,0.8810562,-0.3145887,0.4636014,3.1300492,-0.22770338,-0.14887854,-1.1197376,-0.77847695,-0.68688864,-1.1524673,-0.67076916,0.21698041,1.0264935,0.60447454,-0.16101545,0.16126516,-0.65903896,-0.1086304,0.29998115,-0.053908672,2.0895271,-0.9403157,1.9451265
TGAGAACCAGTAAGTA-1,3.775752,2.2865522,0.8911282,-0.12092539,2.9079869,-0.0978668,-0.7731346,-0.771111,-0.86186236,-0.6644184,-0.2915538,-5.6787634,-0.35471857,0.6769302,-2.646653,-0.34384593,-0.2922242,1.891803,-4.764712,-1.2905849,2.4443371,2.7610533,-0.1691081,-0.54417014,0.8638519,-1.4722607,2.809709,-1.0587826,-2.5551968,1.0356706
TGAGCACGTTAGAGGG-1,-6.943675,-2.2764916,-3.1658146,1.8290266,1.1253587,1.8569863,-2.8977625,0.57784545,2.9684622,-2.6763322,-2.021548,-1.4823418,1.4413043,-4.0483503,2.19913,-0.7815999,0.18497424,1.6764842,-1.1126479,0.37914076,-2.5134363,1.8838817,1.5147532,1.2831336,1.2541475,-1.0394304,-0.24999502,-0.33976382,-0.8085508,-0.7476341
TGAGCCGGTCCCGAAG-1,12.408492,-2.463409,0.4357767,-0.6696814,1.8976934,-0.51495296,0.15224299,-0.5428919,-0.14272256,0.21937378,-3.5169382,0.1148664,1.0426009,0.85731477,0.9849029,-0.6170596,0.414684,0.9268933,0.50055766,-1.123051,-0.9326775,1.2103231,0.058370598,0.8719723,-0.5078274,1.41728,0.8290616,-1.1711438,-1.6845349,0.6024071
TGAGCCGGTTGTCATC-1,-6.3375316,-2.3170862,-2.4245708,0.2113545,-0.11508242,3.8224108,-0.7816409,0.986124,-0.80227584,0.048618566,-1.074193,-1.5022316,0.7674338,-2.391829,-1.1400609,-1.513285,-2.4566803,-0.61983,0.26343834,0.60091364,-1.3983941,2.5139322,-2.3405323,-0.43800843,0.40762395,1.8685589,-0.04775653,-0.20910123,1.3217672,2.048033
TGAGCTTAGCTTAGCG-1,-6.8934994,-3.2794461,17.423367,-1.3511965,-1.4608243,-4.7955556,-5.12378,1.1218919,4.172067,2.3652859,0.80666834,-0.7937196,1.5032761,1.1396322,-1.7986939,2.114572,2.482607,0.20652014,2.7616818,0.26952505,3.133309,0.95378095,1.5360128,2.1628559,0.7937929,2.2390544,-0.57099605,-1.7086946,-1.056391,-2.0335257
TGAGGAGGTGACATAT-1,-7.5346136,-1.6969535,-4.236601,0.00059346686,0.70847374,-3.8120465,2.1463811,0.14542748,-1.8990126,0.68781036,0.42115173,-1.1071448,-0.09665123,0.13220544,-0.62008053,-0.5153507,0.9534105,0.3865096,0.5375715,0.4924194,-0.32500568,-0.0018717367,0.29603004,0.6416904,-0.70580536,1.0201343,-1.1437303,0.99526256,0.92218024,2.081877
TGAGGGAGTCAATACG-1,-5.979149,-2.0436656,-2.9327915,0.53592384,0.52591044,-3.7741666,2.2718968,-1.1663231,-1.3613893,1.9566315,1.6975498,-0.0064993687,1.9043356,0.5846419,0.16757914,-1.5966783,-1.8940287,0.082881585,1.78482,0.5172903,-1.0888119,1.1910962,-0.95781994,-0.64654225,-0.7708694,0.84016085,0.11273912,1.9149575,-0.48536634,1.7398249
TGAGGTGCACAGGATG-1,-6.916486,-1.5149629,-4.5921497,0.15067388,0.4152771,-2.6415691,-0.7270077,0.21498668,0.17856987,0.35195175,0.3318779,-1.7975804,0.36749288,0.68243575,-0.28046405,0.91339433,1.0819588,-1.0888364,0.7799841,-0.4808508,1.0512918,0.6068375,-1.0926553,0.27907687,0.1791057,0.8444247,0.7303478,0.39649868,-1.4602702,-2.44376
TGAGGTGCAGGAACAT-1,-1.7368876,22.407763,-0.13475217,-7.707301,0.261569,-1.1295376,-1.6960747,6.2474003,-2.5968242,-1.3978637,-1.3184854,-5.4628983,-3.985582,-0.85320073,-1.4334995,-2.0326674,0.35836503,2.5536387,-0.7260548,0.6384731,-1.3006887,0.82140094,0.5233762,-0.34778252,-1.9661872,3.424065,0.96189195,-0.9672457,-6.828794,0.111039795
TGAGTGAAGCAAGGTA-1,-0.95875424,23.687017,0.5647338,-6.0666213,-1.6148992,-0.3762517,0.63413423,-0.4509611,-0.386286,-1.930358,-2.8588204,-3.5775437,-2.5873134,-0.7270171,3.7747018,-0.9143997,1.0464944,-4.75693,3.8825467,2.6466768,-0.93409044,-0.72251034,-3.5270374,-2.5335736,0.29705942,-3.2326632,-5.9593825,-2.4204676,0.13776445,4.5798526
TGAGTGAAGTTCCTGC-1,-8.878921,-5.1747756,21.680113,-1.8864439,-1.6710261,-3.806149,-6.060388,1.1536653,4.732503,1.2982621,0.10381685,-0.6701082,-0.23504488,3.011672,-3.608635,2.7573602,-1.1230929,0.8552573,1.208969,0.5336831,0.4935018,-3.0463936,-0.07671205,0.2103139,-1.4436889,-1.2650516,-0.6763359,0.39880216,-3.3672845,-0.3592366
TGAGTTTCAAATACCT-1,-6.637903,-1.6614369,-4.054739,0.0046835267,1.0460746,-1.8926574,0.52654856,-1.5881329,1.2476242,-1.1171724,0.2440535,-3.0019002,0.46600932,-1.1362416,1.0936843,0.22306706,1.3614997,-0.54047257,-0.040702775,-0.9520155,0.06876686,0.12731452,-1.5514444,-0.5589798,0.18369985,0.4205858,-1.2604513,2.9963677,1.1486696,-0.040349953
TGAGTTTCAGGTTACC-1,-7.5075526,-2.357013,-3.8672745,0.8621764,-0.56515074,-5.331431,1.7628514,-0.41665152,-0.93058896,1.7677761,-1.1441231,1.0188848,-0.50853,0.71383286,-2.9872336,-0.2565033,-3.779185,2.1672919,1.8762004,0.7317395,0.30581924,0.13545798,-0.44853044,1.2869033,-1.7660413,-0.48324174,-1.4128926,-2.0423133,0.31279567,1.244087
TGAGTTTCATAGCGGA-1,-7.2043996,-2.049011,-4.2339234,0.92297846,0.37928784,0.94597507,-1.4746164,0.13505182,1.6696075,0.6111423,1.0009809,-1.3787621,-0.76398027,-0.5530468,-1.0248853,0.83655,0.40680093,1.2664514,0.93379045,-1.1150994,1.7330613,0.071045056,0.57196033,-1.1761564,-0.72609687,-0.6035545,1.0546185,-2.9153638,-0.75109667,-1.2920129
TGATCAATCATCCTGC-1,13.175361,-2.776337,-0.27158687,-0.7614312,1.0829201,-0.27721256,1.4417238,0.7845502,1.2877573,-1.4611121,-4.117023,-0.4407351,1.9757562,2.3434594,-0.7846121,0.7265048,0.8459123,-1.2653527,-0.51204234,-0.56073856,0.009740246,0.07283705,0.5415105,0.37330878,1.4410633,-0.83744323,0.5131918,-0.30685696,0.23206732,0.5192283
TGATCAATCCCGTTAC-1,-7.2925873,-1.575229,-4.178529,0.44254535,-0.013435458,0.09819152,-1.5179794,-0.12567821,2.1306915,-1.0879655,0.5107122,-1.031347,0.5184751,0.319057,0.13873765,0.018809032,3.7594802,-2.137729,0.28969154,1.8374623,0.04594244,1.328361,1.764917,-0.98934305,1.4260018,0.04379005,0.5255029,-0.17306674,-0.1910699,-2.4582112
TGATCAATCGAGCTAT-1,5.93181,-0.11057165,1.1526575,-1.1966437,1.4301282,-1.1772473,0.44254175,1.9036199,2.3420432,-0.8990182,0.37895757,-2.1239626,0.9646615,-0.06113283,-1.540826,1.6892159,-0.058652904,0.000456179,0.38636023,-0.29645088,2.9208708,-1.2415777,0.07012331,1.6576662,-0.30938086,1.8432322,-0.4959963,1.630463,-2.176442,0.0116648795
TGATCAATCTTAGTCT-1,-7.034693,-2.8155236,-4.355314,0.5682946,-0.57837206,0.10158382,-1.9796627,0.16958566,2.2243223,-2.7635343,-0.09211239,-1.1280001,-0.32712793,0.24170725,1.0469527,1.1498057,1.0580034,0.9966256,0.8333838,-1.5130684,1.6394796,-0.2637671,2.9469113,-0.8257701,1.2207305,-2.036383,1.617809,-2.4071448,-1.5927558,-1.3969207
TGATCACAGGAAACTG-1,-5.852954,-2.2859824,-2.6167943,0.32794568,0.68565047,-1.0118935,1.81857,0.55536413,-0.7768553,0.08425238,0.68765724,-3.144726,0.7278,0.32171616,0.5607221,-0.1665003,-1.8165051,-0.08124199,-0.39975056,-0.19216143,-0.5118495,-0.30689505,-1.3848257,-0.26984778,-0.5661941,-0.04856574,1.3946512,0.5698908,0.029447904,-0.740202
TGATCACAGTAATCCA-1,-8.713631,-2.4850595,-6.050991,1.0809525,-1.0985979,-6.3509884,-0.74842113,-1.6270887,1.5082504,-0.7983723,-0.2101751,2.188712,-0.55206096,-0.87682736,2.716724,2.0807462,2.463078,0.32042024,1.6873753,-2.9388967,0.17818305,-1.4182516,2.158825,0.48652723,0.5537268,0.2243968,1.4167304,-2.0992444,-2.4582047,3.8240757
TGATCAGGTACGTTTC-1,11.858198,-0.9227301,-0.6290659,-1.4807943,-1.7749902,-0.017245745,-0.33959487,0.1596491,-0.3804371,-1.3593361,-2.3673127,-1.6189458,2.70995,2.757252,-1.4159275,-0.35853648,-1.3906168,-0.9211655,-1.1915234,1.8432903,1.3546896,0.78716844,2.178615,-1.0179579,0.7447313,0.42618376,-0.23347472,1.1178064,0.39549726,0.21051185
TGATCAGGTATTGTGG-1,13.980476,-3.0980818,-0.9717122,-0.52747685,-7.8077397,0.3292817,-1.3286161,-0.3949356,-1.5275954,1.974656,5.9112725,-0.51889193,-0.98528546,-2.5427125,1.7997534,0.2350504,0.061881155,0.86892474,-0.1206502,-1.1645749,-1.762082,1.4044797,0.2146047,1.7431391,0.021055596,0.112028904,-0.37798542,-0.42781198,-0.29985535,0.31668556
TGATCCTGTGTAACCA-1,-5.8639064,-2.449506,-3.779449,0.17089729,0.6932165,-0.2169758,-1.3370992,-0.40820494,1.0379281,-1.3415453,0.78146106,-0.7096604,1.3995653,0.2578635,0.13339274,-0.75591505,1.1102037,-0.8548994,-0.92975116,1.2654943,1.1950098,-0.9929994,0.003352182,0.6192272,1.0851377,-0.03684619,0.03773343,-0.143813,-0.018824382,0.4837583
TGATCGAGTAGACAAA-1,-1.0246496,23.725697,-0.58191115,-7.3536897,-0.18940179,-1.5331736,-3.155236,12.961288,-4.9120255,-2.4360523,4.099763,3.4986284,4.148653,-0.1234028,-2.656399,-4.116741,-2.0970368,-5.1360583,1.8451407,-3.0269687,-4.1233115,-6.644842,4.1850863,-4.024648,0.34948242,5.011157,1.9104129,-3.5594547,3.5614793,-1.8771113
TGATCGAGTGGATGTC-1,-6.628632,-2.2900245,-2.7827392,0.39063495,-0.11781364,-3.3341656,2.385868,-1.2000097,-1.4732032,0.66103643,-0.23757379,-0.77562976,0.7024272,0.069936186,0.4304485,-1.0608915,0.24438618,-0.72170734,-0.7100224,-1.4447352,-0.9591102,-0.89240986,-0.83803,0.8862066,1.1194417,-0.23487364,-1.2371484,0.80027735,-0.0078012403,0.56443477
TGATGAACAAGGTACG-1,14.522524,-1.9686005,-0.52363425,0.643054,-2.6537898,-0.37996677,-0.53747183,-0.3457152,-0.7570365,0.19304706,0.44001237,-0.44382182,-0.41794646,-0.49996138,0.6361937,0.34066665,0.968923,0.13846578,0.51178986,0.74057907,-1.6885711,-0.08867522,-0.30512458,-0.44525614,0.23596707,0.98862314,-0.12937021,0.835681,-0.012466607,1.5730746
TGATGAACAGCCTGCA-1,-7.8625326,-2.0987282,-4.441513,-0.2709856,0.021948779,-5.532236,2.547402,-0.17476201,-1.3743292,3.2900875,0.09609929,-0.391268,1.1713843,1.1763717,-1.2538426,-0.9921336,0.39035824,2.0000026,-0.26343638,-1.6571401,0.78778386,1.4759057,-0.5759534,0.15335901,-0.81660783,-1.2196933,0.27066267,-0.86956567,0.0020502436,-0.17985398
TGATGACTCCTTCGTA-1,-8.263817,-5.005349,15.513891,-2.043969,-0.7942841,-0.14277506,4.4234004,-0.6527324,-4.7949104,-7.189726,4.6413207,1.7996525,-2.8645504,-0.9848181,-6.4367743,5.4578753,1.1678731,-1.65143,2.2515585,3.9072626,-2.1897187,0.2310172,3.105654,2.476717,1.1785561,-0.83894926,0.31999904,1.3117696,-0.18851173,1.8476886
TGATGATGTAGCTAAT-1,-7.4326706,-1.8109709,-2.6128495,-0.11758386,0.4021096,4.1491203,-2.0238373,-1.3291178,0.67747474,-2.967352,0.018518131,0.8943445,0.100583196,1.053685,1.5205699,-0.32246166,-1.769006,0.83507425,-1.7870637,0.22499011,-1.6233834,-0.21265955,-1.2833065,-1.2080218,-0.33933178,-0.20071602,1.4074804,0.52505153,-0.29459313,-0.8084754
TGATGATGTATTGTGG-1,12.523734,0.32441875,-0.1545896,0.87728536,0.5163794,0.18130405,3.6058831,3.646494,4.8768835,0.5248973,-0.63109297,2.5369716,0.65947074,-0.6750704,0.22708355,0.32407933,0.7619407,1.2583207,3.0779762,0.0583324,-0.7026809,0.48112422,0.052391656,-0.19634888,-0.78817,0.058475118,0.38866112,0.61539656,0.35903743,-2.6294692
TGATGATGTCTTTGAC-1,13.02665,-2.9435446,-1.0080464,-0.6735253,-1.3487726,0.19966973,0.20893224,-0.36820132,-2.230767,-0.40009478,-3.3650997,-0.807247,1.0364974,1.4099348,-0.8242581,-0.3152267,-0.08675295,-0.73428446,-0.545793,-0.392892,0.48992446,0.29321834,1.0719061,0.9885584,-1.0996668,-0.7240651,-0.09880202,-0.19479959,0.24450468,0.66686887
TGATTAGTCAGCACGC-1,-7.7667546,-2.4003465,-4.927356,-0.25305355,-0.47278097,2.3697767,-2.13517,-0.9694708,1.1047311,-2.3669949,0.86132735,-0.23284204,0.76424056,-1.2344146,-0.033107027,1.7642316,-0.9355888,1.0418633,-1.1085026,-0.92892027,-0.89667463,-0.8700338,1.1078924,0.46274891,-0.6249306,-0.23453312,-2.009498,-0.47864044,0.09278559,-0.68223524
TGATTAGTCATAACCA-1,-8.21282,-2.1952968,-4.0428104,0.32236326,0.2892703,4.013663,-1.7020198,-0.0799234,1.0517759,-1.5247222,-1.2696809,-0.09705504,0.3781401,-0.5661683,2.3989475,-1.7661949,-0.5220512,-0.09981154,0.5527335,-1.198449,0.72841614,1.4426378,-1.9039998,0.61652553,1.6384307,1.4441383,0.37837967,1.1636428,-0.046630017,0.42183906
TGATTAGTCGGGACTC-1,-6.7664046,-3.7444065,10.912841,-1.2753842,-0.0031953475,2.7936313,5.245885,-0.66786844,-4.337506,-3.9710925,1.3136835,-0.08377877,0.94339854,-2.797954,0.10516308,0.036002208,0.5422958,0.15609492,1.0729038,-0.8355241,-0.18057887,2.0954688,0.44579622,0.7446516,0.8250939,-1.3911219,1.5251027,0.9613192,0.62436795,-0.5705706
TGATTAGTCTACCTGC-1,-7.7531834,-2.7444658,-4.997297,0.39349642,0.28765902,-3.3322828,1.753145,-0.8193486,0.2687387,2.6384392,-0.031552218,0.038315456,0.46166041,1.6902367,0.3464173,0.15353376,1.1793821,-0.50451803,-0.5779706,-0.34257483,-0.9418145,-0.22506462,1.5214463,0.47464806,-0.49465007,-0.19946745,0.6752965,-1.9665513,0.21827038,-0.71913403
TGATTCAAGGGATGAC-1,2.370115,1.2760965,2.1099598,-0.2736,0.78854924,0.40245014,2.1303937,-0.6406894,0.09537076,-1.0557812,-2.1131866,-4.4766855,2.0124362,0.2506877,0.12202728,0.86930215,-0.56152636,1.8702422,-2.6209702,0.5179,1.6278999,-0.7740106,-1.4977924,-3.158851,-1.566493,-1.3168436,2.1281815,-2.4083383,-2.9131725,-0.16052213
TGCAAGCGTTACTAGG-1,-6.934932,-3.098462,-3.5247712,0.044746637,-0.010554746,-1.9204586,-1.3714617,0.36744726,1.3840172,-2.3785524,2.1367917,-0.11607533,0.69224656,-0.39629436,0.50552994,0.49510226,1.0321054,0.3288185,0.72704285,1.2687312,1.235119,-0.22651872,0.5532202,-0.77168065,0.10754138,-0.83023703,1.1201279,-1.0898801,-0.23731418,-0.6328706
TGCAATATCCTCATGC-1,-7.7178855,-2.2212484,-4.6444607,0.46235085,0.4679197,-3.1189957,0.6201296,-0.80707467,0.30805695,-0.97379965,-0.31056505,-0.37728265,-0.3023482,0.48925957,1.6632512,0.47409898,2.603191,-2.7183895,0.23987772,-0.10459548,-2.0217636,1.1348225,-0.9682778,0.59652084,-0.71975183,-1.0305583,0.14780706,-0.2186541,0.7053791,-3.3679812
TGCACTTGTCTTGCAT-1,14.835017,-1.8873757,0.24420851,-0.10374024,0.22336605,0.1866239,1.9780574,1.102325,2.2790642,-0.72020185,-2.839527,0.0929917,0.9886454,1.4955379,0.17076027,0.7560956,0.856927,1.2470324,2.7011216,-1.0580064,-0.23104425,-0.754059,-0.03330531,0.42703414,0.42728946,-0.865974,1.2453575,-1.1594287,0.26016712,-2.0131452
TGCACTTGTTAGAGGG-1,-6.633355,-2.0219681,-3.8391821,-0.06810323,-0.42879155,-0.87084216,-1.0381364,-1.306692,1.5190514,-2.016649,0.26155552,-1.8275137,-0.544542,0.017226769,1.091654,1.2313416,1.2735078,-0.49307448,-1.6673511,-0.9689973,0.27921537,-0.16370982,0.33639535,-1.0921415,0.8555579,-0.73241156,0.19359478,-0.44904873,0.95021176,2.0796072
TGCAGGCTCCTAAGTA-1,12.208661,-3.7256846,-0.7503505,-0.026048558,-4.3611803,0.5448806,-1.4048709,-0.5056352,-2.2802155,-0.14661342,-0.012284561,-2.0865612,0.4867476,0.83147734,-0.4215337,-0.6747575,-1.0494789,-0.20468104,-0.3462016,0.30242074,0.89760363,0.8343177,0.1934217,0.89909405,-0.7932831,-0.39751214,-1.194233,0.20332758,-0.6067314,-0.8449037
TGCATCCTCTTTGTAC-1,-6.247536,-0.69395703,9.409624,1.1747589,-0.96548915,-2.1741383,-3.0939143,2.101416,4.2607536,7.5778375,-1.1940877,4.037506,0.5173221,3.4952335,7.3845525,-5.449753,-4.3093233,-0.7002367,1.8259611,1.3555505,3.727184,4.478712,-0.4373062,-3.6729548,-2.845937,3.2195153,3.003045,-1.4939551,-2.3372355,3.155288
TGCATTAAGATAACCC-1,2.0793931,20.605385,6.148482,47.10444,-1.4911176,-1.327295,-1.7590069,-1.6030492,-1.7241505,-2.1364882,0.08988369,-1.6547341,0.72200835,-0.81675816,2.7402773,1.8316054,0.29093137,1.124178,0.17460681,2.4633446,2.0731816,1.349196,-0.69531447,-0.22008051,-1.7647191,0.44726008,-0.39341724,1.4973421,1.9062718,-0.25281698
TGCCATTGTCCGTAGG-1,-7.8649645,-1.8954269,-4.752417,0.40284953,-0.29703572,-5.2546306,2.7065904,-0.73661524,-1.4058628,3.2457983,0.5401819,0.50450325,-0.6308664,1.0429995,-1.4069948,-0.6849791,-0.82644075,-0.355389,1.1054958,1.3651496,0.085498735,0.5840646,-0.113517165,0.4169696,-2.4157712,1.8839585,-1.4604458,0.9460269,1.4734839,1.0255563
TGCCATTGTTGCATCT-1,8.127306,2.8580422,-0.055754438,0.98176146,4.3090487,0.10808929,5.864906,5.968548,7.660777,0.47156155,-0.9858547,1.198411,-0.06247601,-1.3001708,0.15286538,1.5763584,-1.7887119,-0.9245786,-1.0597742,0.6383071,-0.22749633,0.1878789,1.1625481,-0.23083031,1.5378467,-0.1708622,0.029443653,-0.34336105,-0.4784431,0.45948946
TGCCGGTAGCGAGGTG-1,-6.6384416,-2.039084,-3.2268443,0.13379802,0.61316156,0.15359865,-0.8375158,-0.21214333,0.4769255,0.177203,1.2684813,-0.78295857,0.95389897,-1.316092,-1.7650123,0.0016268018,-0.5570106,0.33252323,-0.27528,0.069371104,-0.18597369,-1.8667891,-1.0960044,-1.521604,0.5132376,1.8876444,1.0301887,0.19940986,1.2880594,0.9346357
TGCCGGTAGCTGAGGG-1,-5.965389,-1.5961663,-3.150206,-0.37577942,-0.06329786,2.7204192,-2.56599,-0.14963153,2.039089,-2.884018,2.2939122,-0.28896245,-1.8196079,3.7553263,1.5503309,-3.3418324,-0.22813547,1.8774871,-0.8788674,2.2490215,-0.6805901,-0.20091689,1.9288988,2.246046,1.1146985,-0.30513003,-0.17861919,1.9842243,-1.2230484,-2.0378985
TGCCGGTAGGATCCGC-1,-8.870291,-2.6434457,-4.692204,0.5377822,-0.876266,-5.080334,-0.9043821,-1.0949718,0.7914907,-0.94689345,0.24699897,3.2892232,-2.0121946,0.15188344,1.7689409,-0.44043756,0.19505,0.5456526,0.5293889,0.14000474,0.3159708,-2.6694486,1.2681859,1.8555508,0.15145305,-2.4564507,-0.81388706,1.1301183,-0.06894663,-0.99488586
TGCGATTAGCCTAATA-1,-2.3082287,19.237707,-1.0622599,-5.9973373,-1.2397182,1.9181416,2.7263298,-12.802744,3.2984593,1.4893168,3.9553695,3.0967262,9.422817,0.87226695,-0.53211015,-1.9755392,-3.4014134,-5.290162,2.4834733,-1.2466297,-4.4996004,-6.082317,-1.4212915,6.2177887,-5.698224,-0.5596737,4.5123944,-5.0566726,2.6945975,-0.5575642
TGCGCAGGTCAAACTG-1,13.573496,-3.1357577,-0.58457375,0.47124007,-5.063317,0.37006068,-1.5563998,-2.2044804,-2.1127086,-0.45772937,-0.74891925,-0.06667682,0.30062312,1.3690417,0.042384297,0.42039603,1.5253272,-0.5737551,-1.8846732,0.7434471,-0.47778854,0.5836309,1.3845152,1.5235869,-0.34015107,0.63273454,-1.8197684,-0.51849747,-0.5314224,-0.6783869
TGCGGTTCATTATGGT-1,-8.192552,-3.1042013,12.817084,-1.8074166,-0.034683805,2.5199964,5.8815546,-1.4366263,-6.825487,-6.2940025,-0.5628679,3.9127393,0.54374427,-3.4747589,2.284866,-0.29617593,0.4490871,-1.2279382,-2.345297,-2.0740614,0.9680776,-3.4810627,-1.587444,1.663191,0.8012201,-2.2696164,1.5277619,-3.1880755,-2.2012153,0.47904125
TGCTAGCCAAGGTATA-1,10.994894,-0.69705206,-0.1409984,-1.0013273,3.4070308,0.10982567,-0.32447058,0.68958944,0.93644,0.21515533,-0.9581156,-0.3224362,-0.24036036,0.31646606,-1.3844194,0.058264006,-1.067009,0.23005396,-0.8230928,-0.9029694,-0.11316518,1.050699,1.3626685,-0.71706253,0.946391,-0.3739155,-0.0805371,-0.16603905,1.0951645,0.06586447
TGCTATGCAACTAGAA-1,-6.8214746,-2.1178527,-4.561209,0.9093942,0.5373723,0.7449078,-2.7024972,-0.74087214,2.308984,-1.338772,-0.28144574,-1.0744411,-0.5733637,-0.93029004,0.33362052,-0.5685239,1.7413796,-1.5000064,0.6637064,0.2757242,0.021469133,0.60742927,0.36182466,1.3371025,-0.70320827,2.2518914,-1.2258108,0.5099425,-0.045053538,-0.3316748
TGCTATGCATAGGCGA-1,15.060331,-2.8324342,0.3506291,-1.3751596,-0.7888436,-0.82186097,-1.6087475,-0.5543134,-1.6474874,0.4204317,-0.8807145,0.372891,0.033497177,-0.16107619,0.44457346,0.06719609,0.51782537,-0.8959488,1.0741913,-1.7030563,-1.6291217,-0.62711716,0.14098595,0.2568655,-0.611223,0.07518795,1.2017963,-0.5605359,-0.92382556,0.6744802
TGCTATGCATGATTGT-1,12.957868,-1.5456566,-0.7635196,-0.06012268,-3.0942957,-0.2905755,-0.14939317,-0.21667512,-0.11341255,-0.11248485,0.56427133,2.0987332,-0.16172212,-0.91867995,0.9331754,0.98115164,-0.3114377,0.3927633,0.209112,-0.049132477,1.036176,0.6512164,0.31190264,-0.33129573,0.19585465,1.4746559,1.9435102,0.92933786,0.6310301,1.5069782
TGCTCAACAGCTCATA-1,14.303175,-1.2821223,0.1642417,0.06297138,0.017957766,-0.89798385,0.10607373,-1.4948744,0.92989707,-0.120898,-2.7457848,0.4351855,0.10209513,1.1727736,-0.029493319,2.2471714,0.10076516,-1.0586154,0.09448561,0.92533994,1.2404395,-0.57873875,0.10138731,0.5872272,0.8850191,0.02583978,0.24109963,-0.6664706,0.7334677,-1.1433886
TGCTCACTCCCTGGAA-1,-8.149067,-2.1427183,-4.5693517,0.58018565,-0.2991407,-1.6047233,-2.096566,-0.5996257,1.7411511,-2.3940296,0.32814953,0.60185087,-0.61920434,-1.427849,-0.112596974,0.4363308,2.9331367,-0.37620687,0.7539672,-1.6357684,1.918932,-0.7095478,2.829299,-0.54172504,-1.967745,-0.01767118,0.967862,-1.6819439,-0.1537827,0.51538527
TGCTCACTCGCAGGCT-1,11.675141,-4.2648907,-0.3234787,-0.970411,-3.1588304,-0.58987576,-0.042257074,-0.8110524,-0.6240234,0.20614322,2.6785016,-3.5296118,-0.37031952,-0.79193157,-1.3438693,-1.5428656,-0.4840838,0.028594568,-0.55340415,0.8305773,0.72029144,0.60202104,-0.012214002,1.9100263,1.1718637,0.24088186,-0.58851045,0.18733676,0.12544139,-0.6505621
TGCTCCGTCAGCTAAC-1,12.017455,-3.0202801,0.71136606,-0.5614734,-1.9437752,-0.2568735,-0.94679534,-0.391941,-0.930783,-0.8086608,-1.402179,-1.1618798,0.50418574,1.5995022,-0.29139677,0.530543,-0.049893074,-1.4267428,-1.7810417,-0.51478374,-1.3002689,0.40226045,1.4611198,0.16259761,0.81995165,1.4911283,0.83703196,1.349059,0.78334713,0.8169456
TGCTCTCAGCAATAGG-1,-6.7512164,-2.4853542,4.690241,-0.7208385,-0.31064972,6.706262,4.6047063,-0.8221738,-4.0141816,-4.305018,0.5939662,3.214277,0.93576336,1.6679795,1.9732095,-0.29255748,0.8809686,1.7712722,-0.48246646,-0.5413873,-0.60043687,-1.3984818,-2.5916753,-1.837518,0.93062574,0.7686224,1.2334949,-0.94648784,1.0031763,1.2782232
TGCTTAAAGTGAGCAA-1,-7.3174367,-4.8929725,16.417028,-1.0585237,-0.8062735,1.1431195,1.6829323,-0.2173054,-2.1058831,-2.4861422,-1.0493826,-1.0914176,0.41269776,-1.9071424,-1.9917974,3.6938286,0.60613894,-0.9395986,0.5930712,1.5720049,-2.431201,0.29404873,3.1679156,1.5740659,1.0046254,1.2433093,-1.6199948,0.45006427,-1.3831346,2.1942234
TGCTTCATCCTTCGTA-1,11.317159,-0.8899887,1.6400054,-1.2044344,14.1982565,-1.1778122,-4.1518736,-2.2046204,-4.347876,0.19957323,2.4927642,2.2410042,-1.4747472,-2.0568829,0.6272024,0.2164846,0.46493444,0.39715564,-1.1205394,-0.4167878,-0.116465285,-0.3305378,-0.28149065,-0.2036892,1.8941039,-0.76492465,-0.7310757,0.58503217,-0.69424677,0.943886
TGCTTCATCGCTAGAT-1,-7.4910398,-2.890424,5.996236,-0.69229275,-0.27029347,2.8416078,5.2240906,0.18906866,-3.7499905,-2.707941,-1.6043775,1.7474706,1.7616913,-3.2917166,1.8901323,-0.4493055,-3.4748333,2.5474453,-1.8312628,0.35779142,-0.70713145,-1.9783524,-3.1814744,-2.173871,0.6759449,1.6579542,0.0829431,-2.1208959,-1.3161986,-0.5465744
TGCTTTAGTGTTAAAC-1,9.360341,-0.32838655,0.87766594,-0.44190678,14.787055,0.36434886,-2.6141655,-1.094665,-2.920422,1.8406605,1.7159926,0.4125539,-0.50204194,-1.2023257,-0.043807406,0.074461445,0.64109826,1.4318122,-0.82726896,0.716352,0.06843086,-0.9288532,0.57448137,-0.8448536,-1.0986844,0.38646275,-0.5650552,-0.17853531,-0.33366573,0.020488115
TGCTTTAGTTTCCGGC-1,-7.2765813,-2.6087487,-4.5041704,0.5721612,0.56270516,-0.6854837,-1.193834,-0.1683639,0.7460217,-0.9836433,0.14855039,-1.2644295,0.4398984,-0.8083911,-0.06415182,-0.57341087,0.19734201,-0.28288347,0.9296313,-1.605239,1.3598858,-0.54423577,-0.46886414,-0.017388836,-0.5775451,0.74892765,-0.19679354,-2.5451152,-1.0539676,-1.7178547
TGGAACAAGTTCCTGC-1,-6.1718235,-4.2726426,10.723264,-0.7824008,0.44823804,1.3140937,4.664737,0.28088495,-2.4324214,-2.160621,2.3957238,-2.3262742,0.312104,-0.20696032,-1.8489883,1.8249837,1.9609963,-1.5507965,0.7992058,0.6280681,-1.7674193,2.9835632,2.4210258,0.3219113,0.59950495,0.20931494,-0.8817427,1.5840179,1.0349643,2.250671
TGGACAAAGGTCCACA-1,17.482044,-2.7183893,0.3290188,-0.066275,-7.0789313,-0.32062662,-0.3055763,0.3659105,-1.0118867,0.8863259,1.6971769,3.1884115,-1.9325513,-1.9060754,1.1082855,1.9665625,0.7193201,-0.47550437,-1.3485272,-0.88241535,-0.59973514,0.07213426,-0.53151864,0.1467391,-1.1193081,-0.31918573,0.7351705,-0.2384922,0.8316973,-0.7862708
TGGACAAAGTGGCGGA-1,-7.5532165,-1.8872678,-5.4836383,1.0570221,-0.7088505,-5.9611034,2.7973762,-0.43998632,-2.1102002,4.0898576,1.1003759,0.8910563,-0.9923598,0.15649337,-2.9308705,0.31211472,-0.25418347,1.038569,0.97323847,0.7737231,2.5195732,0.26956818,-0.46430123,1.5062486,-0.41140774,-0.15611883,-0.84634006,-0.0029055122,0.11897602,0.24800463
TGGACCGGTGCTCACC-1,-8.681408,-2.023288,5.5680685,0.03717458,-1.1699306,4.612503,2.7240438,1.5003082,-2.0980783,7.6728964,-2.8772154,-0.7832691,1.2177956,-1.339697,5.6339774,-0.50648904,2.749344,1.9485533,-0.83902323,2.4470055,-0.31121933,-3.4983797,4.372815,-0.32818672,0.020907376,-2.6827755,-0.507415,-0.13813348,0.24742714,-0.3028269
TGGACCGGTGTGCAAC-1,-6.2519164,-1.9597832,-0.74231607,-0.037151396,0.6274682,6.484302,-0.29232794,0.5110287,0.44991404,3.2058434,-0.54544806,-1.8002777,-0.3690077,0.6642221,-1.2533203,0.117003106,-1.0218235,-0.6432032,0.62583995,1.6126208,-0.5085421,2.042299,1.3564149,-0.16776381,1.0858767,-0.20607992,0.9130099,-0.18138388,-0.5362031,0.2730325
TGGACCGGTTGCGGAT-1,-7.667982,-4.7059608,19.983973,-1.3782352,-0.05401447,-5.664505,-6.4170322,-0.22539783,4.1946025,1.2789448,0.68295693,-1.174624,-0.070685215,0.34709305,-4.048916,2.4994435,-0.9066286,-2.712503,0.6349855,-0.33100054,2.321495,1.8008015,0.6153399,0.6986334,1.1062161,1.5957047,-2.0894268,0.77087,-2.0667596,0.17515512
TGGACGGAGTAACGAG-1,3.5249863,1.1663792,0.12270203,-1.086486,3.9775283,0.30036598,0.36385328,0.5489965,0.0017801409,0.3386127,2.1042511,-3.1152062,0.4824993,0.12125372,-0.4581441,-0.51436883,-0.10396749,0.040791422,-0.30666783,0.48160905,1.5291563,-2.2214725,0.8567965,-1.2022257,-2.5336158,1.1157463,0.299006,0.961926,-0.09473283,-0.0484288
TGGACGGAGTTACCGG-1,9.363135,-0.55331457,-0.8484006,0.20539841,2.9796324,-0.4549049,-0.59864056,-0.7051878,-0.85557234,-1.5104809,-2.4263232,0.34212896,1.6259072,0.9745478,-0.23671511,0.77642906,0.0753491,0.6552667,-0.095414065,1.1081084,-0.08012285,-0.29072553,0.42327237,-2.0202038,-0.99304885,1.5507017,-0.022119543,2.3577313,1.4448546,0.81340533
TGGACTAGTCACCTAT-1,-7.3499284,-2.1201384,-3.7039707,-0.0498568,0.37922338,-4.047501,3.444228,-0.45061848,-1.8314404,2.4813404,-0.31701088,-0.24906443,-1.0320035,1.3369346,0.07909215,-1.8199195,-1.5382224,0.69027066,1.0229634,0.2030609,0.24472342,-0.86565375,-0.0146097485,0.69229674,-1.8203372,0.063930765,-1.6438665,-0.4131259,-0.047938444,-0.8794359
TGGATTCAGCCTGAGC-1,-7.258258,-2.8720043,-3.4147396,1.142873,0.15443428,-4.1992173,3.1290295,-0.59076345,-1.9818622,-0.14057624,-0.1342176,-0.089202955,-0.91585666,2.155121,0.43338558,0.22476543,-0.025549227,-0.3115663,-0.17587033,1.6707139,0.6341675,-0.2671688,0.5946238,0.18692137,-0.49012935,-1.0978521,1.4434124,-1.1169528,1.2502205,-1.160059
TGGATTCAGGCATTAC-1,-6.8205485,-1.8651028,7.397094,-1.6208742,-2.3169332,3.0830188,0.7919824,0.6014342,-3.0958917,-2.531741,-2.0923042,7.933537,-0.6683363,-0.28774697,3.8040752,-0.27198738,-6.272179,0.120260864,-2.041904,0.072151475,2.5446606,-2.4117014,-2.1236293,-0.6892832,-0.28485078,5.956954,1.328656,0.045486607,-3.589082,-0.86125576
TGGATTGGTAGACAAA-1,-1.8725438,14.2835245,-1.3302922,-5.164795,0.170511,1.085,1.6120756,-6.1895504,2.6512382,1.0313042,2.320081,-2.0275269,4.006969,1.2538548,-0.65439636,0.02856088,-0.07041168,1.2904667,-1.3398539,0.4395103,1.124175,1.4744202,-1.5428975,1.6259943,1.645214,0.7525723,0.25036544,2.4790232,-1.8685218,-2.1911833
TGGATTGGTCCACAAA-1,-7.229789,-2.310283,-4.1922045,0.14269136,-0.02167618,-4.2616143,2.513927,-1.7353499,-0.20735484,1.1023104,-0.44447818,-1.2797837,-0.21804908,0.9592131,0.7797304,-0.8247982,0.19659616,0.0955575,-0.26615965,0.11371428,-0.88504434,1.1714548,-1.5183792,0.012465479,-0.12088897,-0.04299611,-0.40018356,0.019112796,1.3857552,0.096755974
TGGCCAATCTAACTGA-1,-5.7543597,-0.18436337,2.9037063,-0.1342441,-0.6160626,0.6279428,2.5426059,-0.8205734,-2.005681,-2.477698,1.7133212,3.0182219,-0.20614302,1.5462751,0.55606866,-5.38389,-2.32432,-0.040166143,6.188328,-0.030672738,7.045861,5.6092305,0.6987653,2.6157067,3.09643,-2.2555876,1.823713,2.1425922,-1.7466744,-0.70126957
TGGCCATCAAACCTTG-1,-7.625445,-3.252124,6.572709,-0.81700283,-0.6981921,2.2981615,1.9449002,1.3027643,-1.5780262,5.6267376,-2.2004902,-1.6994895,1.2121415,-2.31337,3.7883584,-0.76867825,0.81938183,0.8781995,-0.46391037,-0.10565651,1.8680681,-3.9937482,3.056946,-0.17776506,-0.33397436,-0.32838604,-0.21966934,-0.6817673,1.2368201,-0.025697103
TGGCCATCACCATATG-1,-6.2597346,-2.6728625,6.9423175,-1.2989011,-0.40094933,2.7455676,6.5625734,-1.2228669,-4.7380705,-0.6993213,0.26031524,-2.3962154,-1.7188252,-1.2932816,-0.8189298,0.48578694,1.3688271,-0.15196276,0.3025178,1.940155,0.13523567,0.10749277,2.7219803,-1.4422685,-1.7382294,0.63468814,-0.8976025,-0.44081986,1.0912006,0.53421825
TGGCCATCACCGGCTA-1,-1.8774846,20.78147,-0.15890941,-7.6585164,-1.2968436,-0.72434855,-5.7826276,10.455239,-4.4098654,-1.133172,1.2758352,-0.13804737,3.5463772,0.8105543,-3.458074,1.296813,2.0465488,4.3973866,1.2236401,5.454245,0.5827071,4.8295484,-1.9432765,-2.7283237,-3.3312373,2.3539975,-6.756354,-3.2154331,2.5844927,-0.4798243
TGGCCATCATTGCGAC-1,12.065768,-0.27217323,1.0629412,0.04108258,11.698219,-0.8789738,-3.0326977,-1.9047887,-2.552095,0.9820257,-0.21069756,1.1164248,-0.5828816,-1.054645,-1.2633,0.64294875,-0.9546794,-0.37740162,-0.73789126,-0.58210105,1.074581,-0.11567952,-0.56286085,1.2770666,-0.25109214,-0.42525673,0.06549254,0.89192516,0.30239585,2.1237166
TGGCCTTTCTCACTCA-1,-8.192023,-1.2806422,-3.7886317,0.9842285,-0.52872825,-2.0437665,-2.4186227,-0.15032032,1.5378891,-2.19468,-0.3077666,0.6944722,1.0126816,-0.9070109,3.2812216,2.5374153,2.352981,-0.6945157,-0.45035717,-0.39562264,1.0724586,1.3677671,2.582164,-2.1902773,-0.07277131,-0.25441396,-1.263992,-2.5028355,-1.7332985,0.9345211
TGGCCTTTCTTGAGGT-1,-7.4293838,-2.0482614,-3.7455559,1.5347593,-0.21025096,-4.9838443,2.3983192,-0.25392452,-1.9176415,1.2644892,-0.33368087,2.6856549,1.0817701,-0.19850695,-0.09265525,-0.5249682,-0.31838596,0.2559417,0.50632524,1.0862634,-1.3216476,-0.7947154,-1.5512909,0.18312152,1.826692,-4.786048,0.89528275,0.028623147,-0.22219545,2.8796923
TGGCGGTTCCGCCTAT-1,11.773462,-1.1551882,-0.9984694,-0.87365955,-0.8353605,-0.60457706,0.21314564,1.1697904,0.28685465,-0.93488896,0.20701931,0.86575335,-0.16554801,-0.39703637,1.7403365,-0.21355832,-0.40908092,1.2109588,2.8924792,0.440997,-1.5917685,-0.76415396,0.69400615,-1.7617152,0.0075057573,0.40658405,3.9993513,1.5963516,0.42937475,-0.31701076
TGGCTAAGTTGGTTCT-1,-7.415141,-2.100706,0.2693094,0.51935244,-0.0073570763,5.5287123,-0.004460137,0.7578381,-1.3559852,5.2784147,-1.5085539,-0.18720196,0.9882823,-0.98076195,-0.5703164,1.8628498,1.0654883,-0.60210323,-0.08714068,1.1124332,-0.7250743,-0.54379153,1.0203553,-0.42867485,0.21161363,-0.15720268,-0.11630793,0.21648522,-0.5196285,0.5475488
TGGCTTTGTCACCTAT-1,13.681854,-2.5400078,-0.63732415,-0.47982764,-4.1343145,-0.30639705,-0.1096045,-0.8544845,-1.3913262,-0.61934733,-2.7642374,-0.7677843,0.13109769,1.058275,-2.2295973,-0.88231,-0.45803568,-1.1482761,0.2729681,0.9405105,1.2448784,-0.5072084,1.330008,0.55193084,-0.7853034,0.11299998,-0.9301391,0.64103,-0.56656003,-0.50005853
TGGCTTTGTTTATGGG-1,0.26754814,26.670464,0.3245991,-6.127156,-1.5727576,0.043632943,2.463355,-7.163944,2.7059355,1.2861916,-2.4083166,-1.9928387,-6.0256805,-1.9780318,-0.010693255,3.076467,3.3479962,3.1095548,-3.259451,0.66816425,1.7700347,1.3888309,1.8181696,-4.9203987,1.0684633,1.4879018,-7.0855,2.5032833,-3.7219818,-1.4919431
TGGGCATGTAATGGAA-1,-6.9602265,-1.8809136,-2.279196,1.0189682,0.44925228,-0.3567842,-1.4490182,1.4031035,-0.19991124,-0.9559851,0.44799265,-1.573094,0.6992395,-0.30627394,1.5520991,-2.1569118,-1.0387145,0.1812211,0.34986565,0.1792262,-0.6845461,-2.854642,1.4440156,2.0926263,2.3126626,0.36478147,0.08264335,1.6200854,1.272474,1.4749572
TGGGCATGTCTTTGAC-1,13.898082,-2.7563272,-0.55896175,-0.78220963,-2.4520893,-0.74618423,-1.679967,-2.6067975,-2.2991176,-1.1690254,-0.7294043,-1.6108923,1.2795463,-0.018775737,0.41164985,-0.64653546,1.2891606,0.63163376,1.3247013,0.52750945,-1.1278628,-1.2163087,0.37776846,-0.07059217,-1.4013187,1.7248089,-1.6979941,0.7399803,-0.7215837,1.1869042
TGGGCATGTGAGCACT-1,-2.1071427,24.892332,-0.4233657,-7.58523,-1.3788503,-0.52190304,-2.2030895,5.344557,-3.6671767,-2.5822518,-0.3905031,0.56497526,-0.90509045,1.6904396,-0.031966913,-3.0240998,1.8714336,-7.371401,0.14493842,-4.9137053,-8.413673,-5.0773716,2.9637778,-2.5557053,2.1027088,-0.56362814,0.298372,4.0193615,1.3187549,1.6117849
TGGGCCTAGCCGCTTT-1,-6.7515593,-2.2615957,-1.0262692,0.5469143,-0.36784708,4.1278815,-0.07188544,0.044482563,-0.621657,3.3495986,-3.063788,-2.0234993,1.0878761,-3.0544841,-0.5762054,0.12027801,-0.12755542,0.3209011,1.2946064,0.7705728,-0.062143724,-1.6742517,-1.6160761,-0.13618955,0.94882643,-0.6080927,0.09534212,0.23064587,0.5798314,1.2362323
TGGTCAGTCGTTAGTA-1,-7.473069,-1.432413,-4.8940635,-0.22018994,-0.20230731,-4.1494823,0.4764385,-1.1042022,-0.430787,-0.5893668,-0.40734956,-0.20315582,-0.91704875,0.06169357,-1.4619038,1.0916495,1.1194035,0.1333833,-0.9684946,-0.6341481,0.5594735,-3.2481842,-2.4600687,-0.1685065,-0.93029135,-1.1897614,1.6043383,2.710462,1.5583733,0.91639155
TGGTCATAGCACGTTG-1,0.05904278,21.968803,1.3394055,-5.3628745,0.25233027,-1.3455292,-0.39724624,6.287907,-1.8154685,-0.68180853,-2.3778024,-0.07236995,-1.5355403,2.351755,0.23790972,-1.3774551,-4.390266,-6.4768887,3.6248674,0.9473918,-4.1787205,-4.541337,-0.35434288,3.605437,-7.549496,-1.13821,-0.23655237,2.9088054,2.4380438,3.9143403
TGGTCATAGCGGGCAA-1,-9.269795,-1.9089428,-6.193165,0.8441493,-0.7724454,-6.7431574,1.9266508,-1.767557,-1.4639813,1.8823075,-1.13104,5.0208735,-0.95908046,-0.21810009,0.21890308,1.0952972,-1.0277574,-0.7058253,0.989107,0.08403772,0.040384755,2.7657583,-0.527503,-1.1864954,1.2148538,1.1348816,1.1854739,-1.056114,0.45401135,1.3584623
TGGTCATAGTTATTCC-1,-7.1000133,-2.628173,-4.914371,0.37320375,0.5473666,-1.0409855,-1.6163111,-0.0021621676,1.6037819,-2.5658193,0.6740295,-1.8480796,-0.45463702,-0.90449136,-0.5134639,0.18346538,-0.4089619,0.49821952,0.29850262,-0.78356606,0.61546516,-0.28584516,0.8425627,-0.63469195,0.10942286,-0.90602297,-0.44921347,-1.9880196,-0.4354245,-0.20699096
TGGTCCTTCAGGATGA-1,-7.747169,-4.6538157,15.815114,-1.5046496,-1.4863828,-2.0608156,-3.8482354,0.12906359,3.1339428,1.4060209,-0.9924055,-0.090256535,0.17788418,0.42290288,-1.3759334,0.2569455,1.6698841,-0.5205228,-1.0397673,1.5198358,-0.820133,1.7750504,-0.6146712,-0.81472975,0.08305271,-0.5323748,-0.3820151,1.2119955,0.7539634,-1.2012479
TGGTGATTCCGTTATT-1,-7.5517507,-4.4844604,20.25192,-1.2222983,-2.3555813,-4.5846844,-4.9627237,-1.1369116,2.7148323,-0.1717476,0.7947051,0.29242426,-1.81931,2.1523168,-4.134606,3.6594136,0.85510147,-3.6172502,-0.9069888,1.992484,-3.3308976,0.31836906,0.6760028,-1.7483325,-0.13974746,0.93168736,-0.06041614,0.6817474,-0.9582914,3.4515798
TGGTGCATCGTCATTT-1,-5.880028,-2.612195,-3.9057033,0.30353594,-0.5779354,-3.003641,1.4541787,-0.36254027,-1.0739625,0.76961637,-0.12189767,0.42576241,-0.7656932,1.9920895,-0.18640995,-2.0267045,-2.521971,-0.010625061,-0.031943686,1.9536066,1.1395282,-1.0944763,-1.1316376,0.6669615,-0.9763817,1.7979256,-3.6866956,0.10052031,0.27668938,-0.08047257
TGGTTAATCAAGCGCC-1,-7.3947434,-2.269242,-3.7578328,0.47638103,-0.31409457,2.8614326,-2.405142,-0.28996643,1.7448183,-3.0880477,0.22886562,-0.13094358,-0.41879165,-0.4238191,-1.6357522,1.2047082,-0.35841644,0.56556886,0.5920696,-0.9293651,1.2493348,-0.32181075,1.0178967,-0.27348286,-0.5866579,-0.32598722,0.6244123,0.51545984,-1.0798563,0.90694004
TGGTTAATCAGCACCA-1,14.344903,-1.6406816,0.048833743,-0.49492395,-3.0870976,-1.2881373,1.1678815,1.5046052,3.7861476,-0.67213684,-1.5636562,2.6913702,-0.7099497,0.7925449,-0.8237805,1.1150349,-0.99677604,-0.17176223,2.1759899,-0.01137521,0.08687269,-0.18169671,0.5728799,-1.1293417,1.059813,1.4878826,1.0852642,1.1194829,2.1187098,-1.8192286
TGGTTAATCCGGTTGA-1,-7.499818,-1.7546403,-4.977814,0.96763146,0.011442912,-0.3512373,-0.58856034,-0.5313278,1.7253218,-2.2487135,-0.675773,0.12640242,-1.3245571,-1.3410624,0.13273022,0.6852049,0.4397938,2.1134713,-0.35518298,-0.84485686,0.3724119,0.078837246,0.51027316,-1.5859725,1.1542869,-1.584148,-2.878877,-0.41851327,1.5801716,-2.1796556
TGGTTAATCCGTCCAT-1,7.7532525,-0.28665912,2.1994627,-1.4665464,-0.35015842,1.666355,-0.91092896,1.2196512,-0.09774031,1.6942718,0.25507748,-0.6655489,0.592644,1.1048434,0.5904089,0.75069296,1.4243973,1.1639737,1.6946685,3.3841052,-0.88115406,-1.4640774,0.058892705,-1.2705982,-1.9880207,-2.3489249,2.2606912,-0.5726599,-0.6394737,0.28649905
TGGTTAATCCTAAGAC-1,-1.942413,19.748083,-0.644077,-4.2467403,-0.15039603,-2.5832763,-3.9152298,8.138005,-4.794025,-2.0848682,0.26431432,-1.2883343,-0.5294965,0.56209284,-1.2431434,-1.6207302,-0.019150041,-6.3302584,-0.48508534,-4.6865005,-2.1588457,-3.0310545,4.8151345,-0.8953892,-0.95605695,-1.1187503,-1.9091159,0.9050933,-0.574111,-0.15654907
TGGTTCTGTTCCTGTG-1,12.542063,-2.2762606,-0.5221802,-0.07900874,-0.10550048,0.5069232,0.04166374,-0.61547333,-0.4480767,-1.3067795,-1.4097011,0.2622637,-0.15936634,1.7793812,0.20969433,1.6280875,0.8992617,0.33112898,1.0861298,-0.26171124,0.38215545,0.008358316,0.830379,-1.1660272,0.81685066,0.69574577,-0.5781067,1.2943107,-0.14256497,-0.99728066
TGTAAAGCAAGCTAAA-1,-1.0081129,22.20056,0.87778807,-6.453246,-1.9811205,-0.7245034,-1.1648158,6.543368,-2.1734953,-1.0174755,0.32526293,0.041485704,-1.0639905,0.39766824,1.9881243,4.189621,-3.6833389,2.3075755,-2.6732874,4.504316,1.643347,1.1325188,-1.3593525,-2.8599339,-6.309144,2.5974116,0.92134863,-0.15517744,1.163319,1.3055906
TGTAAAGCAATTGAGA-1,-0.5439448,22.604694,0.08838982,-7.312813,-0.8277301,1.1669226,3.6178727,-8.478018,4.7431445,0.9289215,0.40827206,-1.3114986,-2.182107,-1.990377,-2.213274,-2.650519,0.48300937,-3.8723793,-1.1762344,-2.2564692,-2.2021852,-2.667931,-0.42785555,3.384859,2.254114,0.6547356,2.938443,2.8960857,-0.45950913,1.9441783
TGTAAAGCAGCTCATA-1,8.368747,-0.37902904,1.05169,-0.20962259,13.447238,0.6647056,-2.7358432,-0.8328553,-2.3860676,2.0231512,4.024886,0.7046361,-2.1144862,-2.898202,0.4817663,-0.57695484,-1.1440567,-0.5115153,0.36552858,0.16991037,0.09219656,-0.5494928,0.15876722,0.19899511,0.940374,-0.353826,0.28092444,0.5155172,-0.22555993,-0.33946216
TGTAACTCACCAGGTT-1,-6.516776,-4.8779564,15.362487,-1.2031401,-0.5424809,-3.9925098,-5.030535,0.4205484,3.5311532,3.4129,0.3835456,-2.1019185,0.72382176,-0.17483094,-1.7934674,0.26851207,-0.86753833,0.4699363,1.1281029,1.04675,-3.452465,-0.23059565,-0.06026094,0.6604801,0.88740027,-0.7614275,-1.699348,2.1247504,0.8328513,4.3816633
TGTAAGCTCCAAGTGT-1,2.9955819,1.0257672,-0.015229284,-2.661246,1.9540918,0.4619369,-1.1140922,-2.0395403,-0.18975237,0.38017386,1.8736799,-3.6390774,1.2407584,1.423697,-0.41858065,-1.1579161,1.5867401,0.48792112,-0.08249336,1.4881331,-1.0980797,2.4993832,-3.6070938,1.5114888,0.24709393,4.0157266,3.492105,0.31973448,0.5390107,-2.5435236
TGTAAGTGTCAAGTAT-1,-6.7655706,-2.5843515,-3.360012,-0.3239123,0.18852976,3.9525435,0.0017766564,0.20990576,-0.4908936,0.73315996,-0.93667275,-0.23486477,1.2259532,-0.8152206,0.76327944,0.856892,-0.06412712,-0.6692854,-1.6939837,-2.7269168,2.1892834,0.83321404,-1.6461842,-2.031232,-0.56163585,0.78626937,-0.43902564,1.0264587,0.45480826,-0.15267515
TGTAAGTGTCCTTAGT-1,13.581933,-4.8063345,-0.5789819,0.14552835,-9.690984,-0.4985014,-1.8682771,-1.2470684,-2.0457804,1.0923388,9.000857,-0.63079983,-1.9639351,-3.9731364,1.7035195,-1.5146129,-1.6022078,1.6699065,-1.196163,-0.20875767,0.58356154,-0.2880115,0.5072199,-0.043595057,0.3183343,-0.44174677,0.083692744,-2.6045887,-1.1759187,0.38195097
TGTAAGTGTTCGCTTG-1,8.012625,-2.0090637,-0.9503106,-0.8032425,-1.6638579,0.47085565,-0.19686042,-0.38363975,-0.81532264,-1.3059887,-2.644513,-3.1671467,2.531404,2.098514,-2.4542105,-0.014105403,-1.7220784,-2.669347,-3.0062451,1.5424217,2.0854468,1.0588192,2.3436725,-0.61841255,0.1647456,0.28344467,-0.39881048,-0.75626475,0.9815205,-0.5038739
TGTAATGTCACAGCCA-1,11.741406,-2.30665,-0.9631054,-0.086256556,-0.15277538,-0.21717042,0.37916628,0.53369224,-0.33086482,-1.0142995,-2.531219,0.8427389,1.1679192,0.8221999,0.062398747,-0.7059244,-0.58721024,-0.5627652,0.60755426,-0.26983055,-0.38457003,-1.5181619,0.0927834,0.44181612,1.6855654,1.2126354,0.6565765,0.93139684,0.39850345,-0.11781657
TGTATCCGTTCACCCA-1,-6.9142237,-2.9403946,-2.9810164,0.3401726,-0.14404216,-3.9560575,3.7585437,0.19277073,-1.2077537,1.592022,1.247966,-2.7282248,0.33650625,0.6911997,-0.26165795,-1.4688705,0.42741126,0.08740044,0.35019922,-0.015273883,0.6379489,1.0293841,-1.2477571,0.18055885,1.0689789,-0.4916959,1.274508,-0.40551424,-0.17926933,0.059977688
TGTATCGCAGTACCGT-1,-2.5154827,23.866108,0.17222121,-6.1142545,-0.9771491,0.29345337,-0.6938578,4.0753603,-0.9243628,0.8163584,-0.8525285,-2.1849704,-3.1726177,-1.2821537,-1.8971356,-1.1789119,3.2312272,1.3593112,-0.7055574,-0.7680522,0.50905204,1.134969,1.1019977,-0.026300445,0.20103763,1.3000386,3.2186964,2.3872175,-3.9555757,2.2701838
TGTCAATCATCGTTCT-1,11.838371,-2.688959,-0.96683145,-0.2801271,-3.3286276,0.30463445,-0.38658693,0.66726774,-0.6438443,0.19446313,0.93089706,-1.0845212,-0.88135123,0.46081275,-0.49755168,-2.1797915,-0.13426669,-1.9597028,1.5953591,0.61115927,-0.044671204,-0.58304965,-2.0434806,-0.38702983,0.9222261,-0.40240112,-1.0108079,0.59678996,-0.53147924,-0.20957589
TGTCAATCATGTCAAT-1,-7.3888845,-2.067169,-2.386918,0.77318466,0.35298803,2.5900586,-0.43244046,-0.85048723,0.9463629,-0.49337652,0.23004805,0.4673435,-0.8874427,0.7016779,-0.54518884,-0.97070295,1.9076837,-0.3766367,-0.68456733,-1.7021767,1.3615024,0.1479583,0.009037637,-0.30338156,0.01951723,0.42197657,0.96703154,0.33390325,-0.25898245,0.13705346
TGTCATAAGGTCATTA-1,8.3776245,-1.3212357,1.3273274,-1.3155708,14.1992035,-0.71929055,-2.6183233,-1.2048233,-2.3649077,1.7232684,3.8491266,-0.079309784,-0.9494755,-1.7099928,0.41108027,-0.28859425,-0.18011524,-0.16506815,-1.1708616,-1.164968,0.18541132,-0.1994112,-0.12519576,-0.48309812,0.12214246,0.15286498,-0.6611738,-0.21910486,-0.4588995,-0.44942686
TGTCATAAGGTCCACA-1,15.81133,-3.4628239,-0.7072937,-0.9231151,-12.357745,0.5724817,-2.4798872,-0.8546897,-2.0163834,2.211269,7.237431,0.061565462,-1.8990096,-2.2452135,-0.11326486,-0.67863244,-0.211149,-0.52981675,-3.272112,-1.1358889,3.0275505,-0.0022184155,1.0166521,0.77830094,-0.7765646,0.25865158,0.9852987,-2.2563648,0.45456147,1.1975332
TGTCATAAGGTTTGCG-1,12.066945,-1.6147814,-0.74133015,-0.50730586,-1.6934991,-0.21860236,0.78604454,0.7554996,0.6346434,0.055323776,0.25412098,-0.9297701,0.27652273,0.10497702,0.88137066,-0.69200295,0.5406565,-0.41703337,0.108472,0.041246764,-1.4564961,0.1546849,-0.11523227,-0.98311883,0.9172762,0.4196544,0.26649472,-0.52845895,-0.21001138,-0.28099057
TGTCCTGGTAGGTTGC-1,12.675573,-3.16444,-0.36867395,1.2043157,-1.4011065,-0.011400634,-0.9247376,0.07930376,0.3351601,-0.21694489,-0.5231347,-0.27448735,-0.2254157,1.0351408,-0.2534827,0.47304243,1.4638537,1.238237,0.65746653,-0.97078645,-0.5077012,-0.729657,-0.059972342,-1.8641763,-1.4132476,0.2643488,-0.80645007,0.73108923,-1.2836072,1.4417025
TGTCCTGGTTCGCGCT-1,-0.47813204,25.3089,1.0038395,-4.042021,0.17031504,0.22878759,0.71606255,-9.187373,3.1322477,1.5450085,-2.8064144,-2.0845659,-7.554421,-2.5808868,2.89856,-6.317193,3.4311578,-12.346474,4.1499352,-4.5516677,-1.6023995,-1.5180576,-1.4531327,0.7279254,-0.6431582,-2.0803328,1.2074258,-4.849395,-1.7374768,0.23941137
TGTCCTTCAAAGCGCA-1,12.668292,-1.0008054,-0.09886035,0.76272494,1.23615,-1.347559,1.4186424,0.96744967,1.3709965,-1.2456886,-4.9692607,-0.3643601,0.9793606,2.50992,0.029125188,1.9820956,1.3666708,-0.02871844,0.029980598,-0.34501526,-0.13516988,0.13171844,-1.2631482,0.52477866,-0.7764193,-0.66611964,0.75325096,-0.589956,-0.53420424,-0.9495408
TGTCCTTCAAGTGAAC-1,11.794096,-2.6645312,-0.11604299,-1.454474,-2.958495,0.45552915,-0.11192661,0.14088003,-1.6486201,-1.8574208,-1.5041391,-2.7070014,1.3465335,2.2772603,-0.21393652,0.12029283,-0.10154852,-0.52159506,-0.61076903,0.22099124,0.7346219,1.4584643,0.25468332,0.07761682,-0.43815887,-0.04734381,0.21799022,-1.0285097,0.31003642,0.7257167
TGTCCTTCAATAGTCT-1,12.657139,-0.89340824,-0.094544746,0.93369234,-0.10622235,0.2705675,1.9042503,0.41036597,1.8778704,-0.5215612,-2.6017656,0.34222925,-0.29811257,0.48132047,-0.71685714,0.23312438,0.43461883,0.11199775,-0.34421408,-0.23048168,0.06310462,0.3803908,-0.123878956,0.13322489,-1.2145585,-0.8014613,1.1521962,1.4189906,0.228543,0.56717783
TGTGCACCAATATACC-1,-7.1504517,-1.7599039,3.8620656,-1.0855194,-0.68830884,3.6409547,3.899885,0.99198496,-4.6680784,-0.67184544,-0.3805478,-1.4316815,1.8337085,-2.4649308,2.3634465,-0.65089405,-1.5605723,1.3507802,-0.97435826,-0.3114255,0.5033102,-0.89478594,-1.4669131,-0.9341803,-1.3264382,0.44409996,-0.40854916,0.61616594,-1.337031,-1.2476207
TGTGCACCATTGTGTG-1,11.433648,-1.101189,-0.4940078,-0.5423424,1.3471673,0.815669,1.9906881,0.17475158,0.65235645,-1.0142616,-4.390604,-0.6845428,2.3094082,2.446337,-1.4509813,-0.5066979,0.04761419,-1.1539891,-2.3782592,-0.17128049,0.83013386,0.08244018,2.031216,-0.17988916,1.0892229,-1.486233,1.5644509,-2.0947511,-0.036684018,-0.45994565
TGTGCGCAGTAAGTGG-1,-5.7458973,-1.6392643,-1.1313121,0.390492,1.1630678,7.1630607,-1.2932262,0.60049045,-0.26721013,4.2209992,1.4086696,-2.74506,-0.08179364,2.4720752,-1.3998826,-0.06901671,1.7474494,-0.11361273,-0.19520764,2.5639074,-0.6282882,-0.7669059,1.9556861,1.2331077,-0.056459375,-1.5561056,0.34686992,0.5533088,0.21216293,-2.0172813
TGTGCGGGTGATGAGG-1,9.506624,-1.8556342,-0.16481516,0.10913863,5.342204,0.4494675,-1.4125706,-1.0933604,-1.9957553,-0.15478702,-0.17173135,-2.0599868,0.012500256,-0.030676953,0.282313,-0.937903,0.7432658,-0.7865661,-1.0627382,0.038150832,0.027196003,-0.15510248,0.40993342,0.33575687,0.58124465,0.38937503,-0.03404534,0.13381894,0.0093082525,1.0663955
TGTGCTGAGCGCTCAA-1,-7.485717,-1.2600952,-3.9653144,0.16984889,0.054045424,3.0122259,-2.5612226,1.390445,0.122054316,1.142843,-1.7274475,-0.5514776,0.28021154,-0.20526445,-1.6508731,-0.7977446,-1.6995411,-0.9147068,1.9523933,-0.058554735,-1.0202521,-0.4483594,-0.80076826,1.6319114,-1.1773196,-2.1946573,-2.048727,1.0185199,-0.007108754,-1.7451669
TGTGGCCAGCGAGTAA-1,-1.1620667,3.9630005,11.799362,-3.6638474,-4.209397,-4.985674,-5.6498003,4.592282,1.9393896,2.8750393,-1.4686505,2.9915922,-1.1122895,-0.9123851,2.2490845,-1.4986187,0.7566332,1.5047115,1.2234743,-2.2825081,0.5057265,0.48531637,0.403609,-0.28772348,0.055465702,0.35371977,2.0613697,-1.1916037,0.97136605,1.2184328
TGTGTTAAGAACCTGT-1,9.542609,-2.4239016,-0.007026442,-1.3691167,-1.1613218,-0.06765182,-0.25131473,-2.157577,0.08359442,0.28453627,-1.881161,-0.31048107,1.849697,0.8397333,-1.719051,0.9429884,-0.3387031,-0.64483213,-0.6458368,3.19817,-1.3791188,-1.1140844,2.0555658,-0.49217838,-1.4431733,-0.53755933,1.3809627,1.770083,-0.36942077,1.1203493
TGTGTTAAGGAATAAC-1,12.3721075,-2.344819,0.43951902,-0.621494,5.678268,-0.97765255,-1.8659467,-0.8439587,-0.6967374,-1.0723884,-2.904537,-0.52080953,0.15785778,1.4731065,-1.5158683,0.66232127,1.0683225,-0.845406,0.93263376,-0.027809594,-0.28566623,0.0736635,-0.13989608,0.67549664,0.6209692,-1.1558585,-0.23113364,-0.018639227,-0.81459427,-0.35301325
TGTGTTAAGGGATTAG-1,13.934678,-2.6877594,-0.42483097,-1.103724,0.9436103,0.17261079,-0.6642252,-1.201265,-0.5031147,-0.6324832,-3.4218056,0.22958657,2.2710724,1.6245275,0.15023033,0.17032383,2.398137,1.8660656,2.1194909,-0.2871585,-1.2684095,1.2969381,0.5198886,0.87371784,-0.5258148,0.60813093,-1.0294393,0.49382082,-2.3396115,0.61689174
TGTGTTAAGTAAGGGC-1,-7.0685124,-1.051637,-4.080386,-0.19960865,0.15662502,1.09269,-1.9597862,0.06353489,1.400969,-2.0722902,0.32202378,0.22849226,1.3468726,0.14917167,0.21339044,-1.2860029,-0.9353248,-0.052631162,-0.988372,-1.3630695,0.34986806,0.6004542,1.3789215,-0.5009806,-0.8727924,0.94911087,-0.09978901,-0.095605664,-2.5974407,-1.4922109
TGTTACTTCGCTAGAT-1,-1.3295343,22.476742,-0.2175424,-8.115685,-0.44158846,0.05890229,-1.549948,9.98634,-5.557429,-1.3410311,0.37831652,-2.8124664,-2.0571427,1.3164583,-2.0401757,-4.6176248,2.1888976,4.8280334,3.132245,0.025168931,2.3847225,-4.335352,-6.721054,9.916121,5.7673287,-1.1574367,4.7144313,-4.2606845,3.2010999,3.1945562
TGTTATGAGCTCAATA-1,-5.001304,-0.61956006,-0.63412964,1.0554504,0.55996335,9.0555725,1.5200962,0.7463071,0.049817253,2.538122,2.2658598,3.4962811,-3.9044268,9.336851,-2.1470287,1.7204217,3.6353624,-2.2385726,1.519087,-3.1401384,1.4136933,2.8779602,-1.7214056,-2.4620485,-1.8162701,-0.23353127,0.13899392,-1.098565,1.8106493,3.207569
TGTTCATTCCAAATCA-1,11.3073,-2.393811,-0.67437303,-0.26164427,1.9352798,0.45651883,0.4447121,0.2711312,0.16576517,0.08042524,-1.0094335,-0.58216095,0.38737455,0.09444679,-0.33411,-0.57419753,-0.08416617,0.118457526,0.8365188,0.24961573,-0.2611026,0.3357623,-1.3787901,0.12067425,0.54975516,0.39707816,0.06586298,0.17301442,0.09995636,-0.51912034
TGTTGCACAATTGAGA-1,-6.0738735,-0.62812734,-1.0906239,0.16768533,1.2780521,6.7890697,1.0740421,0.64286995,0.47659546,-1.8497854,2.7091303,-0.03355849,-2.6450677,5.41221,-1.4488338,0.9325261,1.2373017,0.42628527,0.7338078,-2.677064,-0.16705744,-0.9944156,-2.0597186,-2.3271794,-3.6918726,0.9199786,-1.283879,-1.6229727,-0.73387355,1.7955812
TGTTGCACAGCCAGAA-1,-7.4660745,-1.4827226,-3.4385176,0.14767921,-0.45516205,-4.6886296,1.6640766,-0.5878815,-0.7996561,1.5033032,-0.11723001,-0.01009515,1.3553342,0.8940094,1.7217249,-1.4667119,1.5059292,-0.37102324,-1.7353226,0.036564432,-2.324283,-0.13859256,-1.6780635,0.28306636,0.089068554,-0.3862838,1.7130035,0.22182277,-0.39860684,-1.3998522
TGTTGCACAGTTTACG-1,11.490517,-3.1147485,0.7000465,-0.49412227,0.0015057033,-0.3346268,-1.837005,-0.36067742,-0.74078083,-0.2962953,-0.55021346,-2.6439958,0.55837464,1.5230899,-1.3256536,-0.9638743,0.2583899,-0.41662225,-0.5029125,-0.03205581,-0.43530336,0.47799468,-0.48626238,0.46030098,0.28263602,-0.28855002,0.0040421444,-0.77365786,0.25710386,-0.97946227
TGTTGCACATTATGGT-1,-6.774203,-1.345882,-2.336277,2.1769068,-0.5063336,-2.3611062,2.9698536,0.4642451,-1.03949,2.0156353,0.075646475,-1.4092607,-1.2559135,4.1537876,-0.35180464,0.14705291,2.0277967,-2.0523674,-0.9235174,1.9464815,0.52363676,0.022034805,1.7323161,-0.4502682,-0.53551346,-0.5590652,3.7021596,0.06203632,-2.2089486,-2.827323
TGTTGGCCATCTTGAG-1,-7.2710557,-0.93867177,-4.081645,1.0361949,-0.009930881,-4.252103,1.1673913,0.61730355,-0.80268663,2.3626,-1.7270893,2.4807663,0.70296824,0.6174353,0.4621991,1.2155582,2.2861595,-3.049465,-2.0006504,-0.11397484,-2.1581206,0.12038592,-0.6672227,1.4765793,0.12371446,1.6054376,-1.0247945,2.5659504,-2.0839925,-1.7930114
TGTTGTAAGGCATGTT-1,-7.768479,-2.3912504,-2.9542863,0.054418053,-0.025562322,2.7998445,-0.2669838,0.035219286,-0.6990798,-0.32793158,0.18609789,-0.3027011,0.065052055,1.6121505,-1.3418443,0.707291,-2.3074853,-0.80468553,-0.37552398,-1.211229,-0.7472777,0.71479595,-0.9474543,0.9944266,-0.5057691,1.1266946,-1.0256242,1.8827056,0.76974356,1.0184157
TGTTGTAAGTAACCAC-1,-7.926419,-2.5034509,-3.7417362,0.67020833,0.47081447,-4.094893,1.1166879,-0.18689138,-1.08959,2.1158621,0.5679957,0.3042833,-0.10839012,1.1517535,-0.027211292,0.92741853,-0.22977275,0.73955977,-0.8166047,1.305666,0.50032496,-0.23898798,0.6964485,-1.5358692,-1.7405303,-1.1456188,1.4033495,-2.105676,0.89232224,-0.637273
TGTTGTGCAAGGATTA-1,13.134053,-2.4484334,-0.4331219,-0.8727064,1.8239127,0.52314466,-0.28302467,-0.12306557,-1.0609304,-1.5623087,-3.7594824,-2.2039008,1.5084469,1.8181165,-0.057993736,0.13873574,0.90211517,-1.0000597,-1.2347244,0.6482441,-0.7355631,-0.2830934,0.37505484,1.4488833,-0.71295875,-0.15872194,0.0133203175,0.41493374,-0.48085353,0.3753918
TGTTGTGCACCTGCCT-1,-7.379447,-1.739612,-4.563643,0.64105237,0.47347617,0.2445473,-1.2298198,0.8135537,2.101169,-1.3334398,-0.05109428,-0.9136632,0.59002554,-0.33041215,-0.37945276,-0.6052752,-0.54749775,-0.8688897,-0.7182893,-0.51701003,-0.2115799,-1.8776808,0.38104653,-1.7871712,-1.1350635,-1.644424,0.09679571,-2.6255486,-0.28551364,-0.35862273
TGTTGTTTCATAACGC-1,-6.255123,-4.180217,19.749838,-2.018909,0.6101683,-4.2522655,-5.7960806,0.5349635,5.833224,3.3440268,-0.39232093,-0.7527424,-0.40505788,2.0637054,0.41833106,-1.2765391,-0.03972013,0.97465944,-0.22357032,0.09928034,-2.70641,-1.2176169,-0.04799204,-0.27075717,-0.7452848,2.7977374,0.7528008,-0.4449944,2.1000905,0.9375998
TGTTGTTTCATTTAGG-1,-7.190036,-1.6655232,-3.151584,1.3334386,-0.9472785,2.1372309,-1.4522786,-0.63082165,0.64617354,-0.079295866,-1.4981555,0.24741414,0.11941166,-2.7446477,-0.22798483,0.3728824,-0.1982548,-1.0498785,0.45875332,-0.25434223,-0.8839854,-0.21089302,-4.740025,-0.50147694,0.8933092,-0.9943553,1.1592151,3.7014349,-0.856452,1.6715559
TGTTTGTTCTACCTGC-1,13.359121,-1.4770331,-0.95484143,-0.5866615,2.1989532,-0.51433027,1.1326253,0.65186805,1.1442331,-0.57286435,1.0159037,0.60542977,-0.10044441,-1.725532,0.04014147,-0.28261298,0.3843843,0.16661616,0.4771887,-0.2059258,0.38400704,0.68344283,0.19186439,-1.6368626,-0.09213037,0.018198514,0.24475539,0.7786014,-1.0416791,1.7145194
TTAAAGGCATAACGGG-1,-7.923444,-2.0854263,-2.7053478,0.65124774,-0.42584285,-4.5791006,4.1350904,-0.5645981,-1.4159229,2.1748438,0.3767639,-1.8637851,0.16208541,1.916314,0.9343763,-0.0477977,0.52218777,0.081691176,-0.63124794,0.950899,0.6060435,1.3851422,-0.471679,-0.029581144,0.29452378,-0.682334,-1.0300539,-0.45122346,1.2850957,-0.15624036
TTAAGCCAGACAACGA-1,-6.5468106,-1.0127339,-3.7865007,1.3093072,0.06577082,-1.7927061,-0.59435725,-0.78591037,2.243087,-1.8797467,0.16993012,-1.9815038,0.17692325,-0.7848805,-0.105739035,0.602939,0.36965346,-1.0035933,-2.0741274,0.213054,1.0675753,-1.9641815,0.10375491,-1.0100166,0.07878003,-2.5961204,-0.29910117,-0.076805174,0.037249144,0.18139237
TTAAGCCAGCTATGAC-1,13.368808,-1.7001605,-0.42141742,-0.09068525,-5.3972797,0.71038276,2.3094525,1.7676215,2.1305172,0.9540567,3.3774838,2.4314632,-0.76920414,-1.2161815,1.3308252,0.7679607,-0.27875254,0.750029,2.7711747,-1.8075142,-1.9678079,-0.10491953,1.1783538,-1.0010049,-0.40607584,0.2621482,-0.14557444,1.1058573,0.4204912,-2.4876223
TTAAGGACACCAAAGG-1,-6.6963105,-2.278794,6.9161944,-0.03922404,0.5588208,2.7374153,5.8606067,0.36417526,-2.8537052,-0.029004987,0.226084,-0.97416383,1.6790677,0.424647,0.51286566,0.6189484,2.2607284,0.7532243,-0.37397856,-0.25986874,0.00651351,-0.43688214,-0.38978875,-0.3020609,-0.0740625,-1.4208477,-2.084515,-0.25098333,-0.028106445,2.2819834
TTAAGGACAGGTTCAC-1,-6.279896,-2.0332897,1.30424,0.14291899,-0.19878212,4.0097966,-1.9482542,0.8898323,1.3072897,4.3188663,-1.0880201,-2.686431,1.1640445,-0.7029513,-0.9963805,1.3069822,-0.033677,0.04488831,-1.2039728,0.52084726,-0.26982063,0.46484172,-0.10698369,-0.06762525,0.32221857,-0.3806055,-1.0242587,-1.5161421,0.7075509,-1.183222
TTAAGGACATTGACAT-1,-1.2572199,24.73875,0.36386177,-8.585624,-1.7390889,-0.53092283,0.8525827,0.7766489,-1.023646,1.8468835,-6.7113504,-3.371882,-13.341089,-4.607257,-7.290588,-5.233002,0.21137324,9.5343895,-1.995918,1.7540827,0.7967104,0.97145885,0.47260454,-0.5058911,1.7618232,4.4672794,1.627268,2.3948572,-5.08254,3.017417
TTAAGGTGTGCTAGCG-1,-8.088863,-1.2326249,-5.37896,0.45473048,-0.5959222,-2.9608185,-2.4219737,0.70611405,0.29757306,-2.0192647,2.2233696,-1.0314866,0.81233454,-0.17320663,0.6597369,0.6506317,0.33477196,0.5807282,0.20422167,-0.39544225,0.6866335,-2.593728,3.3505723,-2.4362934,0.37620005,0.9058399,3.809787,-1.5528238,-0.8641922,1.6300313
TTAAGGTGTTGAGCCG-1,10.100063,-0.94721884,0.672379,-0.4968579,14.402944,-0.4489631,-2.7892349,-1.041912,-3.0071192,2.0046034,3.7340722,0.8650191,-1.2256955,-2.204235,0.663958,0.12611045,1.1143404,0.30314976,-0.041313462,-0.96922415,-0.42754096,0.53631616,-0.7363292,-0.23989326,-0.5692768,-0.50048727,-0.681292,0.91077846,-0.06389354,0.43095446
TTAATCGAGCCGCTTT-1,-6.227042,-2.589802,-0.9389269,0.5000559,-0.2767191,5.819319,-0.05272451,0.72305495,0.6574257,4.1831613,0.06454446,-0.8595975,-0.12918699,0.3387203,-2.7352722,1.0132705,-1.9040811,-1.656828,3.6980653,-2.4438164,2.0857816,2.2504096,-0.7287111,1.4845115,2.6662736,2.6601913,-0.34816617,1.5122198,0.80973047,-1.5617361
TTACACCGTATTGTGG-1,-7.9991703,-3.6828074,25.002628,-2.6884634,-1.8082451,-4.7788386,-4.6907425,0.7404672,4.180453,2.495354,-2.468053,0.83477193,2.2806945,-2.6596744,0.55752915,-0.89762205,-0.1519555,-0.3619559,-0.6073124,-4.4495754,2.2648046,0.038639873,-3.9186482,-1.9106604,1.6273785,-2.2503278,-3.3157327,0.49174806,0.4530138,-1.3810623
TTACACCGTTAACGGC-1,-9.157514,-2.0845306,7.146135,0.56387645,-1.1562506,4.128784,1.9205883,1.9842833,-3.6935742,10.712297,-5.012011,0.42881364,0.8876561,0.010300081,7.2269382,0.37546152,3.3832707,3.559445,-2.0389676,1.8393865,-0.13834791,-5.74437,6.1423473,1.5112004,1.1472789,-0.16030689,-1.0479198,-1.4613535,-0.75881875,1.9904369
TTACACCGTTGGTTAG-1,-7.13161,-2.2232294,-0.07190359,0.6057321,-0.84643203,5.991172,-0.53478813,1.3540314,-0.3860835,4.096213,-2.5451276,-0.8523739,0.89606345,-1.0212938,1.5168551,1.3073088,0.5625149,0.59141,-0.79069114,1.5802497,-2.5010588,1.3064908,1.2124974,0.9657826,0.7833974,-1.0111482,1.8701456,-0.5784833,0.2827313,-2.325014
TTACAGCAGTGAGCAA-1,-5.8420687,-1.7247504,-4.451771,0.3861695,0.9066382,-3.1280236,0.9716655,-0.1061677,-0.3357896,0.86952263,1.7822244,-0.7535947,-0.0673044,2.06583,0.370007,-0.07278266,-0.09782649,0.44622138,-0.31136677,1.2515638,0.7270884,-1.3107878,0.29106408,-0.34822705,-0.75735724,1.0709485,-0.392307,0.09830429,0.65459883,-1.733923
TTACCGTGTCATCAAG-1,-7.368599,-1.6740199,-2.6081533,-0.30004552,0.21706946,3.6166437,-1.4363595,0.21972221,0.22938164,-0.39047918,1.5017831,-1.1389607,0.7328044,1.0844948,-0.323705,-0.03408782,-1.6949463,-0.24553217,0.82106584,1.1577919,-0.23247238,-0.8691301,-0.5919026,-2.3173847,0.27494,-0.21935037,1.0870626,0.29138947,-1.7061514,0.10786925
TTACCGTGTTAGACCA-1,-6.3000326,-2.7475183,-1.1018971,0.42043403,0.11979815,2.7777464,1.4807963,1.5002604,-1.3140337,1.8629941,-1.0019333,0.040828872,1.1808686,-1.7124004,-1.1182821,-1.768307,-2.4060113,0.60466164,0.30339572,-0.015473345,1.0728688,1.0481286,-2.157007,1.0336741,1.8018764,1.8737661,0.81942976,0.44732448,1.3208958,0.5418626
TTACCGTGTTCACCAT-1,13.312409,-2.4733477,-0.40448147,-1.4039385,-3.6317172,-1.2919675,0.07259879,1.7574924,-0.938831,-0.40545064,-2.3061242,0.9152826,1.0016642,1.3949311,0.12493351,1.4665806,-1.4395472,-0.17821196,-0.3918809,0.035770364,1.780585,2.021298,2.5063283,1.9120193,2.5115914,-1.3961083,2.3129523,-1.7623619,-1.1712043,-1.1854612
TTACCTGTCTCACTCA-1,15.181314,-2.3429353,-0.35172862,0.2525151,-4.2235217,0.3351033,0.02017558,0.4653868,0.39854357,1.3684579,1.128688,0.93754244,-1.2702782,-1.6182016,-0.0909654,0.55366534,-0.49893886,0.9930941,0.9153957,-1.6783397,0.40346602,-0.13620251,0.12636745,0.20796247,0.3831406,0.032797724,-0.9766803,-1.4389689,-0.54928523,-3.5349078
TTACCTGTCTTTAGGA-1,13.9281845,-2.8237941,-0.74649525,-1.0555264,-2.782648,0.4036207,-0.69636494,-0.914486,-1.321082,0.040158402,-0.6842937,-0.29906592,0.4851882,0.4697254,-0.87274814,-0.01205103,-1.0556667,0.33578318,0.35218278,0.1526712,1.9378982,-0.758899,-0.33857685,0.7891996,-0.29847777,0.34260795,-1.02964,-0.4142525,1.3371458,-0.7139197
TTACGTTTCAAACTCA-1,8.780485,0.8755561,0.407289,0.6955827,2.583631,0.4979191,5.9205523,5.270028,8.410416,0.31355175,2.29291,0.3096257,0.4629692,-1.1043684,-0.184586,-0.909149,-0.8372211,-0.6188774,-1.600093,0.30000004,0.23944941,1.4705524,-1.4210318,0.15303251,0.12068961,0.6116536,-0.36644486,0.42761654,0.00428183,-0.93849003
TTAGAAGCACTTAGGC-1,12.742364,-2.5933955,-0.45600003,1.1312511,-4.7328887,0.5266853,-0.6359537,0.03763012,-0.45274892,0.26693124,1.234571,-0.07052432,-0.30784032,-0.6679591,-1.3031204,-0.24065591,-0.94928116,1.740995,-1.0298355,-0.8008387,-0.48988372,-0.01953401,-0.09270967,-0.42351994,-0.6905696,1.8567873,-1.0496426,0.86937064,-0.76265985,1.5899811
TTAGACTCACAGGAAT-1,11.268836,-0.2846547,-0.21299256,0.277909,-2.6459343,0.732633,4.4417987,4.538342,6.2704635,1.5669074,2.7782598,4.240761,-1.1645951,-2.2217295,0.3976216,2.150441,-1.38598,-0.87146616,0.78579754,0.15469933,-2.0057647,-0.12812094,1.7573918,-1.6841345,2.468635,-0.72378474,-0.38200074,0.54914343,-1.215644,-1.6881108
TTAGCAGGTGGATTGC-1,13.259887,-3.5734968,-0.39583373,0.07093041,-6.6016273,-0.85588384,-0.38915294,-0.22523215,-0.7494249,0.92093533,1.9654804,-0.69822264,0.16960916,-0.17582218,1.3124231,0.19197768,-0.7886652,1.000924,1.1410353,-0.13302614,0.23286659,-0.39233634,-0.3915141,0.8106362,0.26435748,-0.36192045,-0.23482646,-0.29352102,-1.3652226,0.10629695
TTAGCGGTCAGCACCA-1,-6.9378233,-1.0642453,-4.372717,0.4633826,-0.35594878,-2.0087583,-2.1514907,0.85301524,-0.72062045,-3.8472884,1.8562473,1.199481,1.2835673,-1.1491867,2.481468,-0.36922395,-0.15603518,-2.0076313,-1.8418771,0.011122801,2.1869762,-1.11661,2.4992745,-0.978072,1.088134,-1.7298836,1.5466433,-2.6600077,0.085151754,0.079345025
TTAGCTGCAAGCTTAT-1,14.166986,-2.4010332,-0.44624767,0.30027494,0.7696152,-0.5511147,-0.8792887,-0.48510084,-0.47973007,0.295504,-1.6710348,0.91378915,0.33097708,1.1029719,-0.103626676,2.016735,-0.27208865,0.15749742,1.6929382,0.24647734,0.13922048,0.31565127,-0.03143043,-0.38641706,-0.7426807,1.0789939,0.33834398,0.7297964,0.5900848,0.62261784
TTAGCTGCACCTCAGG-1,-6.6162353,-3.6041145,8.026133,0.4623641,-0.81255203,2.235888,3.6734202,-0.36478752,-2.7285612,-3.3727813,0.60151327,0.19031551,-0.6536649,0.38753942,-2.4068527,2.8418903,1.6056566,-1.0594938,-1.360869,1.3541862,1.4424486,-2.728376,-0.104344174,0.53160346,0.07355804,0.4500143,0.33468202,1.1295207,-1.277868,-2.2161064
TTAGCTGCAGGTTAAA-1,-1.8380036,25.910439,0.5070548,-9.034503,-1.0910809,-2.060642,-2.4621787,8.199305,-4.599874,-0.8963126,0.16069801,-1.0884243,3.166583,-0.28145626,0.3367265,3.5702283,-2.309577,5.556095,-1.2945029,1.0983791,3.0670905,-3.8781717,-2.731121,-0.42304844,6.0795183,3.0130389,-4.334918,3.285884,10.084617,-3.8275034
TTAGCTGCATTGCGAC-1,12.612347,-3.1994224,-0.20838208,-0.03623874,0.5966366,0.44042996,0.042033013,-0.6772409,-0.4028547,-0.036473174,-1.5151795,-0.8503767,1.5401562,-0.012947212,0.18973434,-0.03802878,1.9918971,2.181857,3.754654,-0.26864317,-1.2092878,-0.06437803,-0.77902824,-1.8012837,-0.65791106,-0.36232045,1.318542,1.3708551,-0.99143887,-0.56229436
TTAGGATGTAAGTCGC-1,-6.110052,-2.563195,2.4331286,-0.36181355,-0.24589618,3.837708,3.909713,0.2750968,-2.7471738,-0.25409603,-1.6106453,-0.6180416,1.4609008,-1.6756983,2.139625,-1.6385802,-1.846691,0.917683,-1.9241765,-0.85345113,-0.082427844,-1.5538023,-4.1213045,-0.0020721704,1.6257762,0.094989724,-0.20991753,1.8969898,-0.6951494,0.79440784
TTAGGATGTCCGTAGG-1,-7.3103013,-0.5019966,-4.832691,1.5673277,-0.40101543,-0.7823198,-1.6611698,-1.8043312,1.7372261,-0.51505953,0.63062865,2.8924935,-2.4408205,2.341623,0.3819923,-4.350083,0.17673087,1.8349707,0.5639109,-2.4655337,0.24505997,1.0911572,5.829844,3.5578997,4.201786,6.561227,-2.0356638,2.2637649,-0.66953295,1.2226169
TTAGGATGTTCCGGGA-1,-7.25687,-2.521096,-2.799146,0.9586725,0.47782573,-1.7683042,-0.57668173,-0.18399578,1.0826952,-1.8727281,0.7361659,-1.658439,1.4309752,-0.11245755,1.7267745,-0.8129954,1.4479401,0.5192712,-0.87045467,-1.0852541,1.2393618,-1.4324496,1.4104578,-0.09722978,-1.3823353,-2.6193995,0.29698715,0.46979573,-0.2645181,-0.3143217
TTAGGATGTTGCATCT-1,-6.588864,-2.3373463,-3.9481316,0.19405514,-0.5483315,1.2504404,-2.1972475,-0.33963862,1.6193486,-3.5224857,0.602671,0.0050683618,-0.16232358,2.2315965,0.09990441,0.75909495,5.063388,-0.26804352,-1.2054044,0.3639208,0.34271827,-3.3273792,-1.0641066,0.10662358,-0.5342746,-0.59762734,1.3259245,-0.28981575,0.78516865,-1.3883765
TTAGGCCCACTTACAG-1,-6.225791,-2.1828606,-4.3091745,0.986602,-0.4111486,-1.7763836,-1.4353126,-0.3514259,1.5118197,-1.1196535,0.26213798,-0.6555946,0.06348174,-0.42933303,-0.48095602,0.4817641,2.9221027,-0.5609748,-0.5435253,-0.24769033,2.68447,-0.5847999,2.9761004,0.22740461,1.0299896,1.6234224,-0.09811307,-0.8849212,0.54100484,-1.6317086
TTAGGCGTCCTAATGA-1,-1.4214616,27.164045,0.1546876,-4.404031,-1.1644436,-0.806158,0.6394972,-2.4775593,1.5364997,-0.21158814,-3.9062464,-2.1784186,-8.8502655,-3.2508614,-3.755734,-2.7274773,1.3181119,6.8256965,-2.7029178,-0.6974649,2.8361404,0.029800786,1.2062807,2.912452,2.0412276,0.94973797,4.794863,-2.607291,-4.150241,2.2330956
TTAGGCTAGCTATTGA-1,13.2981615,-3.2428515,-0.37631255,0.4264002,-6.663395,-0.06890687,0.9185742,0.701259,0.97812796,1.7295337,6.9159856,0.4250819,-1.3313406,-3.2788599,1.1151421,-0.5159296,0.52177846,0.20364967,1.127792,-0.9517439,-0.54953545,-0.10937014,-1.416562,-0.63141054,1.1586834,-0.98772055,-0.46650922,-1.2758943,0.90641904,-1.5685197
TTAGTCAAGCCTCTCG-1,-0.9345858,19.677801,1.7967001,-3.368396,0.2363686,5.222955,2.236185,-13.954823,4.2760086,0.035490677,4.2039194,7.6224117,8.058957,2.4843874,1.5521641,1.3929063,-0.05238148,-2.8077104,1.2260334,1.365923,2.2092574,-0.36238384,-1.535332,0.1586441,3.2184389,-2.6177528,4.1547165,0.83159035,0.8664876,2.7859805
TTATAGCCAGCTTACA-1,12.757182,-3.2062018,-0.21208708,-1.1758622,-6.9231806,0.55638057,-1.9157189,0.18496507,-1.7067525,-0.36558646,2.318968,0.28799322,-0.96354455,0.47177958,0.13256979,-1.2971066,-0.19853732,-0.5714883,-0.3423867,0.4046697,-0.42939904,-0.32654896,-0.4847952,0.26883194,-0.16827269,0.83805156,-1.7540246,2.838657,0.018302457,2.8448853
TTATAGCCAGGCGATA-1,-6.4373627,-1.5828786,-4.8526483,0.21515715,-1.2119129,-1.2426627,-2.661945,-1.1475269,1.1196828,-2.040178,-1.8316845,-1.0705928,-0.040797446,-3.4366317,0.9645965,-1.7382672,-0.9610838,-1.3632325,1.1978284,-0.06595061,-0.1491997,0.35186198,3.0225646,-0.50201726,-0.95160836,2.2988307,-1.4457631,-1.6752869,-1.547787,0.18150565
TTATCCGTCCAGGTCA-1,9.466391,-0.99080014,-0.08823761,0.22571501,2.2958503,-0.022803076,1.8449926,2.4506376,1.1901333,-0.8926442,-0.26643306,-1.8733203,2.5421093,0.49390176,0.34866962,-0.4606121,0.51417667,2.8782015,2.2946413,-0.6380894,-0.83829623,-1.6807523,-1.3834169,-0.30456474,1.3321468,-1.8730617,-0.061677113,0.73867124,-0.22271676,-0.5790325
TTATCCTAGGCATTAC-1,-6.0001035,-1.9394997,-1.8749144,0.34868735,-0.091061585,5.6627116,-0.44283637,0.7378429,-0.44393662,2.3181481,-0.9335218,-1.1403574,0.33318815,-0.6535607,-1.6097169,1.0180869,0.1618388,-0.79140514,0.47144914,-0.26700157,-0.8586931,0.6919064,-0.9957439,1.1696669,1.0717323,-1.6134524,0.6696706,0.5344819,0.22129996,-1.8364747
TTATCCTAGGGATTAG-1,10.216303,-1.1084445,-0.28582844,-0.47938752,3.2943041,1.2572988,0.95116496,-0.054261964,-0.7726125,-1.5664335,-1.8138913,-1.160407,0.8077219,2.5338178,-1.137241,0.54719216,1.1585761,-0.32011497,-1.6882479,-0.025401898,1.2654524,0.32510936,0.54073864,0.5646019,-0.57234746,0.7196551,-1.4167233,1.5802498,1.2832693,0.11434441
TTATCCTAGTTAGACC-1,-5.958315,-1.8362653,-0.84349334,1.2343923,-0.61383975,5.661619,-0.9367761,0.8919491,-0.35200936,5.9292536,-0.9029821,-0.9909085,0.6430174,-1.606139,-1.3229041,1.5818471,0.79922545,0.9012889,-0.2367793,2.2864442,-0.6143886,-0.76230484,-0.32277474,1.7509809,0.7215782,-1.3813108,0.74148446,0.83287156,-0.016480789,-1.3218266
TTATGACCAACTAGGG-1,-6.258263,-1.1306685,-2.6681347,0.4885706,0.32877982,4.6060157,-1.1672744,0.70184165,0.9362384,-0.9408387,1.1995654,-0.21374214,0.20931281,0.3674838,0.0077682575,0.52990794,0.41030335,0.25274754,-1.0266068,0.77538925,-0.54945886,-0.17604989,-0.9204676,-1.56382,-0.19823909,0.014138645,0.56364614,-0.047377296,0.16570508,-0.7800593
TTATGACCATTTAAGC-1,10.407322,-0.98769563,-0.5417395,-0.9887901,-1.9068189,0.05762288,-0.5109071,-1.5453842,-2.061279,-0.10860611,-1.0827854,0.20552748,2.8007174,1.5834664,0.7467194,1.122276,-1.0879922,-3.0400345,-2.4867928,-0.6992003,0.3103796,1.7857277,1.844004,-0.183577,2.2542484,-0.70498735,-0.42886424,-0.24927376,1.8219887,-1.4338169
TTATGCGCAGTTTACG-1,-6.302638,-2.8975036,-3.2337627,0.10942439,0.011629541,-0.039525703,-0.41633916,-0.44314745,1.6205146,-0.5135068,0.82227296,-3.633509,0.67071766,-0.898276,0.6233469,0.104121715,1.4026201,0.3736334,0.3997931,-0.4365567,1.5961196,-0.9980771,0.07330867,-1.6020114,-1.3553175,-0.27792826,0.5519469,0.88666636,-1.2199914,1.0246526
TTATGCGCATTATGGT-1,-7.3646374,-2.3769784,0.06451701,-0.8538256,-1.2800394,5.040001,0.8577453,1.033504,-2.778768,0.9712213,-2.3742635,2.4225554,1.4243134,-3.7032037,0.2876686,0.74723357,-2.9044485,-0.10653962,-0.5616484,0.2786617,0.47178495,0.6972616,-0.99011004,-0.4625385,-0.5797324,1.7648988,1.4244089,0.6473376,-0.37979344,1.2476126
TTATTGCTCAATCATG-1,-7.362611,-2.0646226,-2.0360312,1.3456366,-0.7908016,6.8960466,-1.7390105,1.4851484,-0.4650832,7.342316,-0.69476074,1.7390505,-1.0733558,2.1338565,-1.356092,1.4432273,0.12965001,-1.8384047,-0.13379736,2.56241,-2.9768443,2.0115442,2.347119,0.49743524,1.4317657,-1.3198248,3.4418051,0.08466606,-2.4440932,-2.4715147
TTATTGCTCATTTAGG-1,-7.6922855,-2.7952092,10.988563,-0.70292395,0.55001605,0.75713545,5.1388054,-1.3972448,-3.6563134,-5.8244486,2.5453181,2.420472,-1.7557766,-0.74617434,-1.0723052,2.0988774,-0.6587906,-0.45005164,-0.5353286,1.2435772,-3.0322804,-0.6435892,-2.4499266,-0.62709385,-0.7313606,-0.80696887,-0.1369136,-1.6620399,-0.28539652,-1.0098264
TTATTGCTCTGCAACG-1,-6.6791744,-1.6627411,-2.5549676,0.4280409,-0.7125163,5.659905,-0.96610564,0.097074196,-0.1506142,-0.744381,-2.2685072,0.7836685,1.0407565,-2.9386919,-0.9558106,-0.7453246,-1.731209,-0.84755427,-1.4472461,-1.29186,-1.2024642,3.1189706,-1.0675111,0.99237144,0.39385974,0.2789714,1.4491918,0.6253801,-2.0269215,1.370732
TTCAACCGTTACGCAA-1,13.183984,-2.3479264,-0.54700994,-1.4191931,0.7656162,-0.10562035,-0.11461565,-0.79254425,-0.39994857,0.490281,-0.06565207,0.16782993,0.46813396,-0.5250923,0.24289662,0.5645153,0.094970435,2.201559,1.8088578,0.28051338,0.123509094,-0.12272467,-0.8838028,0.061372817,0.5711986,-0.3951437,-0.25472593,1.9776202,0.058073156,-1.133742
TTCAACCGTTGTTGTC-1,-6.994891,-1.9583987,-4.859862,0.7107256,-0.8672487,-6.2070384,1.8681037,0.040663287,-1.1421312,0.28867468,1.5306112,-0.13763706,0.21937197,1.9842843,0.7531578,1.1415912,0.45095116,0.63553,-2.2275848,-1.8774712,-0.8821146,0.18650882,0.75094837,-1.1078502,1.8393365,0.22722045,0.030465553,1.571189,1.8082398,0.78733677
TTCACTGTCTCGACCT-1,-7.8021555,-2.3212268,-4.961149,0.02521538,-0.26206192,-3.7510004,1.4001298,0.7408157,-0.66568995,0.84846884,-2.0792124,2.067904,-0.19804214,-1.9912901,-1.8473372,0.25422895,0.6360083,0.20542501,1.5323061,0.042749725,0.695877,-1.5010095,-0.700396,0.9367936,-0.15786535,1.3766409,-0.4831567,0.28433523,0.6605403,-0.27856794
TTCACTGTCTTTGAGA-1,-1.4784741,27.578905,0.30199167,-6.788309,-1.3528811,-1.5198135,-1.8302258,8.490231,-4.3120008,-1.0579119,-0.00022380921,-1.8450116,-2.584181,-0.8138642,2.7107165,-0.8594109,0.9759299,-6.056741,0.038686525,-4.535732,-3.0636718,3.4554822,1.6710811,-2.4401987,-0.20451988,3.7262604,-1.9091679,-2.7832747,-7.731825,-0.25137255
TTCAGCACACCGGCTA-1,12.692824,-2.5175476,-1.4193875,-0.5893386,-4.072831,-0.11356489,0.047066595,-0.9023734,-1.1280832,-1.0583413,-0.8329455,-1.4629111,-0.03989608,0.645719,-0.67497265,-0.51899576,-0.49774,0.74511844,-1.1531935,0.47884217,0.7581989,-0.7615894,-0.83882,1.5727952,0.23812425,-0.4388721,-1.305563,-1.4359853,-0.08225971,-1.2313162
TTCAGCACAGGTTATT-1,-7.108582,-2.050403,-4.633731,0.96846366,0.2614463,1.5721576,-1.8973325,-0.46040535,2.4074695,-2.8334796,-0.4013034,0.2277912,0.23742568,0.4363867,0.97850454,-1.3898693,-1.1179879,1.311418,-1.0211258,0.38078484,-1.5153846,-0.65087295,0.75755674,-1.0005947,-1.858006,1.6087121,-0.030062465,-1.1638376,2.1170938,-0.5147856
TTCAGGTAGCTGTCAG-1,13.432217,-3.3587039,-0.98665744,-0.65370435,-5.5440297,0.086805165,-0.23685887,-0.62843335,-0.4182083,-0.5848976,0.88875425,0.5524269,-0.31733492,-0.23434824,0.52764344,-0.13917892,-0.40077117,0.26838952,0.69710827,-0.36756116,-0.30709195,-0.72507674,0.49196115,-0.46026403,-0.5449441,0.41383076,0.3040849,0.5602352,0.41790023,-0.7925873
TTCATTCAGGTCATTA-1,6.310297,0.98153895,1.1677765,-1.6893903,1.8813416,1.7898167,-3.37225,-2.8939362,-1.9697397,1.9901966,-1.0470837,-2.8968894,-2.1274736,-1.107631,-0.70029616,0.82654035,-2.074825,-2.6043537,0.67756224,3.0582407,-4.0350924,0.5466885,-0.025312018,-0.5831389,2.1141493,-0.78649926,-0.49832505,0.2507763,0.291839,0.9735798
TTCCACGGTACCGTAA-1,13.600396,-2.1634102,-0.2106784,-0.46782497,-1.2255234,0.49173447,1.2132785,0.17304842,1.5242517,0.39764774,-0.58383834,0.42940688,-0.8009828,-0.17148072,1.4004323,-0.1025951,-0.45999703,1.6822343,4.459059,-1.852436,-2.3200018,-0.7862161,0.28423965,-2.700004,-0.56063884,0.753798,-0.598812,1.7100471,-0.69629574,-1.3009869
TTCCACGGTTAAATGC-1,-7.761369,-2.6628957,-4.3343806,-0.15531497,0.47826517,-1.5377476,-2.027457,-0.84092706,1.2336231,-1.8344426,0.19203344,0.50139207,-0.018323747,-1.490339,-0.9745335,3.1619568,2.90622,0.07787429,0.14434677,-0.93973374,2.5417197,-1.5643353,3.494471,-0.29041204,-1.588023,2.2929847,0.62172234,0.9412281,-0.61745185,2.725463
TTCCACGGTTGAGCCG-1,-6.1021256,-2.2597468,-4.1145835,0.3454206,0.25465396,0.59894264,-1.0110611,-0.5045838,1.1800756,-0.7817782,0.8415301,-2.3162985,1.3605456,0.44064635,0.5176997,1.6996583,-1.2744281,-0.5372365,-1.6048685,-1.5120393,0.9773263,-0.71314657,-0.6484406,-2.6688762,-1.0727007,-0.15528736,0.4097352,0.4767331,2.621629,1.6146586
TTCCCACAGCGCCTAA-1,-8.044301,-2.4251468,-5.0400662,0.4652539,0.26868185,-6.553407,1.7506423,0.062392637,0.096122906,-0.44206232,-0.8818922,0.5726149,0.3588184,-0.6361307,2.2154639,1.6548213,2.209377,0.38794324,-1.0728042,-0.4729706,-1.9361637,0.9900051,-2.1032546,-1.2964317,2.0876496,0.7591735,-0.213723,-0.689393,-0.27779314,-0.6638239
TTCCCACAGCTAAAGG-1,-7.429804,-4.2968163,18.707417,-1.4284625,0.23171026,-4.183187,-5.9351854,-0.1292975,3.7724571,2.1920695,1.1778206,-2.2670124,0.19341917,0.8641346,-3.1695812,1.0538758,-1.3532883,-1.4739472,0.77366304,1.6421388,-0.59265995,-0.50096774,0.79970086,-0.16522971,1.4275904,-1.4515052,0.14167066,1.7553656,-0.09600971,-2.845005
TTCCCGCCATTAGGTT-1,2.9214242,21.681076,7.6768966,44.86475,-0.6136949,-0.04582763,-1.949969,-1.2367615,-2.216323,-1.2272991,-1.8637767,-1.3493007,1.0279027,0.16335614,-1.2429559,0.97576475,-0.32625425,0.8826018,-2.4389243,-1.6713567,0.49718273,0.33879337,-0.9411947,-0.17009342,0.13790393,-4.0807743,0.59258014,2.236758,-0.04352063,-1.4961528
TTCCTCAAGCACAGCC-1,-4.877395,-2.106008,-5.0112767,1.2799019,-1.8461837,-4.025177,-1.1146537,-0.8594427,-0.9343192,-0.2568941,-0.5005695,4.5165086,-1.4632196,0.08658395,-0.42060047,1.6697243,1.0876728,-3.1153524,-2.1526957,-1.9713303,0.24568932,-0.6823562,-0.027227199,-1.1049191,3.0142326,-0.06261304,0.1822091,-0.37890878,1.6084465,2.7659948
TTCCTCAAGTTGGATC-1,9.954904,-0.6961398,0.7873811,-0.3058377,14.513512,-1.4193665,-4.0627027,-2.6163383,-4.0969577,1.5194949,4.6851735,2.4800887,-2.0845056,-3.1109285,1.1114672,-0.48643264,-0.17638704,0.38766333,-0.8365786,-0.24911094,0.7367768,-0.8353663,-1.0333877,-1.1638578,-1.9159791,-0.18491276,0.0196194,-0.2757282,0.16107756,-1.1684313
TTCCTTCTCAGGAAGC-1,12.306776,-2.6447475,-0.004932084,-0.93928015,0.59037435,0.92208076,0.63765484,-0.16060416,0.07823424,-1.3450935,-0.9154285,-0.081650786,0.14035678,0.80681264,-0.96071434,0.061324365,-1.0455668,-0.6507821,-0.61531633,0.90997493,-0.48099047,-0.09006277,-1.7361879,0.11295134,-0.8889195,0.92256504,-0.76452076,-0.27186587,0.68086606,-1.4106641
TTCCTTCTCATTGCGG-1,-8.052448,-2.2546828,-6.1818876,0.5708109,-0.65840036,-2.083467,-2.957751,-0.5035692,1.2193799,-2.7289975,-2.0265088,3.5291598,-1.4988945,-1.5346069,1.2271271,-1.5818295,-0.68716836,1.4182016,0.23840114,0.8320875,2.4448268,-1.5289176,0.26282045,0.6788248,-1.0976787,-3.2831445,-3.3607285,0.87942827,1.6956948,0.14399731
TTCGCAACAACAGCCT-1,-7.5435038,-2.4949796,-4.173848,0.46728948,-0.073432796,3.692396,-2.0349145,-0.12716672,1.4889735,-3.3669763,0.35829163,1.9035318,0.07800817,-1.1983306,0.8919064,1.9188513,0.1035467,-0.23471317,-1.6217544,-0.7564302,-1.0461843,1.2094893,-1.3101019,-0.211675,-0.11493117,1.0486134,-0.8840489,0.24363796,0.54149425,-0.46387056
TTCGGTACACCGGTAT-1,2.1068122,22.046295,7.1550136,45.205204,-1.0498787,0.18919495,-2.4816668,-0.34866968,-3.0860622,-0.50550246,0.4183163,0.7181637,-0.3624245,0.6625508,0.09276022,-1.602657,-2.318373,-1.6989877,2.1028996,-0.61072594,-1.6634977,-4.2342386,2.232797,-1.4337232,-0.64062333,-0.55247736,5.2486386,-0.84046507,0.38424027,0.8860257
TTCGGTACACGAACAG-1,13.076474,-0.48031837,-0.21291818,0.41971752,1.2955471,0.65399593,1.1556379,1.0299829,1.1079901,0.2730998,-2.1340811,1.0092493,1.6803641,-0.6348029,0.84947705,-0.78904784,1.2251002,0.115649946,-0.47980404,-0.5372905,-2.9666312,-1.8607289,2.7386317,1.0291924,0.14681178,0.6977499,-0.16940087,2.596408,-0.7532635,2.5384603
TTCGGTACACGGTACT-1,10.053373,-0.7881374,1.8901556,-1.6827312,12.503407,-0.44544452,-3.5452561,-2.2738461,-2.9458263,0.7951104,2.3999913,0.32000455,-1.578463,-0.22788255,0.31681,-1.6507343,0.3913983,-0.22176541,-0.14625211,-0.016810445,0.70560515,-1.8055553,-0.8190305,1.9327816,-1.7148606,0.4865776,-0.48434865,-1.5800692,-1.0674089,-0.1924284
TTCGGTACAGCAACCT-1,-7.7450867,-2.0802162,-4.268168,0.08782314,0.6883584,-4.5782957,0.46689293,-0.20579188,-1.1397818,0.02002475,0.5525128,0.3888204,-0.7315241,1.7273369,0.89604974,-1.5213033,-0.9704519,0.14452732,-1.4633018,0.23761483,-1.4916116,-1.2098076,1.3411063,1.5624777,0.20544945,0.031022836,-0.0026795017,-0.49120572,-1.6938679,-0.1355073
TTCGGTACAGTAATAG-1,-7.5078855,-3.8808713,21.819874,-2.2750204,-1.2391691,-3.6656923,-3.5116975,0.94122577,3.3777575,1.7472488,-1.4773129,0.07626569,1.5729855,0.6668281,0.40483046,-1.4245375,-0.9886361,0.58001196,-1.691569,-1.3755057,1.7101908,0.78414106,-1.23663,-2.7627702,-1.1826668,1.7975259,-3.3051548,-1.1477757,0.32758978,0.94999385
TTCGTGCTCCTGGTGA-1,-6.256753,-1.4381711,-2.244682,0.9472612,-0.074786454,4.622734,-0.10701816,1.5960194,-0.98354256,4.6947384,-0.103383094,0.32427415,1.0470613,-1.3786659,-2.305782,0.8880873,-0.0886257,-0.8804602,-0.5873038,-1.2061578,0.6965707,2.0745535,1.7379905,0.6093186,2.1598628,2.6469717,0.08358114,0.73420984,1.3060012,1.822951
TTCGTGCTCGCAATCG-1,13.5310755,-1.9319916,0.27418575,-0.6063093,0.940903,-0.16115184,0.4242285,-0.4494685,0.45386305,-0.954489,-0.9848294,-0.013293196,0.51132387,0.22313519,0.30846798,1.3169059,-1.8617426,1.2488129,0.3611653,0.13962609,0.2815304,0.37883142,0.53915215,0.16183136,1.611276,-0.3167511,0.18914214,-0.38691294,0.6324745,-0.13328965
TTCGTTAGTCTTGCTG-1,-7.695948,-2.7106407,8.728345,-2.202847,0.21692899,1.3731129,5.679248,-0.2060396,-4.3616285,-1.4758408,-1.4138598,-0.39731246,-0.41465053,-1.4863776,2.2405872,-1.4509815,0.59970367,0.18958817,-1.3909254,-1.6259526,1.0677341,-2.051678,-2.000233,-2.114381,0.63689804,0.3243162,-0.25627717,-1.9121683,1.0115342,1.5495666
TTCGTTAGTGCACGCA-1,-7.770283,-2.2382686,-5.53024,0.4849019,-1.1432757,-1.670569,-1.6233336,-1.2023995,1.2619671,-2.3302987,-0.45093617,1.4594198,-1.2261126,0.18090987,0.8623405,0.7806989,2.2378652,0.723719,-0.07187045,-1.4123087,0.25679618,-2.391368,0.11771052,-0.7353856,1.429428,-2.1476061,-0.9975398,-0.3607176,1.321262,1.3035295
TTCTTAGGTAAAGCAA-1,-1.5092643,22.444067,0.5338982,-4.77999,-3.6064725,-2.1217067,-0.30929005,-3.8372056,-0.68602324,-0.22979717,-0.3896539,0.7305597,-3.1131127,-0.65515184,0.9601161,-0.4872865,1.5539713,-7.000742,0.5319777,-0.97671336,-0.8570712,0.3594669,-0.7862851,-3.0834796,1.3975006,-3.3245702,2.6593018,4.1356936,-1.7346252,-5.4410944
TTCTTAGGTACCGAAC-1,13.4234,-1.8631524,-0.8288023,-0.04260206,-3.8296716,-0.36590183,1.4246159,-0.08769072,1.7026253,-0.15756324,-0.11659824,0.6513459,0.048850615,0.260923,0.8736449,0.23004492,-0.06670125,-0.10069413,1.8226621,-0.21076627,0.37968156,0.20269056,0.51707935,-1.3498602,0.44502217,-0.42711192,0.28016704,1.123246,1.1008389,0.74745244
TTGACATCAAACCTTG-1,-7.7848477,-2.1364853,-4.733808,0.41437888,0.14509654,-1.9951437,-1.3413516,-0.7384706,1.6503502,-0.33884498,0.6732555,0.8575532,1.020493,0.38519883,-0.15669692,-0.039828707,1.2841092,-0.26910898,0.3484394,0.7983649,0.6922796,0.579007,0.14225346,0.57641447,-0.93980324,-1.0098628,0.48709255,-0.1583635,-1.151223,-0.3037123
TTGACATCAACGTGCT-1,11.946524,-0.97308975,0.80730283,-0.8506921,8.548624,-0.44020748,-1.6771075,-0.93557703,-1.4234735,0.12683687,-0.13402642,0.18922473,-0.31826887,0.39133242,0.79745317,0.7599137,-1.6019341,0.71566033,-0.49955875,-0.17953193,-0.15615779,-0.39379904,0.9652084,-0.47903448,-0.8133659,0.070700206,0.917782,0.033456836,-0.045753032,-0.19076289
TTGACATCATAGCTGC-1,-8.428248,-2.4633572,-0.7345231,0.5132769,-0.70091856,-0.8207072,3.512476,-0.442739,-3.7916465,1.7387259,-1.6343641,0.14589112,-0.36037898,-0.17519023,-1.8038344,-0.15093607,-0.4324543,0.4351805,1.8769016,-3.1229322,0.9770027,2.625167,-1.7317222,1.5089849,-1.7089373,-1.053062,0.786544,0.72312635,1.4035419,2.738003
TTGACGTAGAACCTAC-1,-8.463335,-4.5650997,18.160862,-1.058226,-0.6775628,-0.4385787,-1.370574,-1.948584,-1.2387142,-2.450669,-0.46918413,3.271464,-2.5448136,-0.30927408,-1.0514855,0.40748367,0.354808,-1.3898342,3.4204786,1.7980138,0.8869462,4.468433,1.0814334,2.4026725,2.0759256,-2.6512337,1.5790726,3.8962889,1.9596789,-3.010548
TTGACGTAGCAACAAG-1,-6.0914693,-1.4310125,12.949385,1.5993254,-0.96669024,-4.760369,-2.4565568,1.0151227,3.74035,5.4663386,-1.6847767,1.4260257,0.22359666,1.1794541,4.9713616,-4.700472,-1.3361188,-2.82426,-2.337009,-1.7652625,4.9677267,2.0416348,-4.074251,-5.089922,-1.0630053,6.628046,2.3031456,0.18579186,-2.6525729,-0.9908967
TTGACGTAGGTTAGAG-1,-0.28424525,19.26148,0.8814445,-5.743631,1.2897556,1.7270689,1.609394,-8.316466,3.9579298,-0.95883757,1.3639506,-1.6637628,1.4278563,1.3552485,7.276834,9.452241,-2.3526297,1.7342644,3.2421257,2.8733432,5.409751,0.33759144,-4.879721,3.0406578,5.3784356,3.5514274,-0.06739964,-0.19758162,1.8204641,1.7409112
TTGACTAAGTAAAGGT-1,9.8952,-1.3849775,1.9093747,-1.0137713,11.60422,-0.9579143,-3.563762,-1.6680954,-2.4870634,1.9575909,3.4389777,0.71222854,-2.0170927,-1.5855045,0.48846495,0.3353281,-0.9207018,0.92353183,0.7041319,-1.4702094,-0.25846282,0.85836697,-1.301978,-0.23570222,-1.4729311,0.4819343,0.79660946,-0.024810262,0.05380332,-0.10578761
TTGACTAAGTTTAACG-1,-7.337685,-2.7971609,-4.911337,0.7431901,-0.60352576,-1.9954941,-2.8917952,-0.4737818,2.4614818,-3.208397,0.10218683,-0.967624,-0.050444398,-1.2220249,2.7566657,-0.08371396,2.8654406,1.3087851,-0.18560663,-0.9369536,-0.4269318,-1.7813928,0.9840578,-1.1060165,-3.0873172,3.161248,-2.1357882,1.5534351,0.89627254,-1.4733297
TTGAGGCGTAAATTGC-1,12.553192,-2.9358184,-0.8119974,-0.16343632,-7.9577246,-0.065626435,-0.55179083,-0.17124262,-0.74661493,0.5691106,4.642202,0.93921727,-0.49391946,-1.8172714,0.92250115,-0.30435693,-0.10859353,-1.1608497,-1.8447516,1.2463996,1.5746322,0.38826543,0.7264513,1.4531918,-0.3709362,-0.12047671,0.9827738,-0.38087636,-0.76060146,1.5078458
TTGATGTCAATTGAAG-1,-6.924215,-1.9172158,-3.5790017,0.11869952,-0.21548697,2.8421562,-1.9023951,-0.80486035,1.4581649,-2.6236193,-1.2420343,1.3540376,-0.05179619,-0.91807914,0.66139853,-0.42959857,0.23188768,1.1973847,-0.20233083,1.2582182,-1.685378,0.25305536,-1.8111484,0.021904005,-1.507637,-0.79911906,0.57660043,1.3359348,0.1711526,-0.7822069
TTGATGTCATTAAGTC-1,-8.571462,-1.5369794,-4.977694,1.2344654,-1.2698889,-6.9997406,0.6976689,-0.17491312,-1.9113251,0.4710533,-0.7806631,4.8959713,-3.0069544,0.31670314,-0.33726382,2.5714686,0.8200732,-2.5671356,-1.1283275,0.9812233,-0.53405875,-0.30204427,0.59353334,-1.1752023,-0.10497397,-1.5840669,0.68306166,-1.5781758,-1.2866635,0.22957167
TTGCAAGGTGGGAACA-1,9.330873,0.17388937,-0.10246128,-0.53799826,7.710798,0.5699485,3.030489,1.6837624,2.0396671,-1.8967566,-1.974977,-1.0377733,0.9421568,1.4613874,-0.37228468,-0.24481198,-0.62917113,0.3716285,0.5557119,0.50341636,-0.21148711,-1.2524126,0.11164928,0.01952373,-0.10944874,-0.929948,-0.9820803,0.8576414,-1.7400912,-0.64531547
TTGCAAGGTTAAGTGT-1,-7.539983,-1.9781088,-3.8575418,0.061139602,-0.09762764,-2.1898723,-0.9684485,-0.464431,0.8052897,-0.79877603,0.62784946,-0.70784444,0.9775687,-1.4358813,0.013596539,0.3494598,-0.56366897,-2.5813832,2.843843,-1.1149583,1.6955211,0.23240224,2.0115266,2.6339827,-1.0087895,1.0082186,-2.407732,2.2040544,0.27910644,-2.7771711
TTGCAAGGTTGGCCGA-1,-6.9044075,-1.6643958,-3.9304624,1.4990642,0.05523947,-0.37882084,-1.3806355,-0.1061634,0.8860663,-3.2388432,0.20663421,-2.648799,1.6588777,-0.8199055,0.90963066,-0.7173523,-0.49437076,0.5730371,-1.0545944,-1.2498057,0.8201512,0.19749649,-2.7114882,-1.1549629,-1.1546031,-1.8003677,-0.2863759,-1.5133564,0.41030055,-0.6138042
TTGCAATCAGACAAAC-1,-7.0542583,-2.1916313,-3.7017336,0.07694925,0.47214833,-0.41632852,-0.7166493,-0.32280013,0.7699886,-0.4764977,0.05919899,-0.75414425,0.91421264,-0.6087538,-0.27036622,-0.46148315,1.2386843,-0.047994822,0.11641019,-0.33291838,2.0504827,0.11254609,0.34742126,-0.6985827,0.50176424,0.54252577,0.12873706,-0.44896016,1.0645655,0.21356085
TTGCAATCATGGCCTG-1,-8.003069,-2.0695393,-3.47346,0.21262853,-0.2683905,-5.721282,3.4601495,-0.39445198,-2.1499832,2.3605764,0.49140248,0.17038484,-0.9565927,2.2171102,1.713082,1.1797687,0.41380307,-1.4190879,-0.04555188,-1.7208631,0.87923354,-1.5021205,0.5417986,-2.081203,-0.83577913,-1.378184,0.27566335,0.637935,1.2150391,-0.20233192
TTGCACACACGGTACT-1,-7.938244,-2.1676192,-5.0063276,0.98511565,-0.094274916,-5.116424,2.2862256,-0.5351295,-1.3916606,1.185008,0.17364801,0.020846514,0.90842795,-0.4635128,-1.6117392,-1.2142962,-0.89489514,1.9117771,0.30080903,-0.73570883,-1.1569345,-2.688681,0.33421603,0.93848467,2.5389683,-1.6270761,0.8302532,1.220401,0.6093492,1.2028545
TTGCAGCCAATTAACC-1,9.848304,2.9475806,0.94713354,1.5773747,6.069217,1.1656611,7.420745,5.8876524,8.189758,0.38155976,-0.16719024,0.39461026,-0.12893252,-1.500526,-1.0177007,0.04178577,-0.5785285,-1.2082045,-0.9228357,-0.33565626,1.2770493,-1.1651328,0.9248179,2.149746,1.2967589,-0.99210477,-1.0304483,-1.6199579,-0.26479554,0.40858752
TTGCAGCCACGGTACT-1,-5.1505537,-1.5129998,0.51487345,-0.55470085,1.7703847,6.26944,1.3962306,-0.48406765,-1.0154479,-2.3331242,-0.5634826,0.7016201,-1.1768888,1.6469766,0.6344667,-1.0636673,0.14410633,2.9384985,-0.8754899,-0.33750656,-2.525968,-0.9624616,-1.6774278,-2.3566823,-2.111174,-0.89335835,0.57681715,-1.1218878,-0.07010675,2.2725463
TTGCAGCCAGCTTAAT-1,-7.723504,-2.2566993,-4.0434566,1.7929538,-0.7362295,-6.5697904,2.7466488,-0.5049905,-2.7358947,2.3823066,-2.6920848,3.7248788,-1.665956,0.75192726,-1.532912,1.1497632,-0.37105262,-0.46721065,1.326391,-0.48046687,-0.8246039,0.8204135,0.74527544,0.55971307,0.5594264,-0.40193984,-0.18948708,-1.3871453,0.37475407,0.23569092
TTGCATTTCGCCTGTT-1,-0.24155211,23.877811,0.7123504,-6.238718,-1.1448501,-0.98221576,-1.0424615,-0.54628295,0.10985679,-0.57022774,-1.8514781,-0.07596123,-2.6900957,0.77270395,0.75311095,1.3746451,-1.069955,-2.9018903,0.44374812,-3.0251777,-2.1752563,1.4331701,0.058211543,-0.90485793,-1.3394425,1.0710315,3.1907682,-0.95451885,4.7486963,-0.891453
TTGCGAGTCCCTGTTA-1,14.806588,-0.83593535,0.1865375,-0.807172,2.430357,-0.94783926,-0.16370688,1.834476,0.8164811,-1.2999488,-4.985637,0.99127096,1.3842961,1.2735896,-0.635434,0.0597727,1.8389744,1.5355766,0.5765505,-0.54518795,-2.378933,0.5784543,-1.4805847,1.8079361,0.26038453,-1.121309,1.5129144,-0.87658066,1.8597231,2.0206633
TTGCGAGTCCGTTAAA-1,-6.8460684,-0.92058223,-3.176078,-0.19568506,0.2433425,1.3674958,-3.358664,-0.5610215,2.1320333,-2.9642737,0.75014484,-2.6070924,0.9260868,-1.6508719,0.59107643,0.38173658,-0.12914197,-0.9421324,0.03875631,-0.42530063,-1.0980326,1.5710412,-2.1202211,-0.21491331,-0.37124,1.3906404,0.60133547,0.09153724,-0.04809951,-2.1961105
TTGCGAGTCTGGCAAT-1,-7.900241,-2.711743,-4.6164823,0.42348754,0.10349088,-3.693688,2.747641,0.072614536,-1.1678237,2.884785,-0.17767122,-0.08380002,-0.5571273,2.076416,-0.101129755,0.30080223,-0.77463806,0.6463188,1.7471375,-1.5068282,-0.5916036,0.64634013,-0.37748358,0.09282134,-0.7947965,0.452134,-0.47699553,-1.1707298,-0.13739802,-1.891205
TTGCGTCTCCGTAAAC-1,-6.3687654,-2.3865464,-3.3283613,0.45607027,-0.35479552,-0.7829381,-0.04788469,-0.47201496,0.9248951,-2.4121723,1.3305502,-3.5985205,0.35924372,-0.079865806,1.3066828,-1.5517583,2.2311635,-0.02206391,1.1262641,2.2348971,0.8435203,-2.0462506,0.34103885,-0.86138207,0.3731189,-0.34702513,-0.34728715,-0.09540655,-0.09210058,-1.0677184
TTGCTCTCATAAGTCT-1,-0.8411905,25.593708,0.06330132,-8.399775,-1.8942528,-3.722972,-3.5629697,13.143377,-6.6931405,-3.3689618,-2.2074146,-4.186701,-3.980337,1.3028352,1.9003628,2.0153425,-0.9737862,-4.369042,3.5288577,-0.4627827,-4.3363647,3.346634,-0.3692161,-0.7860789,3.0570214,-1.3528497,0.43888405,-2.9325652,-1.768303,0.4700797
TTGCTCTCATTAAAGG-1,-6.315168,-2.055196,-3.1971295,0.106314115,0.47346804,3.7846615,-0.877827,-0.08360777,0.52804565,-0.17089921,-0.018079761,-1.2581311,-0.8382317,-0.05554648,-1.8096069,0.3168792,-0.32101154,-0.39706397,0.042308476,-0.812649,1.5888572,-0.5431053,-1.2545748,-0.1406881,-0.6551443,0.3390063,0.9209031,-1.8999225,-0.6556729,-1.1134363
TTGCTTTAGCTGTACG-1,-6.8733044,-3.8266728,11.746125,-1.0293456,-0.23685244,2.0572464,4.2081103,-1.4974604,-4.6367226,-5.1470356,-0.15345712,0.5544017,0.5566449,-1.3380824,-0.56409854,0.66134673,-0.42725188,0.7668763,0.60891366,-1.0167264,0.065063186,0.42947608,0.88772225,0.8289429,-1.5903075,1.4234308,-0.68464535,-2.740491,0.521116,-2.7833817
TTGGAGGCAGCCAGAA-1,-7.901184,-4.370229,16.940578,-0.91793585,-0.43522364,-1.5031184,2.6162395,-1.891919,-1.5015041,-6.390457,2.642851,2.9918187,-2.3463376,2.2125027,0.8779489,-3.4221287,-1.8951474,-0.92482567,5.0316815,0.23194914,5.224844,2.2139952,3.9794233,4.006977,2.678268,-0.08345412,2.5996916,3.5527523,4.0810547,-7.4919252
TTGGATATCAGGTTTA-1,12.081763,-2.0740695,-0.6192864,0.58268934,-1.3644203,-0.05010953,2.1809487,0.6207589,2.8871908,-1.1046096,-2.0919347,0.23609278,0.15811174,-0.002674194,0.14902805,-0.24000439,-0.448394,0.20325382,0.077955835,-1.596336,-1.2600464,0.9675561,0.4050206,0.27254212,0.32897994,-0.8080001,-0.18847083,-1.0038639,0.3357902,-1.505098
TTGGATATCCGTTAAA-1,-6.9277215,-2.6700985,-5.150811,0.3510429,0.15272598,-0.6908335,-2.6424763,0.43556026,2.4513888,-1.7687631,0.77171934,-0.8384426,0.52230656,-2.1550536,0.08630851,0.23662014,2.6272838,0.46555611,1.1249801,-0.031508114,0.5751285,1.583361,0.20699091,-1.31505,-0.46107522,-1.0656753,0.4524218,0.0039074696,0.23253644,-2.8015003
TTGGATCAGCGATAAG-1,-7.3942456,-3.0133657,13.658403,-2.4434469,1.3749384,-1.1521775,-1.8327646,-1.3416994,0.13707018,1.4471456,-1.1982418,-0.57084537,1.127113,-4.2752013,-1.5545743,-4.678741,-0.868879,-0.0152551,2.247358,-3.6760995,-1.0404105,4.082844,-2.8882947,-0.3834614,-3.9856663,-0.5659865,2.1341755,-2.2526495,4.4575944,-2.1472912
TTGGATTCAATTAAGG-1,14.610925,-3.2481232,-0.99292636,-0.8149172,-4.197255,0.46110553,-0.25580946,-0.47831348,-0.6315921,0.01635638,-0.27267098,-0.596777,0.5947925,-0.8121499,0.9705796,-0.07614133,1.1088037,1.2655559,-0.41332626,0.39105928,-0.37557766,1.1167127,-0.5838783,-0.8378205,-0.061418325,0.47194183,-0.72791517,-1.0460426,1.3224951,0.49337003
TTGGCTGAGCGATACT-1,14.451649,-3.9795766,-1.1785113,-0.18958774,-7.657867,0.23234977,-1.4264408,-2.0638096,-2.195533,0.64039123,1.5345566,0.18646255,-0.51804566,-0.68267465,-1.16127,-1.3013712,-1.2802196,-1.0675545,-0.15766697,1.0462025,0.40184823,1.3687052,-0.41813114,-1.1638868,0.08119021,-0.3046234,-1.0530001,1.2034178,0.31570765,1.2983462
TTGGCTTGTACGTTTC-1,-7.2211833,-1.7183535,-4.585106,0.74887246,-0.14518607,-4.355586,0.52471757,-0.061248966,-1.8532491,1.5798743,-0.28965878,2.0567207,0.10958107,-0.048964083,-1.0649394,1.2456247,-1.2238001,-0.2601631,2.0750577,-0.16380712,1.1715797,-1.730123,0.79957247,2.04388,-0.6900424,1.3444575,-1.2238485,1.9341608,1.1955326,0.91630113
TTGGCTTGTGTCCAGG-1,-6.3459754,-1.7252078,-2.9718919,1.1132337,0.3708674,2.991029,-0.15784797,0.88937753,-0.06241442,1.5271609,-0.28850892,-1.1542912,0.34276456,-0.95791894,-1.8130835,0.88509846,-0.9272829,0.24422114,0.29165235,0.020976538,0.73968166,0.670983,0.77158654,-0.6956851,-0.101254664,-0.7608713,-0.8761506,-0.24243082,-0.87862545,0.4473512
TTGGCTTGTGTGTGGT-1,6.6274104,2.4540074,0.27215433,1.4000819,4.5430546,0.3872716,6.477231,5.773214,8.651603,0.34049478,2.5994737,0.8451958,-0.8236956,-1.9891119,0.1501281,-0.94410294,-1.8261111,-0.96638966,-1.4346325,1.4290146,1.0215852,0.46189103,0.666071,-0.58342457,0.40781918,-0.19932993,-0.8868136,0.27322838,0.08385997,0.919045
TTGGGCCAGCGGCTGT-1,-6.012033,-1.224327,-3.2512615,-0.28330445,0.46956083,3.3015487,-0.26377198,-0.8295773,1.4552823,-1.0599229,0.9011109,-3.8266175,1.4312005,-0.9929564,-1.237466,-1.3717129,-0.9196688,-1.2425199,0.65118015,0.47993356,-1.1652826,0.115497336,-0.5939194,1.3698661,-2.1733239,0.07393356,-0.6214557,-0.3336429,1.279729,0.5352289
TTGGGCCAGTAACGAG-1,-7.9018016,-1.8492813,-3.1485982,0.43416193,0.04744559,3.0843177,-2.7364936,-0.2694206,1.867764,-0.98265326,-0.58458793,-1.2519798,0.2398902,-1.2278004,-2.167738,1.21944,-1.8949227,2.165848,-0.59612733,-1.4470787,-1.2429138,1.8292674,0.32405728,-0.596606,0.7796461,0.19686475,-1.1673782,-0.8216728,0.99462503,1.7439709
TTGGGCGGTCCGTGAG-1,13.364884,-2.3032322,-0.45212102,-0.51125026,-1.9082069,0.05577604,0.5202937,0.93492067,-0.03538522,0.011663876,-1.9615155,-1.2148286,0.879999,1.3172997,-0.8357319,-0.31244022,1.0654346,1.1038156,2.7421234,0.03450604,-0.6517177,-0.3131315,-0.36935052,-2.3865845,0.7881828,0.21803218,-0.72775775,-0.23064129,0.02343109,-1.6733553
TTGGGCGGTCTCAGCC-1,10.946854,-3.76687,-0.41903123,-0.25139183,-5.3182464,0.13993016,0.028046446,-0.15532611,-0.24669448,1.4826013,1.715687,-1.012095,0.59447813,-0.4072426,1.6864021,-0.9231628,-1.0249242,1.4570825,1.9123149,-0.4719386,-1.3705088,0.26040342,-0.03436778,-1.3717699,-1.1625942,-0.8163284,0.58969754,0.07577146,-0.67646885,-0.75700784
TTGGGTTAGTCCTGAG-1,-7.9304733,-3.9604115,14.239212,-1.7462597,-1.2946913,-1.6596453,-4.8535347,1.2774024,3.3117878,3.2223158,-3.6681707,1.8467829,0.59008414,0.114330135,2.083786,0.89210343,-0.046742193,2.1678338,-1.0958776,-4.042563,1.7539548,1.9042531,-1.9673921,0.76010656,-1.3347058,1.061673,-0.74526674,-2.2988148,-0.71259063,1.485787
TTGGGTTAGTTATCTC-1,-8.040107,-2.4302049,-5.1568384,0.8948506,-0.1621234,0.4265116,-3.6055331,-0.995223,2.1705618,-3.60864,0.7889164,-0.34438658,0.58436036,-1.1177931,-0.7852545,0.4442596,-2.350047,0.94306237,-0.84993243,1.8476526,-1.4140818,0.50043654,0.11137151,-0.66887844,-2.5001848,-2.34378,-1.0256882,-1.5331464,0.24385849,-0.9378408
TTGGTGAGTCAAACTG-1,-6.6508665,-1.940752,0.43003094,0.2003707,-0.6105957,3.5647712,-0.49522611,2.0089905,-0.90531397,2.9307652,-1.6285013,-4.4820676,2.2635198,-0.102667026,0.51432675,-0.29568934,-1.2211945,0.20988703,-0.3546103,0.66785336,-0.22279067,-0.6738533,0.4603517,-0.14104313,0.58030266,0.1751748,1.2408097,-0.5192547,-0.8144622,-1.0368692
TTGTAAGTCGGGACTC-1,-5.9623165,-1.6234004,-5.3742723,0.0810011,0.45165464,-6.6054645,5.390177,-0.9304504,-1.5596387,1.6927949,2.0490084,-0.2078442,0.30957398,2.2805238,0.27373612,0.23068604,0.22015983,1.1752204,2.777756,0.2263897,-0.26409462,-1.1499243,-2.4315553,0.11715669,-1.7072024,0.111184105,-0.5600386,0.035592917,-1.2778476,0.6941829
TTGTAAGTCGGTTTCC-1,-6.531324,-1.7817298,-4.3104343,0.89865875,-0.3245624,0.26173684,-1.7625468,0.32350358,1.3581226,-1.760149,1.497714,-1.6972576,0.69753623,-1.3319361,0.9474425,-1.0299327,-0.65832424,0.28793386,0.076008014,1.5563246,-1.0522105,-0.2794327,0.88450825,-0.37211147,0.16822645,1.23917,-0.8306081,1.068714,-0.37645254,-0.32307646
TTGTCAAAGCGATAGA-1,7.362354,2.5158865,0.9119231,2.8708727,4.2380476,0.48816425,8.384105,7.150306,10.466426,0.28102303,2.2712183,0.5065422,-0.40884456,-1.7925385,-0.8330043,-0.17448501,-2.2118983,-2.235308,-3.7196307,-0.048612867,1.8099382,1.4435292,0.6255365,0.9006109,2.0843058,-0.39939252,-0.051011167,-0.7637821,-1.1790888,1.3167973
TTGTCAAAGGAACCGG-1,-7.2824216,-2.0726926,-1.018943,0.03700038,0.39568627,-5.327169,3.8062398,-0.578922,-2.6457343,2.0913138,1.0434507,1.9853346,0.23522542,-0.10944522,-0.70969045,0.03692534,-1.1912433,-0.03706452,-0.77388775,-0.27660918,-0.6615768,0.3886902,-0.42481315,-0.19701077,0.0007846559,0.7571678,-1.1506301,-0.79041183,1.074192,-1.5264355
TTGTCAAAGTTGGATC-1,-6.789904,-1.5398782,-3.3436468,-0.38882154,0.040072706,-3.3480902,0.9804788,0.51679146,-0.9391047,0.927377,0.6527273,-1.5995222,1.1990203,0.36864337,-1.178542,1.5334507,-1.4940832,0.35105342,1.1291797,0.39576724,-0.5354556,-1.3793429,1.1638995,0.5595325,0.92114955,1.3263546,-2.7309349,0.93440074,-0.05730377,-0.71228325
TTGTCAAAGTTTGGTA-1,-7.118407,-3.4636614,13.218162,-1.6703647,-0.2572749,0.49807522,4.174749,-1.5688184,-3.8594406,-2.701269,1.5043137,-2.5579681,1.5337664,-2.287537,1.670754,-0.11491363,0.49628684,1.2232314,-0.9340185,-0.045797646,0.02734373,0.8023861,3.8128786,-0.128439,-2.07813,-0.856329,-1.5771116,-1.7701507,2.2825327,-0.9751295
TTGTCCCAGCTCAAAC-1,15.119886,-3.1082773,-0.15090975,0.617395,-10.514416,-0.6380951,0.32832283,-1.0322529,-0.59651554,1.7725852,5.453577,0.4813989,-1.0177523,-3.901677,0.85966235,0.41946477,-0.0664228,0.16590755,-0.045564987,1.3553344,-0.72890747,0.48519868,-0.73381233,1.2551726,-0.74452835,2.4262397,-0.48629087,0.6771526,0.09905669,-0.52114433
TTGTCCGGTTAGGCTA-1,11.571016,-1.060205,0.54946434,-0.8566292,6.95679,-0.92582047,0.43430772,-0.36542097,-0.6221675,-0.15482199,-2.1628044,0.06737244,0.43720078,1.4552565,0.32727483,-0.48537546,0.6372925,-0.5522134,-0.3288326,-0.78598624,1.2178041,0.10009435,-0.37477887,-0.28416368,-0.22855201,-0.19824998,0.3381814,-0.40676695,1.0510234,-0.25784507
TTGTGCCTCATGGTGT-1,-6.790914,-3.0670474,8.542016,-1.3716191,-1.0525975,-0.26788363,3.2462916,-0.75116825,-2.2396657,-3.3901742,0.7545591,-0.25291744,-0.14301576,-1.1065376,-3.7049959,4.8187356,-0.25187567,-1.894164,-1.4996235,2.3437152,-0.90813756,0.22090125,-0.41112062,-1.5050575,-0.30632198,1.1605846,0.27237403,-0.47185025,-1.9537926,-1.2480415
TTGTGTGCACTGGCCA-1,-6.868698,-1.3645313,-1.9283005,0.89591396,0.59372294,6.399877,0.07913866,0.93330514,-0.1861468,2.1969986,0.5865073,-0.69009584,-0.3300598,-0.7965137,-2.0204012,-0.18001361,-0.5298774,-1.0959154,0.16843614,-0.37880516,0.14107808,2.6398008,-0.9714322,0.031234125,-1.2319402,0.10622249,0.93129724,1.6524369,1.1060644,1.4567747
TTGTGTGCAGCATGGA-1,12.5966625,-0.11427557,0.208244,-0.83379155,3.36478,-0.3458263,0.09789064,-0.44910038,0.08578693,-1.2241918,-3.5616813,-0.7400077,0.19739571,1.5256088,-0.7199733,-0.8097261,-0.11714004,0.8013942,1.3161241,-0.11943699,0.5391707,-0.9784914,0.5548901,0.391058,0.29283184,-0.46177173,0.13723509,0.72396135,-1.0278418,-0.3616986
TTGTTCCCACGAATTT-1,-1.2215049,26.211252,0.977019,-6.562598,-0.54269207,-1.2333782,-2.3072226,13.247792,-3.8709893,-1.542229,-2.93451,-2.4070718,-1.8547755,0.49948433,-3.2507246,-4.113924,6.21541,2.5617118,-2.3828394,3.97574,0.19574277,-2.785696,-5.466228,10.18379,-0.8232099,-3.1019044,2.064789,-1.0544848,2.5435634,-2.4208097
TTGTTCCCAGCCAGTT-1,13.66929,-1.3395488,-0.3546587,-1.1214573,9.977818,-0.7364485,-1.7182864,-0.943541,-2.2748013,-0.7055401,-2.783476,1.6334473,-0.7708964,-0.26893467,-0.17751116,-0.565959,1.3675776,1.6947129,1.6618676,0.22007895,-0.9001544,-0.7771894,-0.20569797,-0.24275522,-0.97963053,-0.033423554,0.42573333,0.844936,-1.1604534,1.4184917
TTGTTCCCAGGCTTCG-1,-5.985414,-0.9960365,1.3577429,0.1450277,1.1903296,6.586548,2.7579226,0.8185282,-1.7331496,0.5251314,1.8335488,2.11977,-2.6110773,5.9931836,-0.10376107,-0.12884988,3.159641,-0.27114353,-0.8947662,-4.4746995,0.53324866,0.14447269,-0.4305806,-0.078716055,-0.038164612,1.8346426,-2.4302473,-0.9928328,0.06634159,1.6110973
TTGTTGCGTGTGCAAC-1,-6.9059763,-1.7854449,-3.9423902,-0.21658829,0.0966126,-3.2152183,2.376945,-0.17907174,-1.8800529,1.33722,1.4771568,-0.91188914,-0.15431388,2.2154062,-0.73222154,0.9812932,-0.627971,-0.3713033,0.65327895,1.0924261,-0.5257995,0.21224059,0.7164275,-0.18619002,0.76337886,3.0338144,-0.3210812,1.4891706,-3.7251444,3.2157996
TTTAACCTCTTGGACG-1,12.710113,-2.6024544,-0.555276,-0.48631606,-3.516179,0.074881114,0.10197044,0.39757565,0.46130964,1.4335995,3.4475024,1.3053269,-1.3190879,-2.2794454,0.36655676,0.66655606,-0.42372417,-0.08434826,0.3235335,0.86949795,-0.042796735,-0.9718232,-0.41310343,-0.6300536,-1.3964549,-0.76792556,-0.57602274,0.46576592,-0.35511175,-0.37562773
TTTAAGGTCATAATCG-1,-7.1954637,-2.2148263,-3.1408005,-0.38643032,0.5901863,-4.173021,2.889494,-1.2974473,-0.53640115,2.1419272,0.13073508,-2.3228757,0.8609447,1.1705201,-1.1346307,-1.4247738,0.12124809,-0.35852185,-0.78241616,0.9146576,-1.1236063,0.6165982,0.26388273,-1.1817038,-0.36654925,0.88754356,-1.9911648,1.2862574,-0.3514954,-0.45291942
TTTACGAAGACAACAG-1,-7.2105174,-2.2062247,-5.1148815,0.3063101,-1.0404612,-5.218126,0.60922474,-0.53171986,-1.3979298,2.3415675,-0.39337388,2.1763756,-0.63443804,1.3495884,-2.4210885,1.4962093,-0.16333275,-1.5613167,1.8586478,-0.8742921,-0.58524364,-2.1828551,-0.3995817,1.6393131,1.5808579,-0.91555995,-1.3332459,-0.2756367,-0.16365604,0.43540037
TTTACGAAGCAGGTTT-1,-1.8454537,22.063122,0.6627933,-4.975585,-1.0215656,-3.2307506,-4.51295,7.367173,-2.3001804,-1.4562342,1.1637596,1.6365012,-7.192635,4.965773,9.444911,0.8289454,-5.5657845,-2.4745424,7.970524,0.5148469,-0.5047931,2.6450336,0.18564501,-2.3848853,9.96921,-0.0059835,2.1521595,-5.011066,-3.7736945,2.2385347
TTTAGCAAGGTAGCTT-1,-8.384926,-2.4612515,-4.417876,0.19645506,0.5349993,1.4763722,-2.4123132,-0.52884775,1.627682,-1.1938044,-0.3487054,-0.27657524,0.25389388,-1.0869329,0.25438184,0.17888863,-0.19883236,1.2567663,-0.30170482,-0.4467227,0.028735831,0.44978288,2.3703158,1.5377442,-0.57577735,0.8147656,-2.0862784,0.89998055,0.50252247,-0.35249624
TTTAGCTTCCACCTTA-1,14.016117,-2.3428483,-0.8139606,-0.13365415,-2.0299802,0.7924363,1.0805382,0.8609663,0.39187628,-0.52622604,-0.80183065,0.9113359,-0.5042606,-0.46944025,-0.8889053,-0.0144529,0.6626511,0.16718295,-1.0503026,-1.6964943,-0.5594028,-1.0099624,-0.41504773,1.5212003,0.7359489,0.5312486,0.14531381,-0.18561262,1.3119371,-0.07334504
TTTAGGATCGAAGCGG-1,12.562937,-2.5860536,-0.37167782,-0.3447373,-3.8247538,-0.44599354,1.3901079,0.5321241,2.0627456,0.4256955,1.5005114,-0.098081365,0.8255706,-2.0639453,0.10119026,-0.108579494,0.41066343,2.163205,1.9575846,-0.58892584,-1.5311831,-1.4197066,-1.513194,0.23960415,-0.26152384,0.2776934,-0.5564329,1.0193448,1.021754,-1.3143321
TTTATGGAGTTGTCCC-1,15.753096,-4.090424,-1.1008419,-0.8226591,-8.090222,-1.2130905,-0.16021885,-1.1334245,-0.46432054,0.45642862,2.1267436,-0.44351563,-0.77118146,-1.1918256,0.9103221,-0.46596235,0.15461178,0.59248567,-0.35549524,0.51755685,-0.8205242,-0.054732587,0.2533195,0.9286494,-0.10187535,-0.46833003,-1.284506,1.176347,-0.03678386,0.11216334
TTTCACCCACAGCCAT-1,-0.32176524,29.282413,2.326254,-9.567841,-2.7272093,-2.0068455,-4.1343594,5.0176644,-4.482659,0.06925689,-2.388869,3.6704948,-2.283369,-0.47859162,3.8452985,4.278088,3.340141,-1.116848,1.102528,2.6501036,5.110683,1.6353744,-4.0164804,-2.3889964,-1.0870783,-2.9160087,-5.4285517,2.6589043,3.1615727,-2.4774792
TTTCACCCAGTAGGTG-1,11.865562,-0.6579342,-0.8673431,0.50357705,-2.4384716,0.053151753,3.3331144,2.9805558,3.873102,1.3341976,4.132845,1.8694526,-1.5351491,-3.2144897,0.5043061,-0.12469614,-0.5582256,1.4171435,1.7613658,0.20981017,-0.08885491,0.097734906,-0.3560982,0.26792836,0.88645107,-0.7966724,-0.865602,0.56050104,-1.6358832,-0.5983251
TTTCATCAGCCTGGTA-1,-6.452012,-2.942742,9.041046,-1.7868664,0.045690782,5.560135,3.6294165,-1.5019774,-2.077867,-4.229521,4.3129044,-1.4746206,-2.8377998,-0.051634457,-5.027866,1.6556345,2.5242379,-0.19851245,2.453631,3.2053728,-1.4334852,0.64300656,4.567825,-1.4697727,-0.3801259,0.22135289,-0.012677888,1.0612339,0.30882955,1.2924428
TTTCCACCACATAACT-1,-7.6302996,-2.5524483,-3.2225268,0.83622366,-1.2378786,0.6579364,-1.4281319,0.35303918,-0.49514163,3.6057954,-1.164608,-0.9984395,0.65766495,-0.73220944,0.44304487,1.3535398,1.6526821,-1.1197982,0.50560474,-2.6104753,0.64111376,1.339093,1.643891,0.7420801,1.2167876,1.6195178,0.3298,-2.616995,0.4283894,0.4286914
TTTCCGGGTTTAGTCC-1,12.269877,-1.2313259,-0.16010678,0.8903124,0.06265119,-0.93498415,1.5494376,0.6775962,-0.51111925,-2.6237423,-4.390816,-1.2872622,0.6496543,3.137719,-1.088704,1.5124213,-1.3760235,-2.630771,-2.7216704,2.8104866,0.19796453,0.4752219,0.90500575,1.0470589,-1.4343835,-0.16336681,-1.088483,-0.11217408,1.2849978,-0.3640694
TTTCCTGAGTTGTCCC-1,15.110819,-1.9867365,-1.2201501,0.26116782,-4.9905763,-1.608728,-1.5171046,-1.2010341,-2.206313,-0.697438,-1.1026969,1.6840668,-0.08360748,0.6227193,-0.6619241,1.4803638,0.2666689,-1.4654197,-2.0209587,1.6855718,1.440112,1.2475953,0.7694033,0.6307191,0.47513154,2.681766,2.8889587,0.10690955,1.6196946,-0.19977467
TTTCGTCCAAGACTCC-1,12.448805,-3.348962,-1.360038,0.32192495,-5.9961004,0.08792199,-1.0424058,-0.759413,-1.8450111,-0.057169218,1.6451379,-2.1332214,0.27968723,-0.57354313,-0.30610842,-0.8622438,0.2395207,-0.24770401,-0.07672455,0.68958175,-0.1053362,0.5671534,0.030286124,0.50958693,-0.56417286,1.1935745,-0.5812525,1.0628053,-0.63440996,0.7320775
TTTCGTCCACAACAAA-1,-7.282722,-1.2791446,-4.7130675,0.077406295,-0.3176016,1.2420603,-2.0940669,-0.92292523,1.4347129,-2.9850276,-0.10068931,-1.33658,2.29146,-1.5143676,-0.18806048,-1.1872731,-0.6888576,-0.20401447,0.9682907,1.8265141,-0.0106274085,0.37016496,-1.2140017,1.7801785,-1.1398787,0.51082,-2.3485942,0.17974968,1.4875774,0.51217085
TTTCGTCCAGAGGGAG-1,-7.4054084,-2.0914469,-3.5774903,-0.57796544,-0.10515214,-2.6754034,1.6962906,0.11153112,-1.9703358,2.1242568,-1.2282723,0.5083774,-0.6142205,-0.7002177,-0.113614276,0.562824,-2.0200026,-0.09163793,-1.8478031,-2.5687132,-0.3758353,-0.123702854,0.82375723,-0.94523454,0.13516662,1.6131387,-0.56497467,1.1396939,0.927987,-0.9318976
TTTCGTCCATGACTAT-1,12.690414,-3.0582697,-0.07598614,-0.4441948,-4.618242,0.053836014,1.9149712,1.2741178,1.9828306,-0.89709073,0.2722124,-1.0064287,0.5103554,-0.105522215,0.08017379,-0.51709795,-0.75187266,-0.18980512,0.37326184,-0.11288105,1.0040544,-0.6364604,-0.41008875,1.0997953,0.5560733,-0.88240826,0.08989808,-1.7379693,-0.26290172,-1.679175
TTTCGTCCATTCCTGT-1,12.024762,-1.1564488,0.27361944,-0.1736871,6.312283,-0.9211584,0.9176,0.5236186,1.5986719,-0.5150559,-1.2238822,-0.6878187,0.50564784,1.4908875,0.5642715,0.21201237,-0.551439,-0.43308675,2.0444024,0.025352117,-0.42183495,-0.10859441,-0.15635122,0.030482026,0.30235356,-0.74497765,1.3667533,1.0389471,0.8001908,-1.0255448
TTTCTCACACTTAGGC-1,5.009348,3.5308435,0.89811385,3.7752757,5.010272,1.6534936,6.202896,3.3639202,7.08374,0.23460026,3.4475834,-0.8205626,-1.288733,-0.07561235,-1.3868151,-0.25676906,-0.8373239,-1.1946101,-3.901728,0.27698046,1.3070143,1.57098,0.6281289,0.7433687,-0.30643138,1.0684915,-1.569348,-1.9482262,0.09018675,1.982941
TTTCTCACATTCCTGT-1,-6.541705,-2.7106264,-0.36363912,0.5400796,0.042781267,6.402927,-1.201898,1.0201459,0.47278243,4.1722918,-1.6433693,0.480993,-0.61881304,-0.48214266,-2.22075,0.38776052,-1.9148995,-2.6411622,1.705713,-1.8664931,0.8690124,2.2940829,-1.2889738,0.38339537,1.5041888,0.22471792,0.38315895,-1.9059436,0.8727051,-1.0280308
TTTCTTGCAGCACGTT-1,14.401953,-2.302336,-0.5379648,0.1512295,-4.624201,-1.2893236,-0.26205063,0.27891195,0.17755397,0.07152779,0.105787784,0.8360313,1.0150003,-0.4428685,0.8049885,0.48621058,1.3759139,2.9218912,0.0072883153,-0.43135673,-1.3940728,1.3557333,-0.32282004,-0.29335362,1.27858,0.50107014,-0.04428519,-0.164204,1.2264651,-0.008122825
TTTGACCGTAGTAAGA-1,14.128836,-3.2889843,-0.16742265,-1.4042027,-7.846093,0.66500336,-2.511728,-1.1365253,-2.2387393,2.4829693,0.27026382,0.23692043,0.43578714,0.57711995,-0.20376375,-0.30212718,-0.7980606,-1.3998476,0.13674779,2.2793913,0.031312246,0.073963195,0.62603694,-2.1518266,-1.2063247,0.6210397,0.6502101,2.003966,0.7739558,3.662494
TTTGAGTCAAGGTATA-1,-7.559666,-1.5509436,-5.5097814,0.14102802,-1.0537027,-2.8520336,-1.8662392,-1.2198522,1.885151,-1.4514443,-1.5891495,0.58616924,-1.6759032,-1.8686869,0.54338706,2.10191,0.5121845,2.0604084,-0.5086174,-1.4477623,-0.51698935,-1.3690828,1.4912125,-1.2688148,2.931464,4.1227474,-0.98444945,1.1787592,-1.5805019,1.9688636
TTTGAGTCAGTACCGT-1,-6.118311,-2.5130599,-1.5326111,0.36026257,-0.28083014,5.5291553,-1.2154084,0.6887589,1.1122195,4.180548,-0.6014582,-0.4672189,0.8866958,-0.70247376,-0.47911817,0.7469322,-0.2404952,-1.3315591,-0.43075198,0.864978,-0.7280613,0.6878886,0.39596894,0.096122086,0.6935455,-1.3727473,0.7108629,-0.36208,-0.037366632,0.6370466
TTTGCATTCACTCAAA-1,17.3021,-2.1491065,0.23504542,-0.5263486,-4.2674017,-0.8483326,0.6535583,-0.44145676,0.69164956,-0.662952,-0.11760761,1.770579,-1.2590523,0.38321468,0.57134706,1.9813412,-0.38407117,-1.3692617,-2.0994136,0.23745686,1.0898684,0.38794518,-0.21824674,0.12981734,1.1646464,-0.50347644,-1.2236595,-0.7913845,0.41797462,-0.46127036
TTTGCATTCGTGCCTT-1,9.53331,-2.6521997,-0.4226189,-0.252951,-3.7940304,-0.29197103,0.26827893,-0.24295282,1.2078158,1.029086,4.447607,-1.2743139,0.48879445,-1.3468583,0.5483851,-1.067659,0.9915066,1.5981072,-0.013380333,0.5434412,0.21146356,-0.46457386,-1.5044422,-0.11490621,-0.91797465,0.6217425,0.7711549,0.6826884,-0.93353856,0.59676135
TTTGCATTCTAAGGTC-1,-7.2830114,-1.5050085,-4.41859,0.18227036,-0.0012862793,-4.3221045,2.3416173,-1.7333665,-0.4420511,1.1947982,1.1433778,-0.13007778,0.72146106,0.90575427,-0.33447638,-0.3706998,-1.3238561,-0.3179731,-0.4909952,0.5617893,-2.1481435,0.23588343,-3.3287797,1.9931532,0.5504027,0.8441447,-0.55958563,2.478733,-2.2761765,-0.9549325
TTTGCGACAATCCTGA-1,-7.532008,-1.4152869,-5.2348404,0.7941073,-0.078935705,-4.733276,2.3271186,0.108522415,-1.4002568,1.3049444,-1.1422108,0.37377396,-0.05633005,1.4987587,0.05757982,-0.86348444,-0.79283684,-0.15579665,0.45980442,-0.97734386,-1.0506055,3.2118058,-1.9164325,-0.52386624,-0.22198832,0.57765454,0.058559053,0.43227944,0.14991955,-1.6350095
TTTGCGACATGCATAT-1,-7.1066537,-1.4219854,-4.1317263,1.366333,0.13611983,-2.1635735,-0.09637646,-0.35759628,0.58995914,-0.7368498,0.5296415,-0.79536796,0.33685344,0.4680623,0.14558323,-0.8504511,-0.6323464,-0.49136522,-0.12760209,-0.20145993,0.95368326,0.38639316,-1.0220944,-0.4320295,0.32960543,1.1787941,-0.2216798,-0.7455251,-0.41032717,-1.8366929
TTTGCGACATGTCGCG-1,-6.1738763,-2.4093633,-3.3323112,0.46981126,-0.71971947,-3.410288,1.4259082,-0.97111607,-1.5120405,0.60698956,0.79309845,-0.26934436,2.1178834,2.6885798,1.0977795,-1.260479,0.38504994,-0.987128,-0.8028138,-0.37333545,1.2710541,-0.090869464,0.9259804,-1.3162881,-0.13922144,0.52985704,0.15251036,0.3068789,0.33352217,0.50485647
TTTGCGGAGCAGGTTT-1,-7.5725746,-3.4859805,12.943304,-2.3242292,-0.18510081,-1.2192255,-0.15606736,0.037885424,-0.5064545,-3.285993,0.0124923475,-1.3154684,-0.5508473,1.5303153,-0.8053393,-0.11354725,-0.15997767,0.46309268,0.9291281,0.7848044,0.76488245,1.6643286,0.45335996,0.27362478,0.3746915,-2.6158774,1.1403587,2.3140173,-0.3120121,-1.3641206
TTTGCGGAGCGAAGTA-1,11.68845,-2.2416596,-0.9803458,-1.5176066,-2.1199062,-0.32446355,-0.09829195,-2.0305698,-0.62767434,0.122988775,-1.1177479,0.02846376,1.6640645,0.078284234,1.4851756,0.6679149,0.80670726,1.5490329,2.0362272,-1.4891502,-1.542664,0.068007976,0.13170162,-1.2666487,0.66687775,0.41748238,0.4847631,1.7697802,-0.5128536,-0.22676396
TTTGCGGAGGTCGATT-1,13.4752865,-3.3001144,-0.9139414,-0.81572384,-2.9423673,-0.36914906,-0.45538256,-0.81883425,-0.9401757,-0.23788705,-0.0393636,-0.16500153,0.40792337,0.051897712,-0.58868194,0.35935202,-1.3835118,0.48048732,0.23387878,0.11771099,0.18547171,-0.41413227,0.95046175,-0.45113102,0.6654491,0.29797736,0.51674217,0.9646139,0.73536724,-0.8029883
TTTGGCTGTTTACGTC-1,-7.25453,-0.8719011,-3.5808098,-0.26570234,-0.1326366,1.6977884,-0.8521317,0.60710615,2.2904088,-2.003002,-0.13143037,0.8577902,1.6429853,-2.0173283,0.31347772,-0.51271755,-0.37358406,0.4847778,-0.095416516,-1.385511,0.030302325,1.3836204,0.61389786,-1.1813899,0.91249156,1.5284615,-0.50634813,-0.2994706,-0.43702492,-0.22066878
TTTGTGGCATCCGTAA-1,-1.501281,22.474155,0.85482407,-7.592644,-1.5373229,-1.6098077,-1.1555414,1.6945487,-0.24461506,-1.3346602,-0.551096,-1.5970887,-1.4577637,-0.5967969,1.1648649,-3.2911851,-1.6110148,-7.11191,0.827713,-1.0109292,-4.612049,-2.8302162,2.0918603,-0.32527673,4.163847,1.9033037,-0.51195633,-0.33138463,1.1530113,-1.2727731
TTTGTGGCATTAGCCA-1,-7.6130013,-2.4513867,-2.526926,-0.31913355,-0.056772053,-0.6237268,-2.0843117,-0.088475704,1.6074721,-1.6404155,-0.4158164,-1.0738553,0.10578792,0.8092711,-0.46072543,0.44288856,0.5625217,1.4967679,-0.3011748,-0.8857136,-0.402306,-1.4771372,1.1100076,-1.0865264,0.6171856,0.5679038,-0.18674795,-0.6933417,-1.2725121,1.719961
TTTGTGGCATTGCGAC-1,-7.486936,-4.5213485,21.230518,-2.101892,-0.592191,-3.6441953,-5.730847,-0.24141246,4.9582376,3.2193239,0.46523145,-0.23423405,-1.1203558,0.33827344,-3.2505465,1.5360746,0.78673536,-1.1110662,-0.1060318,2.8272781,-3.727359,-2.1928163,-0.014293232,2.7814927,0.45576075,0.5864628,-0.45266324,-0.1710791,3.9687872,1.0803518
TTTGTGTTCCGCCTAT-1,-7.2104363,-3.3339179,-3.9512262,0.4916019,-0.44204432,0.5154657,-1.1983916,0.39219832,0.14556967,-0.71690995,-0.31793872,0.7168624,0.7568127,-2.713312,-1.2211996,2.0571997,-0.2705249,-1.0758573,-0.6419334,-1.3167899,0.7670307,1.6120776,1.2497076,0.9632447,0.700667,0.44614255,0.00033313764,-0.080423236,-1.5435922,-0.038030412
TTTGTGTTCCGTGACA-1,-7.9551797,-4.311489,24.120384,-1.433331,-0.40352714,-5.524675,-5.8080864,-0.5918423,2.88243,2.1605525,0.7063743,-0.8620888,-0.22686249,-0.37169608,-3.8914676,1.6486287,-1.8402206,0.5922507,-0.13405205,0.0390895,-2.1346247,-2.1217086,-1.2448529,0.28161097,-0.2816094,0.5542576,-0.9214616,-3.0060647,-0.36064324,0.4208753
