,UMAP1,UMAP2
AAACAGCCAAATATCC-1,8.193556,15.338009
AAACAGCCAGGAACTG-1,-2.646984,6.104302
AAACAGCCAGGCTTCG-1,3.6532912,8.989852
AAACCAACACCTGCTC-1,0.26662493,17.595623
AAACCAACAGATTCAT-1,10.793543,14.222891
AAACCAACAGTTGCGT-1,16.563263,4.474667
AAACCAACATAACGGG-1,11.722503,7.775418
AAACCAACATAGACCC-1,2.7837148,8.029897
AAACCGCGTGAGGTAG-1,-0.64599127,18.556393
AAACGCGCATACCCGG-1,-1.8009483,6.9231124
AAACGGATCCTAGTAA-1,-1.205262,5.2502966
AAACGTACAAATACCT-1,11.859337,12.469489
AAAGCACCACCCACCT-1,12.127008,7.5317707
AAAGCTTGTGTGTGGT-1,2.223059,8.471271
AAAGGACGTATTGTGG-1,9.199123,15.856733
AAAGGACGTCATCCTG-1,0.15943031,8.505425
AAAGGACGTTAAGCCA-1,-1.6242518,5.097681
AAAGGACGTTCACCAT-1,-0.095050246,18.148636
AAAGGAGCACAAACTT-1,11.39291,7.9293456
AAAGGAGCATAGCTGC-1,2.147964,8.293342
AAAGGCTCACCGTTCC-1,14.806276,4.4464083
AAAGGCTCACTTCACT-1,-0.014822202,17.074284
AAAGGTTAGCAAGGGT-1,-6.300866,7.4507275
AAAGGTTAGGGTGGAT-1,14.996346,4.3516507
AAATCCGGTTAGCGTA-1,11.719042,14.589057
AAATGCCTCCAGGAAA-1,0.72466797,8.177775
AAATGCCTCGCTAAAC-1,-0.6420343,6.585141
AACAAAGGTAATGGAA-1,-1.6301436,-5.3287234
AACAAGCCAGGTTCAC-1,0.26465166,6.6005263
AACAGATAGAGGCTAA-1,14.465308,6.736284
AACAGATAGGGTCCAC-1,13.225247,7.317579
AACAGCAAGGAAGCTA-1,9.435577,15.247073
AACAGGATCACTAGGT-1,14.856861,8.327829
AACAGGATCATCACTT-1,1.0986592,8.263379
AACAGGATCTACCTGC-1,9.413946,14.095016
AACATAGCATAAAGCA-1,13.027152,8.6598835
AACATCATCCGTTATT-1,0.4006344,7.174057
AACATCATCGAGGAAC-1,13.952975,1.6490318
AACATCATCGGCTATG-1,-0.22678088,19.427765
AACCCGCAGTAACAGG-1,-5.032097,7.18358
AACCCGCAGTCACTAA-1,13.893789,8.207585
AACCGGCTCCGTAAAC-1,-1.5174665,8.070578
AACCGGCTCGATCAGT-1,2.9198537,6.84512
AACCGGCTCGTTAGCG-1,12.851341,3.3567247
AACCTCCTCCCTCACG-1,-2.3931613,7.874073
AACCTTAAGGTCTTGG-1,12.766718,1.7135968
AACCTTGCAATAATCC-1,15.362574,6.6788263
AACCTTGCAGCCTGCA-1,0.51810837,9.590987
AACCTTGCAGGACCTT-1,0.9761243,2.2098193
AACGACAAGGACCGCT-1,0.32308906,7.7748046
AACGCCCAGTTTGAGC-1,-0.5330266,19.468649
AACGGTAAGCTGCACA-1,15.072576,4.3657537
AACTAGTGTAACCAGC-1,0.49353436,7.1656923
AACTAGTGTCGTAATG-1,15.552552,6.775204
AACTAGTGTGTTGCTT-1,14.11239,4.9142957
AACTCACAGCACTAAC-1,-6.517844,7.533033
AACTCACAGCTAATTG-1,16.608742,6.353703
AACTCACAGGAAGCAC-1,-7.4190607,7.7240963
AACTCACAGGGCTAAA-1,0.2867875,7.1439133
AACTGTTCAAGACTCC-1,2.7606277,8.273225
AACTGTTCAGCGCTTG-1,-0.4942592,18.684864
AACTTAGTCCATAATG-1,-0.3302624,17.643597
AACTTAGTCGCGCTAA-1,13.759669,7.4074163
AAGAACAGTATTCGTC-1,0.17126413,17.697979
AAGAATCAGGCTACAT-1,13.392904,1.2222399
AAGACATAGTAAGGGC-1,0.2117889,5.1977835
AAGACCAAGAGAGGAG-1,11.678883,14.5401945
AAGACCAAGTTGTCTT-1,0.34357077,7.702854
AAGCAAGTCATTGCAA-1,13.932932,4.2579875
AAGCAAGTCGTTTCGC-1,-0.2923562,8.951575
AAGCCTCCACAATGCC-1,14.146601,3.0895543
AAGCCTCCACACTAAT-1,11.29832,9.523695
AAGCCTCCAGACAAAC-1,12.220889,9.380254
AAGCCTTAGGAATAAC-1,-3.5693939,6.563767
AAGCCTTAGGCTAAGA-1,3.361971,8.715559
AAGCGAATCATGCCTC-1,-3.5315487,7.4691615
AAGCGAGGTATCTGGA-1,-0.22379164,18.940649
AAGCGAGGTCGACTCC-1,12.519147,3.3423164
AAGCGAGGTTACCGGG-1,-0.8156212,18.985054
AAGCGAGGTTGCACGG-1,2.9948516,7.188327
AAGCGCTGTATTGCAG-1,13.523685,7.081205
AAGCGTTTCATTGTCT-1,-0.48104665,19.476152
AAGCGTTTCCTGATTT-1,0.39186332,19.849655
AAGCGTTTCGCACACA-1,0.446339,3.5221617
AAGCTAGAGATGGACA-1,13.48408,5.516699
AAGCTATGTTACTTGC-1,12.329655,9.134246
AAGCTATGTTTAACCC-1,0.5802434,18.332466
AAGCTCCCAGCAATAA-1,0.39117336,18.383717
AAGCTTGGTCGCAATA-1,14.783921,4.2030444
AAGGATCCAGTCTAGC-1,15.343386,6.892357
AAGGATGTCTCATCAT-1,14.875148,5.855492
AAGGATTAGTAGCGCC-1,1.1629616,8.366877
AAGGCCCTCTTGATGA-1,2.4642534,6.2331085
AAGGTATAGTAGCGGG-1,12.755728,10.763936
AAGGTCAAGAATGACG-1,15.6179,5.9757442
AAGGTCAAGCACAGAA-1,15.1994705,1.221049
AAGGTCAAGGTCCGTA-1,2.7917266,7.7267227
AAGTAGCCACGGTTTA-1,-0.98196685,6.2647834
AAGTAGCCAGTTTGGC-1,14.661958,6.7538676
AAGTGAAGTATGTGGC-1,1.1832421,7.353156
AAGTGTTGTGAGACTC-1,0.624085,9.176525
AAGTGTTGTGCTCCGT-1,11.05709,7.4656787
AAGTGTTGTTGAGGTC-1,0.79926944,2.2306828
AAGTGTTGTTTCGCCA-1,11.927174,7.574967
AAGTGTTGTTTGCAGA-1,0.57573605,9.521342
AAGTTACGTAGCTAGC-1,15.244899,6.6260457
AAGTTAGCACCTCAGG-1,-1.122268,5.100605
AAGTTAGCACTAAGAA-1,14.514534,2.0105176
AAGTTTGTCAAGGACA-1,13.380395,7.929942
AAGTTTGTCCAATTAG-1,13.258996,1.5568807
AAGTTTGTCTAAGTGC-1,12.233457,14.308345
AATACCGGTTCCATTA-1,12.085044,12.463882
AATAGAGGTATTCGTC-1,15.7705555,4.9968557
AATAGAGGTGAGGTAG-1,2.2301753,8.329836
AATCAGGAGCGAAGTA-1,12.69246,0.6735072
AATCATCCAATCCTGA-1,2.1834788,7.1077166
AATCATGTCATTACTC-1,12.860833,1.5189333
AATCCATCACCTCAGG-1,-0.08410398,17.205957
AATCCCTGTGCAATAT-1,13.869086,1.366533
AATCCCTGTTAGCCAA-1,13.515027,0.8417599
AATCCTAAGATGGAGC-1,2.3461251,9.32629
AATCCTAAGCGGGCAA-1,3.068505,8.051639
AATCCTAAGTTGGATC-1,16.51011,6.3167033
AATCGCCCACAGCCAT-1,14.383852,3.0739324
AATCTCAAGCACTAGT-1,-5.2858367,6.4904766
AATGAAGGTAGGTTAT-1,1.5345777,9.342887
AATGCAACAAGGTATA-1,13.056481,2.9086053
AATGCAACACACTAAT-1,1.1924347,6.4155426
AATGCAACACCACAAC-1,15.052094,4.3742447
AATGCATGTGTTTCAC-1,-5.9839716,7.5457387
AATGCGCGTACCGGAT-1,3.686373,8.3723345
AATGGCGCAAGCCACT-1,12.093357,13.119985
AATGGCGCAGTCTATG-1,3.2820022,7.798585
AATGGCGCATCACTTC-1,14.97074,5.0351996
AATGGCGCATTAGCGC-1,12.590185,3.0946307
AATGTCCAGGTAACGA-1,-6.0454555,7.126089
AATTACCCACCTGCCT-1,14.094019,1.9935858
AATTAGGCATTTAAGC-1,-7.0139294,7.099604
AATTCGTCACTTAGGC-1,-1.5031347,-5.071221
AATTCGTCAGCAGGTA-1,14.777437,4.235757
AATTCGTCAGGCTAAG-1,11.316941,8.856312
AATTGCCAGGGCTTTG-1,-4.852391,7.429627
AATTGCCAGTACTGGT-1,11.177162,7.460104
AATTGGACATCGCTCC-1,11.69156,13.345751
AATTGGGAGCCAGGTC-1,-0.22725962,6.1597023
AATTGTGTCCATCAGG-1,3.5865426,9.100256
AATTTGGTCCCGAAGC-1,13.817786,2.552408
ACAAAGGTCCCTGTTA-1,11.386787,8.971409
ACAACACTCCTGAATA-1,0.9972219,19.980177
ACAACAGAGGTCCTAG-1,11.136288,9.351284
ACACCTTGTACGTTTC-1,4.3493924,8.3113785
ACACCTTGTCATCAAG-1,14.567482,8.226059
ACACCTTGTCCTAAGA-1,-0.48764765,17.16793
ACACGGACAGGCGATA-1,13.548378,4.08848
ACACGGACATGGTTAT-1,12.885364,1.5220957
ACACTAATCGCCTGTT-1,16.177229,3.8361633
ACACTAATCGTTAGCG-1,8.408715,15.210424
ACACTTAAGCGCTCAA-1,2.596841,9.852051
ACACTTGCACTATGGC-1,-0.47091502,17.205484
ACAGGAATCAAGCTAC-1,0.9386735,8.263383
ACAGGAATCAATGACC-1,-3.1966708,6.470883
ACAGGAATCAATGTCA-1,15.664362,4.1598096
ACAGGAATCCAGGTCA-1,-1.9296108,7.3520427
ACAGGATCAAAGGCCA-1,11.755349,7.182796
ACAGGATCAAGCCAGA-1,11.211851,9.645824
ACAGGATCACCTGCCT-1,11.944511,15.09052
ACAGGCTGTCAATGTG-1,9.570723,14.549031
ACATAGCTCATGACCG-1,16.089931,5.1755304
ACATAGCTCTAGCGTG-1,-1.4592603,5.157284
ACATCAATCACAGCCA-1,0.38171723,2.4685693
ACATCAATCTCAATTC-1,1.4224355,6.9534
ACATCATCACTATGGC-1,-0.111482225,6.452546
ACATTGCAGGAATAAC-1,1.0512369,2.5264444
ACATTGCAGGCACAGG-1,14.090223,6.782956
ACCAAACTCTTGGACG-1,-1.4911852,8.741629
ACCAAGCGTTGGCGTG-1,1.5743947,5.462775
ACCAATATCCCTGGTT-1,11.121918,13.777318
ACCAATATCTATGACA-1,12.179914,7.433365
ACCACACCAAGTAAGC-1,-1.681069,5.5764017
ACCACATAGCTGCACA-1,15.304423,7.348353
ACCACATAGGCTAAGA-1,13.85324,6.361786
ACCACATAGTTATCCT-1,2.4319396,7.7058234
ACCAGCTCATGTCAGC-1,3.4997106,7.0609827
ACCAGCTCATGTGGGA-1,0.6892758,1.9167875
ACCAGGCTCCAGCACA-1,11.333398,12.816297
ACCAGGCTCCGGAACC-1,2.178303,9.837574
ACCAGGGAGCGCTCAA-1,13.788802,1.414669
ACCAGGGAGGCCAATT-1,12.540193,7.626521
ACCAGGGAGTAACAGG-1,15.954215,6.373741
ACCATAATCGCAGGCT-1,12.533486,14.521733
ACCATAATCTGGTCCT-1,16.110615,3.9605026
ACCATAATCTTAGCGG-1,13.909677,1.778682
ACCATTAAGCAAGACA-1,13.25348,2.316799
ACCCAACCACCTGCTC-1,-0.66871136,8.601567
ACCCAACCACTAGGTC-1,0.38311687,7.7201695
ACCCAACCAGGTTCAC-1,0.28990272,5.55232
ACCCAGGGTACGATTG-1,-1.2934926,7.6080747
ACCCAGGGTGAACAAA-1,0.46524867,2.3018098
ACCCAGGGTGAATCGC-1,-3.6125057,7.1722794
ACCCAGGGTGCTCCAC-1,13.4435,0.78955775
ACCCAGGGTTATTGCC-1,-1.8951548,-5.4796696
ACCCGCTGTTTAGCTC-1,13.312462,0.28194022
ACCCGTAAGCAGCTAT-1,13.444078,8.419071
ACCGAAGCAAAGGCCA-1,10.560578,10.093422
ACCGAAGCACCTCGCT-1,12.748819,10.95347
ACCGAAGCAGCCAGTT-1,-5.4767447,6.7833033
ACCGAAGCAGGCCAAA-1,13.554454,3.4707973
ACCGAAGCAGTACCGT-1,12.828944,8.8257885
ACCGCAATCATGTTTC-1,1.2013698,6.5752077
ACCGGCTAGCCGCTAA-1,-0.22791985,17.111986
ACCGGTTCAAGGTAAC-1,-0.12907584,16.491676
ACCGGTTCACCTCAGG-1,16.31306,6.7921014
ACCTAAATCAATCATG-1,8.429446,15.442465
ACCTAAATCCAGGAAA-1,12.810433,10.813252
ACCTAAATCCTAAGGT-1,14.10746,5.142883
ACCTAAGGTGGAAGGC-1,-1.8753422,8.237561
ACCTAAGGTTCACCAT-1,2.4404824,6.537878
ACCTACCTCTAACCTT-1,8.574967,15.474538
ACCTCACTCCCGAAGC-1,14.00246,1.3032135
ACCTCACTCTAGCTTT-1,11.312327,10.128657
ACCTCACTCTTGCTAT-1,2.6268475,7.4984818
ACCTGTTGTAGGTTAT-1,-1.3164849,-4.882331
ACCTGTTGTTAGGCGT-1,10.4304085,7.7136335
ACCTTCCAGGTGAGAC-1,14.006946,2.1585977
ACCTTCCAGTAACGGA-1,10.692873,7.498137
ACCTTCCAGTCAATCA-1,13.4408,4.7855678
ACCTTGCTCAGCTAAC-1,14.083514,7.896782
ACCTTGCTCCCTGGTT-1,0.65916276,19.447245
ACCTTGTGTGTTGCTT-1,9.627697,15.104783
ACGAACAAGGCCTGGT-1,13.766161,2.1842275
ACGAACAAGGTGCGGA-1,-6.7464533,7.731828
ACGAACAAGGTTAGCT-1,14.740277,5.970405
ACGAATCTCGGGCCAT-1,9.811784,14.105178
ACGACTTAGCCAGTAT-1,0.2406318,6.7897115
ACGAGTAAGCACTAAC-1,-7.054538,7.4436674
ACGAGTAAGGATAAAC-1,4.2606626,7.760664
ACGATTCAGAACCTGT-1,1.511964,7.242883
ACGATTCAGCATTTCT-1,1.4666823,6.1130576
ACGCACGGTACGGGTT-1,9.233827,15.19014
ACGCACGGTTAATGAC-1,1.0275033,7.7395964
ACGCACGGTTACGCAA-1,12.794938,10.482391
ACGCCTAAGGAAGCTA-1,13.285516,0.72947264
ACGCCTAAGGCGGGTA-1,9.9607315,14.180275
ACGCCTAAGTCTATGA-1,-3.1295698,6.5664473
ACGCCTAAGTGAGGGT-1,12.537658,2.484993
ACGCCTTTCATTTGCT-1,12.707021,10.993935
ACGCTTGAGCTCATAA-1,3.5560787,6.8998637
ACGCTTGAGGTCATTA-1,12.786404,13.97529
ACGGGAAGTCGCATAA-1,12.973524,1.6731102
ACGGGAAGTTCGGTAA-1,-0.71147853,18.986118
ACGGGAAGTTTGAGGC-1,13.619443,0.5188457
ACGGTACGTCGCATAA-1,15.059742,8.511614
ACGGTTAGTGCATCGG-1,15.801373,6.115936
ACGGTTAGTGTGCAAC-1,14.745974,1.1514248
ACGGTTTAGCCGCAGT-1,10.838187,7.504347
ACGTACCCAATGAAGC-1,14.241692,6.94509
ACGTCAAGTTAATGCG-1,0.8592366,1.8159
ACGTCCAAGCAGCTAT-1,-0.017809618,8.584647
ACGTCCTTCAAAGGCA-1,-0.711599,7.6701307
ACGTCCTTCCTAATTC-1,11.927176,2.7071204
ACGTCCTTCGCTAGAT-1,12.655496,11.793233
ACTAAAGCACAGAAAC-1,0.78243273,7.2337933
ACTAACCAGCACAGAA-1,4.2718263,8.741509
ACTAACGGTTACGCGG-1,11.375633,8.201348
ACTAACTCAAGGTGCA-1,14.319169,3.9820344
ACTAACTCAGAGGGAG-1,12.439926,9.554673
ACTAACTCAGGGAGGA-1,-0.15136072,18.298311
ACTAATCCAGGTATTT-1,10.100318,6.82106
ACTAGGCGTACTGAAT-1,12.088064,7.236927
ACTATCCGTAGGATTT-1,-3.9469523,6.5159903
ACTATCCGTTCACTGT-1,13.831497,7.2856474
ACTATGTCACCGGTAT-1,14.948636,6.1162796
ACTATGTCACCTACTT-1,12.729952,8.422797
ACTATGTCAGTTTGTG-1,-2.9043987,6.290599
ACTCAGTAGCTTAACA-1,16.331797,4.971141
ACTCAGTAGGAAGCAC-1,8.433658,15.082149
ACTCAGTAGGCATGTT-1,-1.9460632,6.3996496
ACTCGCGCAAGGAATC-1,-0.8266552,18.987633
ACTCGCGCACCTACTT-1,1.5494859,8.67017
ACTCGCGCATAATCGT-1,-5.790762,7.0915456
ACTGAAACATAAAGCA-1,14.672952,5.026806
ACTTACAAGGCATGAA-1,1.818466,5.4076657
ACTTACTTCAGGGCCT-1,-1.7700045,6.86401
ACTTACTTCATAGCCG-1,9.9131565,6.782013
ACTTACTTCCTTCAAT-1,-1.080284,8.876454
ACTTACTTCTCCTCAA-1,-0.05576691,7.332034
ACTTAGGGTAGGTTTG-1,12.4521055,2.5014396
ACTTAGGGTAGTAAGA-1,10.705001,6.4411774
ACTTAGGGTAGTTGGC-1,11.659084,10.083837
ACTTATCTCAAGGACA-1,9.265252,15.305803
ACTTATCTCTTACTCG-1,14.386277,1.2949103
ACTTCGCTCCACCCTG-1,12.615859,9.575017
ACTTCGCTCGTAACGT-1,-2.2704248,7.807887
ACTTCGCTCTAAGGTC-1,16.43895,4.3653316
ACTTGAATCCAAGTTA-1,0.29917833,7.229418
ACTTGCACAACCTAAT-1,16.350504,4.2374988
ACTTGTCGTACCGTAA-1,13.622249,12.611307
AGAAACCCATAATGTC-1,13.243118,12.4294815
AGAAAGGCAATTAGCT-1,-0.20502505,16.507984
AGAAAGGCATCCATCT-1,0.3339937,5.1504307
AGAACAAGTAGCCTAA-1,14.12122,7.600981
AGAACAAGTCCTTCAG-1,16.24727,4.330434
AGAACCAAGCCGGTAC-1,3.4335678,7.2289433
AGAACCAAGTAAGAAC-1,15.11676,4.144985
AGAACCGCACCTAATG-1,12.910103,10.352344
AGAAGGTGTAACGGGA-1,-2.3791213,6.5779915
AGAAGGTGTCGCGCAA-1,-0.31288168,8.536321
AGAATCTGTACTAAAC-1,0.91200876,20.19306
AGAATCTGTCGCAAAC-1,11.770081,14.022407
AGACAATAGGCCTTAG-1,12.013663,13.431769
AGACCCGGTAAGCACC-1,0.73936015,10.059145
AGACTATGTATGGTGC-1,12.634841,1.592794
AGAGAAGCATAGCTGC-1,12.561256,11.194618
AGAGATTAGTCATGCG-1,-0.6473303,6.9452114
AGAGGAACACGAATCC-1,10.770618,8.401134
AGAGGAACACTTACAG-1,-1.6521698,8.29762
AGAGGAACAGCTTAAT-1,10.619855,6.0291996
AGAGGATGTCAGGAAG-1,3.2739484,7.3224707
AGAGGATGTTAACAGT-1,1.2699093,5.2530155
AGATGAAGTAATAACC-1,10.861005,9.76658
AGATGAAGTACGTTTC-1,-1.3217453,6.240616
AGATGAAGTGTAACCA-1,2.5244596,10.021708
AGATGAAGTGTCCAAA-1,12.703369,7.7864237
AGATGAAGTGTCCAGG-1,12.418959,11.524819
AGATGAAGTTGGTTCT-1,11.516379,8.842319
AGATGCTTCCGTCCAT-1,9.598234,14.862826
AGATGCTTCCTGGTGA-1,16.41245,6.4722247
AGATGCTTCGTTCACC-1,-0.3252863,8.674661
AGCAAATAGCCAGTAT-1,12.871939,2.3647997
AGCAAATAGCTATATG-1,0.6924502,6.8687043
AGCAAATAGGTGTTAC-1,14.715966,1.7404736
AGCAATTGTAAAGCAA-1,-3.7796283,7.0097427
AGCAATTGTCAATAGT-1,13.978782,7.6159315
AGCAATTGTGGGTACT-1,9.981564,6.6202846
AGCACAGCAAGGGTTG-1,14.880631,5.374832
AGCACAGCATACTCCT-1,13.593458,3.3369935
AGCACAGCATTCCTGT-1,15.086346,4.3980136
AGCACTTAGGAACACA-1,3.7985022,8.64021
AGCACTTAGTTAGCCG-1,11.590651,7.33061
AGCAGGTAGACTTACA-1,-2.134897,7.5037146
AGCATCCCAAATACCT-1,11.811896,12.552767
AGCATTTCAGTAAGTA-1,13.647206,0.6247653
AGCCAGTGTAATGACT-1,0.5579921,2.0783398
AGCCGCTAGTTATCCT-1,14.418943,5.553479
AGCCGGTTCCGGAACC-1,13.415455,4.401818
AGCCGGTTCCTTCTAG-1,-0.352728,17.01298
AGCCGGTTCTGCAACG-1,16.695812,5.135058
AGCCTAAGTGCTTACT-1,-3.449608,7.2534003
AGCCTAGTCGTCCTTA-1,-1.2802497,-4.8119526
AGCCTAGTCTTTGACT-1,12.335283,13.264727
AGCCTGGGTAACCAGC-1,11.954587,5.935268
AGCCTGGGTAGCTGGT-1,0.64317733,6.802447
AGCCTGGGTTAGTTGG-1,12.3784,3.2023442
AGCGATTTCGTTCACC-1,3.2388215,8.212083
AGCGATTTCTGCAACG-1,10.787876,14.865544
AGCGCCTAGCTTGCTC-1,0.67654645,6.8439856
AGCGCTCAGGCTGGCT-1,2.5512629,9.512912
AGCGCTCAGGTCCTAG-1,11.712352,14.104731
AGCGGACCAATCGCAC-1,13.738669,6.7774997
AGCGGACCAGCTTAGC-1,14.535339,4.9531164
AGCGGATAGTTACTTC-1,-4.9755697,6.5901895
AGCGTGCTCTAATCTC-1,13.479439,7.5083427
AGCTAAACATTGTGAT-1,-0.81853247,7.905705
AGCTAAACATTGTGGC-1,17.031368,5.203559
AGCTAACTCATGGTGT-1,12.963137,8.786784
AGCTACGTCCGCTAGA-1,14.306277,5.82502
AGCTACGTCCGTAAAC-1,-1.3900679,-4.9990163
AGCTAGTTCCGTTATT-1,-6.663772,7.891497
AGCTATATCGCACAAT-1,-1.1742368,6.7703133
AGCTATATCGGCCAGT-1,4.573176,8.435826
AGCTATATCGTCAAGT-1,13.703541,7.1983
AGCTGCTCATGAAATG-1,1.7113664,10.155035
AGCTTCCTCAATGAGG-1,3.123427,7.63474
AGCTTGGTCAATGACC-1,-0.3564783,7.383399
AGCTTGGTCTAATTGG-1,-5.3584576,7.1402907
AGCTTTAAGTAGGATG-1,14.548861,5.844167
AGGAAACGTCAAACTG-1,12.000788,13.804584
AGGAAACGTGGTTATG-1,3.0788567,8.097273
AGGAACGGTTGGTTCT-1,2.0902283,9.070033
AGGACTAAGCGATAAG-1,3.9567583,9.088696
AGGACTAAGGCGGATG-1,1.3476099,7.114006
AGGACTAAGTTGCCTC-1,-5.526172,6.7270417
AGGAGCTAGAACCTGT-1,-1.4373957,5.096818
AGGAGCTAGATGGAGC-1,14.781637,4.912357
AGGATCCGTCGTAAAT-1,11.5856495,9.056147
AGGATCCGTTGTCCAT-1,12.109625,13.300097
AGGATGCAGATAACCC-1,11.065394,9.473621
AGGATGCAGGCTAATC-1,2.7777646,9.789108
AGGATGTCAAGCTTTG-1,13.386933,1.131466
AGGCAATCAATACTGT-1,15.353986,4.901364
AGGCAATCATGAGTTT-1,10.000686,7.0885143
AGGCAGGTCAGCAAGA-1,14.051799,6.7472687
AGGCGGATCGCTAGTG-1,15.095378,5.351427
AGGCTAAAGTAACTCA-1,15.51946,3.7408454
AGGCTAAAGTATTGTG-1,16.172823,6.7426147
AGGCTAAAGTCTATGA-1,11.3920145,9.6433525
AGGCTAGCACAATACT-1,-0.56357753,16.643578
AGGCTAGCACCTGTAA-1,13.425275,1.9856147
AGGCTAGCACGTAATT-1,12.999407,12.706839
AGGCTAGCAGGCCAAA-1,13.517822,3.1106684
AGGGCCTTCACGCATG-1,13.827872,4.7636585
AGGGCCTTCAGGAAGC-1,17.288383,4.714641
AGGGCCTTCCGTGACA-1,-0.8168969,6.786905
AGGGCTACAGAATGAC-1,1.8121305,7.9504614
AGGGTTGCAACTGGCT-1,16.056847,4.5312977
AGGGTTGCATGAATAG-1,16.548931,5.735244
AGGTAACCAGGCTAGA-1,14.270394,7.5279617
AGGTACGCAGCCAGAA-1,0.33967495,2.6845036
AGGTACGCATAAGCAA-1,11.557294,14.774158
AGGTATTGTGCTAGCG-1,8.541458,14.894594
AGGTCAAAGGCAAGTA-1,-2.0897725,6.022892
AGGTCATTCAAACCGT-1,12.536136,6.7172575
AGGTCATTCAAGCTAC-1,-0.06855428,16.740416
AGGTCATTCTTGCAAA-1,14.295214,0.6493135
AGGTCCGGTAACCAGC-1,0.53689146,8.2587805
AGGTCCGGTTAGCGTA-1,15.482954,6.645302
AGGTCTTAGCAAGGGT-1,-7.233354,7.6932516
AGGTCTTAGCAGCTCA-1,11.401325,14.355064
AGGTCTTAGTGGACAA-1,-2.6102412,6.5507073
AGGTGAATCTAATCTC-1,3.9915845,9.646564
AGGTGAGGTCATAACG-1,0.8472755,7.0071373
AGGTTAACAGCAAGTG-1,-0.11833597,17.361671
AGGTTAACAGGTCCTG-1,13.2662735,0.21776703
AGGTTAACATGAGCAG-1,12.355042,2.328121
AGGTTAGAGTTCCCGT-1,11.110339,8.193641
AGGTTTATCACTCAAA-1,1.7387847,5.2597914
AGGTTTATCTTAGTCT-1,2.6080039,7.891095
AGTAAACAGCAATAGG-1,-5.700226,7.543098
AGTAAACAGCAGGTTT-1,1.8155237,7.339945
AGTAACACAGCTTAAT-1,2.224392,6.9723606
AGTAACACATCGCTTT-1,11.258719,7.729788
AGTAACCTCTTTGACT-1,-0.025635164,5.741516
AGTAACGAGACACCGC-1,-0.17984982,8.547604
AGTAACGAGAGAGCCG-1,-1.3199629,6.811396
AGTAACGAGATAAAGC-1,-0.115696676,18.756378
AGTAACGAGCGCCTTT-1,-5.0557055,6.462281
AGTAATGCAACCTGGT-1,10.583432,7.8255644
AGTACGCGTTAACGAT-1,14.718519,4.789348
AGTACGCGTTGTAACG-1,12.41662,14.805686
AGTAGCTTCATAGACC-1,0.5475779,10.007805
AGTAGCTTCTCCATAT-1,13.491342,2.341375
AGTAGCTTCTGTGAGT-1,2.7601619,7.386659
AGTATAGCATTATGAC-1,-3.1350288,6.7117453
AGTCAAGAGACAACAG-1,13.829377,5.573085
AGTCAAGAGGCAGGTG-1,-0.5895721,9.492474
AGTCAAGAGGGCCACT-1,15.772275,4.190081
AGTCAAGAGTCATTAG-1,0.537229,18.13597
AGTCAATGTGCTCACC-1,2.4712987,6.5864363
AGTCCTGAGCCTGGTA-1,0.5100776,2.5362594
AGTCCTTGTCCTAATC-1,0.015058572,16.812717
AGTCGCATCATGCTAA-1,-0.081257515,7.095428
AGTCTTGCAATTATGC-1,12.561549,11.402987
AGTCTTGCACAAAGAC-1,-7.2866077,7.5399485
AGTCTTGCATTGTGGC-1,12.268125,2.4139853
AGTGAGTCAGCACGTT-1,12.982628,2.3087647
AGTGAGTCAGTACCGT-1,16.653809,6.846952
AGTGAGTCATGTTGGC-1,-1.8974081,6.116543
AGTGAGTCATTAAAGG-1,-2.9065907,6.963504
AGTGCCGGTGGTTATG-1,16.070147,3.8740292
AGTGGACAGCTTACTT-1,13.64057,2.9744356
AGTGGACAGGCGAATA-1,10.968018,9.110338
AGTGGACAGTCACGAT-1,-1.7802597,-5.3936653
AGTGTGGCATGCATAT-1,12.446898,2.2795527
AGTGTGGCATTGACAT-1,12.755286,5.776786
AGTGTTTCAGGGAGGA-1,-2.2044265,7.3879285
AGTTACTCAATGCCTA-1,15.824023,4.1190715
AGTTACTCACTTCATC-1,11.083424,8.339571
AGTTATGTCCCTGTTA-1,12.843027,9.571742
AGTTATGTCCTCACAC-1,12.357153,8.405021
AGTTGCAGTAGCCTAA-1,12.224766,2.7898636
AGTTGCAGTAGGTTTG-1,0.29947725,8.545382
AGTTGCAGTCTTGCAT-1,0.34071133,8.085764
AGTTGCAGTGAGGTAG-1,13.004396,2.8954887
AGTTGCGTCCAACTGG-1,12.677267,8.590863
AGTTGGCGTACAAAGA-1,-6.6361456,7.1139073
AGTTGGCGTATCTGGA-1,0.9257792,2.66563
AGTTGGCGTGACATAT-1,1.1463143,9.1693735
AGTTGGCGTTAGTTGG-1,12.320518,5.782105
AGTTGTCAGATGGACA-1,12.496405,8.557872
AGTTGTCAGTAAACCC-1,-6.8651185,7.613258
AGTTTGCAGCTATATG-1,-0.84275174,19.116161
ATAACGACAATTATGC-1,17.213179,5.0594506
ATAACGACACATTAAC-1,14.777265,1.4539839
ATAAGCCTCTAGCTTT-1,12.932577,6.097955
ATAAGCCTCTATCGCC-1,-2.2166266,6.8041887
ATAAGTCGTGAGGTAG-1,2.177297,9.518513
ATAAGTCGTTCCTCCT-1,-4.7964993,7.5040703
ATAAGTCGTTCGGGAT-1,12.590099,1.7314371
ATACCGGTCACGAATC-1,-0.34122837,9.712929
ATACCTGCAATCCTGA-1,13.385879,5.804578
ATACCTGCAATTAGGA-1,11.516035,7.8602223
ATAGATGCACTTACAG-1,12.472977,9.563513
ATAGATGCATTTGCTC-1,12.295634,13.06971
ATAGCATGTAACCACA-1,1.2517178,2.463955
ATAGGTACACTGGCCA-1,3.780599,9.14555
ATATAGGCAGAAACGT-1,0.3412674,19.586836
ATATGCATCAGCTAAC-1,12.79278,2.7147768
ATATGCATCCGCATGA-1,14.430786,5.0510263
ATATGCATCGCAATCG-1,11.301594,8.549111
ATATGCTCAAGGACCA-1,16.067112,5.7666793
ATATGCTCAATAGCAA-1,10.912165,13.98805
ATATGCTCACGAACAG-1,-1.9590594,6.221522
ATCAAGACACTGACCG-1,0.9162515,2.3303914
ATCAAGACAGGAACCA-1,-6.6833205,7.5996976
ATCAAGCTCCTTCTAG-1,11.326471,14.253282
ATCAAGCTCGGTCATG-1,-1.2329433,-4.7634606
ATCAATCCAAACCTTG-1,-5.9152026,7.2029495
ATCAATCCAAGCTTTG-1,12.28196,10.1776
ATCAATCCAGTAAGTA-1,-0.3592698,6.916477
ATCACAATCTACCTCA-1,14.045998,9.399841
ATCACAATCTCCATAT-1,13.801039,12.49583
ATCACACAGGCCGGAA-1,11.601532,9.423892
ATCACCCTCCTAACGG-1,14.830056,5.6637034
ATCACCCTCTATTGTC-1,1.1240481,7.8413897
ATCACTAAGATGGACA-1,0.107538484,17.381086
ATCACTAAGCTCAAAC-1,12.329991,11.067513
ATCAGGTTCACTTCAT-1,14.289492,8.064322
ATCAGGTTCATTTGTC-1,13.017979,2.797687
ATCAGGTTCCCTGTTA-1,-5.454662,7.3089147
ATCATCAAGCCAGTAT-1,9.597995,14.20282
ATCATCAAGGGCCACT-1,1.8399556,9.904464
ATCCAACAGCGGCTGT-1,12.596034,3.0910974
ATCCACCTCAGAAACG-1,13.248685,4.644854
ATCCACCTCGTCAAGT-1,-0.6147807,18.73675
ATCCGTGAGACTCGCA-1,13.838034,8.611132
ATCCGTGAGGTCATTA-1,0.55063766,19.139088
ATCCTCATCTGGTCCT-1,3.0178714,8.076792
ATCCTCATCTGTGAGT-1,-0.10627854,17.90945
ATCCTGACAATGCGCT-1,14.294086,6.277126
ATCCTGACATGTCAAT-1,13.202362,7.4690127
ATCCTTAGTGTCACGG-1,-7.6189632,7.3027864
ATCGAGGCAACAGGAT-1,14.377299,1.401133
ATCGGCCAGGTTTGCG-1,14.890332,6.8543563
ATCTATGAGCAAACCT-1,12.636512,2.7084312
ATCTTTGGTTGTTGGA-1,11.925832,12.473892
ATGAAGCCAGCACCAT-1,12.612198,11.425683
ATGAAGTAGTAACCAC-1,15.885695,6.2281804
ATGAATGCAAGGTAAC-1,4.143865,9.402402
ATGACAACACTATGGC-1,14.139836,1.1214834
ATGACAACAGCTCATA-1,-1.2772819,7.160997
ATGACCAGTTACTTGC-1,-1.43113,-4.9945474
ATGACTCAGCACGTTG-1,-7.392393,7.6246476
ATGAGCCGTTTCGCGC-1,14.445776,1.4216077
ATGATGGAGCTTCTCA-1,0.75381607,4.4337935
ATGCAGGCAAAGGTAC-1,13.48236,5.207556
ATGCATTCAAGTAAGC-1,9.881407,15.465682
ATGCATTCACCGGCTA-1,-0.07980329,7.8932657
ATGCGATTCATGACCG-1,11.967778,8.554053
ATGCTTAAGCAACATC-1,12.305068,12.6909275
ATGCTTAAGGACCAGG-1,10.950785,8.412791
ATGCTTAAGGTCTTGG-1,-6.311458,7.4439826
ATGGCCCAGACAAACG-1,11.326642,13.906648
ATGGCTAGTGTGAGAG-1,12.70918,4.901089
ATGGCTAGTTTGCGCC-1,12.889042,5.5451965
ATGGCTTAGCCGCAAC-1,-5.16797,6.440175
ATGGCTTAGCTCAAAC-1,1.8924068,6.8875346
ATGGTCTAGCGAGCGA-1,11.52849,6.087803
ATGGTGCGTTACCTGT-1,12.347789,8.223561
ATGGTGCGTTGGTTAG-1,0.76236,7.9723372
ATGGTTATCTCCATGC-1,-4.72116,6.829603
ATGTAACGTTTAGCTC-1,13.374309,3.0903814
ATGTAAGCACCAACCG-1,13.910001,6.003103
ATGTAAGCAGAGAGCC-1,15.984806,3.7558255
ATGTAAGCAGCTTAGC-1,13.236775,1.5395299
ATGTAAGCATTAGCGC-1,14.975439,4.4332743
ATGTAAGCATTGTGAT-1,0.20957355,2.2601812
ATGTCAATCTACCTGC-1,-2.5371153,7.9353733
ATGTCAATCTTGTCTG-1,11.896888,5.9394574
ATGTCATCAAGGTCCT-1,15.390879,5.6443334
ATGTCATCACCTATAG-1,14.262552,1.3442701
ATGTCCACATAAGTTC-1,15.902213,5.586751
ATGTTCAAGACTTATG-1,-0.82407624,5.996713
ATGTTGTCAGCAACAG-1,14.603509,8.4899645
ATGTTTGAGCCGCTAA-1,-5.0329447,6.5252223
ATTAACCCAAACAACA-1,15.7242365,6.9172416
ATTAACCCACAACAGG-1,0.529379,7.3155427
ATTAACCCATTGTCAG-1,-1.1962746,-4.6931825
ATTACCCGTGGAGCAA-1,15.776718,5.4468246
ATTACCCGTTTACCGT-1,0.818316,19.905956
ATTACCGCATCATGTG-1,16.372534,5.4808154
ATTACGTCATTAAAGG-1,15.1826725,5.081503
ATTAGCTCAGCAGGTA-1,0.52265483,6.6118813
ATTAGCTCATAATCGT-1,-0.23261608,7.412343
ATTAGGTGTCTCAGCC-1,13.823626,8.184278
ATTCAACCACTAGCGT-1,0.6932295,7.3294168
ATTCAACCAGGAACAT-1,11.490329,13.990249
ATTCACTTCCTAACGG-1,4.1845,8.708508
ATTCACTTCGGTAACT-1,11.746262,8.4910555
ATTCCGGAGCTACTGG-1,10.665708,10.420171
ATTCCTAGTATTGTGG-1,-0.4291112,7.5559106
ATTCCTAGTCATAACG-1,11.027019,7.999509
ATTCCTAGTGCTGTAA-1,-1.2057358,8.548212
ATTCCTAGTTGTTGGA-1,12.194948,14.5225935
ATTCCTCCAAGGTGGC-1,-0.92114186,7.284612
ATTCGTTTCCAGGAAA-1,12.371159,14.351419
ATTGAAGCAATAATCC-1,3.4134488,7.2724223
ATTGACTCAATCCTGA-1,11.532655,9.05325
ATTGACTCACTTAGGC-1,11.747041,8.812261
ATTGACTCATCAGTAT-1,14.154279,5.2683434
ATTGCACAGCCTGTTC-1,0.20614317,8.840735
ATTGCACAGTTAGAGG-1,15.421683,1.4174628
ATTGCAGGTACTGATG-1,12.216384,13.964083
ATTGCGCCAAATGCCC-1,-1.1501448,19.011147
ATTGCTCGTAAGGTCC-1,2.4551783,9.562357
ATTGCTCGTACGCGCA-1,13.327524,7.792217
ATTGGCTAGTAAGTCC-1,13.151952,0.9083647
ATTGTGATCAATTACG-1,13.339438,1.361607
ATTGTGATCATGCTCC-1,15.761782,4.936158
ATTGTGATCGGTCATG-1,16.61429,4.394989
ATTTAGCCAATCCCTT-1,12.949126,2.1320977
ATTTAGCCAGGGAGGA-1,16.147142,5.6324034
ATTTGCAAGAGAAGGG-1,12.71304,7.2023797
ATTTGCAAGGATTGCT-1,3.7545009,9.281505
ATTTGCGCAGTTTGGC-1,10.849286,8.70286
ATTTGTGAGTTGTCAA-1,12.20827,9.682581
CAAACACTCCACCCTG-1,12.546237,2.116975
CAAACACTCGTAACGT-1,0.978924,4.886464
CAAACATGTACTTAGG-1,0.7069049,3.9804091
CAAACCGTCAAGTGTC-1,13.315338,1.7379857
CAAACCGTCATGAAGG-1,14.200982,1.2784797
CAAACGCGTGGATTAT-1,12.938654,2.3582656
CAAACGCGTTATCGAG-1,0.9902846,8.835692
CAAACGCGTTTGGCTT-1,3.6175568,8.837499
CAAACTGGTCCCGGAA-1,15.840273,5.6786714
CAAAGCGCAGCCAGTT-1,3.988573,7.696199
CAAAGTGAGTAGGATG-1,0.1902734,18.420452
CAAATCATCAGCAAGA-1,12.054644,14.743722
CAAATCATCTATGACA-1,0.5513736,6.747864
CAACAATGTCATGCAA-1,3.2575579,7.8527756
CAACAGGCAGCATGGA-1,0.39606062,18.401731
CAACCCGCACGCAACT-1,8.969519,14.420373
CAACCCGCATAATGTC-1,-5.0964007,7.157966
CAACCCGCATTCCTCG-1,-0.8555843,19.32729
CAACTAATCCTTCGTA-1,-1.5348909,8.752476
CAACTAGGTGCTTAGA-1,-0.16284727,16.41681
CAAGAACCAGCTAACC-1,-2.4571977,7.609041
CAAGACAAGCACAGCC-1,-0.33788607,8.378584
CAAGACAAGGTATTGC-1,11.246142,8.659672
CAAGGCTGTACCGGAT-1,12.061655,14.290113
CAAGGCTGTGAACAAA-1,10.950727,8.691471
CAAGGGAGTAACGAGG-1,12.7033415,2.7230182
CAAGGGAGTCTCAGCC-1,12.579846,11.505476
CAAGGGAGTGATCAGC-1,0.47468066,18.128284
CAAGGGAGTTGCAGTA-1,12.947175,7.1395087
CAAGGTAAGTCATTGA-1,12.430302,2.4189012
CAAGGTAAGTGACCTG-1,-1.5732762,4.9637575
CAAGGTTTCAGTTCCC-1,-0.07948826,17.598057
CAAGGTTTCATTACAG-1,14.965667,0.9957508
CAAGGTTTCCCTGACT-1,15.356098,6.8190904
CAAGGTTTCCGCCTAT-1,2.2946482,8.920676
CAAGTAACAGGCGAGT-1,14.736846,4.863081
CAAGTATGTCGTTATC-1,3.3007452,9.615979
CAAGTATGTGTTAAAC-1,15.797273,3.9228075
CAAGTGAAGCGCAATT-1,15.80967,4.2432456
CAAGTGAAGTTCCTGC-1,0.6095333,3.5126643
CAAGTTATCACCTGCT-1,-1.9106725,-5.471201
CAAGTTATCGCTAGCA-1,1.9818374,9.065723
CAATAAGCAATGCCCG-1,-5.601324,7.596409
CAATAAGCACATACTG-1,12.167142,7.8646317
CAATAAGCACTAGCGT-1,13.627899,7.468612
CAATAAGCAGCCTTGG-1,11.503208,9.456837
CAATAAGCAGGTATTT-1,16.7858,4.7059665
CAATAGCTCATAGCCG-1,15.059452,5.3305416
CAATATGTCAAACCTA-1,9.761681,14.351624
CAATCCCTCACATTGA-1,-3.8451102,6.510903
CAATCCCTCCCGCCTA-1,2.2671618,8.312984
CAATCCTGTGCTGTAA-1,1.3104378,7.281904
CAATCGCCACTTCACT-1,10.837093,5.9256525
CAATCGCCATTGTCCT-1,-0.97433877,7.6289487
CAATCTAAGCTTCCCG-1,13.763337,6.098726
CAATCTAAGTTTGGGT-1,15.656594,4.8733916
CAATGAACAAGCTAAA-1,1.252503,6.645201
CAATGAACATAATCCG-1,13.925413,8.321781
CAATGAACATTTGCTC-1,11.659512,7.882516
CAATGACTCAAATCGC-1,11.963203,2.8374124
CAATGACTCCGGTTAG-1,0.43425238,17.123228
CAATGACTCGAGCAAA-1,14.14095,5.208481
CAATGTCAGGAACACA-1,1.0588424,9.279658
CAATGTCAGGCAACAA-1,15.888788,3.2254496
CAATGTCAGGGCCATC-1,3.1047437,6.9413323
CAATGTCAGTAGGATG-1,2.6813567,6.2743397
CACAAGCGTGATTACG-1,10.677027,10.004709
CACAAGCGTGTTCCCA-1,0.71480066,8.287446
CACAATATCAATTACG-1,16.922676,4.8327327
CACAGGCTCATCCACC-1,0.6964,9.249381
CACAGGCTCTATCGCC-1,10.58817,9.944548
CACAGGCTCTTAGCGG-1,15.495295,5.377098
CACAGGGAGGAACGGT-1,-0.9157188,6.497686
CACAGGGAGGCAACAA-1,13.570191,1.0156461
CACAGGGAGTTATGTG-1,3.2483678,6.6263885
CACCAACCAATTGCGC-1,-3.3294406,7.1330824
CACCAACCAGCATTAT-1,12.405247,0.8919165
CACCGGTAGTGAACGA-1,14.727687,6.0170655
CACCTCAGTCCGGTTC-1,0.35288388,17.506783
CACCTCAGTTTGGGCG-1,14.484407,7.929235
CACCTGTTCACTCGCT-1,12.186714,12.196964
CACCTGTTCCAACTGG-1,14.083653,7.8832536
CACCTGTTCTGCAACG-1,2.0435123,10.043944
CACGCAATCGATATTG-1,14.429997,8.121133
CACGCTAAGGTCCTGA-1,10.921381,14.894099
CACTAAGGTGGAGCAA-1,11.524678,9.206857
CACTAGCCAATAATCC-1,0.8933034,6.389768
CACTAGCCATAAAGCA-1,17.27298,4.6955423
CACTGACCAATTTAGC-1,-3.9583297,7.235234
CACTTAAAGTCATTTC-1,-1.0235193,6.1950054
CACTTTGTCAGCTAAC-1,-7.3536377,7.958632
CAGAACCGTCACAGCG-1,14.414262,7.0846577
CAGAACCGTGCTTAGA-1,-0.37497663,7.7861986
CAGAATCTCAAGCTTA-1,12.001432,5.8083243
CAGAATCTCGCTTCTA-1,15.08165,0.77135813
CAGATTCAGCGGGCAA-1,10.990513,5.931296
CAGATTCAGGAGTAAT-1,-0.041754607,9.755051
CAGCAAGCACTTAGGC-1,2.5964541,6.6497517
CAGCATGTCTACCTAT-1,-0.28939718,5.998702
CAGCATTAGTCGCTAG-1,16.674326,5.504556
CAGCCAATCATTGTTC-1,3.6122348,8.587216
CAGCCAATCCTGCGAA-1,16.164896,5.165438
CAGCCTAAGCCTGTGA-1,10.995168,8.17051
CAGCCTAAGGTCCACA-1,14.017044,0.91468185
CAGCCTTTCTAATCCT-1,-6.878523,7.546834
CAGCTAAGTCCAAGAC-1,14.303376,5.9678044
CAGCTAAGTTGAAGCC-1,0.3987216,4.1516566
CAGCTCAAGAGGAGGA-1,11.046265,13.159261
CAGCTCAAGCTCGCTT-1,3.308702,9.086795
CAGGAAGGTCCTTCTC-1,4.1958203,8.294146
CAGGAAGGTCGAAGTC-1,12.700771,12.31564
CAGGAAGGTTCAAGCA-1,0.2365685,16.959135
CAGGACACAAAGGCCA-1,3.6690395,8.332619
CAGGACACATTTAAGC-1,10.995856,14.3796425
CAGGACCTCCGTCCAT-1,1.6826326,6.0564513
CAGGCTATCCGCAAGC-1,11.110403,7.3257904
CAGGGTGAGCATGTCG-1,8.6809025,15.588608
CAGGGTGAGTGAGAGC-1,-1.6068419,8.286628
CAGGTCCAGAGAGCCG-1,0.398058,17.576847
CAGGTCCAGGTCGAGG-1,-0.7779658,9.278984
CAGGTGGAGCAGCTCA-1,14.490035,5.1845827
CAGGTGGAGGATTTGC-1,9.02272,15.567066
CAGGTTTAGTATTGTG-1,12.95171,2.6710334
CATAACGGTTGCAATG-1,0.4752295,9.856718
CATAAGCTCATTACAG-1,0.26035812,16.854326
CATAAGCTCTACTAAG-1,13.728733,1.0809237
CATAGACTCATGAGCT-1,11.091728,13.391025
CATAGACTCCATTACT-1,12.228365,14.761516
CATAGACTCCTACCTA-1,17.04511,4.1695733
CATAGCTAGCTATTAG-1,2.9958484,7.7331743
CATAGCTAGGAGGACT-1,3.2710218,7.480375
CATAGGCGTCATCCTG-1,1.8966995,9.852864
CATAGGCGTCCGGTTC-1,11.636307,14.211245
CATAGGCGTCCGTGAG-1,3.0241885,7.4206004
CATAGGCGTTACTTCA-1,10.586275,7.7495627
CATAGGTTCTGTTGCC-1,15.251753,5.826761
CATAGTCAGCTCAAAC-1,-7.75219,7.832962
CATAGTCAGGAGGTTA-1,-6.6329226,7.847903
CATATCGCAAATTCGT-1,-0.7194599,7.3913407
CATATCGCACTAAGTT-1,1.6519492,6.7687473
CATATCGCACTTCATC-1,8.699679,15.591692
CATATCGCAGTAATAG-1,15.081088,0.8928486
CATCAATCAGCCTTGG-1,13.800749,0.7667911
CATCACACAACAGGAT-1,0.5014211,3.5983038
CATCACACATGCTCCC-1,8.61587,15.286648
CATCAGCCAACAGGAT-1,-6.2277436,7.2052817
CATCATAAGTACTGGT-1,0.31859943,19.736311
CATCATAAGTAGCCAT-1,-3.2982929,6.509711
CATCATGCACTGACCG-1,-2.1788335,7.8681235
CATCATGCACTTCATC-1,11.34785,5.9414377
CATCATGCATGCTCCC-1,9.245046,14.033478
CATCCTCAGACTTATG-1,13.035263,9.007248
CATCCTCAGAGCCGGA-1,1.5265641,8.945745
CATCCTGGTACGGGTT-1,-1.16028,6.9026456
CATCCTGGTATTCGCT-1,3.1912222,7.851756
CATCCTGGTCACGAAC-1,12.715228,9.01456
CATCCTGGTTACTTGC-1,13.311226,1.1352822
CATCCTTCAAGCCAGA-1,14.557664,1.2390065
CATCCTTCACCCACAG-1,0.8576975,6.5162277
CATCGCTTCTTAGTCT-1,-3.5323236,6.534938
CATGCAAGTAGGTGTC-1,-0.27506205,18.887695
CATGCATAGGGTGGAT-1,13.376284,0.7129025
CATGCGCAGGAGTCGG-1,-5.2314763,6.6370096
CATGCGCAGGCGCTTA-1,2.7335117,6.7522464
CATGGATTCAAGCTTA-1,0.54478586,18.851822
CATGGATTCATAACCA-1,13.51464,2.1247625
CATGGATTCCCTCATA-1,14.426057,8.5057745
CATTATCTCAATCTCT-1,-0.015008112,19.048758
CATTATCTCAGTTCCC-1,15.859621,5.7870326
CATTATCTCGTTAGCG-1,11.365652,7.223458
CATTCATTCGCATTAA-1,0.21370655,6.968152
CATTCCTCACACAATT-1,16.476265,4.2725506
CATTGCGAGCATGTCG-1,-3.1139627,6.5435205
CATTGCGAGTAACGGA-1,0.25828627,9.10224
CATTGTAAGGACCGCT-1,10.667253,7.133537
CATTGTAAGGCAGGTG-1,-0.48208976,6.147368
CATTGTAAGTAACGGA-1,11.719909,14.441415
CATTTGTTCTAAGTGC-1,9.781584,15.318301
CCAAACCCAAACGCGA-1,10.656139,10.365768
CCAAACCCAATATACC-1,14.818854,2.0904503
CCAAACCCACCTGTAA-1,14.752564,7.6288567
CCAAACCCATAGACTT-1,12.514722,8.41044
CCAAACTAGACAAGTG-1,2.8224175,7.7076697
CCAAACTAGGGTTAGA-1,12.52013,15.205538
CCAAATCAGGTCCGTA-1,12.176625,13.460789
CCAACATAGCACCACA-1,-1.5796198,5.611864
CCAACATAGGCCCAGT-1,15.280883,5.0188518
CCAACCAAGCGCTAAT-1,-2.7307947,6.8492475
CCAACCAAGTCGCTAG-1,-0.91616535,7.021535
CCAACCCGTGCAATGC-1,14.762937,5.9160576
CCAAGGCTCCATTACT-1,1.1553671,7.096129
CCAAGGCTCGCGCTAA-1,13.2034645,7.055246
CCAAGTTAGTAACCAC-1,0.394958,6.9243555
CCACAATAGCCTGAGC-1,1.3476114,6.6406865
CCACACAAGAGGCTAA-1,14.345159,6.873378
CCACAGGGTTAGCGTA-1,-0.8006027,18.737707
CCACATTGTATGTGGC-1,-0.7937466,7.647396
CCACATTGTCAATAGT-1,2.4393158,8.69249
CCACTTGGTGGTTCTT-1,12.005269,9.063352
CCACTTGGTTTACCGT-1,14.638063,5.0692744
CCAGACTCAGTAGGTG-1,12.124319,6.1589108
CCAGACTCAGTTATCG-1,16.646141,5.9269347
CCAGACTCATAGCGGA-1,15.065674,5.265966
CCAGACTCATTGCGAC-1,-0.6722165,7.929261
CCAGCCTGTAGGTTGC-1,14.010098,6.39505
CCAGCCTGTTCACCCA-1,12.749656,2.5303824
CCAGCCTGTTTAGCGA-1,0.59410715,2.0842345
CCAGCTAAGAGGAAGG-1,0.9715486,2.3901691
CCAGCTAAGCCGCTTT-1,-0.6199545,19.345112
CCAGCTGCAAAGCTAA-1,8.294034,14.968014
CCAGCTGCACCAACCG-1,13.277021,0.5674313
CCAGGAACAAACTAAG-1,2.0551102,8.669789
CCAGGAACATAATCAC-1,13.587676,6.5226364
CCAGGAACATTGTGCA-1,14.092319,2.2681022
CCAGGATGTGGTGAGA-1,15.611863,6.5249343
CCAGGATGTTGGTTAG-1,-4.5252943,6.659634
CCAGTTTGTAGTCAAT-1,1.922242,6.790729
CCATAAATCACGCATG-1,-1.5107259,-5.0753074
CCATAAATCCCTCATA-1,-0.5966825,18.672873
CCATAAGGTCTAACCT-1,13.616895,2.439203
CCATAAGGTTTGTCTA-1,12.301708,11.832254
CCATAATCAGCGCTTG-1,14.743221,8.775064
CCATAGCCAATAAGCA-1,11.453729,14.103161
CCATAGCCAATATGGA-1,11.849826,14.27019
CCATAGCCAATTGACT-1,3.2925303,9.717849
CCATATTTCCTCCTAA-1,-3.2319462,6.6030765
CCATCACTCGGTTTGG-1,10.337508,10.125692
CCATCACTCTTCAATC-1,11.851522,6.4421406
CCATCATGTAACCACA-1,16.712635,5.5299354
CCATCATGTGCTTAGA-1,-1.9385265,6.8696017
CCATTATTCTAACTGA-1,12.584662,1.5473307
CCCAAACCAGAAATGC-1,2.5626993,7.0706244
CCCAAACCAGGACCTT-1,-2.403069,6.04326
CCCAAACCAGGATTAA-1,-7.4486103,7.6274433
CCCAAATAGTGAGCGG-1,12.361331,2.1939209
CCCAACCGTCCTAAGA-1,15.73626,5.9970083
CCCAGCACAATCATGT-1,-1.3812366,7.9157386
CCCAGTTTCCTCATCA-1,9.0384655,15.43677
CCCAGTTTCTGTTGCC-1,12.476287,11.827102
CCCAGTTTCTTGGACG-1,10.86991,5.914216
CCCATAACAGGAACCA-1,13.844917,12.518355
CCCGCAACAGTTGCGT-1,14.946826,1.630081
CCCGTAAAGTTAGAGG-1,11.177184,7.2435746
CCCGTTGTCAACAAGG-1,-2.4012372,7.11316
CCCTCACCAACACCTA-1,10.580388,9.464959
CCCTCACCAAGACTCC-1,0.9055186,20.035896
CCCTCACCAATAACCT-1,-5.208314,7.488893
CCCTCACCACTAAGTT-1,16.513788,5.389609
CCCTCACCAGGCTAGA-1,12.126614,12.997377
CCCTCAGTCATTTGTC-1,13.601346,8.343959
CCCTCAGTCGGTTTGG-1,13.385965,7.4607244
CCCTCATAGCTATTAG-1,4.4414363,8.575795
CCCTCATAGTGACCTG-1,-0.86218655,17.170696
CCCTGTTAGCTGTCAG-1,14.4836035,1.2943792
CCCTGTTAGTCGCAAT-1,14.607698,5.1087446
CCCTTAATCGATCAGT-1,8.90518,15.252175
CCGATGCAGCGAGTAA-1,-0.29937097,19.558966
CCGCAAATCATGCAAC-1,-1.6595024,4.876696
CCGCAAATCTCGCCCA-1,-1.17416,5.173148
CCGCAAGGTAATCCCT-1,-0.9564793,18.53209
CCGCAAGGTTCAAGCA-1,15.266305,3.6558392
CCGCACACACTTCACT-1,-0.75855815,9.268008
CCGCACACAGTTTCTC-1,10.842413,8.254952
CCGCACACATGAGCAG-1,1.1028285,6.87872
CCGCACACATGTTTGG-1,0.40845686,20.133642
CCGCCAACAACCCTCC-1,12.89303,8.254888
CCGCTAAAGCTGGAAA-1,0.9897215,19.924227
CCGCTAGCATGCTATG-1,14.235723,1.7023762
CCGCTTAGTATCTGGA-1,14.341991,8.40663
CCGGTAGGTAATGACT-1,16.269829,3.6953661
CCGGTAGGTACTAAAC-1,14.247989,0.49774623
CCGGTAGGTCGTTACT-1,13.890108,5.1749725
CCGGTTAAGGAAGTAT-1,14.395868,8.806738
CCGGTTAAGGCCTAAT-1,-1.0892849,6.872396
CCGGTTAAGTCAGGCC-1,10.736237,9.948653
CCGGTTAAGTTTGGTA-1,15.062044,4.638621
CCGTTACTCATCCTGC-1,13.535996,0.40237674
CCGTTACTCTAGCGAT-1,16.429579,5.872936
CCGTTATGTGCTTAGA-1,-0.66484916,8.8901415
CCGTTGCGTTAGAGCC-1,10.964042,7.577465
CCGTTGCGTTTGTCTA-1,12.006817,13.456104
CCGTTTGGTCCTTAGT-1,-4.7908144,6.623277
CCGTTTGGTGCTTTAC-1,13.603208,7.9003363
CCTAAAGGTACGGGTT-1,13.650171,1.7820086
CCTAAGCCAGTAGGTG-1,12.661029,3.592909
CCTAAGCCATAAGTTC-1,13.591267,3.018901
CCTAAGCCATTGTGCA-1,14.406103,1.7160784
CCTAAGGTCCTGGCTT-1,12.52061,6.057992
CCTAATCGTGTAACCA-1,-6.589156,7.9916205
CCTAATCGTTAGGCTA-1,12.80893,0.60851216
CCTACTGGTCAAGTGC-1,12.916056,0.4209748
CCTACTGGTTAATGCG-1,1.4284781,8.03755
CCTACTTCACAAGCCT-1,16.701075,4.726662
CCTACTTCACAGAAAC-1,-3.0114672,6.441655
CCTACTTCAGGAACCA-1,15.838523,6.347064
CCTACTTCATAAGCAA-1,16.340193,6.4798636
CCTAGTTGTGGGAACA-1,10.487978,8.626423
CCTATAGCAATTAGCT-1,-1.9979506,6.375416
CCTATATTCCTCACAC-1,-1.1006372,18.772673
CCTATATTCTAACCAA-1,10.821213,7.7532206
CCTATTGTCCCTCAAC-1,13.358115,4.9981103
CCTATTTAGCTTCTCA-1,16.19464,5.048444
CCTATTTAGTTACTTC-1,-5.311201,7.321413
CCTCAAACATCGTTCT-1,12.1358,12.999766
CCTCAATGTTGGATAT-1,14.825085,7.84088
CCTCAGTTCCGGAACC-1,12.61759,0.91118556
CCTCCTCTCGTGCTAG-1,16.682224,4.5406723
CCTCCTGAGGCGAATA-1,0.49529177,3.2812374
CCTCCTGAGTTCCTCA-1,9.791538,14.887607
CCTCCTGAGTTGGCCA-1,0.4577565,9.728312
CCTGAATAGGGTGAAC-1,1.021282,6.12717
CCTGACTTCCAGGTCA-1,11.87418,9.531561
CCTGAGTCAGGCCAAA-1,12.418774,12.603935
CCTGATGAGGGACGCA-1,-0.96551365,6.2614155
CCTGCTCCAGTTATCG-1,1.4921383,9.45521
CCTGCTCCATAGCGGA-1,8.557686,14.376406
CCTGGATCACAACCTA-1,9.570815,15.125158
CCTGGATCAGTAGGTG-1,12.236649,2.158409
CCTGGATCAGTTTACG-1,13.886039,1.8275882
CCTGTAACAATTAACC-1,11.952634,15.253162
CCTGTAACAGGTTAAA-1,10.859849,7.7004724
CCTGTTGGTCACAGCG-1,0.5628814,19.83205
CCTTAACGTGTTGCTT-1,8.76626,15.73327
CCTTAACGTTACAACG-1,13.229919,4.638482
CCTTAGTGTCACTCGC-1,-1.8349228,-5.4054737
CCTTAGTGTCCTAGTT-1,12.108146,8.558983
CCTTAGTGTCTATCGT-1,16.808033,6.3501267
CCTTAGTGTGTGTCCC-1,10.743725,9.717801
CCTTATGTCACACAGT-1,11.927484,14.338169
CCTTCGGTCACAGACT-1,-1.2824776,6.9156795
CCTTCGTAGCTTACTT-1,13.964711,2.5395703
CCTTGCGTCACAGGAA-1,12.917802,3.1735005
CCTTTAGTCGATTATG-1,9.022302,15.8753195
CCTTTAGTCTAGCTAA-1,14.334952,8.199106
CCTTTAGTCTGTTCAT-1,10.957663,10.40191
CGAAATGAGGGCCATC-1,10.832087,14.642225
CGAAATGAGGTTAGCT-1,3.3678734,7.516551
CGAAATGAGTGAACCT-1,-0.42374223,8.014075
CGAACAAAGGAACACA-1,12.955728,3.1188586
CGAAGCCTCAAAGGCA-1,8.305705,15.156372
CGAAGGCCAACCTAAT-1,-6.5924067,7.251357
CGAATATGTGTGAGGA-1,1.2217823,8.603049
CGAATATGTTCATTTG-1,-0.54057145,5.200529
CGAATCTAGGACCAGG-1,-1.0409739,6.3343735
CGAATCTAGGATGATG-1,8.869021,15.421417
CGACAAGCATAATGTC-1,12.913529,10.105823
CGACAAGCATTAAGTC-1,-0.40246513,18.105114
CGAGCGAAGAGAGGCT-1,0.1082727,17.267965
CGAGCGAAGTACCGCA-1,2.265613,9.874546
CGAGCTGGTAACCACA-1,13.725885,12.52273
CGAGGCAAGTCACCAG-1,14.354979,3.7357185
CGAGGTGAGGTCAAAG-1,0.70834357,1.8726287
CGAGGTGAGTCACTAA-1,15.271491,6.3659825
CGAGTCGGTATTCGCT-1,1.7437322,6.079108
CGAGTCGGTGGCTTCC-1,13.635565,0.3042943
CGATGTCCAAAGCGCA-1,13.076673,12.6067095
CGATGTCCAACTAGCC-1,12.1786,13.881218
CGATGTCCAAGCTACC-1,13.723532,1.7954137
CGATGTCCAATTAGCT-1,2.788522,8.650549
CGATGTCCAGGCTTGT-1,11.957829,9.855109
CGATGTCCAGGTTAAA-1,13.514912,7.9819255
CGATTCCTCAGCACCA-1,-1.6580108,7.72611
CGATTCCTCTTGATGA-1,0.33582035,5.1592135
CGATTTGCATAGACTT-1,13.828047,8.765618
CGCAAATTCTAATCCT-1,12.224484,13.630595
CGCAATAGTGCCTCAC-1,12.029059,12.977397
CGCAATCCAATATACC-1,10.438705,9.935609
CGCAATGTCCCATAGG-1,12.205208,2.880267
CGCAATTAGCTTAGCG-1,13.814079,1.3891928
CGCACAATCCCTCAGT-1,14.505837,9.045687
CGCACCACACCTGGTG-1,9.080171,14.655644
CGCACCACATCGTTCT-1,2.4287183,9.823452
CGCATATAGTTATGTG-1,12.850017,9.78578
CGCATGATCCCTGGTT-1,10.873114,13.730245
CGCATGATCGTTATCT-1,0.41351652,2.9354446
CGCATGATCTTAGTGA-1,11.289459,7.368332
CGCATTACAGCCAGAA-1,-0.111953475,7.6581936
CGCATTACAGGTCCTG-1,-1.9223363,6.062284
CGCATTACAGTTGCGT-1,2.3202577,8.999993
CGCATTACATCTAGCA-1,11.996812,13.5226965
CGCATTACATTGTGAT-1,13.416774,12.412998
CGCCAAATCATGACCG-1,-1.0402132,19.286398
CGCCACACAACTAGAA-1,12.941715,2.5242062
CGCCACACACAATGTT-1,12.466489,2.5505912
CGCCTGTGTGCTAGAC-1,11.108628,14.914557
CGCCTGTGTGGTTCTT-1,-0.42562833,7.9394217
CGCGATTCAGGCTTGT-1,-1.7099093,8.421326
CGCGGATTCGTTTCGC-1,11.972591,8.666487
CGCTAACCAATTGCGC-1,-0.39388007,8.150431
CGCTAACCATAACGGG-1,10.1527605,6.806188
CGCTAACCATAATGTC-1,3.0925407,7.87526
CGCTAATAGCGCTAAT-1,0.046702124,16.517757
CGCTAATAGTGAGGTA-1,13.541571,7.8028097
CGCTACTTCGTTACAA-1,12.0878725,14.05283
CGCTACTTCTAAGTCA-1,12.842847,1.0253432
CGCTCAGCACAAAGCG-1,12.722952,1.8554934
CGCTCAGCATAAGCAA-1,1.9434398,6.5360603
CGCTCCATCACCGGTA-1,8.242013,15.506675
CGCTGTGCAATCGCAC-1,1.5462067,6.6421976
CGCTTAACACTTGTTC-1,-6.9049306,7.6285753
CGCTTACTCCTGAGTG-1,14.366613,1.5611078
CGCTTCTAGGCTATGT-1,15.277221,5.0095186
CGCTTCTAGTCATTGA-1,1.6476574,9.732746
CGGAATCGTGAGCAAG-1,11.522624,14.610743
CGGACAACACCCTCAC-1,-0.32534912,19.179827
CGGACCTAGCTAATTG-1,0.7703953,20.210821
CGGACCTAGCTTACTT-1,2.0851939,9.466447
CGGACCTAGGATGATG-1,-1.5405884,-5.1179814
CGGAGCAAGAGAGCCG-1,15.373562,5.637631
CGGATAAAGCCATCAG-1,14.901942,4.083817
CGGATAAAGTTGGATC-1,-7.1410437,7.357434
CGGATTAGTTTCCTCC-1,3.305848,7.6484537
CGGCAATGTCCACAAA-1,12.255984,8.455575
CGGCAATGTGTGCAAC-1,13.614424,8.571335
CGGCCATAGGCAGGTG-1,11.16374,8.561812
CGGCTCACATGAATCT-1,-0.4477612,19.50835
CGGGACAAGACAGGTA-1,13.8567505,0.4143821
CGGGACAAGCCTAACG-1,-0.63268447,17.034758
CGGGACAAGCTCGCTT-1,3.0947928,9.23496
CGGGCTTAGCGATAAG-1,0.60417044,4.7987
CGGGCTTAGCTCATAA-1,16.893654,5.702042
CGGGCTTAGTAGCGGG-1,13.088776,6.6245728
CGGGTATGTATTCGCT-1,-0.5944529,7.306033
CGGGTATGTCTTTGAC-1,12.231646,8.601953
CGGGTATGTTACTTCA-1,9.535123,14.705616
CGGGTCTAGCAACATC-1,14.865295,4.5053973
CGGGTCTAGGCAAGTA-1,-1.9913971,6.349635
CGGGTCTAGGTCTTGG-1,10.972605,14.132687
CGGTAACGTGATTTGG-1,14.995407,1.6397442
CGGTAACGTTCCTCCT-1,12.698353,14.051014
CGGTAACGTTTAGCGA-1,-5.5214376,7.316969
CGGTGAACAAGTTATC-1,10.891744,7.305228
CGGTGAACACCGGTAT-1,-2.0713186,8.004664
CGGTGAGAGCGAAGTA-1,4.234912,7.9389343
CGGTGAGAGCTAAAGG-1,-7.073666,7.0072417
CGGTTATAGGACAACA-1,2.7265522,7.358191
CGGTTCCGTATTGCAG-1,8.550926,14.380183
CGGTTCCGTGCTTACT-1,16.694193,5.6335754
CGGTTGGGTCACCAAA-1,0.514104,8.542343
CGGTTTCTCCTAATAG-1,-0.6249051,17.221592
CGGTTTGAGCATCCAG-1,12.408565,5.96394
CGGTTTGAGGCTCATG-1,9.868408,6.827955
CGTAACCCAAGGAATC-1,0.3210176,17.20869
CGTAACCCAAGGTGCA-1,0.20653383,19.138636
CGTAACCCAAGTAAGC-1,13.926928,8.101577
CGTAATGGTCTCACTG-1,10.898185,7.266206
CGTAATGGTGGTTAGC-1,15.186068,5.0770965
CGTACGGGTAGTAAGA-1,12.399965,3.029088
CGTACGGGTTCCGCAC-1,13.401493,7.2332106
CGTAGCGGTAATGGAA-1,0.8158608,20.314777
CGTATTGCACTGACCG-1,-7.3998394,7.8958592
CGTATTGCAGGCGATA-1,0.44270554,18.796095
CGTCAATAGTCCTTCA-1,-3.291673,6.585772
CGTGCACAGTCCTGAG-1,-0.111151844,7.808749
CGTGCTGCAACACCTA-1,2.1338487,10.003756
CGTGCTGCAACGTGCT-1,-6.306457,7.3030815
CGTGCTGCAAGCCACT-1,13.121365,2.864688
CGTGCTGCAGGATTAA-1,-0.86451423,18.29948
CGTGCTGCATCCGTAA-1,10.34566,7.4320903
CGTGCTGCATGTGGGA-1,16.57365,4.2392635
CGTGCTTTCCACAATA-1,12.296555,3.1890392
CGTGCTTTCGGTAACT-1,16.373167,4.2483764
CGTTAAATCACAGACT-1,-6.274646,7.1744566
CGTTAAATCCACCTGT-1,13.438574,2.7406428
CGTTAACAGCTTAGCG-1,12.9630785,1.4798067
CGTTAGGTCATTAGTG-1,12.24452,6.9976287
CGTTAGGTCCCTCGCA-1,11.071746,10.146743
CGTTAGTAGGCCCAGT-1,11.949146,9.286747
CGTTGCGCAAGTCGCT-1,10.076283,7.19829
CGTTTCTCAGCTAACC-1,1.3051119,4.8886614
CGTTTCTCATACTCCT-1,12.018721,13.408065
CGTTTGGAGTCATCCC-1,-1.4255545,5.134435
CGTTTGTGTCAATGTG-1,0.9306013,2.3396413
CGTTTGTGTTTGCAGA-1,-0.30501473,18.700253
CTAAAGCTCAATGAGG-1,8.599603,15.232311
CTAAAGCTCCTCCCTC-1,11.650058,9.066645
CTAAAGCTCGGTTAGT-1,-3.1014698,6.725596
CTAAATGTCAATCATG-1,13.141077,2.608679
CTAAATGTCTATTGTC-1,15.208279,5.2595425
CTAACCACAGCTTAAT-1,12.337664,1.4301231
CTAACCTGTTCCGCAC-1,1.0423561,6.619227
CTAACCTGTTGGTGAC-1,15.412468,4.4975076
CTAAGGTTCCCATAGG-1,12.829679,6.737121
CTAAGGTTCCTGCGAA-1,3.4874253,7.029371
CTAAGGTTCGGCCATA-1,12.146381,12.059379
CTAAGGTTCTATTGTC-1,16.2687,5.957332
CTAAGTCAGGCTTAAC-1,2.3399937,9.136569
CTAAGTCAGGTCATTA-1,12.8212805,0.6990122
CTAAGTCAGTCTATGA-1,12.1934,1.0479866
CTAATCCGTCATAGAT-1,12.4897585,0.87008053
CTAATCCGTCGTAATG-1,12.114268,9.330618
CTAATCGCAGCTAACC-1,2.508946,6.948973
CTAATCTTCGTTAAGC-1,11.270104,13.882229
CTAATGTCAAGGTAAC-1,0.04930408,9.781186
CTAATGTCAGTGAACG-1,3.8267133,8.264062
CTAATTGAGCTTTGGG-1,13.709591,2.8318667
CTAATTGAGTATGTGC-1,12.876034,2.5582986
CTACCTCAGGTAAGGC-1,12.923711,4.6575108
CTACGAAGTGTGAGAG-1,2.0046253,9.925391
CTACTTAGTTATTGCC-1,14.454044,4.264231
CTACTTAGTTTATGGG-1,-1.3741014,-4.9017
CTAGCTGAGTTTGGGT-1,14.910078,7.0353236
CTAGCTTGTATTTGGG-1,13.862401,6.5139027
CTAGCTTGTCTTGCTG-1,1.006168,9.7559
CTAGGACGTCATCATC-1,15.025968,5.5509
CTAGGCGGTTACCGGG-1,-1.3808545,7.6958566
CTAGTAATCAATACGC-1,1.081762,8.479057
CTAGTAATCGGTTAGT-1,4.278404,8.649712
CTAGTAATCGTTTCGC-1,13.577104,8.917403
CTAGTAGGTCAGGAAG-1,14.121781,4.7621903
CTAGTCGAGCAAGATG-1,13.432354,6.181845
CTAGTGAGTCCACAAA-1,-0.72114575,6.9152837
CTAGTGAGTGATGATT-1,-2.5346444,7.9423537
CTAGTGAGTTTGTGGA-1,12.637274,6.853984
CTAGTTGCAAACTGTT-1,11.278394,7.168594
CTATGATCAGTAGGTG-1,-0.93980336,8.87191
CTATGGCCAGATTCAT-1,-1.6954776,5.70218
CTATTCAGTCGTAATG-1,-0.24302806,9.454548
CTATTGAAGTCACTAA-1,12.055057,13.015507
CTATTGAAGTTATGTG-1,15.32581,4.708955
CTCAATAAGCATTATG-1,0.4664698,19.924322
CTCACAACATTATGAC-1,13.655098,0.6896835
CTCACTCAGCGAGCGA-1,2.2478426,9.411411
CTCAGGATCAGGTCCA-1,12.413687,11.647799
CTCAGGATCGAGGTGG-1,1.3793343,8.187393
CTCATGACAAATTGCT-1,1.2451583,7.534468
CTCATTAGTCGACTAA-1,16.007738,7.314305
CTCATTAGTGGGTACT-1,12.248925,5.903994
CTCCAAACAATAGTCT-1,-3.5909486,7.2985387
CTCCAAACATTGTGAT-1,0.34911975,17.858265
CTCCCTGAGCGAAGTA-1,8.65025,14.629156
CTCCCTGAGGCGGATG-1,10.890027,14.041724
CTCCGGACACAACCTA-1,13.135713,1.6135315
CTCCGTCCAAACCCTA-1,0.3383716,16.796656
CTCCGTCCAATTAGCT-1,-1.11407,8.42259
CTCCGTCCAGTGAACG-1,1.5122352,9.98479
CTCCTAATCGAGGAGT-1,0.7135479,5.2061963
CTCCTAATCTAAGTGC-1,3.1593647,8.740958
CTCCTCACACATACTG-1,-7.326606,8.1161
CTCCTGAGTGTTCCCA-1,12.3386545,6.8907347
CTCGACAAGACTCGCA-1,12.627431,14.236281
CTCGACAAGATGGACA-1,-2.7903106,6.3507648
CTCGCTAGTACAATGT-1,13.268612,7.8156505
CTCGCTCCACCAGCAT-1,10.4561405,7.254846
CTCGCTCCATCGCTTT-1,16.194017,5.9332986
CTCGTTATCAAATCGC-1,9.921888,6.8715477
CTCTAGCTCAATGTGC-1,8.403904,15.311655
CTCTATGTCAACAAGG-1,17.278866,4.4407268
CTCTATGTCGCAACAT-1,11.283224,8.784917
CTCTATGTCGTGCTTC-1,-0.19451432,18.856478
CTCTCACAGTTAGAGG-1,0.48836064,9.362998
CTCTGTTCAGGCTTGT-1,14.497523,7.362331
CTCTGTTCATTCCTCG-1,3.3963106,7.7602925
CTCTTGATCCCGTTGT-1,16.649155,5.464906
CTGAATATCCTCAGTC-1,16.517752,4.3720717
CTGAATATCGGCTAGC-1,1.4122053,7.0653405
CTGAATATCTATCGCC-1,15.732619,5.700674
CTGACCAAGGTGCGGA-1,1.4937541,7.104531
CTGACCAAGTGCTGTG-1,8.928395,14.182244
CTGATCACAACCCTCC-1,0.9878505,8.381842
CTGCAATAGGCATGAA-1,2.11851,9.279246
CTGCTACTCAGAAACG-1,16.685808,4.2040815
CTGCTCCCAGGGAGCT-1,0.3534677,17.34413
CTGGACCAGACAGGCG-1,-0.7668185,6.6555357
CTGGACCAGCATGGTT-1,-5.098935,6.8782864
CTGGCTAAGAAAGGAA-1,14.869626,6.4280934
CTGGCTAAGCGCAATT-1,0.7643615,19.741547
CTGGCTAAGCTATATG-1,0.31966054,8.795443
CTGGCTTTCAGAAACG-1,15.109583,6.0890236
CTGGTAAGTCAATAGT-1,13.706769,1.3169334
CTGGTAAGTGCTTACT-1,14.780452,6.409984
CTGGTCAAGAGGAAGG-1,15.016316,6.481879
CTGGTCAAGGCACAGG-1,13.028954,6.976811
CTGGTTACAACTAGCC-1,14.867438,5.3136425
CTGGTTACAAGGTGGC-1,11.871216,2.4032466
CTGTACCTCTCGCCCA-1,9.364057,14.692361
CTGTATTTCACAAGCT-1,14.475375,7.7704916
CTGTATTTCTTGGATA-1,12.857202,1.9284409
CTGTGTGAGCGCCTAA-1,12.702818,6.5313463
CTGTGTGAGCTTTGGG-1,10.910767,13.768946
CTGTTCATCAGTTCCC-1,3.8189032,7.809115
CTGTTGGAGCATGTTA-1,0.5382901,18.760454
CTGTTGGAGCCGCAGT-1,0.9476523,20.134926
CTGTTGGAGCTCGCTT-1,16.006395,4.6799393
CTGTTGGAGGCTACAT-1,-1.0613731,18.835785
CTTAAGGGTTCCTGTG-1,1.1065089,2.3521569
CTTAAGGGTTGGTTCT-1,-4.5323796,6.593982
CTTAATGAGAGGAAGG-1,-0.35057667,6.7984776
CTTACCGGTAAGCTCA-1,13.813502,8.045592
CTTACTAGTCATGCAA-1,-2.720885,6.0490866
CTTACTAGTTCCGGGA-1,0.62931776,6.8632507
CTTAGGAGTTACAAAC-1,8.613375,15.597277
CTTAGTTTCGATTTAG-1,13.11101,1.785643
CTTATTGGTCGACTAA-1,0.5392323,9.402724
CTTCAATTCAGCATTA-1,-2.0254543,6.808143
CTTCACTCACACTAAT-1,12.902055,2.8775897
CTTCATCCAACAGGTG-1,11.900681,8.2302475
CTTCATCCATCACAGC-1,12.47691,14.770138
CTTCGCGTCAGCAAGA-1,15.728451,5.013863
CTTCGCGTCATGCGTG-1,14.333007,5.267378
CTTCGCGTCCGTTATT-1,1.4194123,7.61358
CTTCTAAGTTGTTGGA-1,-0.4353762,6.4292097
CTTCTCAAGGAGGACT-1,14.436727,4.9693003
CTTCTCAAGGATCACT-1,15.73015,4.8450875
CTTGAACAGCCACAAT-1,12.8644285,7.6492195
CTTGAACAGCTAAGTC-1,16.279327,3.9191768
CTTGAACAGCTGTACG-1,1.0916474,2.0875688
CTTGAACAGGCAGGTG-1,14.277941,7.2025924
CTTGAATCATTCCTCG-1,11.838156,8.348971
CTTGACGAGGTAAGCA-1,1.1416667,7.62272
CTTGACGAGTCACTCC-1,13.535334,0.18841821
CTTGCAACACAACAGG-1,14.206154,4.468135
CTTGCAACACAGACTC-1,13.848252,1.0669432
CTTGCATGTAGGTTGC-1,9.108355,14.028951
CTTGCATGTCAAGTGC-1,1.1018481,2.2010279
CTTGCGCGTCCGGTTC-1,10.462231,6.284857
CTTGCGCGTTAACGGC-1,12.683285,5.7026653
CTTGCGCGTTCCTCCT-1,0.99312586,6.9692187
CTTGCTCAGGACACTT-1,13.574919,8.445137
CTTGGACCAAACTGCC-1,8.433359,15.727481
CTTGGACCACCAACCG-1,4.023602,8.502197
CTTGTAAAGAGAGGAG-1,0.30966213,3.7685347
CTTGTAAAGCGAGGTG-1,12.864662,8.4592085
CTTGTCCAGACAAGTG-1,2.835409,8.129375
CTTGTTCCAAGGTGGC-1,-0.42125013,16.74028
CTTGTTCCACAGCCAT-1,0.31238592,2.2765126
CTTTAGGCAAGGCCAA-1,-0.8533601,19.558586
CTTTAGGCACAGGGAC-1,12.460115,0.8619145
CTTTAGTTCATGCATA-1,14.101447,0.9970746
CTTTAGTTCATTTGTC-1,12.628495,10.558966
CTTTATCAGACAGGCG-1,11.99418,15.170519
CTTTATCAGAGGAAGG-1,-7.0219393,7.746699
CTTTATCAGGGATTAG-1,15.094277,4.872476
CTTTATGGTAAGCACC-1,10.8869095,10.324091
CTTTATGGTGCATCGG-1,-5.4882526,6.5820627
CTTTATGGTTGTCCAT-1,14.072528,8.1345215
CTTTATGGTTTCGCCA-1,8.783908,14.66966
CTTTCTTGTACCGTTT-1,-6.773718,7.4410625
CTTTCTTGTCCAAATG-1,0.6546035,7.568893
CTTTGAGCAAGTCGCT-1,0.14691043,8.197208
CTTTGAGCACCTCGCT-1,0.7597145,2.4575038
CTTTGGTGTACCTTAC-1,3.9266698,9.652356
CTTTGGTGTCGCATAA-1,12.492328,9.030339
CTTTGGTGTCGTTATC-1,-1.8273103,-5.3997283
CTTTGTCCAAGCCAGA-1,2.8092866,9.880144
GAAACCCGTATTTGGG-1,15.672389,4.9664845
GAAACCCGTGACCTGG-1,15.582388,4.34192
GAAACTGAGCTAGAAG-1,0.061360016,6.551871
GAACACAAGGATCACT-1,-1.6091563,4.6899967
GAACCGCTCAGCATTA-1,0.8288663,19.457367
GAACCTGTCATGTGGT-1,2.5938392,10.058742
GAACCTGTCCAAGTTA-1,15.17296,5.8282604
GAACGAATCATTGCGG-1,13.366372,3.5358553
GAAGCTAAGGACCGCT-1,3.7105346,9.498524
GAAGCTAAGTCTGGGC-1,10.194625,6.27565
GAAGCTAAGTTAGAGG-1,10.971466,13.297914
GAAGGAACAGAAATTG-1,12.195371,1.7981079
GAAGGATGTCTTGCAT-1,-2.4612558,7.4070296
GAAGGATGTTCCATTA-1,16.049967,7.077359
GAAGGCTAGAACAAGT-1,13.356204,2.2613914
GAAGGCTAGGCAATAG-1,11.269957,7.630202
GAAGGCTAGTGAGCAA-1,13.068558,2.1133568
GAAGTAAGTCGTAATG-1,12.571147,7.944626
GAAGTAAGTCTTTGAC-1,-1.3514018,5.1000357
GAAGTATAGGAAACTG-1,13.787013,2.0634885
GAAGTCAAGACCATAC-1,11.610767,12.947031
GAATTTGTCACAGCCA-1,1.2925067,9.255986
GACAATACAGCAAGAT-1,0.8443276,2.4816399
GACAATACAGGTTAAA-1,2.7891004,6.995765
GACAATACATACCCGG-1,14.640933,7.382407
GACACCGGTGGGTACT-1,-1.3479323,4.89326
GACATAGAGGCATTGT-1,13.49998,6.109505
GACATTATCACGCCAA-1,2.9645696,6.7134337
GACATTATCCATAATG-1,12.209611,13.128717
GACATTATCTCTAGCC-1,-0.39745417,19.605856
GACCGAACAACTCGCG-1,13.279997,2.3990226
GACCGAACAGAAACGT-1,15.789369,5.1376834
GACCGAACAGCCAGTT-1,10.701014,10.302071
GACCGAACATGTTGGC-1,10.844909,12.577756
GACCTAAGTTTGTTGC-1,15.199395,3.950121
GACCTAGTCCTGATGG-1,14.657915,3.821067
GACCTCAAGGGACTAA-1,11.641491,6.3198547
GACCTGATCATCCTCA-1,-5.6925197,6.587399
GACCTGCAGCGGATAA-1,-0.13833217,6.9859114
GACCTGCAGGAACCAA-1,16.10118,6.619324
GACCTTTGTTTCCACG-1,3.5752342,7.5619383
GACGCAACAATGCGCT-1,15.283876,4.9867253
GACGCAACAATTAACC-1,15.737218,5.5410314
GACTAATGTTATTGCC-1,13.425532,0.123590335
GACTATTCACGTAATT-1,2.1203418,6.399585
GACTATTCAGTGAACG-1,8.359902,14.94409
GACTCACCACCACAAC-1,-0.53543854,18.952223
GACTCACCATTAAGTC-1,12.693116,15.090553
GACTTACAGCTACTGG-1,12.975955,2.0377748
GACTTACAGTGGCGGA-1,0.41012153,2.0464015
GACTTAGGTACTTCAC-1,-2.6789982,6.9241824
GACTTAGGTGCTTACT-1,11.087528,6.451473
GACTTAGGTTGTTGTC-1,-1.861045,7.8900485
GACTTAGGTTTAAAGC-1,-1.6974453,8.812266
GACTTGGTCATTAGGC-1,12.071234,1.4764874
GACTTGGTCCTGAGTG-1,14.303848,2.0827787
GAGAAACGTAGCCTAA-1,16.411097,4.8852305
GAGATAAGTTCACCCA-1,3.0439186,7.445455
GAGCAAATCATTGCAA-1,12.463321,2.5245848
GAGCAAGGTAGACAAA-1,-2.9892118,6.4385753
GAGCAAGGTTGTTCAC-1,14.809967,6.604619
GAGCATGCAGATAGAC-1,10.991821,12.440183
GAGCCACTCCTTGCGT-1,12.8752775,7.274672
GAGCCACTCGCAACAT-1,12.18899,15.319387
GAGCCTTCAATGCCCG-1,13.703131,6.290599
GAGCCTTCAGCCTGCA-1,11.025469,8.53933
GAGCCTTCATTGTCCT-1,11.887009,15.262515
GAGCGAAGTGACATAT-1,14.013068,5.4852033
GAGCGAAGTGTTGTGA-1,13.112599,7.8338685
GAGCGATAGTTATGGC-1,2.753763,8.192583
GAGCGGTCAAGGGTTG-1,-0.63687384,8.122249
GAGCGGTCAATCCTAG-1,12.607752,3.7447658
GAGCGGTCACCCTCAC-1,0.15308286,17.268959
GAGCTAGCACACCAAC-1,0.17287637,17.909971
GAGCTAGCAGCTCATA-1,11.9569435,12.995634
GAGCTGCTCACGCCAA-1,17.027576,4.293714
GAGCTGCTCATAACTG-1,12.396799,11.851003
GAGCTGCTCATGCCTC-1,1.636292,10.172967
GAGCTGCTCCATAAGC-1,14.459793,5.327776
GAGCTGCTCCTGTTCA-1,9.600473,14.168923
GAGCTTGTCACGCGGT-1,14.122839,4.35746
GAGCTTGTCCCTGGTT-1,13.904873,12.546245
GAGCTTGTCCTCCTAA-1,2.4048088,7.022195
GAGCTTGTCCTGAATA-1,12.492486,1.1895529
GAGCTTGTCGAGCAAA-1,12.090708,12.649177
GAGGACTAGCTAAAGG-1,13.802438,7.0126534
GAGGAGGCATGCTATG-1,3.947858,9.359459
GAGGCTTGTATTGAGT-1,11.780082,7.9185143
GAGGGAGCAAGGGTTG-1,14.762551,5.578772
GAGGGAGCAGCATGTC-1,10.956394,7.393982
GAGGGAGCATTATGGT-1,0.278005,17.868984
GAGGTACAGGACCGCT-1,-6.4847574,7.2633667
GAGGTAGGTAGGTTAT-1,13.407455,1.8768458
GAGGTGAGTAAGCACC-1,11.524978,14.8752985
GAGGTGAGTAGCCTAA-1,-6.770164,7.864093
GAGGTGAGTAGGTTAT-1,-1.784214,8.53635
GAGGTGAGTGTGTGGT-1,12.308427,8.137506
GAGGTGAGTGTTTCAC-1,13.765901,1.7643216
GAGGTTAAGAGGAGTC-1,11.689266,13.995872
GAGTAACCAGATAGAC-1,3.7625873,8.269977
GAGTAACCATGAGCAG-1,0.73416215,7.5615745
GAGTCAAAGCGGATAA-1,15.702924,6.35963
GAGTGATCAATGCCTA-1,12.672914,7.2449994
GAGTTACTCGCACAAT-1,14.697166,2.4674182
GAGTTGCGTGAGAAAC-1,1.6457855,6.897972
GAGTTGCGTGTCCTGC-1,-0.17544201,18.602598
GATAAAGGTTTATGGG-1,0.44355935,6.8426166
GATAACGAGCTTAGCG-1,9.096417,15.917657
GATAACGAGTCAATTG-1,0.3863655,8.538325
GATAACGAGTTAGCTA-1,12.838745,10.013919
GATAAGCCAAGACTCC-1,13.836181,8.988698
GATAAGCCAATGCGCT-1,-1.4744678,6.4073563
GATAATCGTACAAAGA-1,13.938132,0.8891968
GATAGACCACTCAACA-1,-2.6391928,7.060391
GATAGACCACTTCATC-1,9.074495,14.33979
GATCAAGAGCTTACTT-1,16.675056,4.8263125
GATCACTAGGACCTCA-1,-0.37068206,17.30724
GATCAGGCAAGTTATC-1,16.294933,6.1628566
GATCAGTTCAATCATG-1,4.031575,9.550027
GATCAGTTCGGTCAAT-1,-0.6596701,19.426529
GATCAGTTCTCTAGCC-1,13.378534,0.9577477
GATCCGTCAGTTAAAG-1,12.737467,1.6954826
GATCGAGCAATTTAGC-1,-0.086242534,8.839286
GATCGCTCATTAGCCA-1,13.943522,2.28764
GATGCAGCAAGGATTA-1,0.9709774,8.574202
GATGCAGCACGTTACA-1,2.775978,9.004186
GATGCATTCCTGATTT-1,13.534824,6.879976
GATGCTTAGGAGCACG-1,13.835186,7.183983
GATGGCTGTACGATTG-1,-0.050854012,9.509534
GATGGCTGTAGCTGGT-1,15.312739,4.1314406
GATGGCTGTCCGCTGT-1,2.7176902,6.6751184
GATGGCTGTGCTAGAC-1,4.146056,8.066054
GATTAAGCAATGAATG-1,0.5502311,18.620264
GATTACGGTTGGATCA-1,13.101879,8.4023905
GATTACTCAATATGGA-1,3.573145,8.253897
GATTACTCAATTGAAG-1,12.333874,9.007652
GATTACTCAGGAACTG-1,-0.9704123,18.886644
GATTACTCAGTTAAAG-1,8.949987,14.507104
GATTAGCTCCTTAATC-1,0.92699033,4.915995
GATTAGCTCTAAGTGC-1,12.396933,9.219003
GATTATGTCAAACACC-1,-1.2372099,19.134056
GATTATGTCAGCACCA-1,0.3448188,7.526648
GATTATGTCCTAGTCC-1,12.317196,9.781031
GATTATGTCCTCACTA-1,14.691769,7.418349
GATTATGTCCTGAGTG-1,13.648567,7.517727
GATTATGTCGGCCAGT-1,0.27807808,4.757492
GATTCAATCGCTTCTA-1,14.522412,1.8864821
GATTCAATCTGTAATG-1,10.302092,7.112989
GATTCATCAATTTAGC-1,14.547329,1.360434
GATTCATCAGCAAGTG-1,-0.06179714,9.700133
GATTCATCATAATCGT-1,14.207642,2.356415
GATTGATGTGCGCATG-1,10.237748,7.150508
GATTGCAGTGAGGTGA-1,-1.0423079,8.367185
GATTGGCGTACCAGGT-1,13.841448,7.450647
GATTGGCGTGTTAGCA-1,10.394075,7.37202
GATTGGTTCATGCTCC-1,16.675182,4.874796
GATTGGTTCCATCAGG-1,2.82744,8.174315
GATTGGTTCCCGAAGC-1,0.23041789,19.55553
GATTGTTCAGGCATGA-1,13.071242,9.660619
GATTGTTCATTGCGTA-1,12.733545,10.239402
GCAAACAAGCAAACCT-1,3.2611752,9.099289
GCAAACAAGGCGTAAA-1,2.8708105,8.711159
GCAAACAAGGCTACAT-1,16.881433,6.1844172
GCAAACTTCACTCAAA-1,-3.07904,6.432589
GCAAACTTCAGGATGA-1,4.2484403,8.073603
GCAACAGCAGCATGTC-1,12.81679,10.778713
GCAAGCCTCTAATCAG-1,13.498349,12.589068
GCAAGCCTCTCGCCTG-1,10.508287,6.049804
GCAAGCCTCTGTAAGC-1,17.11408,4.7680783
GCAAGTGCAAAGGCCA-1,14.295823,5.045459
GCAAGTGCAGGAACTG-1,10.765106,9.794126
GCAATAGAGATTGAGG-1,3.065979,7.5511785
GCAATATGTAGGTTGC-1,-2.4106205,6.701908
GCAATATGTCTTGCTG-1,2.9986627,6.658654
GCAATATGTGATGAGG-1,-3.5386136,6.9236035
GCAATATGTTGGCGTG-1,13.143149,9.432923
GCAATCTAGGAAACTG-1,12.718309,1.8218555
GCAATCTAGTCGCTAG-1,1.7077756,6.8553276
GCAATCTAGTGTGATC-1,13.09838,1.6232008
GCAATCTAGTTAGGCT-1,11.871976,13.096068
GCAATGAAGTAGCGGG-1,9.183683,14.867899
GCAATGTTCATGACCG-1,-1.8884497,6.639014
GCAATGTTCCTGGTCT-1,-0.38003334,9.532623
GCAATGTTCGCTATAA-1,0.19593094,16.539635
GCACCTAAGGTGAAAT-1,0.7538845,9.070894
GCACGAACAGACAAAC-1,12.2337475,3.0927227
GCACGAACAGGAACCA-1,14.954504,5.6442394
GCACGCTAGGAAACTG-1,3.6068728,7.421732
GCACGGTTCCTTAAGA-1,15.288787,5.336082
GCACTAAGTAACCAGC-1,13.595922,7.8097878
GCACTAAGTTCATCTA-1,14.015326,1.9424032
GCACTTACAGCAGGTA-1,0.2672002,16.62866
GCAGCTATCTGTTGCC-1,0.2920418,7.3955474
GCAGGAAGTCCCGAAG-1,11.196506,14.876372
GCAGGATAGAAAGGAA-1,12.830129,1.3369691
GCAGGATAGTTAGGCT-1,12.125264,14.96597
GCAGGCAAGCAGGTTT-1,0.22402328,5.3970385
GCAGGCAAGGACCTGC-1,13.661376,5.359824
GCAGGCTTCCCTCAAC-1,8.46326,14.701303
GCAGGCTTCTTAAGTG-1,8.783272,15.481122
GCAGGTGAGGAATAAC-1,15.80759,6.9465356
GCAGGTTGTGACATGC-1,0.49241167,2.620844
GCATATATCGCTAGTG-1,-0.070236795,8.098443
GCATGAAAGCGAGGTG-1,12.637651,8.767244
GCATGAAAGCGCCTTT-1,12.532438,1.0753407
GCATGAAAGGCAATAG-1,11.598549,8.735019
GCATTAGGTATGGTGC-1,-6.7402444,7.3106256
GCATTAGGTATTCGTC-1,14.4647455,7.196944
GCATTAGGTTAGCCAA-1,16.202654,5.5166254
GCCAACATCCGGCTAA-1,2.2200613,6.136381
GCCAACATCTCGCCCA-1,15.065209,7.300917
GCCAATAGTGGTTAGC-1,9.196795,14.273433
GCCAATTAGGCAAGTA-1,16.725746,6.067938
GCCACAATCCGGTATG-1,3.7111955,9.313707
GCCACACAGGTCCTGA-1,14.269305,1.0285405
GCCACACAGTCAGGCC-1,-0.46351492,18.686983
GCCACTAAGGAACCGG-1,12.1680565,1.6936061
GCCAGGAAGGAACCGG-1,-2.273953,7.27586
GCCAGGTTCCAAACAC-1,0.98992825,9.07653
GCCAGGTTCCTAGTTT-1,9.014597,14.395724
GCCAGGTTCGAGGAAC-1,15.963836,4.152627
GCCAGGTTCGTCAAGT-1,2.4125488,6.524582
GCCATTACAGCCTAAC-1,13.007729,10.278177
GCCCAAATCCTTGTTG-1,16.809916,4.388014
GCCCAAATCGTGCTAG-1,12.725251,14.329998
GCCCATAAGCCGCAGT-1,12.941112,5.727931
GCCCGTTGTTCGGGAT-1,12.25095,6.288728
GCCCTCATCCGCCTCA-1,13.769978,0.23830049
GCCGTGAGTAGTTACG-1,0.27921626,2.3536806
GCCTAATAGTGGCGGA-1,-0.64565444,7.5206456
GCCTATTGTCATTGTC-1,1.5563505,10.0764
GCCTATTGTTATCCGT-1,11.103007,9.06061
GCCTCGACACGAATCC-1,14.668895,0.7816267
GCCTCGACAGTGAACG-1,-1.4507537,6.764596
GCCTGACAGTTTCCTG-1,13.289516,9.409016
GCCTGTGCAGGCGAGT-1,1.1089934,8.4913225
GCCTTAACACAATGTT-1,3.6285338,7.150958
GCCTTAACACTTAGGC-1,10.833212,7.1151543
GCCTTAACAGCATGAG-1,-0.84381855,18.853241
GCCTTAACAGGCGAGT-1,-5.4664574,6.5644174
GCCTTACTCACTAAGC-1,13.037985,7.2943826
GCCTTACTCTTGCTAT-1,9.260364,14.641395
GCCTTAGAGCTGCACA-1,-4.1995015,6.511414
GCCTTAGAGTTATGGC-1,13.573992,6.782704
GCCTTGCGTACAAAGA-1,15.990103,5.5820665
GCCTTGCGTCATAACG-1,3.18799,9.651563
GCCTTGCGTCATTGTC-1,14.3044195,4.6532235
GCCTTGCGTTAAGCTG-1,8.554399,15.555273
GCCTTGCGTTGCCTCA-1,1.6508827,9.863664
GCCTTGCGTTTACTTG-1,-0.96104634,19.159176
GCCTTTATCATGACCG-1,1.2974056,8.691887
GCCTTTATCTCGCCTG-1,12.389005,1.9249265
GCCTTTGGTCAATAGT-1,15.594421,3.8641582
GCGAAGCCAACAGGTG-1,4.4978504,8.433496
GCGAAGTAGCAAGATG-1,12.4852915,2.0683463
GCGAAGTAGGGTGAAC-1,-0.5232187,6.541869
GCGAGTGAGGGATTAG-1,15.339139,5.9095907
GCGATTAGTTCCTGTG-1,1.0095466,9.1655655
GCGCAAACATAAGCAA-1,13.205619,2.1807983
GCGCAAACATAATTGC-1,15.281297,5.8997746
GCGCAAACATAGCTGC-1,16.304289,4.6012797
GCGCGATTCAATCTCT-1,17.260418,4.815712
GCGCTAGGTCAAAGGG-1,10.057728,7.081839
GCGCTAGGTTCCATTA-1,-5.061317,6.614621
GCGCTAGGTTTGCGCC-1,14.642387,7.1935215
GCGCTTAAGCTCCCTG-1,10.638438,14.735941
GCGCTTGCACAAAGCG-1,15.026004,5.9083686
GCGCTTGCATTAGCCA-1,11.8578,13.693247
GCGGAACCAAGCTTTG-1,8.221116,15.095117
GCGGAACCACAAAGGT-1,10.53724,12.932702
GCGGAACCAGCTCAAC-1,14.348298,6.753761
GCGGAACCAGTTATCG-1,-5.175132,7.6747394
GCGGAACCATCACAGC-1,10.733179,10.098533
GCGGATACAAGGGTTG-1,-0.15709531,7.1475763
GCGGGTTTCCCTGTTA-1,1.8682299,8.346365
GCGGTTATCACCTGTC-1,12.248953,11.760263
GCGGTTATCCTAATAG-1,4.1966386,7.8054123
GCGTGCTAGCCTGATG-1,13.098054,2.1440322
GCGTTTCTCATGCTTT-1,0.7145181,2.7289054
GCTAACAGTAAATTGC-1,13.888897,0.5830731
GCTAACAGTGGATTAT-1,13.0853615,2.7048736
GCTAACAGTGGTTCCC-1,13.337021,12.556769
GCTAACAGTTTAACCC-1,-2.8606591,6.925496
GCTAACCCAAGGAATC-1,-4.0458856,7.559172
GCTAACCCAGTGAACG-1,15.209561,7.226507
GCTAAGAAGGAAGCTA-1,14.714954,5.03721
GCTAAGAAGGTCCGTA-1,13.931215,2.4583514
GCTAAGCGTTAAGCGC-1,12.009056,5.90417
GCTAAGTTCATTACTC-1,0.025839489,6.0385404
GCTAGCTCATAAACCT-1,15.716074,4.4643598
GCTAGCTCATCCATCT-1,14.324203,1.5236812
GCTATAGGTGACCTGG-1,17.077156,5.335162
GCTATAGGTGATTACG-1,12.016721,9.732746
GCTATAGGTTTCCACG-1,-7.6134033,7.6021276
GCTATAGGTTTCCGGC-1,13.2359915,0.599983
GCTATCCTCAAATCGC-1,-7.392217,7.172048
GCTATCCTCATCACTT-1,2.00537,5.5022006
GCTATCCTCCGCACAA-1,12.975791,0.8843043
GCTATTGCAACCCTAA-1,1.0352544,8.086928
GCTCAACCATTTGCTC-1,15.09738,1.807799
GCTCACAAGCTCGCTT-1,12.18784,8.767091
GCTCACAAGGTAAGCA-1,12.964118,10.253096
GCTCATTGTAGTTAAC-1,16.843216,4.496532
GCTCCTTAGCTTTGTT-1,-0.4466864,8.534417
GCTCGATCAGTCTAAT-1,-0.26323766,18.10229
GCTCTGGCAGGATTAA-1,-1.1001621,18.245352
GCTCTGGCAGTAGGTG-1,-0.37070912,9.805591
GCTCTGTTCCATAATG-1,0.25948367,16.77465
GCTCTGTTCTGTTGCC-1,2.3012898,8.959289
GCTCTGTTCTTAGCGG-1,-0.2835796,9.012401
GCTGACCAGTCCTGAG-1,-0.8059124,8.111043
GCTGAGGAGCACCACA-1,-2.003482,7.5386386
GCTGAGGAGGCTTAGT-1,16.264526,4.3164563
GCTGCACAGTCATTAG-1,11.842585,14.199111
GCTGCACAGTTTGCGG-1,0.16551559,5.4061537
GCTGGATGTGCATTAG-1,2.0099056,6.8543005
GCTGTAAGTAAACAAG-1,16.220186,5.384355
GCTGTACCAGTAAAGC-1,15.634922,4.5005455
GCTGTGCAGAGGAGTC-1,13.743149,8.725424
GCTGTGCAGCTAATCA-1,12.953607,10.054376
GCTGTGCAGCTGTCAG-1,14.952053,5.2549024
GCTTAAATCCTTTACG-1,1.1547134,9.05528
GCTTACCTCCGGTTGA-1,3.7498717,9.632172
GCTTACCTCGAGGAAC-1,1.2552427,8.287192
GCTTAGTAGCGAGCGA-1,12.11081,12.181816
GCTTAGTAGGTTTGCG-1,14.503893,5.584811
GCTTAGTAGTCACCTC-1,15.459064,6.62827
GCTTATCGTTCCGGGA-1,16.355076,3.7660172
GCTTCGCGTCAGGCAT-1,-5.160963,6.7070184
GCTTCGCGTGATTACG-1,-1.2711598,18.680748
GCTTCGCGTGCTTACT-1,11.566843,9.462164
GCTTGACCAGCATGGA-1,-2.5951278,6.3380184
GCTTGACCAGGATAAC-1,13.797297,1.6903808
GCTTGACCAGGCGATA-1,15.376274,6.2893186
GCTTGTTGTACCGAAC-1,0.7809497,9.526624
GCTTTACGTCTAACCT-1,2.0886188,6.222304
GCTTTACGTGGTTATG-1,15.619743,5.4185696
GCTTTACGTTACAACG-1,1.0241985,8.031959
GCTTTATTCGGCCAGT-1,0.36157134,19.16625
GCTTTCATCATGCAAC-1,13.786361,12.631269
GCTTTGTGTCCTAATC-1,2.3439505,7.779015
GCTTTGTGTGTAACCA-1,-0.9879448,7.0820723
GCTTTGTGTTCACCCA-1,-1.559721,8.685451
GCTTTGTGTTTCGCGC-1,-1.3660005,9.042661
GGAAACTCAAGCCAGA-1,-1.2963469,8.371614
GGAAACTCACCAAAGG-1,10.342312,9.649659
GGAAACTCAGGCTTCG-1,-6.8051863,7.2602696
GGAAACTCAGGTTCAC-1,-1.359906,-4.9111104
GGAACCACAAGGTATA-1,1.9709958,6.3173933
GGAACCACAATTGAGA-1,16.360357,4.0235353
GGAACCACACTAGCGT-1,13.284166,7.3310747
GGAACCACAGTAGGTG-1,13.307039,0.9782067
GGAACCTGTAGTCAAT-1,13.137739,2.8959224
GGAAGCTAGGCAAGTA-1,10.741424,13.8800125
GGAAGCTAGTTTAACG-1,-1.7587385,5.546856
GGAATCTTCCCATAAA-1,8.147265,15.293972
GGACAGCCATAATGAG-1,12.719438,2.946787
GGACAGCCATGTTGTG-1,12.606901,1.3224752
GGACCTCAGGAGTCTT-1,-2.7391453,7.154375
GGACCTCAGTAGAGGC-1,0.6173765,1.8956363
GGACCTCAGTTAGAGG-1,11.432821,7.865359
GGACCTCAGTTCCCAC-1,15.751157,6.3121285
GGACGAAGTGCGCATG-1,14.252001,5.788103
GGACGAAGTGTGTCCC-1,-6.617579,7.5031657
GGACGAAGTTGAGCCG-1,3.07213,7.196441
GGACGGATCCTAAATG-1,12.214272,13.958145
GGACGGATCCTCAGTC-1,14.695048,5.3037057
GGAGCAAGTATTGGTG-1,1.6031862,6.321293
GGAGCATAGAGGGACT-1,1.7997129,7.465743
GGAGGTTAGACTAAGG-1,13.786441,4.0919943
GGAGGTTAGACTTATG-1,13.322453,7.1639466
GGAGGTTAGGCTCATG-1,12.899325,2.4179683
GGAGTCTGTAGCTGGT-1,2.9190793,9.128182
GGAGTCTGTTATCCGT-1,12.490805,14.836975
GGATAACCAAGATTCT-1,10.305143,7.599391
GGATAACCAATTAGGA-1,3.1634946,7.031812
GGATAACCACTTCACT-1,16.53162,7.0602403
GGATGAATCATGAGCT-1,12.463805,2.5377994
GGATGAATCGTTAACA-1,2.8919268,6.4646354
GGATGGCCACACTAAT-1,3.2061245,7.422146
GGATTATGTAAGCTTG-1,0.112904556,19.491829
GGATTATGTTGTTCAC-1,13.96735,8.56828
GGATTCAGTTACTTCA-1,16.618515,4.1936464
GGATTTATCACCGGTA-1,17.032442,5.2441773
GGCAAATCAAGCCAGA-1,-6.701542,7.381533
GGCAAATCAGGATTAA-1,-7.037113,7.279831
GGCAAATCAGGCTACT-1,14.636078,6.504175
GGCAAATCATAATCGT-1,10.756751,10.320387
GGCAAATCATTAAGTC-1,12.622579,8.647636
GGCAAGCCAGTTATCG-1,1.5755826,9.053896
GGCATGGAGCACAGAA-1,-4.1963625,6.56377
GGCATGGAGCAGCTCA-1,13.82148,7.3349724
GGCATTAGTCCCGAAG-1,1.3865035,9.6984625
GGCATTGTCACTAAGC-1,14.872783,1.6329637
GGCCAACTCCCTGACT-1,-6.1842074,7.399826
GGCCAACTCCGCAACA-1,-1.6291227,5.4072275
GGCCATCAGCGATAAG-1,3.8508396,9.593399
GGCCGTTAGCACTAGT-1,13.98174,5.767096
GGCCTAATCACGCCAA-1,16.502958,5.180875
GGCCTAATCATTGTCT-1,13.055614,6.8691635
GGCCTCTGTCACGAAC-1,-1.2066767,-4.731729
GGCCTTAAGGATAAAC-1,0.12120365,16.382118
GGCGGTAAGGTCCTAG-1,16.340675,4.0015893
GGCGGTTTCACCTGCT-1,0.32176605,8.580798
GGCGGTTTCCTTTACG-1,16.190308,5.152083
GGCGTTATCCAGGAAA-1,-1.4792062,-5.04648
GGCGTTATCGAGGTGG-1,13.92158,8.004512
GGCTAGACAAACGGGC-1,16.763208,4.7141466
GGCTAGACACCTAATG-1,0.21084487,16.622845
GGCTAGTGTACGCGCA-1,0.48302487,8.656506
GGCTAGTGTCCAAGAC-1,-5.1587996,6.7274857
GGCTAGTGTTGTTCAC-1,13.689453,2.127196
GGCTAGTGTTTAAAGC-1,-2.0759275,8.306693
GGCTATGTCTCCTCAA-1,-4.097739,6.977272
GGCTATTAGCAGCTCA-1,14.603276,5.3181825
GGCTATTAGGACTTAC-1,16.18358,5.918948
GGCTCAATCATCCTAT-1,14.950886,8.356863
GGCTCAATCATGCGTG-1,2.032053,6.401107
GGCTCAATCGTTAACA-1,11.92618,12.755792
GGCTCACAGCTACTGG-1,14.378466,6.7266088
GGCTCACAGTTGTCCC-1,13.872072,3.7729104
GGCTGAGAGACCATAC-1,9.465416,14.129257
GGCTGAGAGGTCAAAG-1,15.854486,5.642666
GGCTGTCAGGCTAGAA-1,-0.3072942,8.677211
GGCTTCAAGAGAAGGG-1,12.017983,2.977396
GGGAGTAGTGCTTACT-1,0.3104514,17.872423
GGGATAATCCAGGTCA-1,-0.052833755,16.743416
GGGATAATCCCGTTGT-1,14.57735,7.213422
GGGATTAAGGCTTAGT-1,8.856714,15.248451
GGGATTAAGGGACGCA-1,12.731857,1.4335216
GGGCAATAGACTCGCA-1,15.415505,4.569195
GGGCAATAGGGACTAA-1,16.557116,5.0225687
GGGCATGAGACAAGTG-1,14.019959,1.3130074
GGGCATTGTTGGTTAG-1,3.1194363,7.2244167
GGGCCTAGTAAGGTCC-1,2.524509,9.795468
GGGCCTAGTAGGTGTC-1,13.206296,3.3516376
GGGCGAATCGAAGCGG-1,11.815293,2.555888
GGGCGAATCGGGATTT-1,9.566044,14.960697
GGGCTAACAACCTGGT-1,12.234682,1.7156184
GGGCTAACACCTAATG-1,-0.50675786,8.204916
GGGTATTTCAGTTCCC-1,11.024574,9.495842
GGGTATTTCGCTAAGT-1,13.064595,7.5008416
GGGTATTTCGGCTATG-1,0.41839823,7.933943
GGGTCAACACAGAAAC-1,9.117412,14.678159
GGGTGAAGTACTTAGG-1,11.049707,13.4081
GGGTGAAGTCACAAAT-1,-0.15267482,19.704098
GGGTGTTGTTACTTGC-1,-0.92048323,19.072676
GGGTGTTGTTAGCTGA-1,13.276247,6.2427397
GGGTGTTGTTTCCACG-1,0.81499153,6.690951
GGGTTACGTAACTACG-1,0.7059284,5.968648
GGGTTACGTGAGGTGA-1,-2.632204,7.046184
GGGTTACGTGATGAGG-1,14.312083,5.17691
GGGTTATTCGACAAAG-1,13.164064,1.425
GGGTTTCCACAACAAA-1,1.665744,8.274349
GGGTTTGTCATCCTCA-1,-6.4838095,7.0403137
GGTAAACCATTGTCCT-1,16.917105,5.642171
GGTAACCGTAATGGCC-1,15.116303,6.7674766
GGTAACTTCACCGGTA-1,12.14517,8.028229
GGTAACTTCTTGAGCG-1,-1.4471686,8.906007
GGTAAGGGTGACATAT-1,13.337186,1.8076733
GGTAATTGTTCCGGGA-1,4.6157,8.353582
GGTACCGGTCATTACC-1,-3.1807578,7.0988684
GGTACTAGTAAGTCGC-1,0.8157967,8.416205
GGTACTAGTATTCGCT-1,15.374176,5.1739964
GGTACTAGTATTTGCC-1,16.981781,5.6202345
GGTACTAGTCGCAATA-1,13.173008,1.7906597
GGTACTAGTGTTGCAA-1,-7.0924973,7.5518656
GGTACTAGTTCCATTA-1,-1.4303061,6.8733993
GGTAGGAGTCACTCGC-1,0.11170703,17.31826
GGTAGGAGTGATGAGG-1,12.340074,2.9155934
GGTAGGAGTGTTAGCA-1,12.730517,3.2250845
GGTAGGAGTTAACAGT-1,16.129457,4.1908994
GGTAGGAGTTCCGGCT-1,14.70857,6.121711
GGTATTGGTGGCTTCC-1,13.632704,3.021337
GGTATTTCAGGCGATA-1,15.437427,5.7313704
GGTCAAGCAGAGGGAG-1,-0.6409893,7.2977924
GGTCAAGCAGGACACA-1,12.525174,14.200178
GGTCAAGCAGGTTTGC-1,0.9912755,19.44081
GGTCAATTCCTAAGAC-1,3.998373,9.654164
GGTCAATTCGTCCTTA-1,12.221957,7.921507
GGTCAGGAGCGAGTAA-1,14.26082,4.086408
GGTCAGGAGGGTGAAC-1,13.647435,8.251545
GGTCATTAGGTGCGGA-1,15.461882,1.9299574
GGTCATTAGTCGCTAG-1,14.259805,6.1827054
GGTCATTAGTGAGAGC-1,14.843307,8.585193
GGTCCATCAACAGCCT-1,3.2562203,9.409778
GGTCCGTAGGAAGCTA-1,11.914548,8.19821
GGTCGGTTCACTTTAC-1,12.635084,1.8096998
GGTCGGTTCATCAGTA-1,-1.1060148,18.983389
GGTCTTGAGGCCGGAA-1,-1.2020507,8.44838
GGTCTTGAGGGATGCG-1,13.03845,8.151128
GGTCTTTGTAACGAGG-1,15.447133,4.33254
GGTCTTTGTTGGTGAC-1,16.905684,4.7828126
GGTGAGGTCATTACGA-1,13.664728,1.2534347
GGTGAGGTCGGTTTCC-1,3.708051,8.807973
GGTGAGTAGCGAGTAA-1,13.358811,6.8902698
GGTGATTTCCTCATGC-1,-0.111328945,5.7058406
GGTGATTTCGGTCATG-1,2.5118577,8.520162
GGTGCTGGTCCTAATC-1,15.240515,0.97574675
GGTGCTTCAAACCTAT-1,12.510998,11.826133
GGTGCTTCAAATATCC-1,14.967271,6.577692
GGTGCTTCACCGGCTA-1,1.0865214,9.9223175
GGTGCTTCACCGTTCC-1,-5.232446,6.5526085
GGTGCTTCATTATGCG-1,2.2750971,7.4004564
GGTGTGACACCGGTAT-1,-1.1449322,5.6559987
GGTGTGACACTTCACT-1,13.480306,7.337076
GGTGTTGTCCTTGCAC-1,-6.714041,7.74535
GGTGTTGTCGAGGAGT-1,13.185372,2.9113975
GGTTAATGTGGATTAT-1,1.1789393,8.573368
GGTTACCCAACAGGTG-1,11.72303,15.068408
GGTTACCCAACGTGCT-1,12.605876,0.60214365
GGTTACCCACAGCCAT-1,-2.3295646,7.471408
GGTTACCCATAGACCC-1,11.539633,8.194966
GGTTACTAGTCACTAA-1,-0.0531071,8.113462
GGTTAGCGTGAGACTC-1,12.553586,14.529975
GGTTATATCTAACCTT-1,-1.1440351,18.704945
GGTTATGGTGTCCAAA-1,14.569487,1.9187012
GGTTATGGTTCATCTA-1,12.052721,9.591266
GGTTCCCGTGCTCACC-1,1.118132,19.43793
GGTTCTTGTAGGTTTG-1,14.965376,6.6637907
GGTTGACGTCCGTGAG-1,12.680208,9.325917
GGTTGAGCAATTTGGT-1,-0.4904257,9.604112
GGTTGCATCTTTGAGA-1,12.387553,6.2697377
GGTTGCGGTCAAGTAT-1,12.207166,6.0178447
GGTTGCGGTTGCTGGG-1,16.275616,6.318348
GGTTGCTCAAACAACA-1,13.33499,4.6989756
GGTTGCTCAGGACACA-1,15.916176,7.1816597
GGTTGGTGTCTCAGCC-1,0.16441482,8.372892
GGTTGGTGTTTCGCGC-1,0.54465437,3.7434742
GGTTTAATCCTTAATC-1,14.468413,0.9548925
GGTTTAATCCTTCGTA-1,11.646823,9.276056
GGTTTCCTCACATTGA-1,-2.674384,6.9671497
GGTTTCCTCGCACACA-1,0.8977423,7.5726585
GGTTTCTGTAAGGTCC-1,11.646746,12.558024
GTAAAGCCACCAAAGG-1,13.11465,3.8350945
GTAAGCAAGTGCACGC-1,3.2965271,8.423789
GTAAGCGCAGGACCTT-1,13.056876,1.1153525
GTAAGGTCAAGGGTTG-1,10.578499,7.9598284
GTAAGGTCAATTAGGA-1,-1.4312326,8.908774
GTAATAGCAAATATCC-1,12.794686,10.424899
GTAATAGCAACTGGCT-1,11.319822,9.942888
GTAATAGCAGGAAGCC-1,10.732138,14.320887
GTACACCCAGTCTATG-1,11.214808,8.168359
GTACTAGGTATCTGGA-1,13.141151,0.75864977
GTACTAGGTGCTTTAC-1,17.064714,5.9543986
GTACTAGGTTTATGGG-1,3.047984,8.498934
GTACTGGTCACTAGGT-1,1.6673572,6.997278
GTACTTAAGAGGAGTC-1,16.711206,4.830783
GTACTTCGTAATGGAA-1,12.019123,1.3968694
GTAGCCATCCGTTAAA-1,13.180532,2.2268605
GTAGCCATCTAATCAG-1,15.417386,6.4321837
GTAGCGCTCACAGCCA-1,-1.7261039,-5.34068
GTAGGAGGTAATGGCC-1,-0.5505472,8.549757
GTAGGAGGTGCTGGTG-1,16.12761,4.761031
GTAGGAGGTGGGAACA-1,-2.3286955,6.774047
GTAGGAGGTTGGTTCT-1,-5.464015,6.5725036
GTAGGATCAGCTCATA-1,3.8451288,8.648808
GTAGGATCATGTTGCA-1,1.5932375,8.162359
GTAGGATCATTAGGCC-1,15.358849,3.6963046
GTAGGCGAGTAACAGG-1,10.908292,7.0123944
GTAGTTTCAAAGCCTC-1,12.193447,0.9806642
GTATCGCCAGCCTGCA-1,13.1045475,1.2059106
GTATGTTCACCTCGCT-1,-2.8693275,6.4194093
GTATTCAAGCCTGTGA-1,0.98746586,7.3013496
GTATTCAAGTTTGGGT-1,11.950246,9.526651
GTATTGATCCCGAAGC-1,12.553724,14.285053
GTCAAACTCATGCAAC-1,-1.4369253,7.461945
GTCAAACTCCGGTTGA-1,14.448071,5.6056094
GTCAATATCCCATAAA-1,14.860717,4.8820786
GTCAATATCTAGCGAT-1,15.413984,6.582927
GTCAGGCTCGCAGGCT-1,13.982763,4.1079216
GTCATCACACATAGCC-1,16.122309,5.3398542
GTCATCCTCACTTCAT-1,0.61861414,10.006057
GTCATCCTCCTCACAC-1,-5.273779,6.9812226
GTCATTAAGCGGGCAA-1,-2.8229828,6.5888815
GTCATTAAGGCGCTTA-1,-0.28741947,8.960016
GTCATTAAGTTAGACC-1,-2.1929193,7.6724257
GTCCAAGTCAGCACCA-1,3.9103713,9.398528
GTCCGTAAGTTACCGG-1,16.276566,6.658362
GTCCGTAAGTTCCCGT-1,13.233625,0.40966833
GTCCTCAGTTAGTGAT-1,10.471887,6.1421857
GTCCTCCCAAGGATTA-1,11.74672,12.473097
GTCCTCCCAATAACGA-1,2.592479,7.2236743
GTCCTCCCAATGCCCG-1,15.531107,6.280324
GTCCTCCCACAGAAAC-1,16.572666,5.4060087
GTCCTCCCACCTGCTC-1,12.505754,7.2400007
GTCCTCCCACTCAACA-1,12.807008,1.3743644
GTCGAAGCATTTGCTC-1,-6.2287064,7.5640078
GTCGAGGAGCGCAATT-1,15.199567,6.589798
GTCGAGGAGGCGGGTA-1,-5.023846,6.769114
GTCGAGGAGTTTCCTG-1,12.459128,15.151534
GTCGCAATCATCAGTA-1,12.211577,1.5109906
GTCGCAATCATGCTCC-1,12.646843,1.2397949
GTCGGTTCAATTTGGT-1,14.787728,7.0027514
GTCTAACAGTAACGAG-1,2.6252413,9.382275
GTCTAATCATGTTGGC-1,13.071536,7.3899207
GTCTAGCCAGCTCAAC-1,14.492792,1.3191885
GTCTAGCCAGTTTACG-1,12.783758,3.0432403
GTCTATCGTAAACAAG-1,10.436815,5.961286
GTCTATCGTGATCAGC-1,-2.4730456,6.1284657
GTCTATGCAACTAACT-1,11.946974,9.303833
GTCTATGCATAATGAG-1,-7.65725,7.7469974
GTCTATGCATAGCGAG-1,12.698847,11.473177
GTCTTGCTCCTCAGTC-1,11.963737,9.855367
GTCTTGCTCGTAATCA-1,16.033283,5.244223
GTCTTTAGTCACAGCG-1,12.893434,9.776858
GTCTTTGTCATTGTCT-1,1.047696,8.226492
GTCTTTGTCCTAATTC-1,10.423271,13.9987135
GTCTTTGTCGGTTACG-1,14.9839735,5.678264
GTGAACAAGCTTAGCG-1,12.600629,14.046199
GTGAATCTCCGGTATG-1,14.102391,0.55673826
GTGATGAAGGAGGACT-1,12.936765,2.9800253
GTGATGAAGGATAAAC-1,13.05382,8.030952
GTGCAAGCACTAAGTT-1,14.718601,5.747903
GTGCAAGCAGCCGCTA-1,-1.9365486,7.599452
GTGCAAGCATTCCTGT-1,2.2645485,6.039937
GTGCCTTTCAATTACG-1,12.296311,9.554942
GTGCCTTTCCTGATGG-1,1.1791339,9.66003
GTGCGCAGTAAGCTCA-1,12.040652,2.7324753
GTGCGCAGTGGTTAGC-1,-0.30893847,19.317633
GTGCGCAGTTCCTCCT-1,13.683727,2.746183
GTGCGCAGTTTGCAGA-1,9.181246,14.551703
GTGCGGTTCAATCTCT-1,16.068733,5.2081113
GTGCGGTTCTCACACC-1,-1.3342023,8.72463
GTGCTCCGTCGCAATA-1,14.005065,2.2043872
GTGCTCCGTGCAACTA-1,13.234466,0.8064479
GTGCTCCGTTACCTGT-1,11.995219,13.033473
GTGCTGATCGTTTCCA-1,13.247304,1.2856995
GTGCTGGGTACCTTAC-1,13.9767885,2.1867776
GTGCTGGGTCCCGAAG-1,1.633584,9.711329
GTGCTGGGTCGCGCAA-1,-1.8580526,8.59333
GTGCTTACAGTAATAG-1,4.203907,9.474137
GTGCTTCTCATGTTTC-1,1.3531386,2.1427515
GTGCTTCTCATTACAG-1,-0.41186023,16.544432
GTGCTTCTCTGCAACG-1,14.353715,6.5441327
GTGGACACAATCCCTT-1,12.637109,15.031702
GTGGACACAATCGCAC-1,14.583106,4.809937
GTGGACACACGGTACT-1,-0.15016575,9.3199415
GTGGACACATAATCCG-1,14.11533,1.0989294
GTGGATGCAACCCTAA-1,12.6160755,7.6058617
GTGGATGCAGTTAAAG-1,8.864914,15.406729
GTGTAACTCCTGAGTG-1,13.023553,5.0562963
GTGTCCAAGGAAACTG-1,0.21240635,18.055355
GTGTCCAAGTTATCCT-1,-0.99614376,8.884904
GTGTGAGCAAACAACA-1,16.617893,4.6781793
GTGTGAGCAACACTTG-1,14.373964,4.246971
GTGTGAGCAGCACGTT-1,15.620605,4.6170435
GTGTGCGGTAACCACA-1,15.498426,1.5205617
GTGTGCGGTATTGTCC-1,0.067057155,8.8105755
GTGTGCGGTCGCAAAC-1,-1.1487085,5.26357
GTGTGTTAGAAGCTAG-1,11.638148,9.476318
GTGTGTTAGGTGTCCA-1,-0.14999379,7.0066857
GTGTGTTAGTTAGAGG-1,15.449701,6.057956
GTGTTACAGCCTCTGT-1,12.964127,6.978837
GTGTTACAGTCGCTAG-1,1.0330597,20.036695
GTGTTACAGTTACCGG-1,14.583683,0.8357482
GTGTTCCTCGTGCTTC-1,-7.0449743,7.5602202
GTGTTCCTCTATCGCC-1,0.9908795,19.733545
GTTAACCAGGGACCTC-1,2.364832,9.571595
GTTAACGGTACGGTAC-1,9.621294,14.150835
GTTAACGGTCCGGTTC-1,2.2096398,8.333474
GTTAACGGTCCTAAGA-1,14.485299,4.7880783
GTTAAGCTCTTGCAAA-1,-1.4139497,7.4398236
GTTAAGTGTTGGTTAG-1,-0.81258714,18.14046
GTTAATGTCATTATGG-1,14.377519,7.2013283
GTTAATGTCGTTAACA-1,13.391492,7.1036644
GTTACAGGTCATAAGT-1,1.8846874,6.778894
GTTACAGGTGCTAGAC-1,-1.9190688,7.06597
GTTACAGGTTGGTGAC-1,11.934518,7.9635053
GTTACTAAGCTTGCTC-1,0.79989344,8.022214
GTTACTAAGGCTTAAC-1,11.057186,10.310955
GTTACTCGTACCGGAT-1,15.350584,7.2789445
GTTACTCGTCAGTAAT-1,16.081165,6.0859394
GTTACTCGTTAGGACC-1,11.914136,8.589024
GTTCATTTCTCATCAT-1,10.158266,7.032561
GTTCCCAGTAATCCCT-1,2.5559533,9.972805
GTTCCCAGTCCAAGAC-1,0.10042015,18.864954
GTTCCTTCAAGCTAAA-1,11.989844,6.013834
GTTCCTTCAATCATGT-1,-2.979908,6.4435
GTTCCTTCAGGCATCT-1,14.158344,2.5102804
GTTCGCTTCGCTTCTA-1,9.745433,14.659348
GTTCTTAGTGTTGCTT-1,0.26102453,7.037891
GTTCTTAGTTGTTGCT-1,-4.80531,6.8041177
GTTCTTGTCATTTAGG-1,2.2169445,8.226645
GTTGCATAGCCATCAG-1,-0.7522742,18.669678
GTTGCCCGTTTACCGT-1,11.591619,8.98054
GTTGCGGGTATGTGGC-1,-1.6159484,-5.1995034
GTTGCGGGTCCTGATT-1,16.265162,4.3442698
GTTGCTGAGCTCAAAC-1,10.221447,7.308141
GTTGCTGAGCTTTGGG-1,4.2791924,9.095882
GTTGCTGAGTAAGTGG-1,3.514286,8.598181
GTTGGCCAGGGTGGAT-1,13.167853,7.9925103
GTTGGCGGTGCTGTAA-1,-1.0538431,8.377455
GTTGGCGGTGGAAGGC-1,11.212141,9.038567
GTTGTTGCACGAACAG-1,16.247751,6.429873
GTTTAACCAAGCGAGC-1,13.52558,6.3539486
GTTTAACCAGTCTATG-1,-1.863027,-5.4416366
GTTTAACCATCATGGC-1,13.294264,2.8801353
GTTTAACCATGCAACC-1,16.255568,6.048187
GTTTAACCATTTGCTC-1,2.123728,6.792581
GTTTACCGTTAAGCTG-1,2.1579573,9.899179
GTTTACCGTTTAAAGC-1,14.20923,0.9971197
GTTTAGCAGGTTTGAC-1,12.412706,9.875592
GTTTATCTCGCTCCAT-1,10.905794,7.770255
GTTTCAGCATGAATAG-1,12.716812,1.0632586
GTTTCCTCAATGAGGT-1,-0.99613976,6.8368278
GTTTCTAGTGGAGCAA-1,12.057561,14.07464
GTTTGCTGTATCTGGA-1,-5.3897862,6.9337177
GTTTGCTGTTGCAATG-1,14.439346,1.1970655
GTTTGTAAGGCCAATT-1,0.84652346,7.959085
GTTTGTCGTTGAGGTC-1,-1.4965861,-4.9176807
GTTTGTTTCCGGTATG-1,-2.3461974,7.9676967
TAAAGCCTCAATGAGG-1,13.173491,1.3117566
TAAAGCCTCGTGCCTT-1,12.034666,8.425722
TAACCAGGTACTTAGG-1,-0.02719278,6.6868563
TAACCGGTCATGCTTT-1,-0.6945576,17.331026
TAACCGGTCATTAGTG-1,1.8007356,9.672651
TAACCTAAGGATCACT-1,0.89018905,2.190126
TAACCTAAGTAGCGGG-1,-2.1572344,6.7738886
TAAGCCAGTAAGCACC-1,-0.28557262,9.4614315
TAAGCCAGTACAAAGA-1,4.1200256,9.265134
TAAGCCTAGACAGGCG-1,12.593864,9.34818
TAAGCTGGTTAATGCG-1,13.35429,2.5098424
TAAGCTGGTTAGGATT-1,13.364086,4.0582814
TAAGCTGGTTATCGAG-1,-6.912563,7.4981112
TAAGGACCACCTGGTG-1,-3.6353047,6.5468345
TAAGGACCATAGCGGA-1,-2.3058171,6.324039
TAAGGCTTCACGCATG-1,0.54024076,3.8549075
TAAGGCTTCAGGGCCT-1,1.8353848,7.8628683
TAAGGCTTCATAATCG-1,-0.20737177,7.0114174
TAAGGCTTCGGCTATG-1,-0.3492541,7.512834
TAAGGCTTCTTGCATT-1,-1.5858214,5.939616
TAAGTAGCATTATGCG-1,15.298301,7.326502
TAATCCGCAAACGCGA-1,-2.01439,7.2851267
TAATGCATCCGCAACA-1,0.596429,7.051906
TAATGCATCCGCCTAT-1,12.427103,14.385094
TAATGGACATAGGCGA-1,-0.15032613,6.580623
TAATGGTGTAGCAGCT-1,11.409025,12.700553
TAATGGTGTGTGTCCC-1,0.81154966,2.7192903
TAATTGCCAAATGCCC-1,0.2572775,16.76464
TAATTGCCAAGGTACG-1,-0.19196919,19.017052
TAATTGCCACCTGCTC-1,14.120098,8.086202
TACAATGTCATCAGTA-1,11.908457,8.117985
TACAATGTCGAAGTAG-1,0.9429792,8.075932
TACAGCTAGCTCCTTA-1,10.706949,8.879392
TACATCAAGGGCTTAT-1,16.63183,4.914397
TACATCAAGGTACCGC-1,-0.2014969,18.48558
TACCCGGCAATGCCTA-1,14.132268,5.043088
TACCGAAGTTGGGTTA-1,12.079893,2.5906658
TACCGCAAGACTCGCA-1,12.117859,10.102617
TACCGCAAGGCGAAAC-1,15.131335,6.123648
TACCGTTGTGATTTGG-1,16.002928,4.6882386
TACCTCATCCGCAACA-1,16.276209,4.8027763
TACCTGCTCCCTTGCG-1,16.039045,5.201101
TACCTTAGTTCAAGCA-1,15.196307,6.614958
TACCTTAGTTGCGGAT-1,-0.90116936,9.04396
TACCTTTAGGACAACA-1,9.669998,15.201745
TACCTTTAGGCTGTGC-1,0.7884062,19.396065
TACCTTTAGGTGAAAT-1,13.635853,7.622488
TACCTTTAGGTGTCCA-1,-1.7007867,8.114332
TACCTTTAGTCTTGAA-1,16.140226,7.0287204
TACGCACCATGTTTGG-1,14.790887,6.0629396
TACGGATTCTAACCTT-1,0.12516607,9.785907
TACGGTTAGCTTAACA-1,15.100731,1.4036471
TACGTAATCAAATCGC-1,12.486795,14.7396145
TACGTAATCCTGCGAA-1,10.804815,8.705543
TACGTACAGTTAGTGC-1,1.4123524,8.172328
TACGTACAGTTAGTTG-1,13.145637,0.6664188
TACTAAGTCCAATAGC-1,1.7488577,7.903417
TACTAAGTCTTTAAGG-1,0.461492,3.8301349
TACTCGCTCCTCCATA-1,15.704058,6.7812924
TACTGAGGTTAATGCG-1,11.019622,7.891098
TACTGCACAAACTAAG-1,13.925617,8.5920725
TACTGCACAGCAACCT-1,2.2447653,6.8330145
TACTGGCCAGCTTAAT-1,2.990664,6.861275
TACTGGCCATAATGTC-1,14.564193,3.5603495
TACTGGCCATCAGTAT-1,9.318573,15.586139
TACTTGTTCCGCCTAT-1,11.836565,13.682932
TAGAGCCGTGATTACG-1,9.198168,14.952985
TAGCAGGCAAGGTACG-1,-1.0363073,7.6750693
TAGCAGGCAAGTTATC-1,1.1901013,7.3798137
TAGCAGGCATAATCAC-1,12.965428,9.688649
TAGCAGGCATAGACTT-1,-6.4874487,7.550339
TAGCATATCCGGTATG-1,4.4514356,8.593422
TAGCATATCGGTTAGT-1,12.589157,2.6907344
TAGCCGGGTCAGGAAG-1,0.8476458,17.668533
TAGCCTCTCGTAACGT-1,14.960722,5.4607744
TAGCCTGAGGAGCACG-1,2.6039755,9.407684
TAGCCTTGTCATAACG-1,-0.42128578,7.70424
TAGCGCGGTACGCGCA-1,10.756556,6.056767
TAGCGCGGTTGCCTCA-1,11.245403,13.06205
TAGCGGACAGGACCTT-1,-0.7557216,6.5833077
TAGCGGCTCAGCAAGA-1,16.444836,7.1183057
TAGCGGCTCATTCATC-1,14.997586,5.0727515
TAGCGGCTCCGCCAAA-1,0.57079077,4.3517475
TAGCGGCTCTCCATGC-1,-1.9142371,8.322226
TAGCTAATCACGTTAA-1,14.171593,1.7215906
TAGCTAATCATGCGTG-1,9.348517,15.897658
TAGCTAATCTCCATAT-1,1.1552764,5.6640525
TAGCTAGGTACGCGCA-1,0.5613263,17.730862
TAGCTAGGTTGCAATG-1,-2.600813,8.096491
TAGCTTAAGGCGCTAC-1,12.3584175,2.7523875
TAGCTTAAGGTCCAAT-1,11.491035,7.960604
TAGCTTGCAAGGAATC-1,1.6776388,8.428082
TAGCTTGCATCAATCG-1,14.121458,8.280315
TAGGAACCAGCAGGTA-1,13.598512,3.0893338
TAGGAGGGTTACAACG-1,13.373939,6.188498
TAGGAGGGTTATCGAG-1,13.860192,1.2984279
TAGGAGTCATCGCTCC-1,13.454026,8.145898
TAGGAGTCATTGTGGC-1,0.021746704,8.321667
TAGGCTGTCAATGAGG-1,-6.9159007,8.088348
TAGGCTGTCAATTGGC-1,13.329308,12.402483
TAGGCTGTCGAGCTAT-1,-0.3989018,6.1837673
TAGGCTTAGAGAGGAG-1,15.454158,5.629908
TAGGCTTAGGAAACTG-1,10.956898,13.611648
TAGGCTTAGGTGAGAC-1,9.473612,14.040513
TAGGGTTTCAGGTCCA-1,10.499709,6.117195
TAGGGTTTCGCATCCT-1,13.253158,6.553213
TAGGTTATCTTGAGCG-1,12.268629,2.7713423
TAGTAACGTGTGTGGT-1,11.869937,8.673801
TAGTAACGTTCACCAT-1,12.418442,13.420896
TAGTAACGTTGTTGTC-1,15.035185,5.910677
TAGTAAGCATCCCGCT-1,13.844357,12.570871
TAGTACGGTGGATTGC-1,12.316939,8.405962
TAGTACGGTTAAGCCA-1,10.582309,10.120103
TAGTAGGAGAACCTGT-1,14.000217,8.203966
TAGTCAATCGTTCACC-1,2.5037773,9.665362
TAGTGGCGTCTATCGT-1,9.321672,15.709788
TAGTGGCGTGTCCAGG-1,8.959294,14.955588
TAGTGTGGTCGACTCC-1,12.57738,0.81843716
TAGTGTGGTTGTAAAC-1,16.416998,7.1480412
TAGTTGTCAATGAATG-1,12.478756,13.950078
TAGTTGTCACCGGTAT-1,0.474986,3.8505065
TAGTTTGAGCACAGAA-1,14.9951105,5.4341316
TATAACCCACTTACAG-1,12.200245,11.875031
TATAACCCATTAAAGG-1,8.477956,15.292687
TATAGCCAGCTTAGTA-1,13.509906,3.2055147
TATAGGTGTACTGAAT-1,-1.6702366,-5.2499213
TATATCCTCATTAGCA-1,4.429761,8.557573
TATCACAAGCAAGGGT-1,-2.32805,7.318807
TATCACAAGTTTGCGG-1,0.54518694,8.660877
TATCACGCAAGGTACG-1,16.118599,5.39608
TATCGAGGTTGTAAAC-1,12.6746645,1.8618426
TATCGAGGTTTATCTG-1,12.167267,9.169332
TATCGCACAAGTGAAC-1,-0.5140509,18.720135
TATCGCGAGGATCACT-1,16.24907,5.2727137
TATGAAGCAATAATCC-1,-2.3141515,6.8943386
TATGACTCACTTAACG-1,17.088352,4.586555
TATGACTCAGGATTAA-1,-5.16401,7.4424477
TATGACTCAGTTTGTG-1,15.686326,4.4471884
TATGCATCAACTGGCT-1,-2.3816154,6.089365
TATGCATCATGTTTGG-1,12.556281,7.743161
TATGGATGTGCTTTAC-1,-0.67752254,7.5421534
TATGGATGTGGACCTG-1,9.225564,15.823705
TATGGCCCAAATTCGT-1,12.870921,10.238893
TATGGCCCATAGCGGA-1,-7.0949574,7.7728133
TATGGGCGTCACCTAT-1,10.337842,14.934276
TATGGGCGTGGACATC-1,12.492856,14.580194
TATGGGCGTTAGCTGA-1,-0.9911833,18.908289
TATGGGCGTTCCGCAC-1,11.624687,9.658592
TATGGTCAGTGAGCAA-1,1.4810759,7.2163844
TATGTGATCCACCTTA-1,0.7139566,20.155277
TATGTGATCCTAGTCC-1,12.119118,9.61911
TATGTGATCGGTAACT-1,0.033108264,19.66348
TATTAGCCAATTGACT-1,13.90602,7.2602153
TATTAGCCAGCAAATA-1,-0.23149464,8.905265
TATTAGCCATGTTGTG-1,-1.4504123,5.362034
TATTAGCCATTGTGTG-1,11.652541,14.657045
TATTAGGTCCCGTTGT-1,14.225723,8.019124
TATTAGGTCGCTAGTG-1,16.722649,4.0432
TATTCGTTCTTGCAAA-1,10.60427,9.836202
TATTGACCAGGCATGA-1,1.4328612,8.726709
TATTGACCAGGCTAGA-1,-2.5725713,6.347379
TATTGACCATGAGTTT-1,-7.6304693,7.4583254
TATTTGCTCACAGGAA-1,12.851405,10.181463
TATTTGCTCCTAACGG-1,14.921019,5.4408436
TATTTGCTCGTTCACC-1,15.3577585,5.127947
TATTTGCTCTAAATCG-1,13.504915,7.132909
TATTTGCTCTGTGCAG-1,12.951425,9.728389
TATTTGGAGTTTGGTA-1,0.8364044,19.935259
TCAACAATCATCGTTT-1,9.683811,14.356698
TCAACAATCCAAGTTA-1,12.625598,11.344875
TCAACAATCTACTAAG-1,9.988142,6.544791
TCAAGAACATGACTAT-1,12.210227,2.6138034
TCAAGAACATTGTGAT-1,1.233778,10.027642
TCAAGACTCTCCATAT-1,16.329582,5.050366
TCAAGCTAGCATTAGC-1,10.596493,6.806556
TCAAGCTAGTTAGGCT-1,12.579811,3.112846
TCAAGGAAGCACTAAC-1,-0.18706076,6.6399603
TCAAGGAAGTCACTCC-1,3.468186,6.852962
TCAAGGAAGTTATTCC-1,-0.5268795,8.3111315
TCAAGGTTCCCTCTAA-1,12.808645,7.4186015
TCAAGTATCAGCAAGA-1,15.682197,4.272673
TCAAGTATCCTGCGAA-1,12.206687,11.051349
TCAATCGCAATATACC-1,15.62992,5.6677337
TCAATCGCATACCCGG-1,1.0352153,5.633895
TCAATCGCATGCTTAG-1,12.870154,0.9190355
TCAATCGCATTGCAGC-1,0.5460296,18.252209
TCACATAAGCCTGTTC-1,0.15142955,9.934855
TCACATAAGTTCCCGT-1,0.60132,3.9162514
TCACCGGCAACTAGAA-1,-0.81997657,8.164251
TCACCGGCACGGTTTA-1,16.674175,4.5531464
TCACCTGGTGTTTGCT-1,0.19264403,8.806868
TCACGGATCCGGCTAA-1,11.938277,2.7144578
TCACTGACATTATCCC-1,3.3296454,8.134898
TCAGCAAGTAATCACG-1,3.3726313,8.189092
TCAGCCTTCACGAATC-1,12.210449,3.383996
TCAGCCTTCCACAATA-1,14.019884,3.1919205
TCAGCCTTCCCTGACT-1,-7.406397,7.2050776
TCAGCCTTCGAGGTGG-1,12.168113,13.808292
TCAGCCTTCTTTAAGG-1,-0.8108577,18.76502
TCAGCGATCCTTGCAC-1,-2.0450292,8.154054
TCAGGAGCAACCCTAA-1,12.722036,7.697121
TCAGGAGCAATCCTGA-1,-0.4089892,6.032896
TCAGGAGCATGGCCCA-1,4.0055184,8.839818
TCAGGTCCACAGGAAT-1,0.45090982,19.985653
TCAGGTCCATCTTGAG-1,-0.3819276,19.035793
TCAGGTTAGCTAATCA-1,0.5387789,20.059088
TCAGGTTAGCTATATG-1,0.13738634,9.137296
TCAGTGAGTAATGACT-1,13.577104,12.518555
TCAGTGAGTTAATGAC-1,-1.7457771,6.5736365
TCATAACCAAGCCACT-1,10.065926,6.511203
TCATAACCAAGCCAGA-1,4.239108,8.740166
TCATACTTCATTTGTC-1,13.007803,1.9113046
TCATACTTCTAACCAA-1,10.378678,9.110387
TCATACTTCTCTAGCC-1,13.73025,1.344487
TCATCCATCAGCCAAT-1,12.379044,14.041027
TCATCCATCCCGTTGT-1,12.594325,0.74215084
TCATCCATCTTGCAAA-1,1.7129786,7.2070847
TCATGCCTCACAGCCA-1,12.069898,6.99784
TCATGCCTCGTGCTTC-1,10.198582,14.777981
TCATGTTTCATAGCCG-1,12.681135,12.77025
TCATTACTCCCTCAGT-1,15.008171,4.5641084
TCATTACTCTGCAAGT-1,0.6304826,3.9036245
TCATTACTCTTAGTGA-1,14.665911,5.8205056
TCATTGCGTAATCGTG-1,0.23013875,8.971393
TCATTGCGTTAGCAGC-1,15.802967,7.191369
TCATTTGGTAATTAGC-1,1.7695223,6.453481
TCATTTGGTCACAGCG-1,12.258226,9.289941
TCCACAACAGTTTACG-1,16.45065,4.8213363
TCCAGCAAGGCTGTCA-1,0.102072336,17.429394
TCCAGGTCAAGGTCCT-1,-0.5951406,17.692253
TCCATAAAGATTGAGG-1,0.30222574,19.55319
TCCATCATCCAATTAG-1,-2.2988648,7.8577943
TCCATGCTCATGCGTG-1,1.8927321,8.144392
TCCATGCTCGGGATTT-1,0.54731715,7.671604
TCCATGCTCTCAATGA-1,12.491217,2.3189733
TCCCGGACAGCTACGT-1,13.729429,5.330392
TCCCGTTAGGGACCTC-1,9.405208,14.602841
TCCCTCACAAATACCT-1,14.261355,8.522736
TCCCTCACAAGTGTTT-1,12.887609,2.840446
TCCCTCACAATAATGG-1,12.317608,7.4029436
TCCCTCACATGAATCT-1,-2.5437925,6.237805
TCCCTGGTCTAATCAG-1,1.0941485,9.57799
TCCGCCATCACTAATG-1,0.3199355,8.38649
TCCGCCATCTGTTGCC-1,-1.1041445,6.703545
TCCGGAATCATGCTAA-1,13.228097,7.4807487
TCCGGTAAGCTGTACG-1,2.0909705,9.104559
TCCGGTTTCGAGGTGG-1,-6.841077,7.6449003
TCCTAGTGTGGAAACG-1,-7.4214296,7.8886623
TCCTCAATCGACCTGA-1,15.431019,5.4868684
TCCTCAATCGGGCCAT-1,3.3933444,9.502911
TCCTCAATCTTCAATC-1,-1.862164,6.816947
TCCTCACAGACAACGA-1,10.162518,7.2435718
TCCTCACAGATACTTG-1,11.979836,6.0275455
TCCTCACAGCCTGGTA-1,11.43984,9.181359
TCCTCACAGTGCTGTG-1,16.224916,5.815418
TCCTCACAGTTGGATC-1,12.299591,6.991088
TCCTCTAAGCTGTCAG-1,13.650413,1.9486023
TCCTCTAAGGGATTAG-1,15.634222,4.923802
TCCTCTAAGGGTGGAT-1,14.921361,4.93696
TCCTGTTCAGCAACCT-1,13.864623,0.94456655
TCCTTAGTCCCGAAGC-1,2.0816123,5.7832456
TCCTTAGTCCGGTATG-1,0.22443663,17.42399
TCCTTAGTCTCCTCTT-1,12.195124,5.8198023
TCCTTCAAGGCCTTAG-1,15.571176,5.490304
TCCTTGCAGGTCTTGG-1,10.935114,14.698016
TCCTTGCAGTACCGCA-1,11.325039,9.241585
TCCTTGCAGTTCCCAC-1,0.2826268,8.154488
TCCTTTACAGCACCAT-1,14.179794,8.513682
TCCTTTACAGTAAGTA-1,-1.040678,9.19734
TCGACAAGTAATAACC-1,16.07406,4.7487187
TCGATTAAGGTCCTGA-1,15.916187,4.1936884
TCGCATTGTACGTTTC-1,2.3694053,9.513008
TCGCATTGTCTAACAG-1,16.54378,4.7878084
TCGCATTGTGTTGTAG-1,2.6916995,7.9666204
TCGCCCATCCCATAGG-1,14.068893,5.303307
TCGCCCATCCTAGTTT-1,13.91387,2.5266542
TCGCCCATCGGGACCT-1,-0.75916296,9.423617
TCGCGAGGTACAAAGA-1,-2.5015023,7.008242
TCGCGAGGTATTGGTG-1,13.125075,0.24699634
TCGCGCACACCATATG-1,16.356438,5.7140174
TCGCGCACACTCAACA-1,17.020344,4.761563
TCGCGCACAGCAAGTG-1,-1.7647189,-5.340282
TCGCGCACATAGCTTG-1,-7.865409,7.870054
TCGCGCACATGTTGGC-1,-1.6265205,4.898707
TCGGTAAGTATTGTCC-1,2.7169166,9.004733
TCGGTAAGTCGCAAAC-1,12.209308,2.1112447
TCGGTTACAATGAATG-1,13.21246,5.251129
TCGGTTTGTAATCACG-1,12.098184,13.914907
TCGTAATCAGCCTAAC-1,0.47543374,17.309618
TCGTCAACAAAGCTAA-1,14.61882,7.146019
TCGTCAACAAGGGTTG-1,1.2441217,6.1218224
TCGTCAACAGCAAATA-1,13.632274,0.67829394
TCGTGCTTCCCGAACA-1,-4.852814,7.4479365
TCGTTACGTGCAACTA-1,10.649885,9.920675
TCGTTAGCAGCTAATT-1,12.692294,2.8720732
TCGTTAGCAGGCCTTG-1,-0.107050985,9.844167
TCGTTAGCATGAATAG-1,11.328856,14.07227
TCGTTATTCACCGGTA-1,16.649305,4.2281404
TCGTTTCCAGCTTAAT-1,16.903507,5.360575
TCTAACCGTCACCTAT-1,13.541455,7.8072596
TCTAACCGTTTAACGG-1,14.617499,8.267674
TCTAACCGTTTCGCCA-1,12.823496,6.9305367
TCTACCTCAATGCGCT-1,16.655218,6.0422063
TCTACCTCAGTCTAGC-1,-0.35412422,19.139877
TCTACCTCATGACTAT-1,-2.2730217,5.9540014
TCTAGCACACAAAGGT-1,-1.2176492,5.3868136
TCTAGCACAGGGAGGA-1,1.9993169,6.4454694
TCTAGCACATTATGGT-1,0.26311705,3.9932818
TCTAGCCTCACCGGTA-1,0.46133688,7.5451484
TCTAGCGAGATAGACG-1,14.680249,5.7185206
TCTAGCGAGGAGTAAT-1,10.001496,14.786291
TCTATGTTCATTGCAA-1,11.9126835,8.248103
TCTCAAGCACGTGCTG-1,10.931457,13.457795
TCTCAAGCATTAGGTT-1,12.627537,11.171358
TCTCAATTCATGCCTC-1,-0.21187419,7.5855656
TCTCACCAGAGGCTAA-1,14.005232,6.2506995
TCTCACCAGCCATCAG-1,10.858406,13.9089775
TCTCACCAGTAATCCA-1,13.217327,2.8998528
TCTCACCAGTATTGCA-1,12.212786,14.836896
TCTCACCAGTGAACGA-1,14.103501,2.2623117
TCTCCTCGTGATGAGG-1,15.334238,5.1669164
TCTCCTCGTTAACAGT-1,14.075683,0.95629054
TCTCGCCCAAACTGTT-1,-1.8273734,-5.413529
TCTCGCCCAATTGAGA-1,13.197623,1.9608601
TCTCGCCCACCTCAGG-1,15.833841,4.404918
TCTGGCTTCGGTTTGG-1,0.027071472,16.360632
TCTGTGACATTAGGTT-1,13.028906,10.648082
TCTTCAAGTGTTGTGA-1,-2.3703375,6.560942
TCTTGACGTGAGCACT-1,0.064714745,18.551537
TCTTGACGTTGTTGTC-1,-0.6780496,8.77034
TCTTGTCCAATAACGA-1,-0.4353909,17.688515
TCTTTGTAGTCATTTC-1,14.618759,7.092617
TGAACAACACCAGGTT-1,13.436305,2.3647153
TGAACAGAGTATTGGC-1,0.518639,18.589216
TGAAGCAAGCTTCTCA-1,13.35483,4.720349
TGAAGGATCCGGTTGA-1,15.303414,1.4472691
TGAAGTGAGCACAGAA-1,9.019769,14.584706
TGACTCCTCCTTCGTA-1,13.331329,1.0836608
TGACTCCTCTTAGTCT-1,14.161972,8.1726885
TGACTTAAGAGAGGAG-1,12.051871,6.5300813
TGACTTAAGGTCCTGA-1,10.068412,14.9809675
TGACTTCGTACTTCAC-1,-1.4452014,8.530657
TGAGAACCAAGCCAGA-1,1.0350087,9.003684
TGAGAACCAGGATAAC-1,3.0996883,8.228363
TGAGAACCAGTAAGTA-1,-1.5250616,4.9189644
TGAGCACGTTAGAGGG-1,15.635136,6.931065
TGAGCCGGTCCCGAAG-1,-0.93520993,7.4356313
TGAGCCGGTTGTCATC-1,13.147205,8.4544
TGAGCTTAGCTTAGCG-1,9.403274,15.243394
TGAGGAGGTGACATAT-1,13.064853,2.6541624
TGAGGGAGTCAATACG-1,12.21473,2.5549276
TGAGGTGCACAGGATG-1,14.905563,3.7558253
TGAGGTGCAGGAACAT-1,-0.343157,17.379557
TGAGTGAAGCAAGGTA-1,-0.96742326,18.350554
TGAGTGAAGTTCCTGC-1,8.991028,15.923058
TGAGTTTCAAATACCT-1,14.611616,4.362058
TGAGTTTCAGGTTACC-1,13.663058,0.5639662
TGAGTTTCATAGCGGA-1,14.589364,5.9025645
TGATCAATCATCCTGC-1,-1.535827,8.062403
TGATCAATCCCGTTAC-1,15.13852,4.6524935
TGATCAATCGAGCTAT-1,-1.3589804,5.3426256
TGATCAATCTTAGTCT-1,15.71679,5.886972
TGATCACAGGAAACTG-1,12.80039,3.8070164
TGATCACAGTAATCCA-1,15.622895,2.949817
TGATCAGGTACGTTTC-1,-0.6025026,9.206026
TGATCAGGTATTGTGG-1,4.4178667,8.1155405
TGATCCTGTGTAACCA-1,14.692157,5.4164095
TGATCGAGTAGACAAA-1,-0.007447526,16.57887
TGATCGAGTGGATGTC-1,12.695167,2.69081
TGATGAACAAGGTACG-1,1.5820678,8.163423
TGATGAACAGCCTGCA-1,12.905036,1.3388362
TGATGACTCCTTCGTA-1,12.24544,15.330183
TGATGATGTAGCTAAT-1,13.968265,7.4176993
TGATGATGTATTGTGG-1,0.49790174,5.019719
TGATGATGTCTTTGAC-1,-0.061296217,9.1209345
TGATTAGTCAGCACGC-1,15.164792,7.438591
TGATTAGTCATAACCA-1,13.869659,7.5052013
TGATTAGTCGGGACTC-1,11.961421,13.694173
TGATTAGTCTACCTGC-1,13.429074,2.473468
TGATTCAAGGGATGAC-1,-1.5010239,4.8584685
TGCAAGCGTTACTAGG-1,15.361227,5.0764174
TGCAATATCCTCATGC-1,14.912799,3.503257
TGCACTTGTCTTGCAT-1,-0.061641604,6.406606
TGCACTTGTTAGAGGG-1,15.614281,4.5228696
TGCAGGCTCCTAAGTA-1,1.7783976,9.636527
TGCATCCTCTTTGTAC-1,10.215408,13.134141
TGCATTAAGATAACCC-1,-1.2159429,-4.753147
TGCCATTGTCCGTAGG-1,12.856137,0.50288934
TGCCATTGTTGCATCT-1,0.5035954,3.106702
TGCCGGTAGCGAGGTG-1,14.613064,5.500306
TGCCGGTAGCTGAGGG-1,12.163965,6.0077796
TGCCGGTAGGATCCGC-1,15.33025,2.491573
TGCGATTAGCCTAATA-1,0.6260962,20.008064
TGCGCAGGTCAAACTG-1,1.7177478,9.893111
TGCGGTTCATTATGGT-1,11.728427,13.548288
TGCTAGCCAAGGTATA-1,-1.5787193,6.5974975
TGCTATGCAACTAGAA-1,15.193407,6.196104
TGCTATGCATAGGCGA-1,0.64596295,8.338653
TGCTATGCATGATTGT-1,1.6681917,7.198383
TGCTCAACAGCTCATA-1,-0.3802107,8.083589
TGCTCACTCCCTGGAA-1,16.871695,4.2337976
TGCTCACTCGCAGGCT-1,2.2786944,8.663635
TGCTCCGTCAGCTAAC-1,0.14081967,9.2368965
TGCTCTCAGCAATAGG-1,12.378967,11.748821
TGCTTAAAGTGAGCAA-1,11.408367,14.991246
TGCTTCATCCTTCGTA-1,-7.032848,8.255421
TGCTTCATCGCTAGAT-1,12.721336,11.732104
TGCTTTAGTGTTAAAC-1,-6.930323,7.995271
TGCTTTAGTTTCCGGC-1,14.977438,5.334014
TGGAACAAGTTCCTGC-1,12.429914,14.671082
TGGACAAAGGTCCACA-1,3.5230815,7.938465
TGGACAAAGTGGCGGA-1,13.298453,0.34637058
TGGACCGGTGCTCACC-1,13.626979,12.643144
TGGACCGGTGTGCAAC-1,10.913907,8.928339
TGGACCGGTTGCGGAT-1,9.14018,15.737572
TGGACGGAGTAACGAG-1,-1.43443,4.95607
TGGACGGAGTTACCGG-1,-1.8415104,7.340503
TGGACTAGTCACCTAT-1,12.690833,1.117472
TGGATTCAGCCTGAGC-1,12.247154,1.754668
TGGATTCAGGCATTAC-1,12.803988,11.426304
TGGATTGGTAGACAAA-1,0.5247948,19.457832
TGGATTGGTCCACAAA-1,12.637735,2.347885
TGGCCAATCTAACTGA-1,12.64313,6.1119914
TGGCCATCAAACCTTG-1,13.122634,12.510121
TGGCCATCACCATATG-1,12.411823,13.320559
TGGCCATCACCGGCTA-1,0.07127311,16.639898
TGGCCATCATTGCGAC-1,-5.5645304,6.6461263
TGGCCTTTCTCACTCA-1,16.53046,4.4671893
TGGCCTTTCTTGAGGT-1,14.076479,0.8318561
TGGCGGTTCCGCCTAT-1,0.6608283,6.9812
TGGCTAAGTTGGTTCT-1,10.858114,9.860317
TGGCTTTGTCACCTAT-1,0.68141496,9.526309
TGGCTTTGTTTATGGG-1,-0.35595202,19.046032
TGGGCATGTAATGGAA-1,13.901279,6.1034064
TGGGCATGTCTTTGAC-1,0.9476829,8.714333
TGGGCATGTGAGCACT-1,-0.76003927,17.397526
TGGGCCTAGCCGCTTT-1,11.801156,9.628938
TGGTCAGTCGTTAGTA-1,14.438633,2.2019937
TGGTCATAGCACGTTG-1,-0.80323046,17.609509
TGGTCATAGCGGGCAA-1,15.026471,0.96361834
TGGTCATAGTTATTCC-1,15.507659,5.819567
TGGTCCTTCAGGATGA-1,9.6106415,14.592408
TGGTGATTCCGTTATT-1,9.445389,15.70773
TGGTGCATCGTCATTT-1,12.784741,2.2799222
TGGTTAATCAAGCGCC-1,14.86105,7.333757
TGGTTAATCAGCACCA-1,1.1323838,6.3979797
TGGTTAATCCGGTTGA-1,16.476152,5.588822
TGGTTAATCCGTCCAT-1,-0.8225736,6.022812
TGGTTAATCCTAAGAC-1,-0.23455787,17.327024
TGGTTCTGTTCCTGTG-1,-0.30497202,7.9647007
TGTAAAGCAAGCTAAA-1,-0.013691876,17.344051
TGTAAAGCAATTGAGA-1,-0.64928234,19.560356
TGTAAAGCAGCTCATA-1,-7.0355725,7.2732105
TGTAACTCACCAGGTT-1,9.420533,15.003043
TGTAAGCTCCAAGTGT-1,-1.2479844,4.8690314
TGTAAGTGTCAAGTAT-1,12.807824,8.6182165
TGTAAGTGTCCTTAGT-1,4.512169,8.179486
TGTAAGTGTTCGCTTG-1,-0.7163691,9.269478
TGTAATGTCACAGCCA-1,-0.6759832,7.713145
TGTATCCGTTCACCCA-1,12.103821,3.0029058
TGTATCGCAGTACCGT-1,-0.40985397,17.631315
TGTCAATCATCGTTCT-1,1.5041823,8.129824
TGTCAATCATGTCAAT-1,13.218273,7.039785
TGTCATAAGGTCATTA-1,-6.85693,7.4665346
TGTCATAAGGTCCACA-1,4.6285043,8.505616
TGTCATAAGGTTTGCG-1,0.9388903,7.4629383
TGTCCTGGTAGGTTGC-1,0.50930136,7.8020015
TGTCCTGGTTCGCGCT-1,-1.2442056,19.293272
TGTCCTTCAAAGCGCA-1,-1.7649871,7.65296
TGTCCTTCAAGTGAAC-1,0.020350428,9.479602
TGTCCTTCAATAGTCT-1,-0.5322801,6.5310693
TGTGCACCAATATACC-1,12.510576,11.462565
TGTGCACCATTGTGTG-1,-1.8382028,8.180976
TGTGCGCAGTAAGTGG-1,10.678126,8.740695
TGTGCGGGTGATGAGG-1,-3.608571,7.2328835
TGTGCTGAGCGCTCAA-1,12.821537,8.069913
TGTGGCCAGCGAGTAA-1,9.002444,13.989221
TGTGTTAAGAACCTGT-1,-0.45458478,8.704718
TGTGTTAAGGAATAAC-1,-2.814212,7.373279
TGTGTTAAGGGATTAG-1,-0.37753075,7.666832
TGTGTTAAGTAAGGGC-1,14.658123,6.6359286
TGTTACTTCGCTAGAT-1,-0.1775022,16.8272
TGTTATGAGCTCAATA-1,10.007248,6.5034814
TGTTCATTCCAAATCA-1,-1.0035083,7.113505
TGTTGCACAATTGAGA-1,10.40632,6.8254514
TGTTGCACAGCCAGAA-1,13.05516,2.6266468
TGTTGCACAGTTTACG-1,0.27801546,8.804739
TGTTGCACATTATGGT-1,12.302333,2.3911757
TGTTGGCCATCTTGAG-1,14.248318,1.7493124
TGTTGTAAGGCATGTT-1,12.69967,7.752102
TGTTGTAAGTAACCAC-1,13.342962,1.7311989
TGTTGTGCAAGGATTA-1,-1.6907961,8.503728
TGTTGTGCACCTGCCT-1,14.936284,6.1668725
TGTTGTTTCATAACGC-1,8.696669,15.185391
TGTTGTTTCATTTAGG-1,14.157212,7.965035
TGTTTGTTCTACCTGC-1,-1.2617487,6.591314
TTAAAGGCATAACGGG-1,12.390666,2.120081
TTAAGCCAGACAACGA-1,15.2948475,4.7320547
TTAAGCCAGCTATGAC-1,2.8725755,6.315769
TTAAGGACACCAAAGG-1,12.389917,12.926374
TTAAGGACAGGTTCAC-1,11.095296,9.903855
TTAAGGACATTGACAT-1,-0.38990566,18.600674
TTAAGGTGTGCTAGCG-1,15.827622,5.1041236
TTAAGGTGTTGAGCCG-1,-7.151654,7.831893
TTAATCGAGCCGCTTT-1,10.912337,8.467265
TTACACCGTATTGTGG-1,7.9906864,15.231757
TTACACCGTTAACGGC-1,13.871976,12.702368
TTACACCGTTGGTTAG-1,10.885464,10.175644
TTACAGCAGTGAGCAA-1,12.982963,3.0649204
TTACCGTGTCATCAAG-1,12.971577,7.2021756
TTACCGTGTTAGACCA-1,12.870272,9.447551
TTACCGTGTTCACCAT-1,1.0368594,8.892804
TTACCTGTCTCACTCA-1,2.7793994,7.1892576
TTACCTGTCTTTAGGA-1,1.1196249,8.779649
TTACGTTTCAAACTCA-1,0.6685859,3.3367136
TTAGAAGCACTTAGGC-1,2.6819975,8.317121
TTAGACTCACAGGAAT-1,1.4478964,5.016497
TTAGCAGGTGGATTGC-1,2.9884343,8.270983
TTAGCGGTCAGCACCA-1,15.801334,4.671781
TTAGCTGCAAGCTTAT-1,-0.04337098,7.745874
TTAGCTGCACCTCAGG-1,12.755563,14.297722
TTAGCTGCAGGTTAAA-1,0.30277008,17.051039
TTAGCTGCATTGCGAC-1,-0.03835281,7.3182516
TTAGGATGTAAGTCGC-1,12.593348,11.115137
TTAGGATGTCCGTAGG-1,14.210155,4.7324557
TTAGGATGTTCCGGGA-1,14.777564,4.691419
TTAGGATGTTGCATCT-1,15.43993,4.823909
TTAGGCCCACTTACAG-1,15.994422,4.1178336
TTAGGCGTCCTAATGA-1,-0.50210243,18.677004
TTAGGCTAGCTATTGA-1,3.9456477,7.2754545
TTAGTCAAGCCTCTCG-1,0.75989616,19.926453
TTATAGCCAGCTTACA-1,3.4319816,9.053362
TTATAGCCAGGCGATA-1,15.959619,6.276926
TTATCCGTCCAGGTCA-1,-1.309632,6.2250605
TTATCCTAGGCATTAC-1,11.349444,8.786968
TTATCCTAGGGATTAG-1,-1.885388,7.382345
TTATCCTAGTTAGACC-1,10.664649,9.74252
TTATGACCAACTAGGG-1,12.804441,7.0845895
TTATGACCATTTAAGC-1,-0.2858903,9.495813
TTATGCGCAGTTTACG-1,14.246145,5.349377
TTATGCGCATTATGGT-1,12.496289,9.875306
TTATTGCTCAATCATG-1,10.498413,9.365268
TTATTGCTCATTTAGG-1,11.999551,14.378671
TTATTGCTCTGCAACG-1,13.308108,8.637368
TTCAACCGTTACGCAA-1,0.22984278,7.2050076
TTCAACCGTTGTTGTC-1,13.738736,1.9234657
TTCACTGTCTCGACCT-1,14.641084,1.6215413
TTCACTGTCTTTGAGA-1,-0.5717125,17.291693
TTCAGCACACCGGCTA-1,1.5146192,9.255161
TTCAGCACAGGTTATT-1,15.010083,7.088049
TTCAGGTAGCTGTCAG-1,2.6530442,8.2948475
TTCATTCAGGTCATTA-1,-1.5529048,5.480809
TTCCACGGTACCGTAA-1,0.8167889,6.607815
TTCCACGGTTAAATGC-1,17.150553,4.2488227
TTCCACGGTTGAGCCG-1,14.523342,5.2180543
TTCCCACAGCGCCTAA-1,14.845936,2.2826517
TTCCCACAGCTAAAGG-1,9.30324,15.434785
TTCCCGCCATTAGGTT-1,-1.3442336,-4.8887954
TTCCTCAAGCACAGCC-1,15.456651,2.0900123
TTCCTCAAGTTGGATC-1,-7.553494,8.062279
TTCCTTCTCAGGAAGC-1,-0.95316344,8.028622
TTCCTTCTCATTGCGG-1,16.918121,5.80648
TTCGCAACAACAGCCT-1,14.967278,7.771047
TTCGGTACACCGGTAT-1,-1.3534842,-4.8933306
TTCGGTACACGAACAG-1,-0.9181965,6.775979
TTCGGTACACGGTACT-1,-6.370625,7.6130166
TTCGGTACAGCAACCT-1,13.442962,1.895266
TTCGGTACAGTAATAG-1,8.479332,15.006252
TTCGTGCTCCTGGTGA-1,11.233926,8.9012985
TTCGTGCTCGCAATCG-1,-0.34339696,7.247059
TTCGTTAGTCTTGCTG-1,11.877019,12.749949
TTCGTTAGTGCACGCA-1,16.689177,4.2590494
TTCTTAGGTAAAGCAA-1,-1.2377348,18.645086
TTCTTAGGTACCGAAC-1,1.4668394,6.828959
TTGACATCAAACCTTG-1,15.68515,4.4742136
TTGACATCAACGTGCT-1,-4.416678,7.2329664
TTGACATCATAGCTGC-1,13.047116,10.198826
TTGACGTAGAACCTAC-1,10.627226,14.916881
TTGACGTAGCAACAAG-1,9.67047,13.565384
TTGACGTAGGTTAGAG-1,0.54997885,18.9263
TTGACTAAGTAAAGGT-1,-6.512283,7.4418616
TTGACTAAGTTTAACG-1,16.328995,4.663312
TTGAGGCGTAAATTGC-1,4.279135,8.519209
TTGATGTCAATTGAAG-1,15.047512,7.614713
TTGATGTCATTAAGTC-1,15.159302,1.2735931
TTGCAAGGTGGGAACA-1,-2.694198,6.149903
TTGCAAGGTTAAGTGT-1,15.3530245,5.0163164
TTGCAAGGTTGGCCGA-1,15.414233,5.7979555
TTGCAATCAGACAAAC-1,14.724022,4.91205
TTGCAATCATGGCCTG-1,13.039677,1.4710655
TTGCACACACGGTACT-1,13.500526,1.2957438
TTGCAGCCAATTAACC-1,0.4181377,2.9310627
TTGCAGCCACGGTACT-1,12.012475,7.2215447
TTGCAGCCAGCTTAAT-1,14.530215,0.5970805
TTGCATTTCGCCTGTT-1,-0.8835327,18.284864
TTGCGAGTCCCTGTTA-1,-2.0431528,7.3955793
TTGCGAGTCCGTTAAA-1,14.977169,6.553298
TTGCGAGTCTGGCAAT-1,12.755271,1.1901293
TTGCGTCTCCGTAAAC-1,14.024236,5.0106916
TTGCTCTCATAAGTCT-1,-0.8954379,17.17433
TTGCTCTCATTAAAGG-1,12.349803,7.8865676
TTGCTTTAGCTGTACG-1,11.793072,13.872937
TTGGAGGCAGCCAGAA-1,10.864304,14.345851
TTGGATATCAGGTTTA-1,0.11785017,6.4309306
TTGGATATCCGTTAAA-1,16.76587,5.3170347
TTGGATCAGCGATAAG-1,10.310469,13.831608
TTGGATTCAATTAAGG-1,1.9255354,8.400244
TTGGCTGAGCGATACT-1,3.4701908,9.572706
TTGGCTTGTACGTTTC-1,14.379676,1.3942953
TTGGCTTGTGTCCAGG-1,12.114538,8.290162
TTGGCTTGTGTGTGGT-1,0.8358334,2.6512022
TTGGGCCAGCGGCTGT-1,13.531793,6.8126836
TTGGGCCAGTAACGAG-1,14.159265,7.5976396
TTGGGCGGTCCGTGAG-1,0.3327915,7.614855
TTGGGCGGTCTCAGCC-1,2.5449395,8.006773
TTGGGTTAGTCCTGAG-1,9.073643,13.982414
TTGGGTTAGTTATCTC-1,15.651871,7.055533
TTGGTGAGTCAAACTG-1,11.596682,9.653436
TTGTAAGTCGGGACTC-1,12.203572,0.9528281
TTGTAAGTCGGTTTCC-1,14.597325,6.3041053
TTGTCAAAGCGATAGA-1,0.3591805,2.407977
TTGTCAAAGGAACCGG-1,12.9605055,0.9726013
TTGTCAAAGTTGGATC-1,12.864278,3.0824857
TTGTCAAAGTTTGGTA-1,11.628183,13.970099
TTGTCCCAGCTCAAAC-1,4.562693,8.1278105
TTGTCCGGTTAGGCTA-1,-3.396168,6.8079944
TTGTGCCTCATGGTGT-1,12.599745,14.644052
TTGTGTGCACTGGCCA-1,11.411404,8.62415
TTGTGTGCAGCATGGA-1,-1.9426687,7.4726944
TTGTTCCCACGAATTT-1,-0.39503273,16.664333
TTGTTCCCAGCCAGTT-1,-4.270724,6.494578
TTGTTCCCAGGCTTCG-1,10.3922825,6.7084627
TTGTTGCGTGTGCAAC-1,12.387306,2.2138212
TTTAACCTCTTGGACG-1,2.90396,6.981334
TTTAAGGTCATAATCG-1,12.047932,2.6736162
TTTACGAAGACAACAG-1,14.198242,1.0169942
TTTACGAAGCAGGTTT-1,-0.5657943,17.353148
TTTAGCAAGGTAGCTT-1,15.278512,7.03821
TTTAGCTTCCACCTTA-1,0.9339445,7.7415347
TTTAGGATCGAAGCGG-1,2.1779964,6.605019
TTTATGGAGTTGTCCC-1,3.8963978,8.282815
TTTCACCCACAGCCAT-1,-0.57798153,17.506687
TTTCACCCAGTAGGTG-1,1.7037424,5.3806396
TTTCATCAGCCTGGTA-1,12.645417,14.807858
TTTCCACCACATAACT-1,12.064476,8.326635
TTTCCGGGTTTAGTCC-1,-1.1674534,9.05217
TTTCCTGAGTTGTCCC-1,1.399853,9.435557
TTTCGTCCAAGACTCC-1,2.706234,9.09469
TTTCGTCCACAACAAA-1,14.898248,6.9324427
TTTCGTCCAGAGGGAG-1,13.83424,1.3961228
TTTCGTCCATGACTAT-1,1.4969623,7.3695273
TTTCGTCCATTCCTGT-1,-2.8411844,6.5223703
TTTCTCACACTTAGGC-1,1.1456544,2.2426314
TTTCTCACATTCCTGT-1,11.21741,8.651714
TTTCTTGCAGCACGTT-1,2.2838874,7.8650727
TTTGACCGTAGTAAGA-1,3.2854044,9.502925
TTTGAGTCAAGGTATA-1,16.981678,5.0649257
TTTGAGTCAGTACCGT-1,10.983328,9.23841
TTTGCATTCACTCAAA-1,1.395969,8.722638
TTTGCATTCGTGCCTT-1,2.5112064,7.4568157
TTTGCATTCTAAGGTC-1,12.781632,1.9419167
TTTGCGACAATCCTGA-1,13.636927,1.4156722
TTTGCGACATGCATAT-1,14.539967,4.648234
TTTGCGACATGTCGCG-1,12.958956,2.8783553
TTTGCGGAGCAGGTTT-1,10.992247,14.508527
TTTGCGGAGCGAAGTA-1,0.78419346,7.5041375
TTTGCGGAGGTCGATT-1,1.4316983,8.436173
TTTGGCTGTTTACGTC-1,14.682697,7.0694704
TTTGTGGCATCCGTAA-1,-1.0403051,18.040987
TTTGTGGCATTAGCCA-1,15.766051,5.7885695
TTTGTGGCATTGCGAC-1,9.079252,15.798579
TTTGTGTTCCGCCTAT-1,14.89365,7.169585
TTTGTGTTCCGTGACA-1,8.723608,15.859485
